Artist;Name;Scrobbles;Rank
"Quantic";"Magnetica";"2";"2006"
"EMEFE";"Good Future";"3";"1483"
"Lone";"Ambivert Tools, Vol. 2";"25";"157"
"Stippenlift";"Chaos In Het Universum";"1";"3060"
"SASSY 009";"Are you leaving";"2";"2007"
"Carl Gari";"Shipster";"2";"2008"
"Irreversible Entanglements";"Irreversible Entanglements";"2";"2009"
"Loke Rahbek";"Buy Corals Online";"2";"2010"
"Delic";"The Oasis";"1";"3061"
"Bennie Maupin";"The Jewel In The Lotus";"2";"2011"
"Jamila Woods";"HEAVN";"1";"3062"
"Steve Reich";"Beauty in Simplicity";"1";"3063"
"Nubya Garcia";"Nubya's 5ive";"38";"86"
"Vels Trio";"Yellow Ochre EP";"7";"723"
"Don Philippe";"Red Flower";"2";"2012"
"Songhoy Blues";"Bamako";"1";"3064"
"Songhoy Blues";"Résistance";"3";"1484"
"Ant Orange";"Right There";"1";"3065"
"Gernot Bronsert";"Beauty In Simplicity";"1";"3066"
"Wim Mertens";"Beauty in Simplicity";"1";"3067"
"Ant Orange";"Ant Orange";"2";"2013"
"Jadu Heart";"Wanderflower";"1";"3068"
"Quantum Collage";"Lucid Dreaming";"8";"638"
"M.RUX";"In the Hold";"50";"54"
"Kundan Lal";"Periodic Perciotic";"8";"639"
"Tony Allen";"The Source";"11";"456"
"Art Feynman";"The Shape You're In";"1";"3069"
"Akron/Family";"Akron/Family";"6";"847"
"Joe Armon-Jones";"Idiom";"18";"256"
"Chelou";"Damned Eye See";"2";"2014"
"Juana Molina";"Halo";"2";"2015"
"Richard Spaven";"The Self (feat. Jordan Rakei)";"1";"3070"
"bastien keb";"22.02.85";"5";"1004"
"Högni";"Two Trains";"5";"1005"
"Joon Moon";"Moonshine Corner";"4";"1213"
"Reginald Omas Mamode IV";"Working...";"1";"3071"
"Pete Josef";"Colour";"2";"2016"
"Shawn Lee's Ping Pong Orchestra";"Voices And Choices";"2";"2017"
"History of Colour";"Calidoso";"38";"87"
"U.S. Girls";"In A Poem Unlimited";"97";"9"
"Murcof";"Avril 14th (Aphex Twin) [Vanessa Wagner Version]";"1";"3072"
"Andy Stott";"Luxury Problems";"1";"3073"
"Hodini";"M$R003";"1";"3074"
"TiRon & Ayomari";"WET: the Wonderful Ego Trip";"9";"570"
"Christopher Schwarzwälder";"Three Rivers EP";"1";"3075"
"Rival Consoles";"Unfolding";"1";"3076"
"Noya Rao";"Icaros";"5";"1006"
"Cotton Jones";"Paranoid Cocoon";"19";"238"
"Polo & Pan";"Canopée - EP";"2";"2018"
"Shigeto";"The New Monday";"11";"457"
"Maria Rita Stumpf";"Brasileira Remixes";"4";"1214"
"My Brightest Diamond";"This Is My Hand";"4";"1215"
"Dreems";"In Dreems";"36";"96"
"Josef Leimberg";"Astral Progressions";"7";"724"
"Nils Frahm";"All Melody";"77";"18"
"Art Feynman";"Blast Off Through The Wicker";"9";"571"
"Jimmy Whoo";"Motel Music, Pt. 2";"1";"3077"
"DJ Koze";"Illumination";"7";"725"
"LAAKE";"Introspective";"2";"2019"
"Sly5thAve";"Bitch Don't Kill My Vibe / Get Free";"7";"726"
"Ahmad Jamal";"Marseille";"2";"2020"
"Penya";"Super Liminal";"23";"175"
"Skinny Pelembe";"I'll Be On Your Mind";"10";"509"
"Palta";"Universel";"1";"3078"
"James Blake";"If The Car Beside You Moves Ahead";"18";"257"
"Jitwam";"selftitled";"2";"2021"
"Lost Midas";"Undefined";"1";"3079"
"Sly5thAve";"California Love";"3";"1485"
"Pedestrian";"hyperpnea";"3";"1486"
"Unknown Mortal Orchestra";"Not in Love We’re Just High";"1";"3080"
"George Fitzgerald";"Outgrown";"2";"2022"
"Snide Rhythms";"Unicorns and Rainbows 2";"1";"3081"
"andrés oddone";"Happiness Is a Side Effect (Remixes)";"9";"572"
"andrés oddone";"Aura EP";"1";"3082"
"BeGun";"Slum, Pt. 1";"7";"727"
"Skinny Pelembe";"Mindset Is Fear";"3";"1487"
"Skinny Pelembe";"Seven Year Curse - EP";"12";"419"
"Skinny Pelembe";"Spit/Swallow";"41";"79"
"Jonwayne";"Rap Album Two";"20";"217"
"Emma-Jean Thackray's WALRUS";"WALRUS EP";"2";"2023"
"Sly5thAve";"The Invisible Man: An Orchestral Tribute To Dr. Dre";"19";"239"
"Casino Versus Japan";"DJ-Kicks (Lone) [Mixed Tracks]";"1";"3083"
"Jono Ma";"The Dreemas";"2";"2024"
"Colleen";"Captain of None";"7";"728"
"Buttering Trio";"Threesome";"71";"20"
"Grandbrothers";"Open";"3";"1488"
"Buttering Trio";"Puzzles, Vol. 3";"1";"3084"
"Jaja";"Tropical Bird Club";"29";"124"
"DJ Koze";"Seeing Aliens";"8";"640"
"Tim Engelhardt";"Moments Of Truth";"3";"1489"
"Shelter";"Zon Zon Zon";"1";"3085"
"Lords of the Underground";"Here Come the Lords";"1";"3086"
"Mr Day";"Get Your Point Over";"4";"1216"
"Ambala";"Volume 1";"2";"2025"
"Obo Addy";"Kronos Explorer Series";"2";"2026"
"Braxton Cook";"Somewhere in Between";"10";"510"
"Hidden Orchestra";"Dawn Chorus";"13";"378"
"Peter Broderick";"Late Night Tales: Jon Hopkins";"1";"3087"
"Idris Muhammad";"Turn This Mutha Out";"7";"729"
"Kokoroko";"Abusey Junction";"1";"3088"
"Dimlite";"A/DD";"1";"3089"
"KOKOKO!";"Tongos'a";"3";"1490"
"Deerhoof";"Mountain Moves";"1";"3090"
"Kara-Lis Coverdale";"Aftertouches";"3";"1491"
"GoGo Penguin";"A Humdrum Star";"8";"641"
"Lapti";"V Tiraj";"1";"3091"
"The Survivals";"My Brother";"1";"3092"
"Henry Wu";"Deep In The Mudd";"5";"1007"
"LAAKE";"FAAKE";"1";"3093"
"LAAKE";"Piaano";"7";"730"
"El Búho";"Balance";"11";"458"
"Project Pablo";"Beaubien Dream";"4";"1217"
"Chaos in the CBD";"Invisible Spectrum";"7";"731"
"Pete Josef";"Colour Remixed";"1";"3094"
"Suzanne Kraft";"Talk From Home";"1";"3095"
"Portico Quartet";"Art In The Age Of Automation";"11";"459"
"PREQUEL";"Freedom Jazz Dance";"4";"1218"
"Gizmo Varillas";"El Dorado";"6";"848"
"Gizmo Varillas";"Losing You";"1";"3096"
"Leifur James";"Time";"2";"2027"
"Leifur James";"Red Sea";"1";"3097"
"Coss";"Rose Mallow";"1";"3098"
"Pedestrian";"Circadian Rhythms";"5";"1008"
"Dengue Dengue Dengue";"Son de los Diablos";"2";"2028"
"Cero39";"Mis Tierras Calientes";"5";"1009"
"Toro y Moi";"Boo Boo";"6";"849"
"Kelly Lee Owens";"Kelly Lee Owens (Extended Version)";"42";"75"
"George Fitzgerald";"Roll Back";"1";"3099"
"George Fitzgerald";"Nobody But You (feat. Hudson Scott)";"1";"3100"
"Mildlife";"Phase";"24";"165"
"Dengue Dengue Dengue!";"Serpiente Dorada";"1";"3101"
"Dengue Dengue Dengue!";"La Alianza Profana";"1";"3102"
"Jon Hopkins";"Emerald Rush";"2";"2029"
"Mano Le Tough";"Ahsure E.P.";"10";"511"
"Sophia Kennedy";"Sophia Kennedy";"36";"97"
"Soulphiction";"Parking Lot Blues EP";"2";"2030"
"Erik Truffaz";"Being Human Being";"1";"3103"
"Sea Moya";"New Past";"1";"3104"
"Sea Moya";"Baltic States";"3";"1492"
"Matanza";"Future Sounds Of Jazz Volume 13";"1";"3105"
"Acid Pauli";"The Erdäpfelkaas";"1";"3106"
"viva sherry";"Obento Music";"3";"1493"
"Rejjie Snow";"Dear Annie";"131";"3"
"Shafiq Husayn";"Shafiq En'A-Free-Ka";"5";"1010"
"Oumou Sangaré";"Minata Waraba (Sampha Remix)";"1";"3107"
"NATUREBOY FLAKO";"Natureboy";"3";"1494"
"Moses Boyd";"Rye Lane Shuffle";"4";"1219"
"Mano Le Tough";"Changing Days Remixes";"1";"3108"
"Indian Wells";"Cascades";"2";"2031"
"Andy Cato";"Times and Places (Sketches from the Road)";"1";"3109"
"Flamingods";"Majesty Remixed";"2";"2032"
"A/T/O/S";"Outboxed";"1";"3110"
"WhoMadeWho";"Nu Disco Stuff, Vol. 1";"1";"3111"
"Georgia Anne Muldrow";"Great Blacks - Single";"1";"3112"
"Wilma Archer";"Like A Hunger";"3";"1495"
"Move D";"To the Disco ‘77 & Hybrid Minds Remixes";"1";"3113"
"David Lee Jr.";"Black Fire! New Spirits! Radical and Revolutionary Jazz in the USA 1957-82";"1";"3114"
"Olivier St.Louis";"Black Music";"6";"850"
"Milo";"So The Flies Don't Come";"1";"3115"
"Frankie Reyes";"Boleros Valses y Mas";"1";"3116"
"Maribou State";"Portraits Remixed";"1";"3117"
"Rokia Traoré";"Mouneïssa";"3";"1496"
"Peter Broderick";"Erased Tapes Collection II";"3";"1497"
"Bajka";"The World";"1";"3118"
"Portico Quartet";"Portico Quartet";"1";"3119"
"Tata Dindin";"Gambia - Salam - New Kora Music";"3";"1498"
"Jimi Tenor";"Strut Africa";"1";"3120"
"Holy Forest";"Holy Forest";"1";"3121"
"ElPeche";"Tropikalia, Vol. 1: Summer '16 Edition";"1";"3122"
"Iorie";"The Story of A";"3";"1499"
"Coss";"Shift I - II";"3";"1500"
"Alphonse Mouzon";"Mind Transplant";"9";"573"
"Alphonse Mouzon";"In Search Of A Dream";"1";"3123"
"Alphonse Mouzon";"virtue";"2";"2033"
"Rahsaan Roland Kirk";"Blacknuss";"4";"1220"
"Frank Zappa";"Jazz From Hell";"5";"1011"
"Axel Boman";"Family Vacation";"23";"176"
"Awkwafina";"Yellow Ranger";"4";"1221"
"Betty Davis";"Betty Davis";"2";"2034"
"Michael Kiwanuka";"Cold Little Heart (Radio Edit)";"15";"313"
"Da Cruz";"Eco do Futuro";"2";"2035"
"Hello Skinny";"Watermelon Sun";"44";"68"
"Sudan Archives";"Water";"2";"2036"
"Sudan Archives";"Sudan Archives";"34";"103"
"Rampa";"You Are Safe";"8";"642"
"Sophia Kennedy";"Being Special";"7";"732"
"Milo";"who told you to think??!!?!?!?!";"18";"258"
"MGMT";"Little Dark Age";"1";"3124"
"Quiet Dawn";"Human Being: The Short Story Of The Reed";"7";"733"
"George Fitzgerald";"All That Must Be";"43";"72"
"⣎⡇ꉺლ༽இ•̛)ྀ◞ ༎ຶ ༽ৣৢ؞ৢ؞ؖ ꉺლ";"̸ ̡ ҉ ҉.·๑ඕั ҉ ̸ ̡ ҉ ҉.·๑ඕั ҉ ̸ ̡ ҉ ҉.·๑ඕั ҉ ̸ ̡ ҉ ҉.·๑ඕั ҉ ̸ ̡ ҉ ҉.·๑ඕั ҉ ̸ ̡ ҉ ҉.·๑ඕั ҉ ̸ ̡ ҉ ҉.·๑ඕั ҉";"2";"2037"
"Tunnelvisions";"Midnight Voyage";"2";"2038"
"HAAi";"DaDaDa";"8";"643"
"HAAi";"Be Good";"6";"851"
"HAAi";"FEELS";"2";"2039"
"Sälen";"Copper Kiss (Remixes)";"1";"3125"
"Awate";"Happiness";"6";"852"
"Kamasi Washington";"Harmony of Difference";"5";"1012"
"Ben Westbeech";"Welcome to the Best Years of Your Life";"10";"512"
"Yellow Days";"Is Everything Okay in Your World?";"30";"121"
"Al-chem";"Weird Fiction";"10";"513"
"Darwish";"Reclamation";"19";"240"
"Art Feynman";"Near Negative";"11";"460"
"Babatunde Olatunji";"Drums of Passion (Original Album Plus Bonus Tracks, 1959)";"1";"3126"
"Her";"Her Tape #1";"1";"3127"
"Izem";"Hafa";"1";"3128"
"Harts";"Daydreamer";"4";"1222"
"Kilo Kish";"Navy";"1";"3129"
"Msafiri Zawose";"Nzala Urugu";"1";"3130"
"Colin Stetson";"New History Warfare Vol. 2: Judges";"2";"2040"
"Kalaha";"Masala";"1";"3131"
"Alex Izenberg";"Harlequin";"2";"2041"
"Neue Grafik";"Innervision";"7";"734"
"Lokal Affair";"Azra";"1";"3132"
"Thornato";"Bennu";"12";"420"
"Cumbia Cosmonauts";"Vostok-1";"2";"2042"
"Mabuta";"Welcome To This World";"8";"644"
"Ariwo";"Ariwo";"6";"853"
"TSHEGUE";"Survivor";"1";"3133"
"Nicole Willis";"Big Fantasy (For Me) / Tear It Down";"5";"1013"
"Jono McCleery";"Seeds Of A Dandelion";"2";"2043"
"El Michels Affair";"Snakes";"2";"2044"
"Everything Is Recorded";"Everything Is Recorded by Richard Russell";"2";"2045"
"Makadem";"Nyako";"4";"1223"
"Idris Muhammad";"Power of Soul";"4";"1224"
"Lagartijeando";"Cardos Rodando";"3";"1501"
"Lagartijeando";"El Gran Poder";"2";"2046"
"Melanie De Biasio";"Your Freedom Is the End of Me (Matthew Herbert’s Whole New Dub)";"2";"2047"
"Joomanji";"Manj";"2";"2048"
"Washed Out";"Mister Mellow";"81";"14"
"Nadah El Shazly";"Ahwar";"3";"1502"
"Daymé Arocena";"Cubafonía";"4";"1225"
"Voilaaa";"On te l'avait dit";"1";"3134"
"Sarah Elizabeth Charles";"Free of Form";"2";"2049"
"The Orchestra Soledad";"Vamonos / Let's Go";"3";"1503"
"Nilüfer Yanya";"Small Crimes";"1";"3135"
"OKZHARP";"Tell Your Vision";"1";"3136"
"E Ruscha V";"Who Are You";"38";"88"
"Mr. Mitch";"Devout";"1";"3137"
"K15";"Sunbeams";"1";"3138"
"Ikebe Shakedown";"The Way Home";"1";"3139"
"Kutiman";"Dover. D";"1";"3140"
"KiNK";"Playground";"1";"3141"
"Boncana Maïga";"Koyma Hondo";"1";"3142"
"Maajo";"Tropic Of Tulli";"109";"7"
"Fatima";"Somebody Else";"1";"3143"
"Das Komplex";"Nowadays";"1";"3144"
"The Mauskovic Dance Band";"Down in the Basement";"1";"3145"
"Uffe";"Radio Days";"1";"3146"
"Axel Boman";"Nattsudd EP";"1";"3147"
"Axel Boman";"Holy Love";"10";"514"
"Locust Toybox";"Drownscapes";"37";"92"
"Makaya McCraven";"In The Moment";"1";"3148"
"Big Thief";"Dandelion";"12";"421"
"Photay";"Aura";"1";"3149"
"Young Fathers";"Cocoa Sugar";"35";"100"
"Stimming x Lambert";"Exodus";"69";"23"
"Ghostpoet";"Dark Days + Canapés";"11";"461"
"Carol Anne McGowan";"a";"1";"3150"
"Dauwd";"Theory of Colours";"132";"2"
"Emanative";"The Light Years of the Darkness";"22";"189"
"STAC";"Wah Wah 45s Remixed";"1";"3151"
"Rosie Brown";"Wah Wah 45s Remixed";"1";"3152"
"Dele Sosimi";"Wah Wah 45s Remixed";"1";"3153"
"Paper Tiger";"Wah Wah 45s Remixed";"1";"3154"
"Black Classical";"Versus";"7";"735"
"Mecca:83";"Loosies";"1";"3155"
"Emanative";"Drum Suite";"3";"1504"
"Hello Skinny";"Drum Suite";"5";"1014"
"Resonators";"The Constant: Deluxe Edition";"1";"3156"
"Sarathy Korwar";"Day to Day";"15";"314"
"Crazy P";"When We On";"2";"2050"
"Yazz Ahmed";"La Saboteuse";"14";"346"
"Julia Biel";"Love Letters and Other Missiles";"1";"3157"
"Blue States";"Restless Spheres";"3";"1505"
"Plantrae";"Seeing in the Dark";"1";"3158"
"Black Classical";"Trochilidæ";"37";"93"
"Elsa Hewitt";"Cameras From Mars";"1";"3159"
"Sly5thAve";"Still D.R.E. (Edit)";"2";"2051"
"Kerem Akdağ";"Loungin'";"8";"645"
"Imarhan";"Ehad wa dagh";"1";"3160"
"Khruangbin";"Con Todo El Mundo";"24";"166"
"Mala";"Changes (James Blake Harmonimix)";"1";"3161"
"Randy Weston";"Uhuru Africa / Highlife";"1";"3162"
"Golden Teacher";"No Luscious Life";"17";"275"
"Emanative";"Time";"13";"379"
"Collocutor";"Over E.P.";"1";"3163"
"Emanative & Earl Zinger & RN9";"Over E.P.";"1";"3164"
"Kodäma";"Palo Santo EP";"7";"736"
"Slowdive";"Sugar for the Pill (Avalon Emerson's Gilded Escalation)";"1";"3165"
"Larry de Kat";"Five Point After Dark";"2";"2052"
"Ninze";"Tal der Verwirrung EP";"1";"3166"
"ÌFÉ";"House of Love (Nicola Cruz Remix)";"11";"462"
"Etherwood";"In Stillness";"1";"3167"
"Hector Plimmer";"Sunshine";"21";"200"
"Hector Plimmer";"Our Space Secrets";"3";"1506"
"Hector Plimmer";"Bossa B (Remixes)";"1";"3168"
"Afriquoi";"Starship / Can I Know You";"1";"3169"
"Paper Tiger";"Ooh (Remixes) (feat. Pyramid Vritra)";"1";"3170"
"STAC";"Allo Love: Volume Six";"1";"3171"
"Hector Plimmer";"Allo Love: Volume Six";"1";"3172"
"Suplington";"Tokyo Reflections Remixed";"1";"3173"
"Honny & The Bees Band";"Bottletop Presents Sound Affects Malmaison";"1";"3174"
"Gorillaz";"Andromeda (feat. D.R.A.M.) [Bonobo Remix]";"3";"1507"
"Alice Russell";"Tru Thoughts R&B / Soul (Compiled By Robert Luis)";"1";"3175"
"Dabrye";"Three/Three";"42";"76"
"Paper Tiger";"In Other Words";"2";"2053"
"bastien keb";"Allo Love: Volume Six";"1";"3176"
"Dele Sosimi";"You No Fit Touch Am Retouched 2";"2";"2054"
"Black Classical";"Download";"1";"3177"
"Black Classical meets Sarah Webster Fabio";"Black is; Black Soul";"2";"2055"
"Yahoos";"Bottletop Presents Sound Affects Malmaison";"1";"3178"
"Oscar Sulley";"Bottletop Presents Sound Affects Malmaison";"1";"3179"
"Hector Plimmer";"Eastern System";"1";"3180"
"Penya";"Versus II";"2";"2056"
"DAISHO";"Versus II";"1";"3181"
"Collocutor";"Versus ii";"3";"1508"
"Black Classical";"Versus II";"1";"3182"
"Sun Ra";"The Other Side Of The Sun";"1";"3183"
"DJ Sports";"Modern Species";"10";"515"
"Collocutor";"Versus";"5";"1015"
"Fiium Shaarrk";"Versus";"3";"1509"
"Group As Salaam";"Versus";"1";"3184"
"Makadem";"Versus II";"2";"2057"
"Black Classical";"Versus ii";"4";"1226"
"Sam Jones";"Versus II";"1";"3185"
"DAISHO";"Versus ii";"2";"2058"
"mugwisa international xylophone group";"Versus II";"2";"2059"
"kurup";"Minguante EP";"10";"516"
"Collocutor";"Black Satin";"4";"1227"
"Collocutor";"The Search";"3";"1510"
"Magnus P.i";"Penya Investigations";"10";"517"
"Native Cruise";"Youandmusic, Vol. 2";"15";"315"
"Will Lister";"Phantom EP";"1";"3186"
"Will Lister";"Youandmusic, Vol. 2";"5";"1016"
"ROUGE MÉCANIQUE";"Youandmusic, Vol. 2";"2";"2060"
"LT";"Youandmusic, Vol. 2";"2";"2061"
"Dear earth";"Youandmusic, Vol. 2";"2";"2062"
"Tom Esselle";"Youandmusic, Vol. 1";"8";"646"
"MSSS";"Youandmusic, Vol. 1";"4";"1228"
"SofaTalk";"Youandmusic, Vol. 1";"3";"1511"
"ROUGE MÉCANIQUE";"Don't Touch My Sister";"3";"1512"
"Four Tet";"Global-Sets.com";"1";"3187"
"Jessy Lanza";"Pull My Hair Back";"9";"574"
"The Bones of J.R. Jones";"Spirit's Furnace";"5";"1017"
"Shiny Objects";"The Velvet Slide";"8";"647"
"Joseph Shabason";"Aytche";"2";"2063"
"Shabazz Palaces";"Shine a Light";"2";"2064"
"PolyNation";"Tikken";"1";"3188"
"Nubya Garcia";"When We Are";"19";"241"
"Hello Skinny";"Hello Skinny";"9";"575"
"Estrada Orchestra";"Estrada Orchestra";"1";"3189"
"Bicep";"Opal (Four Tet Remix)";"19";"242"
"DJ Nigga Fox";"Poder do Vento";"2";"2065"
"Peggy Gou";"It Makes You Forget (Itgehane)";"1";"3190"
"The Mauskovic Dance Band";"Down in the Basement - EP";"10";"518"
"Sons of Kemet";"My Queen Is Ada Eastman";"4";"1229"
"Shabaka Hutchings";"We out Here";"1";"3191"
"Jameszoo";"Fool";"3";"1513"
"Evidence";"Weather or Not";"14";"347"
"Samiyam";"Pizza Party";"1";"3192"
"Blue Lab Beats";"Xover";"13";"380"
"Susso";"Keira";"52";"47"
"Slime";"In the Brick House Mixtape";"1";"3193"
"Collocutor";"Over (feat. Emanative)";"5";"1018"
"Obongjayar";"Bassey";"4";"1230"
"Mo Kolours";"Mo Kolours";"1";"3194"
"Star Slinger";"Hottest Day in New York";"1";"3195"
"The Seshen";"Flames & Figures";"1";"3196"
"Gwenno";"Tir Ha Mor";"5";"1019"
"The Mysterons";"Meandering";"1";"3197"
"Richard Houghten";"Sonata De Grillo";"1";"3198"
"Virgil Howe";"Someday";"5";"1020"
"Michael Gordon";"Michael Gordon: Timber Remixed";"2";"2066"
"Cornelius";"Umbrella";"3";"1514"
"Skinshape";"Life & Love";"7";"737"
"Chassol";"Big Sun";"1";"3199"
"Mr Jukes";"God First";"1";"3200"
"A Macaca";"Soundcloud";"1";"3201"
"Larry de Kat";"Soundcloud";"1";"3202"
"Photay";"1st";"2";"2067"
"Bill Withers";"SoundCloud";"1";"3203"
"Golden Teacher";"Bells from the Deep End";"1";"3204"
"Maxwell Owin";"Fruits And Flowers";"16";"293"
"Maribou State";"Tracks";"1";"3205"
"A Macaca";"Tracks";"1";"3206"
"Four Tet";"Essential Mix 2018";"1";"3207"
"DJ Koze";"Music for the Motion Picture Victoria (Bonus Track Version)";"3";"1515"
"DJ Koze";"Driven / X-mop 198";"1";"3208"
"Robag Wruhme";"Driven / X-mop 198";"1";"3209"
"Cornelius";"Erased Tapes Collection IX";"7";"738"
"Daniel Avery";"Clear";"1";"3210"
"Clever Austin";"Drum Suite";"1";"3211"
"Richard Spaven";"Drum Suite";"1";"3212"
"Mast";"Thelonious Sphere Monk";"53";"42"
"Sean Khan";"Palmares Fantasy";"2";"2068"
"Awkwafina";"NYC Bitche$";"2";"2069"
"Sons of Kemet";"Your Queen Is a Reptile";"3";"1516"
"Four Tet";"New Energy";"21";"201"
"Bontan";"The First Time";"1";"3213"
"La Yegros";"Magnetismo (Deluxe Edition)";"1";"3214"
"Traumprinz";"Mothercave";"9";"576"
"Traumprinz";"All The Things";"4";"1231"
"El Búho";"#Tracks";"8";"648"
"A Macaca";"#Tracks";"10";"519"
"Totally Enormous Extinct Dinosaurs";"Trouble";"6";"854"
"Amber Mark";"3:33am";"8";"649"
"Principles of Geometry";"Lazare";"3";"1517"
"Midnight Sister";"Saturn Over Sunset";"7";"739"
"John Talabot";"Fin";"29";"125"
"Avalon Emerson";"Whities 013";"1";"3215"
"Fiium Shaarrk";"We Are Astonishingly Lifelike";"4";"1232"
"Toshio Matsuura Group";"L.M. II";"2";"2070"
"Toshio Matsuura Group";"LOVEPLAYDANCE - 8 Scenes from The Floor";"41";"80"
"Jessica Lauren";"Kofi Nomad";"4";"1233"
"Grupo X";"Something Going On";"1";"3216"
"Kerala Dust";"Maria";"1";"3217"
"Daniel Avery";"Song For Alpha";"14";"348"
"Unknown Mortal Orchestra";"Sex & Food";"23";"177"
"Alma Negra";"Endless summer EP";"7";"740"
"Rampa";"Muyè (Black Coffee Remix)";"2";"2071"
"Seb Wildblood";"The One With (The Remixes)";"2";"2072"
"Project Pablo";"There’s Always More At The Store";"2";"2073"
"Joe Armon-Jones";"Almost Went Too Far";"1";"3218"
"Rodrigo Gallardo";"Minero";"14";"349"
"Ryley Walker";"Opposite Middle";"2";"2074"
"Her";"HER";"15";"316"
"Boards of Canada";"Music Has the Right to Children";"25";"158"
"Kelly Lee Owens";"More Than A Woman";"12";"422"
"Kelly Lee Owens";"1 of 3";"2";"2075"
"Kaitlyn Aurelia Smith";"An Intention (Cumulonimbus Remix by Joe Goddard)";"2";"2076"
"Kaitlyn Aurelia Smith";"Euclid";"3";"1518"
"Prince of Denmark";"The Body";"4";"1234"
"Majik";"Say Hi To Northern Soul";"3";"1519"
"C.O.W. 牛";"C.O.W. 牛 EP";"3";"1520"
"Christopher Schwarzwälder";"Leaves";"20";"218"
"Ross From Friends";"Aphelion EP";"1";"3219"
"Ólafur Arnalds";"re:member";"18";"259"
"Marenn Sukie";"Into The Silence";"2";"2077"
"Marenn Sukie";"Malinal - EP";"7";"741"
"Glenn Astro";"Oha!";"2";"2078"
"DJ Katapila";"Aroo";"2";"2079"
"Earthboogie";"Silken Moon";"4";"1235"
"Coss";"Ma Ato";"1";"3220"
"Bennis Cletin";"Jungle Magic";"1";"3221"
"mugwisa international xylophone group";"Santuri's Embaire Umeme";"6";"855"
"Rang'ala";"New Recordings From Siaya County, Kenya";"2";"2080"
"Francis Bebey";"Psychedelic Sanza";"4";"1236"
"Christy Essien";"Soul Jazz Records Presents Nigeria Soul Fever: Afro Funk, Disco and Boogie: West African Disco Mayhem!";"1";"3222"
"Aby Ngana Diop";"Aby Ngana Diop Remixes";"3";"1521"
"Ali Nuur";"Sweet As Broken Dates: Lost Somali Tapes from the Horn of Africa";"2";"2081"
"mugwisa international xylophone group";"Santuri Embaire Umeme";"2";"2082"
"Maisha";"We Out Here";"2";"2083"
"Ezra Collective";"We Out Here";"1";"3223"
"Moses Boyd";"We Out Here";"1";"3224"
"Theon Cross";"We Out Here";"2";"2084"
"Everything Is Recorded";"Close But Not Quite";"1";"3225"
"Cortex";"Troupeau Bleu";"3";"1522"
"Oceanvs Orientalis";"Untold / Unknown";"2";"2085"
"Lutto Lento";"Dark Secret World";"7";"742"
"Nicola Cruz";"Prender El Alma";"11";"463"
"Gábor Szabó";"Dreams";"27";"137"
"Ali Kuru";"Egzotik";"2";"2086"
"Shaluza Max";"Mangase / Hafi Deo";"6";"856"
"Leon Vynehall";"Envelopes";"4";"1237"
"Rival Consoles";"Dreamer's Wake";"1";"3226"
"DJ Koze";"Pick Up";"3";"1523"
"Yaeji";"EP2";"2";"2087"
"Bawrut";"Ciquita";"4";"1238"
"Midland";"Autonomous Africa Volume 2";"5";"1021"
"Mr. Fingers";"Outer Acid EP";"1";"3227"
"JD Twitch";"Autonomous Africa Volume 2";"1";"3228"
"Melé";"Sunshowers EP";"6";"857"
"Tale of Us";"Another Earth";"3";"1524"
"Yotam Avni";"Collective Endeavours 01.1";"3";"1525"
"Mr. T.C.";"Soundtrack for Strangers";"1";"3229"
"Massimo Vanoni";"The Funk Philosophy EP";"1";"3230"
"Baaba Maal";"Fulani Rock (Remixes)";"1";"3231"
"Mr Raoul K";"Still Living In Slavery";"1";"3232"
"Khidja";"Impossible Holiday";"1";"3233"
"Hey Mother Death";"Deranged Remixes";"1";"3234"
"Mark Knight";"Live Stream";"6";"858"
"Jonwayne";"Rap Album One";"34";"104"
"Rival Consoles";"Persona";"39";"85"
"The Emperor Machine";"2500 VOL. 2";"2";"2088"
"Bob Sinclar";"Paradise";"2";"2089"
"Trikk";"Several";"1";"3235"
"Sudan Archives";"Nont For Sale";"6";"859"
"Mind Enterprises";"Idealist";"2";"2090"
"Cerrone";"Afro";"3";"1526"
"Nicole Willis";"Still Got a Way to Fall";"2";"2091"
"Shuggie Otis";"Inspiration Information/ Wings Of Love";"2";"2092"
"Norma Tanega";"Walkin' My Cat Named Dog";"1";"3236"
"Chelou";"Halfway to Nowhere";"3";"1527"
"Bepu N'Gali";"I Travel To You";"1";"3237"
"Mocky";"KEY CHANGE";"13";"381"
"Tune-Yards";"w h o k i l l";"1";"3238"
"thomas meinecke";"Work";"8";"650"
"Tenesha The Wordsmith";"Dangerous Women";"27";"138"
"Andréa Daltro";"Outro Tempo";"5";"1022"
"Morrison Kincannon";"To See One Eagle Fly";"6";"860"
"FYI Chris";"Home Alone";"1";"3239"
"Koji Ono";"Incognito EP";"1";"3240"
"Morrison Kincannon";"Beneath the Redwoods";"28";"129"
"Ruby Rushton";"Trudi's Songbook, Vol. 2";"1";"3241"
"Piry Reis";"Outro Tempo";"4";"1239"
"Avant Garde";"Everybody's Lover (Remixes)";"1";"3242"
"Black Classical";"#Tracks";"5";"1023"
"Nando Carneiro";"Outro Tempo";"6";"861"
"Cinema";"Outro Tempo";"5";"1024"
"Os Mulheres Negras";"Outro Tempo";"6";"862"
"Fernando Falcão";"Outro Tempo";"10";"520"
"Anno Luz";"Outro Tempo";"3";"1528"
"Sunwatchers";"II";"6";"863"
"Che";"sip";"9";"577"
"Che";"Shuco";"13";"382"
"Amber Mark";"Love Me Right";"6";"864"
"Radio Slave";"Children Of The E (Kink & Justin Van Der Volgen Remixes)";"1";"3243"
"Tommaso Cappellato";"Aforemention";"7";"743"
"Dr. Lonnie Smith";"All In My Mind";"4";"1240"
"Planet Battagon";"Inside Out";"2";"2093"
"Kerala Dust";"Francesca's Frames";"1";"3244"
"Emanative";"Emanative";"1";"3245"
"Yaeji";"Remixes, Vol. 1";"1";"3246"
"Populous";"Azulejos";"2";"2094"
"松浦俊夫 presents HEX";"HEX";"16";"294"
"Umeko Ando";"Iuta Upopo";"8";"651"
"Melé";"Atlantic";"1";"3247"
"Gacha Bakradze";"Gather";"1";"3248"
"Marc Moulin";"Placebo Years 1971 - 1974";"4";"1241"
"Colleen";"A Flame my Love, a Frequency";"3";"1529"
"Portable Sunsets";"Order";"2";"2095"
"San Ignacio";"Lugares Para Nadar";"14";"350"
"Discoshaman";"Union Mystica EP";"3";"1530"
"Rio Mira";"Adiós Morena (Remixed)";"1";"3249"
"DJ Koze";"Knock Knock";"43";"73"
"Jean Grae";"Everything's Fine";"13";"383"
"Improbeats";"Imperfecto";"7";"744"
"Tom Misch";"Geography";"7";"745"
"Ekambi Brillant";"Afrosonique Vol 01";"7";"746"
"String Theory";"Modularity";"5";"1025"
"Hailu Mergia";"Lala Belu";"13";"384"
"Dj Duke";"Tribal Liberation";"1";"3250"
"GO DUGONG";"NOVANTA";"6";"865"
"Romare";"All Night (Live Session 1)";"5";"1026"
"Jon Hopkins";"Everything Connected";"3";"1531"
"Chancha Via Circuito";"Ilaló";"1";"3251"
"Alican";"Soro";"6";"866"
"Tuğçe Kurtiş";"Songs for My Grandmother - Remixes";"2";"2096"
"Romare";"Live Sessions 1";"8";"652"
"Shake Stew";"Rise and Rise Again";"4";"1242"
"Massive Attack";"Mezzanine";"1";"3252"
"Shakarchi & Stranéus";"Steal Chickens From Men And the Future From God";"139";"1"
"The Irresistible Force";"Kira Kira";"7";"747"
"Chip Wickham";"La Sombra";"2";"2097"
"El Búho";"History of Colour EP";"16";"295"
"Jonwayne";"That's O.K.";"2";"2098"
"Paul White";"Rejuvenate";"13";"385"
"Wajatta";"Runnin'";"1";"3253"
"Wajatta";"Get Down (with Ya Bad Self) [feat. Justin Maxwell] - Single";"1";"3254"
"Manfredas";"Sun Gaze";"3";"1532"
"GO DUGONG";"Curaro";"18";"260"
"Blu";"The Blueprint";"3";"1533"
"Manfredas";"Pink Industry EP";"3";"1534"
"Poté";"Flirt";"1";"3255"
"Cecil Taylor";"Unit Structures";"3";"1535"
"Haley Bonar";"Last War";"6";"867"
"Donald Byrd";"A New Perspective (The Rudy Van Gelder Edition)";"1";"3256"
"Milo";"things that happen at day // things that happen at night";"2";"2099"
"The Notwist";"Superheroes, Ghostvillains + Stuff";"5";"1027"
"<Unknown>";"Music";"1";"3257"
"Amber Mark";"Conexão - EP";"21";"202"
"Tony Allen";"Dekmantel 10 Years 10.2";"8";"653"
"Onyx Collective";"FDR Drive";"1";"3258"
"Kamaal Williams";"High Roller";"1";"3259"
"Kiasmos";"Zebra";"2";"2100"
"Melé";"The Latin Track";"2";"2101"
"Melé";"Ambience";"1";"3260"
"James 'Creole' Thomas";"Omas Sextet";"15";"317"
"Joe Armon-Jones";"Starting Today";"16";"296"
"Bonobo";"Cosmic Vibrations (Sampler 2)";"2";"2102"
"Nickodemus";"A Long Engagement";"29";"126"
"Nickodemus";"In My House";"2";"2103"
"bleaker";"Hype Funk";"1";"3261"
"Kelis";"Friday Fish Fry";"7";"748"
"Maribou State";"Turnmills";"8";"654"
"Mehmet Aslan";"Mechanical Turk";"3";"1536"
"Mehmet Aslan";"Alysha";"17";"276"
"Jon Hopkins";"Singularity";"5";"1028"
"Nicola Conte";"Sun Song / Nigeria";"6";"868"
"Carsten Erobique Meyer";"Urlaub in Italien";"7";"749"
"Maajo";"Defo/Mansaba";"8";"655"
"Carsten Erobique Meyer";"Magical Mystery oder: Die Rückkehr des Karl Schmidt";"2";"2104"
"Alogte Oho & His Sounds of Joy";"Mam Yinne Wa";"9";"578"
"Emanative";"Planet B";"3";"1537"
"Clap! Clap!";"Ode to the Pleiades";"2";"2105"
"Nicola Conte";"Universal Rhythm";"1";"3262"
"Nicola Conte";"Cosmic Peace";"1";"3263"
"Nicola Conte";"African Spirits / New World Shuffle";"5";"1029"
"Pletnev";"Aztec Code / Daywalker";"6";"869"
"Yør Kultura";"Lotus ­ EP";"20";"219"
"Musi-O-Tunya";"Give Love to Your Children";"1";"3264"
"Hippster Trio";"Hipster '60s Rarities & Obscurities";"1";"3265"
"Altin Gün";"On";"16";"297"
"Selda Bağcan";"Türkülerimiz 2 - Mehmet Emmi";"1";"3266"
"Selda Bağcan";"40 Yılın 40 Şarkısı";"2";"2106"
"Derya Yildirim";"Nem Kaldi";"4";"1243"
"The Mauskovic Dance Band";"Repeating Night";"1";"3267"
"Mustafa Özkent";"Mustafa Özkent Ve Orkestrası Gençlik İle El Ele";"7";"750"
"Om Alec Khaoli";"Say You Love Me";"9";"579"
"Truckers Of Husk";"Awesome Tapes from Africa";"3";"1538"
"Shabaka And The Ancestors";"Wisdom of Elders";"5";"1030"
"Dead Horse Beats";"Bad Hopes EP";"3";"1539"
"Tale of Us";"Endless (Remixes)";"1";"3268"
"Pletnev";"St. Bones";"3";"1540"
"Auntie Flo";"Theory Of Flo Remixed";"3";"1541"
"Richard Rossa";"Sunmoon";"2";"2107"
"Quantic";"Hotline Bling";"1";"3269"
"Dan Lissvik";"Midnight";"5";"1031"
"José Manuel";"Excursion Africanism (Remixes)";"1";"3270"
"Marc Rapson";"Dark vs. Light";"1";"3271"
"Bicep";"Bicep";"1";"3272"
"Black Coffee";"Muyè (Black Coffee Remix)";"2";"2108"
"Emma-Jean Thackray";"Ley Lines";"5";"1032"
"Mose Robers";"Flowing";"1";"3273"
"Marenn Sukie";"Mosaic";"4";"1244"
"Niña Dioz";"Reyna";"1";"3274"
"The Internet";"Roll (Burbank Funk) [KAYTRANADA Remix]";"2";"2109"
"Jonwayne";"Last Last Fall";"3";"1542"
"Tsvia Abarbanel";"Eastern Soul";"21";"203"
"The Kutimangoes";"Afro-Fire";"1";"3275"
"Rodrigo Gallardo";"El Origen";"7";"751"
"Roman Flügel";"Time Travel";"3";"1543"
"Jordan Rakei";"Wildfire";"3";"1544"
"Flo Morrissey and Matthew E. White";"Gentlewoman, Ruby Man";"6";"870"
"Unknown Mortal Orchestra";"Multi-Love";"3";"1545"
"Bené Fonteles";"Outro Tempo";"2";"2110"
"Carlinhos Santos";"Outro Tempo";"2";"2111"
"Priscilla Ermel";"Outro Tempo";"4";"1245"
"Carioca";"Outro Tempo";"2";"2112"
"Marco Bosco";"Outro Tempo";"5";"1033"
"Maria Rita";"Outro Tempo";"6";"871"
"Luli e Lucina";"Outro Tempo";"1";"3276"
"Thornato";"El Oro De La Tolita";"3";"1546"
"Gonzales";"Chambers";"6";"872"
"Nicola Conte";"Let Your Light Shine On";"34";"105"
"Emanative";"Ominous Shanti / Black Enchantment";"1";"3277"
"Bonobo";"Migration";"17";"277"
"Lapa";"Spirit Vessel";"1";"3278"
"Bronx River Parkway";"San Sebastian 152";"1";"3279"
"Twinkie Clark";"Praise Belongs to God / Ye Shall Receive";"4";"1246"
"Ramsey & Co.";"Keb Darge presents The Best of Legendary Deep Funk";"1";"3280"
"Khruangbin";"The Universe Smiles Upon You";"9";"580"
"MAKENESS";"14 Drops / Acid Dad";"1";"3281"
"BCUC";"Our Truth";"14";"351"
"Selena Gomez";"Bad Liar";"3";"1547"
"Four Tet";"Music";"1";"3282"
"Glenn Astro";"Turquoise Tortoise";"80";"15"
"Sebastian Mullaert";"All the Keys Are Here";"19";"243"
"El Búho";"Cenotes";"4";"1247"
"Sam Weston";"Shiraz Voyager";"3";"1548"
"Dandara";"Heartache";"1";"3283"
"Thomash";"Candomble";"5";"1034"
"Oktoberklubben";"Un Universo Para Los Dos";"5";"1035"
"Willow";"Workshop 23";"1";"3284"
"Yellow Days";"Gap in the Clouds";"1";"3285"
"Aron Ottignon";"Live at Funkhaus Berlin";"3";"1549"
"Laurence Guy";"We Gonna Jak / Ubik";"1";"3286"
"Dave DK";"Val Maira Remixe";"1";"3287"
"Kornél Kovács";"The Bells";"2";"2113"
"Takuya Matsumoto";"Ram";"1";"3288"
"Wolf Müller & Niklas Wandt";"Instrumentalmusik von der Mitte der World";"59";"33"
"Larry de Kat";"#Tracks";"6";"873"
"Pisces";"edits & cuts";"3";"1550"
"McDowell";"edits & cuts";"2";"2114"
"Harry Nilsson";"edits & cuts";"3";"1551"
"Tom Zé";"edits & cuts";"3";"1552"
"N. SIMONE";"edits & cuts";"4";"1248"
"Satchmo";"edits & cuts";"2";"2115"
"Roberto Musci";"Tower Of Silence";"4";"1249"
"Mose Robert";"Flowing";"1";"3289"
"Tsvia Abarbanel";"Da'asa - The Haunting Sounds of Yemenite-Israeli Funk 1973-1984 Sampler";"7";"752"
"Tsvia Abarbanel";"Soul Of The East";"6";"874"
"Yazmin Lacey";"Black Moon";"7";"753"
"DJ Koze";"Reincarnations - The Remix Chapter 2001 - 2009";"1";"3290"
"Wolf Müller";"Balztanz";"19";"244"
"Beatrice Dillon";"Inkjet / Fluo";"1";"3291"
"Sudan Archives";"Sink";"45";"63"
"Blameful Isles";"This Heart Of Our Heart";"9";"581"
"James Holden";"The Animal Spirits";"38";"89"
"Cotton Jones";"Tall Hours In The Glowstream";"2";"2116"
"Wolf Müller";"Selectors 002 - Young Marco";"2";"2117"
"Bufiman";"Peace Moves EP";"5";"1036"
"KOKOKO!";"Tokoliana EP";"8";"656"
"Ströer Duo";"Fluchtweg Madagaskar";"35";"101"
"Dj Duke, Tribal Liberation";"ClapCrate.me";"2";"2118"
"Nina Kraviz";"Nina Kraviz";"16";"298"
"Moritz von Oswald";"Lagos Shake: A Tony Allen Chop Up";"1";"3292"
"Ashley Henry";"Easter - EP";"9";"582"
"Auk5";"Second Star to the Right";"4";"1250"
"Oktoberklubben";"The Orust Tapes";"1";"3293"
"Kelly Lee Owens";"Kelly Lee Owens";"21";"204"
"Bicep";"FEEL MY BICEP » FMB MIXTAPE SERIES";"1";"3294"
"Frente Edits III";"El Búho - Cumbias de Oro";"10";"521"
"Moses Sumney";"Make Out in My Car: Chameleon Suite";"5";"1037"
"Damien Jurado";"Brothers and Sisters of the Eternal Son (Deluxe Edition)";"5";"1038"
"Olaf Stuut";"A.I. Fugitive";"1";"3295"
"Acid Pauli";"BLD Remixes B";"2";"2119"
"Nicolas Pera";"Atlas";"6";"875"
"Henrik Schwarz";"Scripted Orkestra - Conducted by Jules Buckley";"15";"318"
"Kraut";"Ya Lur";"3";"1553"
"Alexis Taylor";"Beautiful Thing";"20";"220"
"Hiromi";"Place To Be";"3";"1554"
"GoGo Penguin";"Man Made Object (Deluxe)";"7";"754"
"Luca Musto";"After All";"3";"1555"
"K15";"Be Glad You Create Anything";"3";"1556"
"Andi Otto";"Restrung";"6";"876"
"Jimmy Edgar";"Burn So Deep (feat. Dawn Richard) [Remixes]";"2";"2120"
"Paul Simon";"Graceland - The Remixes";"6";"877"
"Laraaji";"Sun Transformations";"4";"1251"
"Emanative";"New Day (feat. Ahu)";"1";"3296"
"Oscar Jerome";"Where Are Your Branches? (Remixes)";"16";"299"
"Henric Claes";"WAH WAH";"1";"3297"
"Tash Sultana";"Notion";"4";"1252"
"Athlete Whippet";"Hands Only";"2";"2121"
"Honey Dijon";"Xtra EP";"2";"2122"
"Why?";"Good Friday (Boards of Canada Remix)";"6";"878"
"Kapote";"Toolroom Radio EP426 - Presented By Mark Knight";"1";"3298"
"Roachford";"Back to the Roots, Vol. 4";"3";"1557"
"Rone";"Wave (Locked Groove Remix)";"2";"2123"
"Earthboogie";"Human Call";"26";"147"
"Agnes Obel";"Aventine (Deluxe Version)";"1";"3299"
"UJI";"Jenga";"2";"2124"
"Nicola Cruz";"Visiones";"1";"3300"
"Der Panther";"Lux";"2";"2125"
"Olaf Stuut";"Run";"1";"3301"
"Kamaal Williams";"The Return";"4";"1253"
"Louis VI";"Confidence";"10";"522"
"Henry Wu";"Projections EP";"1";"3302"
"JD. Reid";"Tree";"5";"1039"
"Childish Gambino";"This Is America";"1";"3303"
"Frank Zappa";"One Size Fits All";"3";"1558"
"Acid Pauli";"Sportbrigade's Circuit Training";"1";"3304"
"Honey Dijon";"The Best Of Both Worlds";"1";"3305"
"Rone";"Mirapolis";"1";"3306"
"Cool Maritime";"Shared Waves";"1";"3307"
"Manfredas";"Opium of the People";"1";"3308"
"Public Service Broadcasting";"People Will Always Need Coal";"1";"3309"
"Curses";"Pedal to the Metal and Don't Look Back";"1";"3310"
"Nickodemus";"Inmortales (Body Move)";"1";"3311"
"Active Child";"Johnny Belinda Remixes";"1";"3312"
"marcel vogel";"Brown Curls";"2";"2126"
"Max Cooper";"Balance 030 (Mixed Version)";"4";"1254"
"Leonor";"Disque Natif";"4";"1255"
"Teedra Moses";"Be Your Girl (Kaytranada Edition)";"3";"1559"
"Nicole Willis";"Alex Attias presents LillyGood Party!";"3";"1560"
"Maribou State";"Feel Good (feat. Khruangbin)";"19";"245"
"Carl Craig";"Versus Remixes, Vol. 2";"4";"1256"
"Girls of the Internet";"Running";"2";"2127"
"Circle Sky";"The Light (Patrice Bäumel Remix)";"2";"2128"
"Lauhaus";"Moments - Chapter 1";"5";"1040"
"Blindsmyth";"Moments - Chapter 1";"7";"755"
"Rampa";"You Are Safe (Remixes)";"1";"3313"
"Nicola Cruz";"Prender el Alma (Remixed)";"7";"756"
"Louis VI";"Jazz Got Me";"1";"3314"
"Louis VI";"Lonely Road of the Dreamer";"5";"1041"
"Project Pablo";"Come To Canada You Will Like It";"14";"352"
"Alexis Taylor";"Beautiful Thing (Matias Aguayo Remix)";"1";"3315"
"Ross From Friends";"Project Cybersyn";"11";"464"
"Kornél Kovács";"Metropolis";"5";"1042"
"Kaitlyn Aurelia Smith";"Yugoslavia";"1";"3316"
"Nick Hakim";"Vincent Tyler";"1";"3317"
"Tommaso Cappellato";"Aforemention Remixed";"4";"1257"
"Ryley Walker";"Deafman Glance";"1";"3318"
"kaleema";"Nómada";"2";"2129"
"Nils Frahm";"Encores 1";"1";"3319"
"The Sorcerers";"In Pursuit Of Shai Hulud";"2";"2130"
"king garbage";"Make It Sweat";"11";"465"
"Robert Glasper Experiment";"Robert Glasper x KAYTRANADA: The ArtScience Remixes";"4";"1258"
"Melo-Zed";"Eleven";"6";"879"
"Apiento & Co";"The Orange Place (Wolf Müller Remixes)";"4";"1259"
"Ariel Pink";"Mature Themes";"2";"2131"
"Ashra";"Correlations";"12";"423"
"Heerlens Percussie Ensemble";"Biologic Music";"6";"880"
"Massimo Luca";"La chitarra di Lucio canta Battisti, Vol. 2";"3";"1561"
"Barbatuques";"O seguinte é esse";"8";"657"
"Stijn Sadée";"Affetto";"5";"1043"
"Ezra";"Garten meiner Fantasie";"4";"1260"
"Auntie Flo";"Beating Heart - South Africa Vol. 2";"1";"3320"
"Wolf Müller";"Chapter 2";"2";"2132"
"Khruangbin";"Spotify Singles";"2";"2133"
"808 State";"Blueprint (The Best Of)";"1";"3321"
"Camp Inc.";"perché la notte";"2";"2134"
"Bufiman";"Dekmantel 10 Years 09";"1";"3322"
"Tom Trago";"Dekmantel - Best of 2017";"1";"3323"
"Young Marco";"Dekmantel - Best of 2017";"1";"3324"
"Wolf Müller";"Dekmantel - Best of 2017";"2";"2135"
"Beatrice Dillon";"Dekmantel - Best of 2017";"1";"3325"
"Bufiman";"Versatile 1996-2016 (20 Years of Versatile Records Selected by Gilb'R & I:Cube)";"1";"3326"
"Various artists (2)";"Kenneth Bager's Balearic Biscuits, Vol. 2";"7";"757"
"Mariam the Believer";"Remixes";"5";"1044"
"Metamatics";"Mind Mushing Git";"2";"2136"
"Metamatics";"Neo Ouija";"1";"3327"
"Mariam the Believer";"Soft Moon EP";"20";"221"
"Why?";"Moh Lhean Expanded";"9";"583"
"Switchdance";"The Black Tape Remixes";"1";"3328"
"Totally Enormous Extinct Dinosaurs";"Leave a Light On";"2";"2137"
"Kutcorners";"The Finest";"7";"758"
"Art In Motion";"The Last Adventure of Voodoo Houngan";"1";"3329"
"Art In Motion";"Animal Inside You EP";"1";"3330"
"Mariam the Believer";"Love Everything";"19";"246"
"Theo Croker";"AfroPhysicist";"6";"881"
"FKJ";"French Kiwi Juice";"5";"1045"
"Mytron & Ofofo";"Si Jambo";"11";"466"
"Moonlight Benjamin";"Siltane";"1";"3331"
"Retiree";"Pumice Stone";"1";"3332"
"Various artists (2)";"Alborada";"20";"222"
"Daniel Bortz";"Bar 25 - Zeitgeist, Vol. 2";"1";"3333"
"Alfa Mist";"Antiphon";"14";"353"
"tokayo";"Tokayo";"10";"523"
"Andi Otto";"Bow Wave";"2";"2138"
"Lorenzo Dada";"Moments - Chapter 1";"3";"1562"
"Nina Kraviz";"The Remixes";"1";"3334"
"Liv.e";"Raw Daybreaks, Vol. 1";"1";"3335"
"Penya";"Acelere";"5";"1046"
"Baba Sissoko";"African Griot Groove (Afro blues)";"1";"3336"
"Young Marco";"Biology";"9";"584"
"The Yorkshire Film and Television Orchestra";"In Pursuit Of Shai Hulud";"1";"3337"
"Al Dobson Jr.";"Rye Lane";"10";"524"
"Company Flow";"Little Johnny From the Hospitul: Breaks and Instrumentals, Vol. 1";"3";"1563"
"LAPS";"Who Me?";"1";"3338"
"Leon Vynehall";"Nothing Is Still";"10";"525"
"Izem";"Beni Lane";"2";"2139"
"Jazzanova";"Rain Makes The River (Remixes)";"7";"759"
"Louis VI";"Sugar Like Salt";"9";"585"
"Photay";"Onism: Remixed";"4";"1261"
"Dirty Doering";"Bar 25 - Greatest Hits";"1";"3339"
"Mehmet Aslan";"Ghost Station";"16";"300"
"Fernando Milagros";"Cuál es el secreto (Remixes)";"1";"3340"
"Mano Le Tough";"Selected Label Works 6";"1";"3341"
"Luca D'Alberto";"Her Dreams (Populous Remix)";"3";"1564"
"Tuff City Kids";"Selected Label Works 6";"2";"2140"
"El Michels Affair";"Unathi b/w Zaharila";"2";"2141"
"Rampa";"You Are Safe Remixes";"1";"3342"
"Braxton Cook";"Never Thought (Quickly, Quickly Remix)";"1";"3343"
"Neurostate";"Welcome to Paradise (Italian Dream House 89-93) Vol. 3";"1";"3344"
"Kamasi Washington";"Street Fighter Mas";"3";"1565"
"Ali Kuru";"Beyhude";"2";"2142"
"Parra for Cuva";"Majouré";"10";"526"
"Palace";"Bitter";"2";"2143"
"Ammer";"Get Lost V mixed by Acid Pauli";"1";"3345"
"Nubiyan Twist";"Figure Numatic";"1";"3346"
"Ian Simmonds";"Get Lost V mixed by Acid Pauli";"1";"3347"
"Onyx Collective";"Lower East Suite Part One";"8";"658"
"Wolf Müller";"The Sound Of Glades";"8";"659"
"Onyx Collective";"Lower East Suite Part Three";"3";"1566"
"SMAGGHE & CROSS";"Moments - Chapter 3";"4";"1262"
"Von Spar";"Moments - Chapter 3";"1";"3348"
"Yougene";"Moments - Chapter 3";"1";"3349"
"Kondi Band";"Moments / Chapter 4";"1";"3350"
"San Miguel";"Moments / Chapter 4";"1";"3351"
"Andy Jenkins";"Sweet Bunch";"5";"1047"
"Stimming";"Die Luft, der Garten und das Meer";"3";"1567"
"Ghost-Note";"Swagism";"19";"247"
"Ocelote Rojo";"Digging the Blogosphere";"2";"2144"
"Huaira";"Ñuka Shunku";"23";"178"
"Dabrye";"Sunset (feat. Shigeto)";"1";"3352"
"BEATBALL MUSIC";"With All My Heart 진심을 그대에게: the most vivid side of ‘70s Korean Pop & Rock";"3";"1568"
"Black Classical";"Candomblé";"13";"386"
"Planet Battagon";"Download";"1";"3353"
"Blood Wine or Honey";"Fear & Celebration";"12";"424"
"Matty";"Déjàvu";"8";"660"
"BeGun";"BAM Fabra: Acció musical a la Fabra i Coats";"1";"3354"
"Wen";"GRIT";"2";"2145"
"Wen";"TIME II THINK";"1";"3355"
"Wen";"CARVE + GAZE";"2";"2146"
"Spaceslug";"Lemanis";"1";"3356"
"Jun Kamoda";"The Distorted Haunted Ballroom";"2";"2147"
"NATUREBOY FLAKO";"From the Shadows";"1";"3357"
"Sonnymoon";"Ideas";"1";"3358"
"The Natural Yogurt Band";"The 13 Moons of Neptune / Satelites";"3";"1569"
"The Natural Yogurt Band";"Eastern Promise";"2";"2148"
"Rodrigo Tavares";"Congo";"1";"3359"
"Emanative";"Earth";"45";"64"
"Kermesse";"Bioma";"5";"1048"
"Kamasi Washington";"Heaven and Earth";"11";"467"
"Pouvoir Magique";"Disparition";"1";"3360"
"Fela Kuti";"The Best of the Black President";"2";"2149"
"Shlohmo";"Bad Vibes";"23";"179"
"Yussef Kamaal";"Black Focus";"2";"2150"
"Johnson, Hawkins, Tatum & Durr";"Eccentric Soul: The Capsoul Label";"2";"2151"
"Nick Hakim";"Bet She Looks Like You";"1";"3361"
"Joni Mitchell";"Blue";"1";"3362"
"Erykah Badu";"New Amerykah Part Two: Return of the Ankh";"1";"3363"
"Pedestrian";"Pick Your Shots Clean";"1";"3364"
"Mr Beatnick";"Synthetes";"3";"1570"
"Kutiman";"6am";"1";"3365"
"Chemise";"A Night to Remember (Mixed By Tony Okungbowa & Jojoflores)";"1";"3366"
"Nicolas Jaar";"Sirens";"1";"3367"
"Mammal Hands";"Animalia";"2";"2152"
"Gwilym Gold";"Flex";"1";"3368"
"King Gizzard & The Lizard Wizard";"Quarters";"3";"1571"
"Dele Sosimi";"You No Fit Touch Am Retouched";"1";"3369"
"Percussions";"2011 until 2014";"1";"3370"
"Ponty Mython";"QS002";"2";"2153"
"Mitski";"Puberty 2";"10";"527"
"Mitski";"bury me at makeout creek";"9";"586"
"Fantasma";"Free Love";"1";"3371"
"Pilgrims of the Mind";"The Sound Of Love International";"6";"882"
"Sivan Perwer";"Şivan Perwer Remixes 2017";"1";"3372"
"Pilgrims of the Mind";"Organism";"1";"3373"
"Mehmet Aslan";"Needs 003";"1";"3374"
"Athena";"Ses Etme (Remixes)";"1";"3375"
"Doctr";"Tropique - The Remixes";"1";"3376"
"Loidis";"A Parade, In The Place I Sit, The Floating World (& All Its Pleasures)";"22";"190"
"디구루(dguru)";"With All My Heart 진심을 그대에게: the most vivid side of ‘70s Korean Pop & Rock";"2";"2154"
"서울 콤보 (feat. 하세가와 요오헤이, 차승우)";"With All My Heart 진심을 그대에게: the most vivid side of ‘70s Korean Pop & Rock";"1";"3377"
"원피스(1Piece)";"With All My Heart 진심을 그대에게: the most vivid side of ‘70s Korean Pop & Rock";"2";"2155"
"Ashley Henry";"Ashley Henry's 5ive";"15";"319"
"Selena Gomez";"13 Reasons Why (Season 2)";"1";"3378"
"Ballaké Sissoko & Vincent Segal";"Chamber Music";"7";"760"
"Attwenger";"Sun";"2";"2156"
"Attwenger";"SPOT";"1";"3379"
"Playboi Carti";"Die Lit";"1";"3380"
"Skinny Pelembe";"I Just Wanna Be Your Prisoner";"6";"883"
"Conjunto Costumbrista";"Remixes";"1";"3381"
"David Bowie";"The Rise And Fall Of Ziggy Stardust And The Spiders From Mars (2012 Remastered Version)";"1";"3382"
"Queen";"Best of Bowie";"1";"3383"
"God Colony";"Turn My G Down (feat. Stash Marina)";"7";"761"
"Academy Garden";"Earth OST";"2";"2157"
"David Dor";"Da'asa - The Haunting Sounds of Yemenite-Israeli Funk 1973-1984 Sampler";"1";"3384"
"AHARON AMRAM";"Da'asa - The Haunting Sounds of Yemenite-Israeli Funk 1973-1984 Sampler";"1";"3385"
"Bruxas";"Sirocco";"4";"1263"
"Wolf Müller";"The Sound Of Glades Remixes";"1";"3386"
"Hatis Noit";"Illogical Dance";"3";"1572"
"Qasim Naqvi";"1+1=X";"1";"3387"
"A Winged Victory for the Sullen";"1+1=X";"1";"3388"
"Rival Consoles";"1+1=X";"1";"3389"
"Nils Frahm";"1+1=X";"1";"3390"
"Daniel Thorne";"1+1=X";"1";"3391"
"Daniel Brandt";"1+1=X";"1";"3392"
"machaka";"Illakuna";"7";"762"
"Douglas Dare";"1+1=X";"1";"3393"
"Keith Jarrett";"Expectations";"37";"94"
"Academy Garden";"Split Second";"1";"3394"
"Academy Garden";"Somehow We Will Get Through This";"1";"3395"
"Black Flower";"Intermediate State";"2";"2158"
"The Human League";"Reproduction";"2";"2159"
"bathing";"Bathing";"5";"1049"
"Stanley Cowell Trio";"Illusion Suite";"4";"1264"
"Butcher Brown";"All Purpose Music";"2";"2160"
"Mekine U Teksi";"Postanatolische Hybride - Die Steppenroboter LP";"18";"261"
"Rone";"So So So - EP";"1";"3396"
"Chris Annibell";"Ye No ntem";"1";"3397"
"Gorillaz";"The Now Now";"86";"12"
"Alsarah & The Nubatones";"Wonderwheel Recordings Presents: Inside The Dance, Vol. 2";"1";"3398"
"Loya";"Zenfant";"2";"2161"
"Nathan Fake";"DEGREELESSNESS (Overmono Remix)";"4";"1265"
"Overmono";"Arla III";"1";"3399"
"Ariwo";"Download";"1";"3400"
"Various artists (9)";"Tropical Drums of Deutschland";"63";"30"
"Kaidi Tatham";"It's a World Before You";"18";"262"
"Chancha Via Circuito";"Amansara";"13";"387"
"Cool Maritime";"Sharing Waves";"24";"167"
"Hunts Determination Band";"Loving On the Flipside";"1";"3401"
"The Daktaris";"Soul Explosion";"2";"2162"
"Christy Essien";"Nigeria Soul Fever - Afro Funk, Disco And Boogie: West African Disco Mayhem!";"4";"1266"
"Urubu Marinka & Gama";"Voodoohop : Entropia Coletiva II";"1";"3402"
"A Macaca with Peace & Rojey";"Voodoohop : Entropia Coletiva II";"2";"2163"
"Thomash & Osmarino Freitas";"Voodoohop : Entropia Coletiva II";"3";"1573"
"Jaku Nã";"Voodoohop : Entropia Coletiva II";"1";"3403"
"Toto Chiavetta";"Underground Mental Resurrection";"1";"3404"
"Wolf Müller";"Lagerfeuer Tanz";"5";"1050"
"DJ Normal 4";"The 5 Elements: Water & Air EP";"2";"2164"
"Bufiman";"Running";"4";"1267"
"Marbert Rocel";"Small Hours";"12";"425"
"Vibe Street";"Keep on the Grass EP";"1";"3405"
"HAAi";"Motorik Voodoo Bush Doof Musik EP";"10";"528"
"Bufiman";"The 5 Elements: Water & Air EP";"1";"3406"
"Skinny Pelembe";"I Just Wanna Be Your Prisoner (feat. Hejira)";"3";"1574"
"bathing";"You Are Enough";"6";"884"
"Gunjah";"Get Lost V mixed by Acid Pauli";"1";"3407"
"Calico Horse";"Get Lost V mixed by Acid Pauli";"3";"1575"
"Tempo Di Roma";"Get Lost V mixed by Acid Pauli";"2";"2165"
"DJ Normal 4   Bufiman";"The 5 Elements: Water & Air EP";"2";"2166"
"Bufiman   DJ Normal 4";"The 5 Elements: Water & Air EP";"1";"3408"
"Cyro Baptista";"Bluefly";"5";"1051"
"Baka Pygmies";"Heart of the Forest";"3";"1576"
"Valentin Stip";"Angst";"9";"587"
"Valentin Stip";"Tracks";"1";"3409"
"Cyro Baptista";"Banquet of the Spirits";"4";"1268"
"Nicolas Collins";"It Was a Dark and Stormy Night";"12";"426"
"Daniel Avery";"Quick Eternity (Four Tet Remix)";"2";"2167"
"Jonas Hellborg";"Aram of the Two Rivers: Live in Syria";"6";"885"
"Medeski, Martin and Wood";"Combustication";"8";"661"
"Valentin Stip";"Vox Populi 001";"3";"1577"
"LateComer";"Conditions";"2";"2168"
"Vakula";"Leleka 4";"5";"1052"
"Dusty Baron";"Leleka 4";"2";"2169"
"Moses Sumney";"Lamentations";"1";"3410"
"Vakula";"Techno Game";"2";"2170"
"Nicola Cruz";"Music";"3";"1578"
"Wen";"EPHEM:ERA";"4";"1269"
"GUY ONE";"#1";"2";"2171"
"Ross From Friends";"You'll Understand";"1";"3411"
"Dengue Dengue Dengue";"Siete Raices";"3";"1579"
"Bileo";"You Can Win";"10";"529"
"Wendo";"Deep House Summer";"1";"3412"
"Energy 52";"Cafe Del Mar (Tale Of Us Renaissance Remix)";"3";"1580"
"Electric Wire Hustle";"DJ-Kicks (Motor City Drum Ensemble) [Mixed Tracks]";"1";"3413"
"Rhythm";"DJ-Kicks (Motor City Drum Ensemble) [Mixed Tracks]";"1";"3414"
"Tony Allen";"DJ-Kicks (Motor City Drum Ensemble) [Mixed Tracks]";"1";"3415"
"Peven Everett";"DJ-Kicks (Motor City Drum Ensemble) [Mixed Tracks]";"1";"3416"
"Bad Jazz Troupe";"DJ-Kicks (Motor City Drum Ensemble) [Mixed Tracks]";"1";"3417"
"Mr. Fingers";"DJ-Kicks (Motor City Drum Ensemble) [Mixed Tracks]";"1";"3418"
"Rick Poppa Howard";"DJ-Kicks (Motor City Drum Ensemble) [Mixed Tracks]";"1";"3419"
"Stone";"DJ-Kicks (Motor City Drum Ensemble) [Mixed Tracks]";"1";"3420"
"Fred P";"DJ-Kicks (Motor City Drum Ensemble) [Mixed Tracks]";"1";"3421"
"Creative Swing Alliance";"DJ-Kicks (Motor City Drum Ensemble) [Mixed Tracks]";"1";"3422"
"Geraldo Pino";"DJ-Kicks (Motor City Drum Ensemble) [Mixed Tracks]";"1";"3423"
"Philippe Sarde";"DJ-Kicks (Motor City Drum Ensemble) [Mixed Tracks]";"1";"3424"
"Robert Hood";"DJ-Kicks (Motor City Drum Ensemble) [Mixed Tracks]";"1";"3425"
"Loose Joints";"DJ-Kicks (Motor City Drum Ensemble) [Mixed Tracks]";"1";"3426"
"Arts";"DJ-Kicks (Motor City Drum Ensemble) [Mixed Tracks]";"1";"3427"
"Motor City Drum Ensemble";"DJ-Kicks (Motor City Drum Ensemble) [Mixed Tracks]";"1";"3428"
"Aphex Twin";"DJ-Kicks (Motor City Drum Ensemble) [Mixed Tracks]";"1";"3429"
"Recloose";"DJ-Kicks (Motor City Drum Ensemble) [Mixed Tracks]";"1";"3430"
"Jon and Roy";"By My Side";"1";"3431"
"Bacao Rhythm & Steel Band";"Love Like This";"1";"3432"
"Rodrigo Gallardo";"Summer Sol";"6";"886"
"Willie West";"I'm Still a Man (Lord Have Mercy)";"3";"1581"
"LateComer";"Cosmic Cart (SoulPhiction & L'Aroye Remixes)";"3";"1582"
"Talos";"Lowlight";"3";"1583"
"Gorillaz";"Humility (feat. George Benson) [Remixes]";"2";"2172"
"Franz Ferdinand";"Always Ascending (Remixes)";"1";"3433"
"Nufrequency";"Fallen Hero";"8";"662"
"Wildflower";"Calm And Cleanse : Meditation";"2";"2173"
"Mrs Jones";"Music";"3";"1584"
"Hercules & Love Affair";"Are You Still Certain? (feat. Mashrou' Leila) [Remixes]";"5";"1053"
"Kelly Lee Owens";"Bird";"13";"388"
"Khalab";"Black Noise";"1";"3434"
"captures";"Escapes";"7";"763"
"kilchhofer";"The Book Room";"4";"1270"
"Chilly Gonzales";"Other People's Pieces";"24";"168"
"Dusty Baron";"Bring Back the Colors, Vol. 04";"1";"3435"
"Dusty Baron";"Café Mambo, Music for Dreams: The Sunset Sessions, Vol. 1";"2";"2174"
"Move D";"Kunststoff";"4";"1271"
"Knapsack";"Bend";"1";"3436"
"Silvia Kastel";"Air Lows";"2";"2175"
"Jess Sah Bi & Peter One";"Apartheid";"3";"1585"
"Nufrequency";"Dancefloor Anthology (by FG)";"2";"2176"
"Alfa Mist";"Nocturne";"20";"223"
"Big Thief";"Shark Smile (Edit)";"1";"3437"
"Dusty Baron";"Arma 06";"2";"2177"
"JD Twitch";"Let's Get Lost Vol 9";"1";"3438"
"Scannerfunk";"Wave Of Light By Wave Of Light";"5";"1054"
"Peven Everett";"Power Soul";"2";"2178"
"Stephen Encinas";"Disco Illusion";"4";"1272"
"Gwen McCrae";"12 Inch Dance: 80s Groove";"2";"2179"
"Boo Williams";"Home Town Chicago";"1";"3439"
"FCL";"Vocals for Everyone EP";"1";"3440"
"Steve Spacek";"EP3: Mov Clsr";"1";"3441"
"SMAGGHE & CROSS";"Mmmmmmm EP";"1";"3442"
"DrumTalk";"Out of the Blackness, Into the Blue";"5";"1055"
"Barbatuques";"Baianá (Brasingles Vol. 2)";"3";"1586"
"Lorna";"Hit Music From Goa";"1";"3443"
"Immaculate Rivombo";"Psychic Bridge From Bujumbura";"1";"3444"
"Asha Bhosle";"Rough Guide to Bollywood for Children";"1";"3445"
"Hailu Mergia";"Gum Gum";"1";"3446"
"Neue Grafik";"Dance to Yemanja";"8";"663"
"Ross From Friends";"Pale Blue Dot";"2";"2180"
"Mor Elian";"323 to Plaza";"6";"887"
"Dusty Baron";"Arma06";"4";"1273"
"Kadebostan";"The Gold Retrospective 2007-2012";"1";"3447"
"George Fitzgerald";"Burns (Moby Remix)";"1";"3448"
"Islandman";"Agit";"2";"2181"
"Oumou Sangaré";"Djoukourou (Auntie Flo Remix)";"1";"3449"
"Moritz von Oswald";"Moritz Von Oswald & Ordo Sakhna";"1";"3450"
"Baba Zula";"Roots";"4";"1274"
"Mike Steva";"Who Am I";"3";"1587"
"Actress";"LAGEOS";"1";"3451"
"Altin Gün";"Hababam";"1";"3452"
"Vakula";"You've Never Been to Konotop (Selected Works 2009-2012)";"24";"169"
"Yussef Dayes";"Love Is the Message";"2";"2182"
"Solange";"A Seat at the Table";"5";"1056"
"DJ Khalab";"Black Noise 2084";"68";"24"
"Loft";"Three Settlements Four Ways";"2";"2183"
"Me and My Friends";"Hide Your Way";"4";"1275"
"Jimi Tenor";"Order of Nothingness";"1";"3453"
"Moses Sumney";"Aromanticism";"21";"205"
"Jazzanova";"The Pool";"1";"3454"
"Vakula";"Conclave Series (Volume 2)";"1";"3455"
"Falke";"O.N.G. Versions";"1";"3456"
"Vakula";"Joiwind";"5";"1057"
"Insight the Truncator";"Ears Hear Spears";"2";"2184"
"Dirty Projectors";"Lamp Lit Prose";"1";"3457"
"Vakula";"Cyclicality Between Procyon And Gomeisa";"94";"11"
"William Florelle";"Two & Three";"5";"1058"
"Shye Ben Tzur";"Junun";"3";"1588"
"The Field";"From Here We Go Sublime";"2";"2185"
"Kiki Gyan";"24 Hours in a Disco 1978-82";"3";"1589"
"John Coltrane";"Both Directions at Once: The Lost Album (Deluxe Version)";"1";"3458"
"Let's Eat Grandma";"I'm All Ears";"2";"2186"
"Fela Kuti";"Finding Fela";"2";"2187"
"Kamal Keila";"Muslims and Christians";"1";"3459"
"Tony Allen & Jeff Mills";"The Seed (Edit)";"2";"2188"
"De Leon";"De Leon";"1";"3460"
"Harmonious Thelonious";"Background Noise";"1";"3461"
"DJ Khalab";"Dense";"3";"1590"
"Mo Kolours";"Inner Symbols";"3";"1591"
"Michael Beharie";"A Heart From Your Shadow";"3";"1592"
"Le Croque";"Momos";"3";"1593"
"SHIMZA";"All Alone";"1";"3462"
"Bayta Ag Bay";"Music from Saharan Cellphones, Vol. 1";"1";"3463"
"Abdoulaye Cisse";"the original sound of burkina faso (compiled by david 'mr bongo' buttle and florent mazzoleni)";"1";"3464"
"Sory Bamba";"Du Mali";"1";"3465"
"Alèmayèhu Eshèté";"Ethiopiques, Vol. 9: Alèmayèhu Eshèté 1969-1974";"1";"3466"
"Vakula";"Dedicated to Jim Morrison";"25";"159"
"Various artists (3)";"edits & cuts";"3";"1594"
"Cleveland";"Tusk B/W Aku";"2";"2189"
"LT";"Forest Floor";"19";"248"
"Leila Pinheiro";"Beauty: A Journey Through Jeremy Underground's Collection";"5";"1059"
"Karl Hector & The Malcouns";"Ka Rica-Tar";"11";"468"
"Dirty Projectors";"Cool Your Heart";"1";"3467"
"Dirty Projectors";"Dirty Projectors";"1";"3468"
"Roman Flügel";"Sliced Africa";"4";"1276"
"Mighty Mo Rodgers";"Griot Blues";"6";"888"
"Umeme Afrorave";"Umeme Afrorave";"1";"3469"
"Ross From Friends";"Family Portrait";"15";"320"
"Tenderlonious";"The Shakedown";"23";"180"
"Ponzu Island";"Ponzu Beach";"3";"1595"
"Ben Hauke";"Only Old";"57";"38"
"BeGun";"Rising Sun / Chapter 1";"1";"3470"
"Vakula";"Metaphors";"15";"321"
"Wolf Müller";"Non, Nº.2";"4";"1277"
"Wayne Snow";"Rosie";"1";"3471"
"Komon";"Eve's Seven";"1";"3472"
"marcel vogel";"Moonchild (Remixes)";"1";"3473"
"Harvey Sutherland";"Brothers";"2";"2190"
"Chez Damier";"Can You Feel It";"1";"3474"
"Bobby Mann";"Sources - The P&P Records Soul/Disco Anthology Compiled by Bill Brewster";"1";"3475"
"Jesse Gould";"Sources - The P&P Records Soul/Disco Anthology Compiled by Bill Brewster";"1";"3476"
"Hudson People";"Be Arisionable Vol.2";"5";"1060"
"Session Victim";"Listen To Your Heart";"5";"1061"
"Cheops";"Mogul";"2";"2191"
"Mitski";"Nobody";"2";"2192"
"George Fitzgerald";"Burns (HAAi’s Sci-fi Hi-Fi Remix)";"4";"1278"
"Fernando Falcão";"Memória das Águas";"46";"58"
"Jonwayne";"TED Talk";"1";"3477"
"La Banda de Martin";"Crown Ruler Sound (Compiled by Jeremy Spellacey)";"2";"2193"
"DENIS MPUNGA & PAUL K.";"Criola Remixed";"6";"889"
"Martyn";"Inside Out (Mixed Tracks)";"4";"1279"
"Martyn";"Glassbeadgames (8 Hours at Fabric Dub)";"1";"3478"
"Martyn";"Voids";"12";"427"
"Penguin Cafe Orchestra";"Broadcasting From Home";"5";"1062"
"Di Melo";"Di Melo";"25";"160"
"Max Graef";"Rivers of the Red Planet";"15";"322"
"Tutu Atrash";"Jaja Nights";"20";"224"
"N C C U";"Beauty: A Journey Through Jeremy Underground's Collection";"3";"1596"
"Larry Maluma";"Crown Ruler Sound (Compiled by Jeremy Spellacey)";"5";"1063"
"Creative Arts Ensemble";"Beauty: A Journey Through Jeremy Underground's Collection";"1";"3479"
"Wilfred Percussion";"Crown Ruler Sound (Compiled by Jeremy Spellacey)";"1";"3480"
"Mike Fabulous";"Crown Ruler Sound (Compiled by Jeremy Spellacey)";"5";"1064"
"Cosmos Universal Band";"Extra Added Soul: Crossover, Modern, and Funky Soul";"1";"3481"
"Los Hermanos";"Submerge Vol.2:Detroit House";"1";"3482"
"Daniel Avery";"Slow Fade Remixes";"1";"3483"
"Ezy & Isaac";"Crown Ruler Sound (Compiled by Jeremy Spellacey)";"2";"2194"
"Kosmik 3";"Crown Ruler Sound (Compiled by Jeremy Spellacey)";"6";"890"
"Feladey";"Crown Ruler Sound (Compiled by Jeremy Spellacey)";"7";"764"
"Acayouman";"Crown Ruler Sound (Compiled by Jeremy Spellacey)";"2";"2195"
"J.K. Mandengué";"Crown Ruler Sound (Compiled by Jeremy Spellacey)";"2";"2196"
"The Staple Singers";"Crown Ruler Sound (Compiled by Jeremy Spellacey)";"2";"2197"
"Brother Resistance";"Crown Ruler Sound (Compiled by Jeremy Spellacey)";"7";"765"
"Legacy";"Crown Ruler Sound (Compiled by Jeremy Spellacey)";"4";"1280"
"Seb Wildblood";"Jazz Vol. 1 EP";"6";"891"
"Medlar";"Shake It, Make It, Take It, Break It";"1";"3484"
"Kenny Burrell";"Blues - The Common Ground";"12";"428"
"Groovestyle";"My Love Is Underground (12 Other House Tracks)";"1";"3485"
"Mindchime Featuring Isi Samuel";"My Love Is Underground (12 Other House Tracks)";"1";"3486"
"The Groove Monster";"My Love Is Underground (12 Other House Tracks)";"1";"3487"
"DJ Tools & Co";"My Love Is Underground (12 Other House Tracks)";"1";"3488"
"Granite";"My Love Is Underground (12 Other House Tracks)";"2";"2198"
"Motor City Drum Ensemble and Jeremy Underground";"RA Podcast";"2";"2199"
"Dauwd";"Macadam Therapy (Vakula Remix)";"2";"2200"
"Dauwd";"Heat Division";"7";"766"
"Mighty Shadow";"Sofrito: Tropical Discotheque";"1";"3489"
"Kiki Hitomi";"Karma No Kusari";"4";"1281"
"U.S. Girls";"Half Free";"8";"664"
"Ratgrave";"Ratgrave";"11";"469"
"Eevee";"beat tape 05";"1";"3490"
"Djrum";"Waters Rising";"1";"3491"
"Fat Freddy's Drop";"Trickle Down";"4";"1282"
"Bastion";"Club Meduse Compiled by Charles Bals";"1";"3492"
"The One 'O' Ones";"Club Meduse Compiled by Charles Bals";"1";"3493"
"The Clean Hands Group";"Club Meduse Compiled by Charles Bals";"1";"3494"
"Metal Voices";"Club Meduse Compiled by Charles Bals";"2";"2201"
"Kathy Kosins";"Alex Attias presents LillyGood Party!";"1";"3495"
"Cotonete";"Alex Attias presents LillyGood Party!";"1";"3496"
"Kip Hanrahan";"Alex Attias presents LillyGood Party!";"1";"3497"
"Freeez";"Alex Attias presents LillyGood Party!";"1";"3498"
"Velvet Hammer";"Alex Attias presents LillyGood Party!";"3";"1597"
"Paul Johnson";"Alex Attias presents LillyGood Party!";"1";"3499"
"Cro-Magnon";"Alex Attias presents LillyGood Party!";"1";"3500"
"Grooveman Spot";"Alex Attias presents LillyGood Party!";"1";"3501"
"Material";"Alex Attias presents LillyGood Party!";"3";"1598"
"Shabaka Hutchings";"We Out Here";"1";"3502"
"Kokoroko";"We Out Here";"5";"1065"
"Nubya Garcia";"We Out Here";"1";"3503"
"Triforce";"We Out Here";"1";"3504"
"Asa Moto";"Asa Moto";"2";"2202"
"Devon Russell";"Crown Ruler Sound (Compiled by Jeremy Spellacey)";"5";"1066"
"Donnacha Costello";"Before We Say Goodbye";"1";"3505"
"Nahawa Doumbia";"La Grande Cantatrice Malienne Vol 3";"2";"2203"
"Bruno Pernadas";"Those who throw objects at the crocodiles will be asked to retrieve them";"14";"354"
"Auntie Flo";"Cape Town Jam";"4";"1283"
"bottle tree";"Bottle Tree";"4";"1284"
"Dorian Concept";"The Nature of Imitation";"7";"767"
"Owiny Sigoma Band";"Nyiduonge Drums";"3";"1599"
"Ron Trent";"Word, Sound & Power";"1";"3506"
"Lonnie Liston Smith & The Cosmic Echoes";"Expansions";"7";"768"
"Acid Pauli";"Get Lost V mixed by Acid Pauli";"3";"1600"
"Vakula";"Nightfall and Other Stories. (Inc: Vakula, Simoncino, Vincent Floyd, Reggie dokes)";"2";"2204"
"Django Django";"Django Django";"1";"3507"
"Workdub";"Workdub";"13";"389"
"Michal Turtle";"Are You Psychic?";"8";"665"
"Dub Oven";"Skin 'N' Bones";"3";"1601"
"Vincent";"Fast Forward";"5";"1067"
"Leon Lowman";"Liquid Diamonds";"6";"892"
"Helena Hauff";"Qualm";"3";"1602"
"Christopher";"Highlife World Series: Uganda";"2";"2205"
"DJ Koze";"Pick Up (Even Shorter Version)";"2";"2206"
"Nostrum Grocers";"Nostrum Grocers";"14";"355"
"Pedestrian";"NEW AGE";"4";"1285"
"Orquesta De Las Nubes";"The Order Of Change";"8";"666"
"Vakula";"Modulations";"6";"893"
"Elsa Hewitt";"Dum Spiro Spero";"1";"3508"
"Skinny Pelembe";"Not Your Friend, Not Your Enemy";"2";"2207"
"O/Y";"Die Entwicklung der Menschheit";"24";"170"
"Leifur James";"Argonaut";"1";"3509"
"El Búho";"Chinampa";"3";"1603"
"Tony Allen";"Black Voices (Remixes)";"4";"1286"
"Mitski";"Two Slow Dancers";"1";"3510"
"Mitski";"Geyser";"1";"3511"
"Chaino";"Jungle Echoes - The Best Of";"1";"3512"
"Arthur Lyman";"Yellow Bird";"1";"3513"
"Esquivel";"Four Corners of the World";"1";"3514"
"Bailey's Nervous Kats";"The Nervous Kats";"1";"3515"
"Nicky Roberts";"The Sensitive Touch";"1";"3516"
"Rhonda Fleming";"The Very Best Of";"1";"3517"
"Yma Sumac";"Voice Of The Xtabay (World)";"1";"3518"
"Artie Barsamian";"Technicolor Paradise - Rhum Rhapsodies & Other Exotic Delights";"1";"3519"
"Sam O.B.";"Pep Ventura";"1";"3520"
"Tape Loops";"Jalapeno Funk Vol.2";"1";"3521"
"Dee Edwards";"Searching for Soul: Soul, Funk & Jazz Rarities from Michigan 1968-1980";"1";"3522"
"Gloria Jay";"Know What You Want";"1";"3523"
"Linda Jones";"After Hours the Collection: Northern Soul Masters";"1";"3524"
"Timeless Legend";"Synchronized";"6";"894"
"Syreeta";"Set My Love In Motion (Expanded Version)";"1";"3525"
"Roger Damawuzan";"African Scream Contest: Raw & Psychedelic Afro Sounds from Benin & Togo 70s (Analog Africa No. 3)";"1";"3526"
"Ghostpoet";"Shedding Skin";"3";"1604"
"Birthday Boy";"Bless (feat. Keita Juma & Trish)";"1";"3527"
"Death Cab for Cutie";"Gold Rush (Photay Remix)";"1";"3528"
"Dita Von Teese";"Rendez-vous (Kornél Kovács Remix)";"1";"3529"
"Oliver Koletzki";"Noordhoek Remixed";"2";"2208"
"Rodrigo Gallardo";"El Sudaca Contraataca, Vol. III";"1";"3530"
"Sampology";"Mt Glorious";"3";"1605"
"Flamingods";"Kewali (Remixed)";"1";"3531"
"Floyd Lavine";"Kemet Deep Sessions, Vol. 1";"1";"3532"
"Re.You";"Melodies & Harmonies Issue 15";"2";"2209"
"Jess Sah Bi & Peter One";"Our Garden Needs Its Flowers";"23";"181"
"Susumu Yokota";"ACID Mt.FUJI";"12";"429"
"Vincenzo Bellini";"I Capuleti e i Montecchi";"13";"390"
"Teddy Lasry";"E=MC²";"5";"1068"
"Etlan";"Roance";"1";"3533"
"Stray";"Paradise";"1";"3534"
"Claudia";"Jesus Cristo";"3";"1606"
"Kanye West";"The College Dropout";"1";"3535"
"Skinshape";"Skinshape";"8";"667"
"Log(M)";"Lost Transmissions From the Off-World Territories";"1";"3536"
"Jantronix Schulte";"Mogul";"1";"3537"
"Amado Maita";"Amado Maita";"5";"1069"
"Retiree";"Magic Eye";"2";"2210"
"King Cats";"Down In California (Psychemagik & Albion Edits)";"1";"3538"
"D.K.";"Mystery Dub EP";"1";"3539"
"Duval Timothy";"Stuck";"1";"3540"
"Klaus Johann Grobe";"Discogedanken";"1";"3541"
"Glue Trip";"Time Lapses";"4";"1287"
"Mitski";"Be the Cowboy";"13";"391"
"Herbie Hancock";"The New Standard";"15";"323"
"Majid Bekkas";"Soudani Manayou";"3";"1607"
"Young Marco";"Single Tracks";"3";"1608"
"Wolf Müller";"#Tracks";"8";"668"
"Jeremy Hyman";"Couch";"1";"3542"
"Joubert Singers";"Unabombers: Electric Chair Saved My Life";"2";"2211"
"Marumo";"Next Stop Soweto 4: Zulu Rock, Afro-Disco & Mbaqanga 1975-1985";"1";"3543"
"Bosq";"Bosq Y Orquesta De Madera";"2";"2212"
"Joyce";"The Best of Mr Bongo (Mr Bongo presents)";"1";"3544"
"Chain Reaction";"Dance Freak";"1";"3545"
"Brooklyn Express";"Sixty-Nine";"1";"3546"
"Don Armando's Second Avenue Rhumba Band";"Ze 30 - Ze Records Story 1979-2009";"1";"3547"
"Gichy Dan";"Colette Kids";"1";"3548"
"Gino Soccio";"Outline";"2";"2213"
"Alex M.";"Charles Webster - Coast2Coast";"2";"2214"
"Gary's Gang";"Let's Lovedance Tonight - Danny Krivit Re-Edit";"1";"3549"
"Loose Joints";"Larry Levans Classic West End Records Remixes Made Famous At The Legendary Paradise Garage";"1";"3550"
"Kerri Chandler";"Abstract Jazz Vibes Vol. 1";"1";"3551"
"Roger Thornhill";"Tropical Disco Hustle, Vol. 1 And 2";"2";"2215"
"Pure Energy";"Party On";"1";"3552"
"Instra:mental";"Pyramid / Chip";"1";"3553"
"Two Man Sound";"Samba Megamix";"1";"3554"
"G.U.";"Only 4 U: The Sound Of Cajmere & Cajual Records 1992-2012";"1";"3555"
"Susobrino";"[GHR09] MAPAJO";"6";"895"
"Vakula";"A Voyage to Arcturus";"59";"34"
"The Band That Never Met";"Get Lost V mixed by Acid Pauli";"2";"2216"
"DJ Sotofett";"Drippin For A Tripp (Tripp-A-Dubb-Mix";"2";"2217"
"DJ Sotofett & Jesse";"Twotinos";"2";"2218"
"Vakula";"Analog Love [Leleka001]";"6";"896"
"Vakula";"Leleka002";"4";"1288"
"Jeremy Underground";"Beauty: A Journey Through Jeremy Underground's Collection";"3";"1609"
"Aaron Arce";"My Love Is Underground";"1";"3556"
"Bipo";"My Love Is Underground";"1";"3557"
"University Of Love";"My Love Is Underground";"1";"3558"
"DJ Trax";"My Love Is Underground";"2";"2219"
"NatureBoy";"My Love Is Underground";"1";"3559"
"Dose of Paradise";"My Love Is Underground";"1";"3560"
"Project Democracy";"My Love Is Underground";"1";"3561"
"Level 3";"My Love Is Underground";"1";"3562"
"Manhattan Project";"My Love Is Underground";"2";"2220"
"Various artists (9)";"My Love Is Underground (12 Other House Tracks)";"11";"470"
"Bugge Wesseltoft";"Bugge Wesseltoft & Prins Thomas";"8";"669"
"Captain Planet";"Mystery Trip Vol. 2";"26";"148"
"Bonga";"Angola 72/74";"5";"1070"
"Floyd Lavine";"Slow";"1";"3563"
"Emanative";"Over (feat. Emanative)";"2";"2221"
"Pele";"Get Lost V mixed by Acid Pauli";"6";"897"
"Yak";"Mido / Darunia";"3";"1610"
"Al Doum & The Faryds";"Spirit Rejoin";"1";"3564"
"Kaitlyn Aurelia Smith";"The Kid";"21";"206"
"Liv.e";"Hoopdreams";"9";"588"
"Dwig";"Big Tales";"2";"2222"
"Alef";"Sol y Luna";"1";"3565"
"Recondite";"On Acid";"1";"3566"
"Romperayo";"El Busetero Buscapleitos";"2";"2223"
"Chaos in the CBD";"Multiverse";"5";"1071"
"Tomat Petrella";"Trappist 1 E";"2";"2224"
"4TLR";"Live at Funkhaus Berlin, 10th May 2018";"4";"1289"
"Haraket";"Taint & Attgo";"1";"3567"
"NATUREBOY FLAKO";"Theme For A Dream";"1";"3568"
"Reinen";"Masquerade";"11";"471"
"deem spencer";"Baybay";"1";"3569"
"AbJo";"Chroma";"2";"2225"
"Swarvy";"Anti-Anxiety";"1";"3570"
"Priests";"Suck (Extended Mix & Remixes)";"5";"1072"
"Loona Dae";"Summertime (U Remind Me)";"2";"2226"
"Captain Planet";"Mystery Trip Vol. 1";"10";"530"
"Frazelle";"Watchin Out";"1";"3571"
"Vakula";"A";"15";"324"
"△▃△▓";"؞ৢ؞ؖ؞ৢ؞ؖ؞ৢ؞ؖ؞ৢ؞ؖ؞ৢ؞ؖ؞ৢ؞ؖ؞ৢ؞ؖ؞ৢ؞ؖ؞ৢ؞ؖ؞ৢ؞ؖ؞ৢ؞ؖ؞ৢ؞ؖ؞ৢ؞ؖ";"3";"1611"
"Yazmin Lacey";"Something My Heart Trusts";"4";"1290"
"James Blake";"The Colour in Anything";"48";"55"
"Alex Johnson";"Operation Oasis";"12";"430"
"Ashra";"New Age of Earth";"16";"301"
"Iasos";"Celestial Soul Portrait";"53";"43"
"Yas-Kaz";"Joumonshou";"6";"898"
"J.D. Emmanuel";"Wizards";"4";"1291"
"Don Slepian";"Rhythm of Life";"14";"356"
"Hot Slot Machine";"Presents: Dance Forever";"10";"531"
"Adam Port";"Do You Still Think of Me?";"12";"431"
"Birds and insects of the Berok River";"Dream Songs and Healing Sounds in the Rainforests of Malaysia";"1";"3572"
"Rahsaan Roland Kirk";"Volunteered Slavery";"2";"2227"
"Archie Shepp";"Attica Blues";"1";"3573"
"Binker and Moses";"The River's Tale";"1";"3574"
"Kenny Cox";"Clap Clap! The Joyful Noise";"2";"2228"
"Yusef Lateef";"Psychicemotus";"3";"1612"
"Laurent Garnier";"KL 2036 EP";"6";"899"
"WVR BVBY";"WVR BVBY";"5";"1073"
"Antonin";"Ça fait 2x plus de bien";"2";"2229"
"Landhouse";"Den Grønne Katten EP";"1";"3575"
"Chancha Via Circuito";"Amansara Remixed";"8";"670"
"dictaphone";"poems from a rooftop";"7";"769"
"Various artists (4)";"Hunchin' All Night";"11";"472"
"Dreems";"Mirages";"1";"3576"
"Sanza";"In Search Of The 1";"2";"2230"
"The Expansions";"Breakthrough";"1";"3577"
"FaltyDL";"Inside Out (Mixed Tracks)";"6";"900"
"Komon";"Inside Out (Mixed Tracks)";"7";"770"
"Tee Mango";"Inside Out (Mixed Tracks)";"3";"1613"
"Deadboy";"Inside Out (Mixed Tracks)";"3";"1614"
"Lone";"Inside Out (Mixed Tracks)";"3";"1615"
"Marquis Hawkes";"Inside Out (Mixed Tracks)";"3";"1616"
"Nathan Micay";"Inside Out (Mixed Tracks)";"3";"1617"
"Sei A";"Inside Out (Mixed Tracks)";"5";"1074"
"Appleblim";"Inside Out (Mixed Tracks)";"2";"2231"
"Move D";"Inside Out (Mixed Tracks)";"2";"2232"
"Juxta Position";"Inside Out (Mixed Tracks)";"2";"2233"
"Gerd";"Inside Out (Mixed Tracks)";"2";"2234"
"Primitive Trust";"Inside Out (Mixed Tracks)";"2";"2235"
"Dauwd";"Inside Out (Mixed Tracks)";"2";"2236"
"Pearson Sound";"Inside Out (Mixed Tracks)";"2";"2237"
"Youandewan";"Inside Out (Mixed Tracks)";"2";"2238"
"Mr Beatnick";"Inside Out (Mixed Tracks)";"2";"2239"
"Ben Lukas Boysen";"Balance 030 (Mixed Version)";"1";"3578"
"Bing & Ruth";"Balance 030 (Mixed Version)";"1";"3579"
"Nils Frahm";"Balance 030 (Mixed Version)";"2";"2240"
"Bxentric";"Balance 030 (Mixed Version)";"1";"3580"
"Geotic";"Balance 030 (Mixed Version)";"1";"3581"
"Agrippa";"Balance 030 (Mixed Version)";"1";"3582"
"Portable Sunsets";"Balance 030 (Mixed Version)";"1";"3583"
"Deapmash";"Balance 030 (Mixed Version)";"1";"3584"
"Burnski";"Balance 030 (Mixed Version)";"1";"3585"
"Tenebre";"Balance 030 (Mixed Version)";"1";"3586"
"Lusine";"Balance 030 (Mixed Version)";"1";"3587"
"Donato Dozzy";"Balance 030 (Mixed Version)";"1";"3588"
"Batu";"Balance 030 (Mixed Version)";"1";"3589"
"Locussolus";"The Sound of Mercury Rising Compiled with Love by DJ Harvey";"4";"1292"
"Idjut Boys";"The Sound of Mercury Rising Compiled with Love by DJ Harvey";"5";"1075"
"Rheinzand";"The Sound of Mercury Rising Compiled with Love by DJ Harvey";"5";"1076"
"The Project Club";"The Sound of Mercury Rising Compiled with Love by DJ Harvey";"4";"1293"
"DJ Pippi";"The Sound of Mercury Rising Compiled with Love by DJ Harvey";"3";"1618"
"No ID";"The Sound of Mercury Rising Compiled with Love by DJ Harvey";"3";"1619"
"Gatto Fritto";"The Sound of Mercury Rising Compiled with Love by DJ Harvey";"3";"1620"
"Eric Duncan";"The Sound of Mercury Rising Compiled with Love by DJ Harvey";"3";"1621"
"Walton";"Praying Mantis / Koto Riddim";"2";"2241"
"Kalbata";"Enkuan";"3";"1622"
"Michael Kiwanuka";"Love & Hate (Leon Vynehall Love Rework)";"2";"2242"
"Tenderlonious";"On Flute";"1";"3590"
"Mammal Hands";"Shadow Work";"2";"2243"
"Freddie Gibbs";"Fuckin' Up the Count - Single";"1";"3591"
"Bing & Ruth";"Starwood Choker";"2";"2244"
"Kirk Knight";"Late Knight Special";"1";"3592"
"Scanner";"Fibolae";"1";"3593"
"MBONGWANA STAR";"From Kinshasa";"1";"3594"
"Leon Vynehall";"Gerd Janson presents Musik for Autobahns 2";"1";"3595"
"Jim-E Stack";"Forgotten";"1";"3596"
"Gold Panda";"Your Good Times Are Just Beginning";"1";"3597"
"Fatima Yamaha";"Imaginary Lines";"11";"473"
"Axel Boman";"DJ Koze Presents Pampa, Vol. 1";"1";"3598"
"Hundred Waters";"Currency EP";"1";"3599"
"IAMNOBODI";"Imani - EP";"1";"3600"
"Westerman";"Edison (Ross From Friends Remix)";"1";"3601"
"Archy Marshall";"A New Place 2 Drown";"1";"3602"
"Jullian Gomes";"Late Dreamer";"1";"3603"
"Mark Pritchard";"Under The Sun";"1";"3604"
"Gold Panda";"Time Eater";"1";"3605"
"Pional";"The Way That You Like";"1";"3606"
"30/70";"Elevate";"5";"1077"
"Mount Kimbie";"Marilyn (Palms Trax Remix)";"1";"3607"
"Nathan Fake";"Degreelessness / Now We Know";"1";"3608"
"Dark Sky";"Othona";"1";"3609"
"Anthony Naples";"OTT / ZTL";"1";"3610"
"Instupendo";"Comfort Chain";"1";"3611"
"Lord Echo";"Harmonies";"2";"2245"
"Kadhja Bonet";"Remember the Rain";"1";"3612"
"Floating Points";"Silurian Blue";"1";"3613"
"Sam Gellaitry";"The Gateway";"1";"3614"
"Lars Bartkuhn";"Massai";"1";"3615"
"Graeme Miller";"The Moomins";"1";"3616"
"Tala Vala";"Tala Vala";"1";"3617"
"Otto Totland";"The Lost";"4";"1294"
"K-Lone";"On Line, Vol 1";"1";"3618"
"Weedy of 40 Winks";"Retrospect Suite";"2";"2246"
"Totally Enormous Extinct Dinosaurs";"Don't You Forget About Me";"1";"3619"
"Agnes Obel";"Stretch Your Eyes (Quiet Village Remix)";"1";"3620"
"Bonobo";"Star Wars Headspace";"1";"3621"
"PolyNation";"Allogamy";"1";"3622"
"Forest Swords";"Compassion";"22";"191"
"Otzeki";"Angry Fix (Skinny Pelembe Remix)";"3";"1623"
"Leifur James";"Mumma Don't Tell";"2";"2247"
"Vakula";"Dekmantel 10 Years 01";"1";"3623"
"Young Marco";"Dekmantel 10 Years 06";"1";"3624"
"Levon Vincent";"Dekmantel 10 Years 03";"1";"3625"
"Talismann";"Dekmantel 10 Years 08";"1";"3626"
"Barda";"Albura Remixed";"6";"901"
"Neneh Cherry";"Shot Gun Shack";"7";"771"
"Neneh Cherry";"Kong";"2";"2248"
"Islandman";"Rest In Space";"118";"6"
"Third Wave";"Maiden Voyage";"1";"3627"
"L'Rain";"L'Rain";"27";"139"
"Marijus Aleksa";"MAPS";"51";"50"
"Kingsley Ibeneche";"CHi";"7";"772"
"Kingsley Ibeneche";"Encompass That/Kknees";"3";"1624"
"ONIPA";"Open My Eyes";"22";"192"
"Barker";"Debiasing EP";"2";"2249"
"Anna Calvi";"Hunter";"73";"19"
"Milo";"stet";"4";"1295"
"Dusty Baron";"Sommertraum, Vol. 1";"1";"3628"
"Y-Bayani";"Asembi Ara Amba (Henrik Schwarz Version)";"1";"3629"
"Youandewan";"There Is No Right Time";"2";"2250"
"Maribou State";"Kingdoms In Colour";"101";"8"
"Amber Mark";"Put You On";"1";"3630"
"Daniel Avery";"Glitter (Jon Hopkins Remix)";"1";"3631"
"Onyx Collective";"Space-Wars (feat. Sporting Life)";"1";"3632"
"Great Time";"Great Album";"23";"182"
"Romare";"Love Songs: Part Two";"9";"589"
"Flora";"A Sword of Holly";"11";"474"
"Saib";"Sailing";"3";"1625"
"Geju";"Water Elements";"2";"2251"
"Bufiman";"Verein freier Menschen & Musik - Manifest#001";"2";"2252"
"Bufiman";"Verein freier Menschen & Musik - Manifest#003";"3";"1626"
"Per Tjernberg";"They Call Me";"21";"207"
"Melt Yourself Down";"Melt Yourself Down";"1";"3633"
"Jaubi";"Lahore State Of Mind";"6";"902"
"Hunee";"Hunch Music";"6";"903"
"Basecamp";"Watch My Back (Remixes)";"1";"3634"
"Makaya McCraven";"Where We Come From (Chicago x London Mixtape)";"1";"3635"
"Laurence Guy";"Saw You for the First Time";"1";"3636"
"Jex Opolis";"Ravines";"1";"3637"
"Robohands";"Green";"7";"773"
"Jonny Faith";"La Lune";"1";"3638"
"Jamie Isaac";"(04:30) Idler";"23";"183"
"Duke Hugh";"Canvas";"65";"28"
"Billy Woods";"History Will Absolve Me";"15";"325"
"Mark Barrott";"Cascades (François K Mix)";"5";"1078"
"Fantaz";"Climax";"3";"1627"
"felicita";"hej!";"12";"432"
"Forma";"Semblance";"1";"3639"
"Onyx Collective";"Fruit Stand";"1";"3640"
"Corina Lawrence";"La Descarriá";"7";"774"
"Lawrence Hart";"Wanderlust";"5";"1079"
"Auntie Flo";"Nobody Said It Would Be Easy";"6";"904"
"4TLR";"Live in Tokyo, 1st December 2013";"9";"590"
"Shigeto";"Fight Club";"1";"3641"
"O'Flynn";"Tru Dancing";"2";"2253"
"James Blake";"Don’t Miss It";"1";"3642"
"James Blake";"Vincent";"6";"905"
"James Blake";"Timeless";"4";"1296"
"Moses Sumney";"Black in Deep Red, 2014";"5";"1080"
"Sam Gendel";"4444";"1";"3643"
"Willow";"The 1st";"1";"3644"
"Duke Hugh";"Approaching Lights EP";"25";"161"
"Vakula";"B";"18";"263"
"Mrs Jones";"Valtenin Stip Singles";"1";"3645"
"Valentin Stip";"Valtenin Stip Singles";"1";"3646"
"Kleintierschaukel";"Blue Elephant";"1";"3647"
"Carlomarco";"Mbira Flow";"3";"1628"
"Klaus Johann Grobe";"Im Sinne der Zeit";"2";"2254"
"Neneh Cherry";"Blank Project";"11";"475"
"Hank Jackson";"Untitled";"2";"2255"
"David Mayer";"Defected Presents Melé In The House (Mixed)";"1";"3648"
"Louie Vega";"Defected Presents Melé In The House (Mixed)";"1";"3649"
"Blaze";"Defected Presents Melé In The House (Mixed)";"1";"3650"
"Julien Jabre";"Defected Presents Melé In The House (Mixed)";"1";"3651"
"Ian Pooley";"Defected Presents Melé In The House (Mixed)";"1";"3652"
"Quim Manuel O Espirito Santo";"Defected Presents Melé In The House (Mixed)";"1";"3653"
"Luciano";"Defected Presents Melé In The House (Mixed)";"1";"3654"
"Peven Everett";"Defected Presents Melé In The House (Mixed)";"1";"3655"
"Jimpster";"Defected Presents Melé In The House (Mixed)";"1";"3656"
"Joe Corti";"Defected Presents Melé In The House (Mixed)";"1";"3657"
"Thatmanmonkz";"Defected Presents Melé In The House (Mixed)";"1";"3658"
"Robert Owens";"Defected Presents Melé In The House (Mixed)";"1";"3659"
"Joeski";"Defected Presents Melé In The House (Mixed)";"1";"3660"
"G Club";"Defected Presents Melé In The House (Mixed)";"1";"3661"
"DJ Gregory";"Defected Presents Melé In The House (Mixed)";"1";"3662"
"The Stone Roses";"Defected Presents Melé In The House (Mixed)";"1";"3663"
"Jacob Gurevitsch";"Music for Dreams Best of, Vol. 7 (Compiled by Chris Coco)";"1";"3664"
"The Swan & The Lake";"Music for Dreams Best of, Vol. 7 (Compiled by Chris Coco)";"3";"1629"
"RUF DUG";"Music for Dreams Best of, Vol. 7 (Compiled by Chris Coco)";"1";"3665"
"felicita";"A New Family";"1";"3666"
"Islandman";"Music for Dreams Best of, Vol. 7 (Compiled by Chris Coco)";"3";"1630"
"Al Massrieen";"Modern Music (Habibi Funk 006)";"2";"2256"
"Saul Williams";"Black Whole Styles";"2";"2257"
"Yazmin Lacey";"When The Sun Dips 90 Degrees";"7";"775"
"Chilly Gonzales";"SOLO PIANO III";"1";"3667"
"Bonobo";"The North Borders";"3";"1631"
"Native Cruise";"Calypso Spring Ep";"9";"591"
"Nico Stojan";"Bar 25 - Tage Ausserhalb Der Zeit EP";"1";"3668"
"Landhouse";"Robots In Lilac Spaceships";"1";"3669"
"The Comet Is Coming";"Death To The Planet";"1";"3670"
"EARTH BOYS";"Destination Heaven";"8";"671"
"Don Slepian";"Sea of Bliss";"13";"392"
"Harold Budd";"Lovely Thunder";"9";"592"
"Frank Perry";"Soul Alone: The Art of the Solo";"4";"1297"
"environments";"Environments 1";"13";"393"
"David Casper";"Night Crossing";"17";"278"
"Joanna Brouk";"Hearing Music";"12";"433"
"Laraaji";"All of a Sudden";"1";"3671"
"David Casper";"Crystal Waves";"4";"1298"
"Hidden Spheres";"Wonders of the Rainforest";"16";"302"
"Soundspecies & Ache Meyi";"Soundspecies & Ache Meyi (Remix EP)";"4";"1299"
"Sons of Kemet";"White On Black Vol 1";"1";"3672"
"Vula Viel";"Yes Yaa Yaa";"1";"3673"
"Owiny Sigoma Band";"Harpoon Land";"2";"2258"
"Owiny Sigoma Band";"Tafsiri Sound";"1";"3674"
"Hector Plimmer";"Sunshine Remixed";"1";"3675"
"Crewdson";"Gravity Remixes EP";"1";"3676"
"Zun Zun Egui";"African Tree Remixes";"2";"2259"
"Sebastian Rochford";"Days and Nights At the Takeaway 4: April";"1";"3677"
"Little Simz";"Offence";"2";"2260"
"Milo";"Budding ornithologists are weary of tired analogies";"7";"776"
"Dengue Dengue Dengue";"Semillero";"9";"593"
"Ayani Huni Kuin";"Semillero";"2";"2261"
"Retiree";"House or Home";"42";"77"
"Szun Waves";"New Hymn to Freedom";"2";"2262"
"Rejoicer";"Energy Dreams";"2";"2263"
"Werkha";"For All Hands";"15";"326"
"Werkha";"We Communicate";"6";"906"
"Werkha";"Colours Of A Red Brick Raft";"35";"102"
"Werkha";"Brownswood Bubblers Ten (Gilles Peterson Presents)";"1";"3678"
"Werkha";"Beacons";"1";"3679"
"Quantic";"La Plata";"1";"3680"
"GATS";"VAUS 2";"4";"1300"
"Islandman";"VAUS 2";"1";"3681"
"Alban Endlos";"VAUS 2";"2";"2264"
"tomanka";"VAUS 2";"1";"3682"
"Santi D";"VAUS 2";"1";"3683"
"Christian Scott aTunde Adjuah";"Diaspora";"1";"3684"
"Rob Araujo";"Loading...";"1";"3685"
"Free the Robots";"Nasi Goreng / Maranao";"2";"2265"
"Hidden Spheres";"By & Bye";"1";"3686"
"Normanton Street";"The Phoebe Freya EP";"1";"3687"
"MIND GAMERS";"Power of Power";"2";"2266"
"Tim Maia";"World Psychedelic Classics 4: Nobody Can Live Forever: The Existential Soul of Tim Maia";"1";"3688"
"Karavan";"Karavan";"25";"162"
"Connan Mockasin";"Please Turn Me Into The Snat";"1";"3689"
"Augustus Pablo";"Born To Dub You";"1";"3690"
"Zazou Bikaye";"Noir Et Blanc";"2";"2267"
"Big Youth";"Creation Rockers, Vols. 1 and 2";"1";"3691"
"Malombo";"Next Stop Soweto presents Spirit of Malombo: Malombo, Jabula, Jazz Afrika 1966-1984";"1";"3692"
"Skinny Pelembe";"Sleep More, Make More Friends";"8";"672"
"Native Cruise";"Sunsets & Deeper Moods";"12";"434"
"avroarrow";"10th Anniversary Compilation: Never Stop Digging";"2";"2268"
"Man Tear";"Studio Barnhus Volym 1";"4";"1301"
"Lukas Nystrand Von Unge";"Studio Barnhus Volym 1";"5";"1081"
"Off The Meds";"Studio Barnhus Volym 1";"3";"1632"
"Baba Stiltz";"Studio Barnhus Volym 1";"3";"1633"
"Adrian Lux";"Studio Barnhus Volym 1";"3";"1634"
"Bella Boo";"Studio Barnhus Volym 1";"7";"777"
"Kornél Kovács";"Studio Barnhus Volym 1";"3";"1635"
"DJ Koze";"Studio Barnhus Volym 1";"2";"2269"
"Sofia Kourtesis";"Studio Barnhus Volym 1";"2";"2270"
"Clap! Clap!";"A Thousand Skies";"1";"3693"
"Al Zanders";"Get It Together";"5";"1082"
"Madison McFerrin";"Finding Foundations, Vol. 1";"1";"3694"
"Panthera Krause";"All My Circuits Part I";"11";"476"
"RUF DUG";"Island";"2";"2271"
"Chancha Via Circuito";"Wonderwheel Recordings Presents: Inside The Dance, Vol. 2";"1";"3695"
"Nhú de Ped'Bia";"Synthesize the Soul: Astro-Atlantic Hypnotica from the Cape Verde Islands 1973 - 1988";"2";"2272"
"Pedrinho";"Synthesize the Soul: Astro-Atlantic Hypnotica from the Cape Verde Islands 1973 - 1988";"1";"3696"
"Tulipa Negra";"Synthesize the Soul: Astro-Atlantic Hypnotica from the Cape Verde Islands 1973 - 1988";"1";"3697"
"Manuel Gomes";"Synthesize the Soul: Astro-Atlantic Hypnotica from the Cape Verde Islands 1973 - 1988";"1";"3698"
"Val Xalino";"Synthesize the Soul: Astro-Atlantic Hypnotica from the Cape Verde Islands 1973 - 1988";"1";"3699"
"Magnus JJ";"Habitat EP";"9";"594"
"Te'Amir";"Abyssinia";"15";"327"
"U.S. Girls";"Rosebud (Domenico Torti's 1985 Remix)";"1";"3700"
"Garrett";"Private Life";"2";"2273"
"Various artists (2)";"Find Us When U Get There";"44";"69"
"A Macaca";"Single Tracks";"2";"2274"
"Manfredas";"Cult Edits 001";"1";"3701"
"Siaubas";"Cult Edits 001";"1";"3702"
"Simple Symmetry";"Cult Edits 001";"1";"3703"
"A Macaca & Gama";"A Macaca & Gama - J'écris EP";"8";"673"
"Mytron & Ofofo";"LYO004 - Mytron & Ofofo - Topography";"5";"1083"
"Forest Swords";"Engravings";"1";"3704"
"O/Y";"Synchronized";"3";"1636"
"SPIRAL DELUXE";"Voodoo Magic";"17";"279"
"Little People";"Csay Csay";"1";"3705"
"DJ Seinfeld";"Time Spent Away From U";"1";"3706"
"Scott Gilmore";"Subtle Vertigo";"2";"2275"
"FaltyDL";"Heaven is for Quitters";"1";"3707"
"Hanni El Khatib";"Moonlight";"2";"2276"
"Max Cooper";"Emergence Remixed";"1";"3708"
"De Frank Professionals";"Afro-Beat Airways: Ghana & Togo 1974-1978 (Analog Africa No. 14)";"1";"3709"
"Kelsey Lu";"Church";"1";"3710"
"Jessy Lanza";"It Means I Love You";"1";"3711"
"AMyn";"Best Heard In Shadows";"1";"3712"
"DJ ClicK";"Labesse Club";"1";"3713"
"Steve Spacek";"space Shift";"1";"3714"
"VESCE";"Self Edit EP";"1";"3715"
"Gil Scott-Heron";"Small Talk at 125th and Lenox";"1";"3716"
"Git";"Imagination";"2";"2277"
"l'éclair";"Polymood";"1";"3717"
"Isabelle Mayereau";"Parcours";"1";"3718"
"Doug Hream Blunt";"My Name Is Doug Hream Blunt: Featuring the Hit ""Gentle Persuasion""";"1";"3719"
"Pharoah Sanders";"Village Of The Pharoahs / Wisdom Through Music";"1";"3720"
"Wally Badarou";"Countryman (Remastered)";"1";"3721"
"Lee ""Scratch"" Perry";"Countryman (Remastered)";"1";"3722"
"Ayalew Mesfin";"Hasabe (My Worries)";"1";"3723"
"Yamasuki";"Le Monde Fabuleux Des Yamasuki";"2";"2278"
"Romare";"Projections";"1";"3724"
"Bacao Rhythm & Steel Band";"Xxplosive";"1";"3725"
"Percussions";"African Paints";"1";"3726"
"Sandy B";"Amajovi Jovi";"5";"1084"
"Tabala";"Tabala Mouv";"1";"3727"
"Azymuth";"Azimüth";"1";"3728"
"Tartit";"Abacabok";"1";"3729"
"Bally Sagoo";"Essential Ragga";"1";"3730"
"Cutty Ranks";"Reggae Anthology: Cutty Ranks - Limb By Limb";"1";"3731"
"The Heptones";"Fattie Fattie";"1";"3732"
"Vybz Kartel";"Reggae Gold 2010";"1";"3733"
"Tommy McCook";"Cloak & Dagger / Sharpe Razor / Dub Organiser";"1";"3734"
"Black Uhuru";"The Dub Factor";"1";"3735"
"Ata Kak";"Obaa Sima";"1";"3736"
"Dur-Dur Band";"Volume 5";"3";"1637"
"Ramuntcho Matta";"Ecoute...";"1";"3737"
"Basa Basa";"Homowo";"1";"3738"
"Amanaz";"Africa";"2";"2279"
"Asnaké Gèbrèyès";"Ahadu";"1";"3739"
"Dave Liebman";"The Unknowable";"1";"3740"
"Momo Wandel Soumah";"Matchowé (Guinea)";"1";"3741"
"Capital Letters";"Headline News";"1";"3742"
"Matoub Lounès";"Matoub Lounes, Ay Izem duo avec Idir";"1";"3743"
"Johnny Wakelin";"Back To The 70's";"1";"3744"
"? and the Mysterians";"Cameo Parkway - The Best Of ? And The Mysterians (Original Hit Recordings)";"1";"3745"
"Derya Yildirim";"Üç Kiz Bir Ana";"1";"3746"
"Louiz Banks";"Spiritual Jazz 5: The World";"2";"2280"
"Material";"Da Funk!";"1";"3747"
"Chaka Demus & Pliers";"Autumn About Reggae";"1";"3748"
"Antonio Sanches";"Duli Povo! (Série Sodad - Vol. 9)";"1";"3749"
"Adjágas";"Adjagas";"1";"3750"
"Tommy Mandel";"..id...";"1";"3751"
"Talking Heads";"Remain In Light (Deluxe Version)";"1";"3752"
"Lou Blic";"Uneven Paths: Deviant Pop From Europe (1980-1991)";"1";"3753"
"T.P. Orchestre Poly-Rythmo";"Echos hypnotiques, from the Vaults of Albarika Store, Vol. 2: 1969-1979 (Analog Africa No. 6)";"1";"3754"
"Roberto Fonseca";"Yo";"1";"3755"
"Auntie Flo";"Highlife World Series: Cuba";"1";"3756"
"NATUREBOY FLAKO";"Kutmah presents: Sketchbook Radio Archives, Vol. 1";"1";"3757"
"Mystica Tribe";"Love Is All Right";"1";"3758"
"Alfio Antico";"Antico";"1";"3759"
"Toto Chiavetta";"Impermanence";"2";"2281"
"Pete Beardsworth";"To the Place";"1";"3760"
"Yazmin Lacey";"90 Degrees";"1";"3761"
"Nu Guinea";"Nuova Napoli";"4";"1302"
"Ground";"Sunizm";"1";"3762"
"DWART";"Taipei Disco";"2";"2282"
"Emo Kid";"Gqomtera Ep";"2";"2283"
"Pitto";"Late Night Studio Moves EP";"1";"3763"
"Various artists (2)";"boyboy";"5";"1085"
"Kaleido";"Jungle Express";"29";"127"
"YASUO SUGIBAYASHI";"The Mask Of The Imperial Family";"2";"2284"
"Internal N.Y. Rhythms";"Genesis Vol. I";"1";"3764"
"moonilena";"Studio Barnhus Volym 1";"1";"3765"
"Paradise Alley";"Studio Barnhus Volym 1";"1";"3766"
"Pedrodollar";"Studio Barnhus Volym 1";"1";"3767"
"Axel Boman";"Studio Barnhus Volym 1";"1";"3768"
"Superpitcher";"Studio Barnhus Volym 1";"1";"3769"
"Whispers Beirut";"Studio Barnhus Volym 1";"1";"3770"
"John Talabot";"Studio Barnhus Volym 1";"1";"3771"
"Torolf Stendik";"Studio Barnhus Volym 1";"1";"3772"
"Thomas & Jonas";"Studio Barnhus Volym 1";"1";"3773"
"Bella Boo";"Fire";"17";"280"
"Qaadir Howard";"Studio Barnhus Volym 1";"5";"1086"
"Lucius";"Day Of The Dead";"1";"3774"
"The Flaming Lips";"Day Of The Dead";"1";"3775"
"Rapossa";"Rising Sun / Chapter 1";"1";"3776"
"Ranno Vollman";"Rising Sun / Chapter 1";"1";"3777"
"Jackson Lewis";"Rising Sun / Chapter 1";"1";"3778"
"Christos Fourkis";"Rising Sun / Chapter 1";"1";"3779"
"Lemurian";"Rising Sun / Chapter 1";"1";"3780"
"Omerar Nanda";"Rising Sun / Chapter 1";"1";"3781"
"Yohoros";"Rising Sun / Chapter 1";"1";"3782"
"Tenderlonious";"Soul Jazz Records Presents Sounds of the Universe: Art + Sound 2012-15 Vol.1";"2";"2285"
"Tevo Howard";"Soul Jazz Records Presents Sounds of the Universe: Art + Sound 2012-15 Vol.1";"3";"1638"
"Reginald Omas Mamode IV";"Soul Jazz Records Presents Sounds of the Universe: Art + Sound 2012-15 Vol.1";"1";"3783"
"Seven Davis Jr.";"Soul Jazz Records Presents Sounds of the Universe: Art + Sound 2012-15 Vol.1";"1";"3784"
"Aybee";"Soul Jazz Records Presents Sounds of the Universe: Art + Sound 2012-15 Vol.1";"2";"2286"
"Hieroglyphic Being";"Soul Jazz Records Presents Sounds of the Universe: Art + Sound 2012-15 Vol.1";"3";"1639"
"Kassem Mosse";"Soul Jazz Records Presents Sounds of the Universe: Art + Sound 2012-15 Vol.1";"2";"2287"
"Frangie";"The Remixes";"3";"1640"
"K&F";"Persie Edits 2";"2";"2288"
"Retiree";"This Place";"1";"3785"
"Lana Del Rey";"Venice Bitch";"6";"907"
"Chicano Batman";"Freedom Is Free";"5";"1087"
"Laurent Garnier";"la HOME box";"9";"595"
"Brzzvll";"Waiho";"3";"1641"
"Noname";"Room 25";"11";"477"
"Akua Naru";"The Blackest Joy";"1";"3786"
"soundspecies";"Soundspecies & Ache Meyi (Remix EP)";"8";"674"
"Panthera Krause";"Cloud Cake";"5";"1088"
"Shinichi Atobe";"From the Heart, It's a Start, a Work of Art";"1";"3787"
"DJ Call Me";"Marry Me EP";"1";"3788"
"Errorsmith";"Superlative Fatigue";"1";"3789"
"Grupo Controle Digital";"A Festa É Nossa";"2";"2289"
"Bullion";"Blue Pedro";"1";"3790"
"Costa & Chyps";"Crown Ruler Sound (Compiled by Jeremy Spellacey)";"2";"2290"
"ɹǝqüɟdoʞkopfüber";"ʞEP I (ɹǝqüɟdoʞ)";"2";"2291"
"Landikhan";"Moments / Chapter 4";"1";"3791"
"Roberto Rodriguez";"The Sound of Mercury Rising Compiled with Love by DJ Harvey";"3";"1642"
"Street Corner Symphony";"The Sound of Mercury Rising Compiled with Love by DJ Harvey";"2";"2292"
"Scott Xylo";"Analogue Eyes, With Digital Minds";"3";"1643"
"Bernardo";"Bernardo: Live at Sarah's";"1";"3792"
"The Expansions";"Murmuration";"17";"281"
"Red Axes";"Trips #1: In Africa EP";"1";"3793"
"Collocutor";"Versus II";"2";"2293"
"Doc Severinsen";"DJ Harvey Edits";"2";"2294"
"RUNE LINDBÆK";"The Sound of Mercury Rising Compiled with Love by DJ Harvey";"1";"3794"
"BLUE CAMERA";"The Sound of Mercury Rising Compiled with Love by DJ Harvey";"1";"3795"
"Ron Rinaldi";"Beauty: A Journey Through Jeremy Underground's Collection";"2";"2295"
"Nucleus";"Beauty: A Journey Through Jeremy Underground's Collection";"2";"2296"
"Al Wilson";"Beauty: A Journey Through Jeremy Underground's Collection";"2";"2297"
"Maureen Bailey";"Beauty: A Journey Through Jeremy Underground's Collection";"2";"2298"
"Fein";"Beauty: A Journey Through Jeremy Underground's Collection";"2";"2299"
"June Evans";"Beauty: A Journey Through Jeremy Underground's Collection";"2";"2300"
"Starcrost";"Beauty: A Journey Through Jeremy Underground's Collection";"1";"3796"
"Aldous Harding";"Party";"18";"264"
"Tony Allen & Jeff Mills";"Tomorrow Comes The Harvest";"10";"532"
"Skinshape";"After Midnight";"2";"2301"
"DJ Koze";"Almost Weekend 26";"1";"3797"
"Quixosis";"El Estanquillo";"2";"2302"
"Louis VI";"Free Your Mind (Live from Metropolis Studios)";"1";"3798"
"Skinny Pelembe";"Future Bubblers 2.0";"1";"3799"
"Just Emma";"Scars In The Sky";"1";"3800"
"Foreign Guest";"Morva";"1";"3801"
"Ameli Paul";"6 Years of Underyourskin Records";"1";"3802"
"Bedouin";"Sight";"1";"3803"
"Leifur James";"A Louder Silence";"41";"81"
"Moses Boyd";"Displaced Diaspora";"6";"908"
"Motor City Drum Ensemble";"Raw Cuts (Remixes)";"1";"3804"
"Y. Gershovsky";"Disco Baby";"2";"2303"
"The Lyman Woodard Organization";"Don't Stop the Groove";"1";"3805"
"Ron Trent";"Primitive Arts";"1";"3806"
"Stevie Wonder";"Innervisions (Reissue)";"1";"3807"
"Groove Committee";"I Want You to Know - The Remixes, Pt. 1";"3";"1644"
"Agua Re";"Welcome to Paradise (Italian Dream House 89-93) Vol. 1 & 2";"1";"3808"
"Terrence Parker";"TP Traxx, 1st Edition";"1";"3809"
"B.T. Express";"Non-Stop";"1";"3810"
"Robson Jorge & Lincoln Olivetti";"Robson Jorge E Lincoln Olivetti";"1";"3811"
"Ron Trent";"Pop Dip and Spin";"1";"3812"
"Teddy Pendergrass";"Get Down with The Philly Sound";"1";"3813"
"Alfa Mist";"7th October: Epilogue";"7";"778"
"Agrupacion Ilegal Los Imparciales";"Norwegian Wood";"7";"779"
"Agrupacion Ilegal Los Imparciales";"Media Hora de Cumbia";"1";"3814"
"Jonny Drop";"The Only Sound";"53";"44"
"Your Planet Is Next";"YPIN EP";"4";"1303"
"Julien Dyne";"Hours";"2";"2304"
"Julien Dyne";"Copernicus";"3";"1645"
"Julien Dyne";"December";"14";"357"
"Christian Löffler";"Licht";"1";"3815"
"Aera";"Heavy Rotations Vol. 1";"4";"1304"
"Jonny Nash";"Passive Aggressive";"1";"3816"
"Leon Vynehall";"Rojus (Designed To Dance)";"2";"2305"
"Appleblim";"Displaced Soundtracks";"1";"3817"
"Lowbrow";"Angles + Cuts";"1";"3818"
"Yellow Days";"How Can I Love You?";"3";"1646"
"Auntie Flo";"Radio Highlife";"55";"41"
"Jonny Drop";"The Looking Glass";"1";"3819"
"Jonny Drop";"All This Trouble";"2";"2306"
"Larry de Kat";"Round About Midnight";"6";"909"
"Little Simz";"A Curious Tale of Trials + Persons";"2";"2307"
"Pastor T.L. Barrett and The Youth for Christ Choir";"Like a Ship (Without a Sail)";"2";"2308"
"Autumn";"Synthesize";"1";"3820"
"Asha Bhosle";"Commander";"1";"3821"
"Madman Jaga";"Nigeria Afrobeat Special: the New Explosive Sound in 1970's Nigeria";"3";"1647"
"Penya";"Beat Your Demon";"1";"3822"
"Bernard bonnier";"Casse-Tête";"1";"3823"
"Peter Power";"Sun Gaze";"6";"910"
"Supermax";"Reggaesize It";"1";"3824"
"Siriusmo";"The Uninvited Guest";"1";"3825"
"Bernard Estardy";"La Formule du Baron";"2";"2309"
"Joe Meek & The Blue Men";"I Hear a New World: An Outer Space Music Fantasy";"2";"2310"
"CLAUDE PERRAUDIN";"Mutation 24";"1";"3826"
"Shadow";"Sweet Sweet Dreams (Analog Africa No. 22)";"20";"225"
"T.P. Orchestre Poly-Rythmo";"The Kings Of Benin Urban Groove 1972 - 80";"1";"3827"
"Robin Gibb";"Secret Agent";"1";"3828"
"Prince";"The Hits/The B-Sides";"1";"3829"
"soundspecies";"Bamana Project";"1";"3830"
"Rex Rabanye";"Greatest Moments Of";"1";"3831"
"Jorge Reyes";"A La Izquierda Del Colibrí";"31";"117"
"Raphael Toiné";"Beach Diggin', Vol. 5";"1";"3832"
"Komon";"DJ-Kicks (Will Saul) [Mixed Tracks]";"1";"3833"
"Joe Gray";"DJ-Kicks (Will Saul) [Mixed Tracks]";"1";"3834"
"Cottam";"DJ-Kicks (Will Saul) [Mixed Tracks]";"1";"3835"
"Youandewan";"DJ-Kicks (Will Saul) [Mixed Tracks]";"1";"3836"
"Jabru";"DJ-Kicks (Will Saul) [Mixed Tracks]";"1";"3837"
"Lrusse";"DJ-Kicks (Will Saul) [Mixed Tracks]";"1";"3838"
"Walton";"DJ-Kicks (Will Saul) [Mixed Tracks]";"1";"3839"
"Leon Vynehall";"DJ-Kicks (Will Saul) [Mixed Tracks]";"1";"3840"
"Will Saul";"DJ-Kicks (Will Saul) [Mixed Tracks]";"2";"2311"
"Sei A";"DJ-Kicks (Will Saul) [Mixed Tracks]";"2";"2312"
"Axel Boman / CLOSE";"DJ-Kicks (Will Saul) [Mixed Tracks]";"1";"3841"
"October";"DJ-Kicks (Will Saul) [Mixed Tracks]";"1";"3842"
"David Clement";"DJ-Kicks (Will Saul) [Mixed Tracks]";"1";"3843"
"Marquis Hawkes";"DJ-Kicks (Will Saul) [Mixed Tracks]";"1";"3844"
"Bicep";"DJ-Kicks (Will Saul) [Mixed Tracks]";"1";"3845"
"Legowelt";"DJ-Kicks (Will Saul) [Mixed Tracks]";"1";"3846"
"George Fitzgerald";"DJ-Kicks (Will Saul) [Mixed Tracks]";"1";"3847"
"Gerry Read";"DJ-Kicks (Will Saul) [Mixed Tracks]";"1";"3848"
"E:scape";"DJ-Kicks (Will Saul) [Mixed Tracks]";"1";"3849"
"Quixosis";"Destrancadera";"8";"675"
"Quixosis";"poncho ácido";"6";"911"
"Bill Withers";"Still Bill";"1";"3850"
"Baba Stiltz";"Showtime";"2";"2313"
"Segun Adewale";"Segun Adewale (Ben Gomori / Smbd Edits)";"2";"2314"
"Róisín Murphy";"Plaything / Like";"5";"1089"
"Kusht";"Runaway";"7";"780"
"HOMESHAKE";"Fresh Air";"6";"912"
"Sea Moya";"Falmenta";"84";"13"
"Ben Hauke";"Ben Hauke";"1";"3851"
"Chris Cohen";"As If Apart";"1";"3852"
"Yadava";"It Rains Here";"1";"3853"
"Freda Payne";"Reaching Out";"1";"3854"
"OONGA";"Botanas: Oonga";"2";"2315"
"KOKOKO!";"Tokoliana / L.O.V.E.";"1";"3855"
"YAM Records";"Marijus Aleksa - Lunar (FYI Chris Mix)";"1";"3856"
"Tillmann Ostendarp, O/Y";"EX-MMXVI";"1";"3857"
"Murphy Jax";"It's the Music";"2";"2316"
"Billy Caso";"Buddha Bar Presents Armen Miran & Ravin";"1";"3858"
"Thomash";"Moon Faze";"1";"3859"
"Puhdys";"Das Beste aus 25 Jahren";"2";"2317"
"Bill Evans";"Everybody Digs Bill Evans";"1";"3860"
"Laraaji";"We Shall Be Lifted";"2";"2318"
"Jon Hassell";"Aka / Darbari / Java";"3";"1648"
"Ray Lynch";"The Sky Of Mind";"3";"1649"
"Lambert";"We Share Phenomena";"51";"51"
"Neneh Cherry";"Broken Politics";"80";"16"
"Glue Trip";"Glue Trip";"4";"1305"
"Emancipator";"safe in the steep cliffs";"1";"3861"
"Addison Groove";"Changa";"2";"2319"
"Nicola Cruz";"Xummer Xampler 02";"1";"3862"
"Kraut";"Especias - EP";"2";"2320"
"Te'Amir";"Abyssinia Rise";"13";"394"
"Arutani";"Abstract Heart";"1";"3863"
"Psilosamples";"A Guide to the Birdsong of South America";"3";"1650"
"Nickodemus";"A Long Engagement: Instrumentals & Extra Flowers";"7";"781"
"Jaja";"Parts Unknown";"6";"913"
"Hadi Zeidan";"Releases / EP 1";"1";"3864"
"Matanza";"Matanza";"45";"65"
"M.I.A.";"/\/\ /\ Y /\";"1";"3865"
"SCHNTZL";"Lefto presents Jazz Cats";"1";"3866"
"Brzzvll";"Lefto presents Jazz Cats";"1";"3867"
"2 Times Nothing";"Lefto presents Jazz Cats";"1";"3868"
"LABtrio";"Lefto presents Jazz Cats";"1";"3869"
"Glass Museum";"Lefto presents Jazz Cats";"1";"3870"
"Steiger";"Lefto presents Jazz Cats";"1";"3871"
"De Beren Gieren";"Lefto presents Jazz Cats";"1";"3872"
"Black Flower";"Lefto presents Jazz Cats";"2";"2321"
"Commander Spoon";"Lefto presents Jazz Cats";"2";"2322"
"Stuff.";"old dreams new planets";"8";"676"
"Compro Oro";"Lefto presents Jazz Cats";"1";"3873"
"Butcher Brown";"Camden Session";"3";"1651"
"Te'Amir";"LA Soul";"17";"282"
"Nicola Cruz";"Siete";"8";"677"
"Joy O";"81b";"11";"478"
"kurup";"Lusco Fusco - Random Collective Records";"8";"678"
"environments";"Environments 2";"7";"782"
"Wilfred Percussion";"Crown Ruler Sound compiled by Jeremy Spellacey";"1";"3874"
"Stimela";"Crown Ruler Sound compiled by Jeremy Spellacey";"2";"2323"
"Kosmik 3";"Crown Ruler Sound compiled by Jeremy Spellacey";"2";"2324"
"Mike Fabulous";"Crown Ruler Sound compiled by Jeremy Spellacey";"4";"1306"
"Feladey";"Crown Ruler Sound compiled by Jeremy Spellacey";"2";"2325"
"Ninze";"Arcadia";"2";"2326"
"Islandman";"Agit Remixes Vol. II";"1";"3875"
"Princesa";"Rodante";"1";"3876"
"Jean du Voyage";"Mantra";"1";"3877"
"Coss";"Forbidden Orchard";"1";"3878"
"Gerra G";"Desencanto";"1";"3879"
"LamatUuc";"Talavera Records 06";"1";"3880"
"Scott Blair";"Switched-On Eugene";"3";"1652"
"Software";"Digital-Dance";"2";"2327"
"Peter Nothnagle";"Switched-On Eugene";"4";"1307"
"Armen Miran";"Buddha-Bar, The Ultimate Experience";"1";"3881"
"Chancha Via Circuito";"Bienaventuranza";"2";"2328"
"Yuma";"Smek (Rey & Kjavik Remix)";"9";"596"
"Umoja";"Vuelo Nocturno";"3";"1653"
"Mytron & Ofofo";"Ceremony";"9";"597"
"Chaka Khan";"Like Sugar - EP";"3";"1654"
"Crussen";"Breakfast in the Hut";"3";"1655"
"Johannes Klingebiel";"Voula EP";"4";"1308"
"environments";"Environments 7";"2";"2329"
"Derryl Parsons";"Switched-On Eugene";"4";"1309"
"Multi Culti";"Voyager EP";"12";"435"
"Pauline Anna Strom";"Trans-Millenia Music";"96";"10"
"Kusht";"Vardo";"2";"2330"
"Slow Machete";"Philia: Artists Rise Against Islamophobia";"8";"679"
"Aleksandır";"Contrails";"4";"1310"
"Lion Sphere";"A Moving Sun";"1";"3882"
"Ensemble Entendu";"Time Is Certainly Passing";"3";"1656"
"Afterclapp";"Cotton Clouds";"41";"82"
"Afterclapp";"Capitão de Areia";"12";"436"
"Trans-Millenia Consort";"Aquatic Realms";"1";"3883"
"Steve Hillage";"Rainbow Dome Musick";"2";"2331"
"Dirk Barkemeijer de Wit";"DIDGERIDOO MEDITATION";"1";"3884"
"Kareem Lotfy";"mono no aware";"3";"1657"
"Bob Holroyd";"A Different Space";"4";"1311"
"Hans-Joachim Roedelius";"Wie Das Wispern des Windes";"1";"3885"
"Ka Baird";"Don't Look Now: Aural Apparitions from the Geographic North";"2";"2332"
"Vegyn";"Fourtune Cookie";"14";"358"
"The Bermuda Triangle";"Sketches From Space";"2";"2333"
"Brian Eno";"Eno/Wyatt/Davies: Music for Airports";"3";"1658"
"Ojard";"Euphonie";"2";"2334"
"Nicola Noir";"100 Stories";"5";"1090"
"AmuAmu";"Afiafi";"3";"1659"
"Dolly Dream";"The Way to Heaven";"1";"3886"
"The Mauskovic Dance Band";"Things To Do";"6";"914"
"Yussef Dayes";"Love Is the Message (Live at Abbey Road Studios)";"6";"915"
"Andrew Bird";"Bloodless";"5";"1091"
"Art Feynman";"Ideal Drama";"6";"916"
"Braxton Cook";"No Doubt";"5";"1092"
"Newen Afrobeat";"Newen Plays Fela";"3";"1660"
"Baba Commandant and the Mandingo Band";"Siri Ba Kele";"2";"2335"
"Sarathy Korwar";"Earth (feat. Upaj Collective) [Live]";"3";"1661"
"Jordan De La Sierra";"Gymnosphere: Song Of The Rose";"4";"1312"
"Peter Kardas";"Switched-On Eugene";"4";"1313"
"SMAGGHE & CROSS";"MA";"5";"1093"
"Simian Mobile Disco";"SACRIFICE";"2";"2336"
"Jon Keliehor";"The Beginning of Time";"2";"2337"
"Pariah";"Linnaea";"14";"359"
"Carl Stone";"Electronic Music from the Eighties and Nineties";"3";"1662"
"Astarius";"Astarius";"2";"2338"
"Yves Tumor";"mono no aware";"3";"1663"
"Tonstartssbandht";"Hymn";"1";"3887"
"Albrecht La'Brooy";"Edgewater Towers";"2";"2339"
"B12";"Electro-Soma";"1";"3888"
"K. Leimer";"DJ-Kicks (DJ Tennis) [Mixed Tracks]";"4";"1314"
"Dolphins Into the Future";"...On Sea-Faring Isolation";"4";"1315"
"Laraaji";"Ambient 3: Day Of Radiance";"1";"3889"
"Harald Grosskopf";"Oceanheart";"2";"2340"
"Cut Copy";"January Tape";"2";"2341"
"Hans-Joachim Roedelius";"Selbstportrait VI";"2";"2342"
"Bree Tranter";"Another Night On Earth";"46";"59"
"Elder Island";"Don't Lose";"2";"2343"
"Mother Funk";"Psychemagik Presents: Magik Sunset, Pt. 1";"2";"2344"
"Ragz Nordset";"Sleepdancing, Remixes";"2";"2345"
"Angus & Julia Stone";"Youngblood";"3";"1664"
"Almunia";"New Moon";"2";"2346"
"Umoja";"Je - Ka - Lo!";"3";"1665"
"Luiz Henrique";"Bossa Nova Singers (Jazz Club)";"8";"680"
"Afterclapp";"Desert Blues";"1";"3890"
"Afterclapp";"Inner City LP";"1";"3891"
"L'Impératrice";"Odyssée - EP";"1";"3892"
"C.A.R.";"Pinned Down";"1";"3893"
"Parcels";"Gamesofluck";"4";"1316"
"Monolink";"Swallow";"4";"1317"
"PillowTalk";"All People";"1";"3894"
"Manoo";"Toukan EP";"1";"3895"
"World Champion";"Avocado Galaxy";"1";"3896"
"Michel Degen";"Armonia";"1";"3897"
"Amy Shark";"Don't Turn Around";"1";"3898"
"Tash Sultana";"Mystik";"1";"3899"
"Kandiafa";"Nyonton St Germain Remix";"1";"3900"
"Coma";"In Technicolor Remixe";"1";"3901"
"Photay";"Onism";"1";"3902"
"Stavroz";"Kasambila";"1";"3903"
"Miel De Montagne";"Petit garçon";"1";"3904"
"SANTÉ";"Awake (feat. J.U.D.G.E) [Agoria Remix]";"1";"3905"
"jPattersson";"Folks & Fanfare";"1";"3906"
"Hidden Spheres";"Waiting";"4";"1318"
"Tunnelvisions";"Ritual II";"1";"3907"
"La Fine Equipe";"Creme";"2";"2347"
"Nina Kraviz";"I'm Week";"1";"3908"
"Bilderbuch";"eine nacht in manila";"1";"3909"
"Junior A";"Born Busy";"1";"3910"
"Here Is Why";"Sonnenfinsternis";"1";"3911"
"Alba";"Walk to 159";"1";"3912"
"Josienne Clarke And Ben Walker";"The Birds";"1";"3913"
"Twinset";"Mystical Soul";"1";"3914"
"Norman Weber";"Happenings Of Life";"1";"3915"
"Slow Machete";"Ola Mala";"61";"31"
"Hindi Zahra";"Nouveau Beat - Monte Carlo Nights";"1";"3916"
"Hindi Zahra";"Handmade [New Version - Includes Bonus]";"1";"3917"
"Dhafer Youssef";"Birds Requiem";"2";"2348"
"Roc Marciano";"Rosebudd's Revenge";"6";"917"
"Elve";"Emerald";"20";"226"
"Harold Budd";"The Pavilion Of Dreams";"5";"1094"
"Deniece Williams";"This is Niecy";"5";"1095"
"Kwes.";"Midori";"4";"1319"
"Dorothy Ashby";"Feeling Good";"8";"681"
"Miles Davis";"Jazz Legends: Saxophone";"5";"1096"
"Joe Henderson";"Page One";"4";"1320"
"Desolate";"Lunar Glyphs";"5";"1097"
"Gang Colours";"The Keychain Collection";"1";"3918"
"Deniece Williams";"The Best Of Deniece Williams: Gonna Take A Miracle";"1";"3919"
"JINKU";"Wild Things";"1";"3920"
"Chino Amobi";"Paradiso";"1";"3921"
"Arp";"FRKWYS Vol. 3: Arp & Anthony Moore";"2";"2349"
"Alessandro Cortini";"Avanti";"1";"3922"
"Michael Stearns";"Best of Hearts of Space, No. 1: First Flight";"1";"3923"
"Ian William Craig";"Meaning Turns to Whispers";"3";"1666"
"Miyako Koda";"In the Shadow of Jupiter";"2";"2350"
"Ola Szmidt";"Autumn";"3";"1667"
"Hove";"Portes du Soleil";"3";"1668"
"Matthewdavid’s Mindflight";"Trust the Guide and Glide";"3";"1669"
"Nova Nova";"Nova Nova vs. Canblaster (Remixes)";"2";"2351"
"Jonny Nash";"Exit Strategies";"4";"1321"
"Various artists (2)";"The Ambient Collection";"32";"113"
"Nusrat Fateh Ali Khan";"Mustt Mustt (Real World Gold)";"2";"2352"
"Todd Rundgren";"Runt";"2";"2353"
"Marbert Rocel";"In The Beginning";"17";"283"
"Stu Mindeman";"Woven Threads";"17";"284"
"Drugdealer";"The End Of Comedy";"1";"3924"
"Good Morning";"Prize//Reward";"1";"3925"
"The Equatics";"Doin It!!!!";"1";"3926"
"Fatima";"And Yet It's All Love";"1";"3927"
"LOVING";"Loving";"1";"3928"
"Paul McCartney";"McCartney II (Special Edition)";"3";"1670"
"Sharon Jones and the Dap-Kings";"Naturally";"1";"3929"
"Jonny Drop";"Flash Light";"1";"3930"
"Perera Elsewhere";"Weary (Chino Amobi Remix)";"1";"3931"
"Brzzvll";"First Let's Dance: A 'Nuff Said Celebration";"3";"1671"
"Fjaak";"Fjaak";"1";"3932"
"Tirzah";"Devotion";"3";"1672"
"Leben Und Arbeiten";"JD Twitch presents Kreaturen Der Nacht";"1";"3933"
"Biogen";"Halogen Continues";"2";"2354"
"Suso Saiz";"Odisea";"1";"3934"
"Yialmelic Frequencies";"Yililok";"1";"3935"
"Ami Shavit";"In Alpha Mood";"1";"3936"
"Rezzett";"Rezzett LP";"1";"3937"
"Akira Rabelais";"Eisoptrophobia";"2";"2355"
"Nu";"Pensamiento";"2";"2356"
"Move D";"Roll Split / 460 Melrose Ave";"3";"1673"
"Donato Dozzy";"Cassandra";"10";"533"
"Sebastian Mullaert";"Windmaker";"1";"3938"
"Patrice Bäumel";"Glutes";"1";"3939"
"Jose Padilla";"Presents : Sorry for the Delay - Wolf Müller's Most Whimsical Remixes";"4";"1322"
"Eitan Reiter";"Loop For Today";"3";"1674"
"Tobias";"Eyes In The Center";"3";"1675"
"Don't Problem";"Don't Problem - EP";"5";"1098"
"Ljudbilden & Piloten";"One Hundred Fifty-Five";"8";"682"
"Eitan Reiter";"Give It Life";"16";"303"
"José González";"& The Brite Lites at Svenska Grammofonstudion";"2";"2357"
"Sigrid";"Sucker Punch";"1";"3940"
"Guida De Palma";"Atlas";"1";"3941"
"Cluster";"Sowiesoso";"6";"918"
"veranda culture";"Veranda Culture";"2";"2358"
"Hans-Joachim Roedelius";"Wenn Der Südwind Weht";"4";"1323"
"Panda Bear";"Last Night at the Jetty";"1";"3942"
"Iasos";"Sacred Sonic Tools";"2";"2359"
"Lido Pimienta";"Tributaries: A Remix Album (El Búho Remixes)";"1";"3943"
"Kike Pinto";"Tributaries: A Remix Album (El Búho Remixes)";"1";"3944"
"GO DUGONG";"Tributaries: A Remix Album (El Búho Remixes)";"1";"3945"
"Chancha Via Circuito";"Tributaries: A Remix Album (El Búho Remixes)";"1";"3946"
"Quantic";"Tributaries: A Remix Album (El Búho Remixes)";"1";"3947"
"Populous";"Tributaries: A Remix Album (El Búho Remixes)";"1";"3948"
"Bukahara";"Tributaries: A Remix Album (El Búho Remixes)";"1";"3949"
"Deela";"Tributaries: A Remix Album (El Búho Remixes)";"1";"3950"
"JINKU";"Tributaries: A Remix Album (El Búho Remixes)";"2";"2360"
"BeGun";"Tributaries: A Remix Album (El Búho Remixes)";"3";"1676"
"Sango";"Sweet Holy Honey";"1";"3951"
"Mr. YT";"Brand New Day";"1";"3952"
"Martin Glass";"The Pacific Visions of Martin Glass";"7";"783"
"Matt Karmil";"Will";"2";"2361"
"Felicia Atkinson";"Comme Un Seul Narcisse";"1";"3953"
"Leyland Kirby";"SMM: Context";"2";"2362"
"Stimming";"Your Dreams";"3";"1677"
"Isolée";"DJ Koze Presents Pampa, Vol. 1";"1";"3954"
"Happy Meals";"Full Ashram Devotional Ceremony";"4";"1324"
"Martyn Heyne";"Electric Intervals";"5";"1099"
"Sarah Davachi";"All My Circles Run";"2";"2363"
"Mark Renner";"Few Traces";"4";"1325"
"Para One";"Passion";"2";"2364"
"Isao Tomita";"Snowflakes Are Dancing";"1";"3955"
"Wareika Hill Sounds";"No More War EP";"3";"1678"
"Melanie Velarde";"Parcel";"1";"3956"
"SofaTalk";"Patchwork Jazz";"5";"1100"
"Andrés";"Soul Jazz Records Presents Sounds of the Universe: Art + Sound 2012-15 Vol.1";"1";"3957"
"Blludd Relations";"Soul Jazz Records Presents Sounds of the Universe: Art + Sound 2012-15 Vol.1";"1";"3958"
"Heatsick";"Soul Jazz Records Presents Sounds of the Universe: Art + Sound 2012-15 Vol.1";"2";"2365"
"Jon Hassell";"Power Spot";"1";"3959"
"J.D. Emmanuel";"Time Traveler";"1";"3960"
"Aphex Twin";"Selected Ambient Works Volume II";"4";"1326"
"Actress";"AZD";"1";"3961"
"Francesco Tristano";"The Melody - EP";"8";"683"
"HNNY";"Ta Paus";"15";"328"
"Grandbrothers";"Dilation";"7";"784"
"The Four Freshmen";"Day by Day";"4";"1327"
"Tycho";"Awake (Deluxe Version)";"11";"479"
"Gustavo Santaolalla";"Ronroco";"5";"1101"
"TM Juke";"Maps From The Wilderness";"4";"1328"
"Kozmonaut";"Flieg (Album Sampler)";"11";"480"
"Pan•American";"Quiet City";"1";"3962"
"Yamaneko";"Spa Commissions";"3";"1679"
"00110100 01010100";"0181";"10";"534"
"Analogue Dear";"Sonder";"2";"2366"
"Massive Attack";"Collected";"3";"1680"
"Ernest Ranglin";"Ranglypso";"7";"785"
"Marvin Horsch";"Fukushisha";"3";"1681"
"Arthur Russell";"World of Echo";"4";"1329"
"Cool Maritime";"Some Sort of Wave Portal";"8";"684"
"Jonathan Kaspar";"Panem";"2";"2367"
"Maribou State";"Kingdom (feat. North Downs) (Adesse Versions Remix)";"2";"2368"
"J.B. Banfi";"Soul Jazz Records presents Space, Energy & Light: Experimental Electronic And Acoustic Soundscapes 1961-88";"1";"3963"
"Michael Garrison";"Soul Jazz Records presents Space, Energy & Light: Experimental Electronic And Acoustic Soundscapes 1961-88";"1";"3964"
"Iasos";"Soul Jazz Records presents Space, Energy & Light: Experimental Electronic And Acoustic Soundscapes 1961-88";"2";"2369"
"Carl Matthews";"Soul Jazz Records presents Space, Energy & Light: Experimental Electronic And Acoustic Soundscapes 1961-88";"1";"3965"
"Tim Blake";"Soul Jazz Records presents Space, Energy & Light: Experimental Electronic And Acoustic Soundscapes 1961-88";"1";"3966"
"Skinshape";"Filoxiny";"28";"130"
"Andrew Bird";"10 Years of Mom+Pop";"1";"3967"
"Brian Eno";"Reflection";"58";"36"
"Rue Royale";"In Parallel";"6";"919"
"Oliver Koletzki";"Noordhoek";"1";"3968"
"Fort Romeau";"Secrets & Lies";"1";"3969"
"Marquis Hawkes";"The Basement Is Burning";"1";"3970"
"Wajatta";"Casual High Technology";"1";"3971"
"Fake Mood";"Wandering Tribe";"2";"2370"
"Makossa & Megablast";"Soy Como Soy";"6";"920"
"Behrellips";"Get Physical Presents: Africa Gets Physical, Vol. 1 - Mixed by Ryan Murgatroyd";"1";"3972"
"The Babe Rainbow (AUS)";"Monky Disco (Jono Ma Dub Mix)";"5";"1102"
"St Germain";"Sittin' Here (Remixes)";"1";"3973"
"Sabo";"Vibe Quest Remixes";"1";"3974"
"Simian Mobile Disco";"Murmurations";"1";"3975"
"Bona Fide & Johnny Leoni";"Sunday Afternoon, Vol. 3";"1";"3976"
"La Maison Tellier";"Sur un volcan";"2";"2371"
"Argento Dust";"We Are Not Afraid";"2";"2372"
"Gernot Bronsert";"Beauty In Simplicity";"2";"2373"
"Brian Eno";"Ambient 1/Music For Airports";"4";"1330"
"Vangelis";"Blade Runner (Music from the Original Soundtrack)";"3";"1682"
"Pantha du Prince & The Bell Laboratory";"Elements of Light";"1";"3977"
"Harold Budd";"Ambient, Vol. 2: The Plateaux Of Mirror";"4";"1331"
"Brian Eno";"Ambient, Vol. 2: The Plateaux Of Mirror";"6";"921"
"Sage Caswell";"Hoop Earring";"2";"2374"
"Cluster";"Bureau B - Katalog 1";"12";"437"
"dictaphone";"APR 70";"3";"1683"
"Hans-Joachim Roedelius";"Selbstportrait I";"1";"3978"
"Jason Kolàr";"Modified Perspectives";"33";"107"
"Jordan Rakei";"Sorceress (Acoustic)";"7";"786"
"Ekkehard Ehlers";"Plays";"7";"787"
"Nathan Fake";"Providence Reworks: Part II";"4";"1332"
"Haruka Nakamura";"twilight";"5";"1103"
"Zongamin";"O!";"14";"360"
"Kermesse";"Kermesse";"13";"395"
"Jonathan Kaspar";"Paradise";"5";"1104"
"Adam Port";"Planet 9 EP";"6";"922"
"Mayra Andrade";"Afeto";"1";"3979"
"Josa Peit";"Constellation EP";"16";"304"
"tajima hal";"tones";"4";"1333"
"Federico Durand";"El libro de los árboles mágicos";"27";"140"
"Visible Cloaks";"Visible Cloaks";"10";"535"
"Connie Constance";"Let Go";"8";"685"
"Sun Ra";"New Steps";"4";"1334"
"Joey Pecoraro";"Little Pear";"15";"329"
"Denai Moore";"The Lake";"7";"788"
"Jaco Pastorius";"Jaco Pastorius";"3";"1684"
"Contact Play";"Champion Fraff";"22";"193"
"Oscar Jerome";"Oscar Jerome";"3";"1685"
"Max Richter";"From Sleep";"5";"1105"
"Koss";"Silence";"2";"2375"
"F.S. Blumm";"Tag Eins Tag Zwei";"3";"1686"
"Ryuichi Sakamoto";"async";"4";"1335"
"Ebo Taylor";"Ene Nyame (Henrik Schwarz Blend)";"2";"2376"
"47 Soul";"Shamstep";"1";"3980"
"Quixosis";"Telar EP";"4";"1336"
"Chelou";"Out of Sight";"68";"25"
"Lambert";"Grauer Beton (Lambert Rework)";"9";"598"
"Bibio";"Phantom Brickworks";"1";"3981"
"Bing & Ruth";"No Home of the Mind";"3";"1687"
"Norrland";"Norrland";"1";"3982"
"Porn Sword Tobacco";"New Exclusive Olympic Heights";"3";"1688"
"Helm";"Olympic Mess";"2";"2377"
"Sebastian Mullaert";"Reflections of Nothingness";"10";"536"
"Vakula";"Dekmantel Podcast";"1";"3983"
"kurup";"Kurup Singles";"22";"194"
"Thor Rixon";"Songs from the Bath";"1";"3984"
"Bill Callahan";"Have Fun With God";"1";"3985"
"Slowdive";"Just for a Day";"1";"3986"
"Allen Ginsberg";"Ballad Of The Lights";"1";"3987"
"Visible Cloaks";"Wheel";"1";"3988"
"Casino Versus Japan";"Frozen Geometry";"1";"3989"
"Machinefabriek";"Slaapzucht";"2";"2378"
"Odessey And Oracle";"Speculatio";"2";"2379"
"Tom Rogerson";"Finding Shore";"3";"1689"
"Brian Eno";"Unnoticed Planet";"1";"3990"
"Beatrice Dillon";"Face A/B";"7";"789"
"Aso";"Ride Away";"2";"2380"
"Two Inch Punch";"Love You Up EP";"3";"1690"
"Billy Cobham";"Crosswinds";"5";"1106"
"Marc Moulin";"Sam' Suffy";"3";"1691"
"Marcos Valle";"Jet-Samba";"3";"1692"
"Sampha";"Process";"2";"2381"
"Alice Coltrane";"A Monastic Trio";"19";"249"
"Aera";"The Sound Path";"17";"285"
"Stas";"Shika Shika / Botanas Series";"3";"1693"
"Turtle";"Human";"4";"1337"
"Abrão";"Omnam";"13";"396"
"Cluster & Brian Eno";"Bureau B - Katalog 1";"2";"2382"
"Commodo";"Black Acre: Once Around The Sun 2018";"1";"3991"
"Beatrice Dillon";"Blues Dances";"6";"923"
"Dorisburg";"Irrbloss";"12";"438"
"David Lord";"Forest Standards, Vol. 1";"11";"481"
"Sampa the Great";"Energy";"21";"208"
"Coma";"Deep N' Tech 3";"4";"1338"
"Hunrosa";"Wah Wah Remixed 2";"4";"1339"
"Quixosis";"De Fiúcher";"13";"397"
"Victor Démé";"Victor Démé";"5";"1107"
"Nicola Cruz";"Arka";"2";"2383"
"Terry Hall & Mushtaq";"The Hour of Two Lights";"3";"1694"
"Brian Eno";"The Ship";"1";"3992"
"John Cage";"Cage: Early Piano Music";"6";"924"
"Georgs Pelēcis";"Into Silence: Pärt | Vasks | Górecki | Pelēcis";"1";"3993"
"Claude Debussy";"Memory";"1";"3994"
"Philip Glass";"The Truman Show (feat. Philip Glass) [Music from the Motion Picture of Peter Weir]";"1";"3995"
"Hans Zimmer";"Interstellar: Original Motion Picture Soundtrack";"2";"2384"
"Nick Cave";"Mars (Original Series Sountrack)";"1";"3996"
"Nick Cave & Warren Ellis";"Mars (Original Series Sountrack)";"1";"3997"
"Micachu";"Under the Skin (Original Motion Picture Soundtrack)";"2";"2385"
"Toto";"Dune";"2";"2386"
"Ramin Djawadi";"Westworld: Season 1 (Music from the HBO® Series)";"1";"3998"
"Clint Mansell";"Moon (Original Motion Picture Soundtrack)";"1";"3999"
"Christian Löffler";"Mare";"11";"482"
"Frédéric Chopin";"Chopin: the Essentials";"1";"4000"
"Georgs Pelēcis";"Roots";"1";"4001"
"Ludwig van Beethoven";"Beethoven: Piano Sonatas, Vol. 2 - Nos. 4, 14 'Moonlight, 24 &Fantasy in G Minor";"1";"4002"
"Franz Liszt";"Liszt: Piano Works";"1";"4003"
"Caffee Concerto";"Best Of Schubert";"2";"2387"
"Max Bruch";"Bruch: Violin Concerto No. 1 / De Sarasate: Carmen Fantasy";"1";"4004"
"Ludwig van Beethoven";"Beethoven: Piano Sonata No.32, Op.111; Bagatelles";"10";"537"
"Franz Liszt";"Liszt: Scherzo and March / 3 Liebestraume / Berceuse";"1";"4005"
"Eagle Lake";"Nights";"1";"4006"
"Ana Olgica";"Atoms";"1";"4007"
"Lo Mimieux";"Berceuse";"1";"4008"
"Sigríður";"Foreign Fields";"1";"4009"
"Agni Bjark";"Snow";"1";"4010"
"Hultana";"Moving Forest";"1";"4011"
"Hushed";"In Dreams";"1";"4012"
"Steven Windhaug";"Peacefulness";"1";"4013"
"Strange Imagining";"Magnetic";"1";"4014"
"Rand Aldo";"Aquatic Flow";"1";"4015"
"Erki Pärnoja";"Saja Lugu";"1";"4016"
"RJ Malcolm";"Interstellar";"1";"4017"
"Dorothy Laddland";"Far Away";"1";"4018"
"Luchs";"Dawning";"1";"4019"
"Silver Maple";"Partly Cloudy";"1";"4020"
"John Henriksson";"Study Music (The Piano Collection)";"1";"4021"
"Lake Geneva";"Sparkles";"1";"4022"
"Enzo Electronic";"ENZO";"1";"4023"
"Trevor Kowalski";"Prelude";"1";"4024"
"Pergélisol";"Tulita Skies";"1";"4025"
"Regina Mira";"October";"2";"2388"
"Be One";"Some Say";"1";"4026"
"Peter Sandberg";"Nainsook";"1";"4027"
"Aaron Lansing";"Arctic Tern";"1";"4028"
"Sleeping at Last";"Many Beautiful Things (Original Motion Picture Soundtrack)";"1";"4029"
"Ivy Rue";"Mandala";"1";"4030"
"Arden Forest";"Dark Taupe";"1";"4031"
"Gabriel Parker";"Fractions";"2";"2389"
"Reversible";"Stray Horses";"1";"4032"
"Dakota Suite";"The North Green Down";"1";"4033"
"Visible Cloaks";"Reassemblage";"3";"1695"
"Burnt Friedman";"Plays Love Songs";"3";"1696"
"Christian Naujoks";"Wave";"1";"4034"
"Ligovskoï";"Dilip EP and Remixes";"1";"4035"
"Tenniscoats";"Totemo Aimasho";"2";"2390"
"John Luther Adams";"Four Thousand Holes";"1";"4036"
"A Macaca & Peter Power";"Voodoohop: Entropia Coletiva I";"2";"2391"
"Arutani, Steffen Kirchhoff";"1Löffelchen";"1";"4037"
"Lucas Croon & Carsten Dämbkes";"Mogul 3";"1";"4038"
"Lucas Croon";"Schlachthof Aufnahmen";"1";"4039"
"Sampa the Great";"Birds And The BEE9";"26";"149"
"Sonido Gallo Negro";"Mambo Cósmico";"18";"265"
"Helm";"Olympic Mess (N1L & Beatrice Dillon Remixes)";"2";"2392"
"Noblesse Oblige";"The Great Electrifier - Beck And Call";"3";"1697"
"Dollskabeat";"Bored of Shit";"1";"4040"
"Vakula";"Firecracker Ep 05 (Firecracker Rec)";"1";"4041"
"Vakula";"Nema EP WEB";"1";"4042"
"Vakula";"Slavic Mythology";"1";"4043"
"Vakula";"Saturday";"1";"4044"
"Helm";"Olympic Mess Remixes";"5";"1108"
"Vakula & Kuniyuki";"Session North #1 & Passage To The Moon";"7";"790"
"Beatrice Dillon";"Split";"1";"4045"
"Karen Gwyer";"Rembo";"11";"483"
"Karen Gwyer";"Split";"1";"4046"
"Eris Drew";"Devotion";"8";"686"
"Marquis Hill";"Kiss and Tell";"1";"4047"
"Theon Cross";"Panda Village (feat. Moses Boyd & Nubya Garcia)";"1";"4048"
"Workdub";"Subterranean";"12";"439"
"Octo Octa";"Devotion";"5";"1109"
"Octo Octa";"Adrift";"1";"4049"
"Octo Octa";"Move On (Let Go) [De-stress Mix (Edit)]";"1";"4050"
"Octo Octa";"More Times EP";"3";"1698"
"Rina";"Data Dinner";"1";"4051"
"Fit of Body";"Black Box No Cops";"29";"128"
"Hecq";"steeltongued";"1";"4052"
"Umeko Ando";"Ihunke";"1";"4053"
"Neil Cowley Trio";"Spacebound Apes";"70";"21"
"Dorisburg";"Live At Freerotation 2018";"5";"1110"
"Johanna Knutsson";"Live At Freerotation 2018";"2";"2393"
"Mathew Jonson";"Live At Freerotation 2018";"2";"2394"
"Hudson People";"Back Street Brit Funk Compiled By Joey Negro";"1";"4054"
"Charlotte dos Santos";"Cleo";"1";"4055"
"Sivu";"Sweet Sweet Silent";"6";"925"
"Nick Hakim";"Where Will We Go, Pt. 2 (EP)";"2";"2395"
"Leon Vynehall";"Midnight On Rainbow Road";"4";"1340"
"K. Leimer";"A Period of Review (Original Recordings: 1975 - 1983)";"8";"687"
"Sarathy Korwar";"My East Is Your West (feat. Upaj Collective) [Live]";"3";"1699"
"Darling";"JPS";"2";"2396"
"Tom Zé";"Warner 30 Anos";"6";"926"
"Os Originais Do Samba";"Tudo Ben: Jorge Ben Covered (Mr Bongo presents)";"1";"4056"
"P.r.Λ.Λ.H";"Urban Cosmonaut Reveries";"1";"4057"
"Umoja";"Ayena / Kponyole";"9";"599"
"Peter Gregson";"Bach: The Cello Suites - Recomposed by Peter Gregson";"13";"398"
"Dauwd";"Shades of Minimalism 10";"2";"2397"
"dominik marz";"Tryads";"1";"4058"
"Alexis Taylor";"Listen With(out) Piano";"1";"4059"
"Mor Elian";"Move like Atoms";"5";"1111"
"Alan Braufman";"Valley of Search";"2";"2398"
"Akala";"The Thieves Banquet";"1";"4060"
"Ego Ella May";"Table for One";"9";"600"
"Volo";"Telos";"1";"4061"
"Hejira";"Ribs";"7";"791"
"Faodail";"Plumeria";"2";"2399"
"Tor";"Blue Book";"2";"2400"
"SubLab";"Maera";"1";"4062"
"Steve Reich";"Late Night Tales: The Cinematic Orchestra";"2";"2401"
"Boards of Canada";"Late Night Tales: BADBADNOTGOOD";"4";"1341"
"David Holmes";"Late Night Tales: David Holmes";"1";"4063"
"Carl Stone";"Mom's";"14";"361"
"Michel Redolfi";"Underwater Music";"2";"2402"
"Gigi Masin";"Talk To The Sea";"1";"4064"
"Oliver Coates";"Micachu - Peace & Riding Through Drinking Harpo Dine";"2";"2403"
"Bill Evans";"Late Night Tales: Bonobo";"4";"1342"
"june11";"11000 Dreams";"3";"1700"
"Roy Montgomery";"Temple IV";"2";"2404"
"Lou Ragland";"Lou Ragland Is The Conveyor";"2";"2405"
"Le Stim";"A Tribute To Muhammad Ali (We Crown The King)";"1";"4065"
"Osmar Milito";"Chill Brazil - Sand (Volume 1)";"1";"4066"
"Trio Ternura";"Trio Ternura (Compacto 1973)";"6";"927"
"Joyce/Part. Esp.: Gilson Peranzzetta Gentilmente Cedido Pela Vison";"Blue Brazil";"1";"4067"
"Oluko Imo";"Caribbean Disco Boogie Sounds (1977-1982 Selected by Waxist)";"2";"2406"
"Nat King Cole";"Christmas with Nat, Dean and Bing";"1";"4068"
"Stevie Wonder";"Someday At Christmas";"1";"4069"
"The Waitresses";"Deluxe Special";"1";"4070"
"The Darkness";"Christmas Time (Don't Let the Bells End)";"2";"2407"
"John Denver";"Rocky Mountain Christmas";"1";"4071"
"Bruce Springsteen";"Santa Claus Is Comin' to Town (Live at C.W. Post College, Greenvale, NY - December 1975)";"2";"2408"
"Jona Lewie";"The Best of Jona Lewie";"2";"2409"
"Andy Williams";"The Andy Williams Christmas Album";"1";"4072"
"The Pretenders";"Learning To Crawl [Expanded and Remastered]";"1";"4073"
"Wham!";"Twenty Five";"1";"4074"
"Leona Lewis";"Christmas, with Love";"1";"4075"
"Mariah Carey";"Merry Christmas";"2";"2410"
"Shakin' Stevens";"Shakin' Stevens - The Collection";"1";"4076"
"Steps";"Platinum Christmas";"1";"4077"
"Daryl Hall & John Oates";"Jingle Bell Rock";"1";"4078"
"The Crystals";"A Christmas Gift for You From Phil Spector";"1";"4079"
"Brenda Lee";"A Brenda Lee Christmas";"2";"2411"
"Darlene Love";"A Christmas Gift for You From Phil Spector";"2";"2412"
"The Jackson 5";"Ultimate Christmas Collection";"1";"4080"
"Sharon Jones and the Dap-Kings";"It's a Holiday Soul Party";"1";"4081"
"Little Mix";"Love Me Like You (The Collection)";"1";"4082"
"Noddy Holder";"100 Essential Christmas Songs";"1";"4083"
"John Lennon";"Power To The People - The Hits";"3";"1701"
"Kylie Minogue";"Kylie Christmas";"1";"4084"
"Idina Menzel";"Holiday Wishes";"1";"4085"
"Carly Rae Jepsen";"Last Christmas";"1";"4086"
"Queen";"Greatest Hits III";"1";"4087"
"Mud";"The Very Best Of Mud";"1";"4088"
"Band Aid";"Do They Know It's Christmas?";"1";"4089"
"The Pogues";"Fairytale of New York";"2";"2413"
"Kelly Clarkson";"Wrapped in Red";"1";"4090"
"Elton John";"Caribou";"1";"4091"
"Wizzard";"Complete Christmas Party";"1";"4092"
"Michael Bublé";"Christmas (Deluxe Special Edition)";"2";"2414"
"Boney M.";"Mary's Boy Child";"1";"4093"
"Kylie Minogue";"Kylie Christmas (Snow Queen Edition)";"1";"4094"
"The Wombats";"Is This Christmas? (2-track DMD)";"1";"4095"
"Miley Cyrus";"Happy Xmas (War Is Over) (feat. Sean Ono Lennon)";"1";"4096"
"R. Kelly";"12 Nights Of Christmas";"1";"4097"
"Clementine Duo";"Christmas";"2";"2415"
"Gabrielle Aplin";"December";"1";"4098"
"Olga Chung";"Santa Baby";"2";"2416"
"Mindy Gledhill";"Winter Moon";"1";"4099"
"Josh Garrels";"The Light Came Down";"1";"4100"
"Handsome and Gretyl";"Wonder";"2";"2417"
"Tyrone Wells";"The Christmas Album";"2";"2418"
"Jillian Edwards";"All My Christmases";"1";"4101"
"Adam Christopher";"Acoustic Christmas Hits";"1";"4102"
"Caroline Pennell";"December Songs";"2";"2419"
"Johnnyswim";"A Johnnyswim Christmas";"2";"2420"
"Jack Johnson";"This Warm December, A Brushfire Holiday Vol. 2";"2";"2421"
"Amber Leigh Irish";"Acoustic Christmas Hits";"1";"4103"
"Tore Bojsten";"Acoustic Christmas";"1";"4104"
"Jason Mraz";"This Is Christmas - Festive Favourites";"2";"2422"
"Missy & Blonde";"Silent Night";"1";"4105"
"Catherine Feeny";"The Hotel Café presents... Winter Songs";"2";"2423"
"Lydia Liza";"Baby, It's Cold Outside";"2";"2424"
"Karizma Duo";"Playlist of Christmas Songs";"1";"4106"
"Daniela Andrade";"The Christmas EP";"4";"1343"
"Jaymay";"Jaymay Sings Christmas";"1";"4107"
"Cœur de Pirate";"Chansons tristes pour Noël";"1";"4108"
"Jon McLaughlin";"The Christmas EP";"1";"4109"
"Sara Farell";"I'll Be Home For Christmas";"1";"4110"
"Darlene Zschech";"The Table: A Christmas Worship Gathering";"1";"4111"
"Cody Simpson";"The Acoustic Sessions";"1";"4112"
"Mason Jennings";"This Warm December: Brushfire Holiday's Vol. 1";"1";"4113"
"First Aid Kit";"Live from BBC Radio 2";"1";"4114"
"Sovereign Grace Music";"Prepare Him Room: Celebrating the Birth of Jesus in Song";"1";"4115"
"Eric Lugosch";"New Tradition";"2";"2425"
"Keston Cobblers Club";"Have Yourself a Merry Little Christmas";"2";"2426"
"Ron Sexsmith";"The O.C. Mix 3 Have a Very Merry Chrismukkah";"1";"4116"
"Dundas";"White Christmas";"1";"4117"
"Bright Eyes";"A Christmas Album";"1";"4118"
"Dan Berk";"Acoustic Christmas Hits";"1";"4119"
"Meiko";"Merry Christmas Wherever You Are (Acoustic)";"1";"4120"
"Tore Bojsten";"Acoustic Christmas (Deluxe Edition)";"1";"4121"
"Bailey Jehl";"Christmas Lights";"1";"4122"
"Rose Cousins";"Little Road to Bethlehem";"1";"4123"
"Andreas Weise";"Before Christmas";"2";"2427"
"Brad Paisley";"Xmas Hits";"1";"4124"
"Perry Como";"Xmas Hits";"2";"2428"
"Elvis Presley";"Xmas Hits";"1";"4125"
"John Williams";"Xmas Hits";"1";"4126"
"Johnny Mathis";"Xmas Hits";"1";"4127"
"Run–D.M.C.";"Xmas Hits";"1";"4128"
"Nightmares on Wax";"Feelin' Good";"2";"2429"
"Mazzy Star";"Among My Swan";"1";"4129"
"Volo";"Sun Drops";"4";"1344"
"Sirens Of Lesbos";"We'll Be Fine";"9";"601"
"Johnny Moore";"Mad Mats presents Digging Beyond the Crates";"2";"2430"
"Danilo & Pablo";"Mcde Recordings Best of (2008-2018)";"1";"4130"
"Motor City Drum Ensemble";"Mcde Recordings Best of (2008-2018)";"3";"1702"
"LateComer";"Mcde Recordings Best of (2008-2018)";"1";"4131"
"salvador araguaya";"Redemunho";"2";"2431"
"Gappy Ranks";"Mad Mats presents Digging Beyond the Crates";"1";"4132"
"Ensemble Entendu";"Mad Mats presents Digging Beyond the Crates";"1";"4133"
"Cuthead";"Mad Mats presents Digging Beyond the Crates";"1";"4134"
"Intimate Disco";"Mad Mats presents Digging Beyond the Crates";"1";"4135"
"Psalms";"Mad Mats presents Digging Beyond the Crates";"1";"4136"
"Yvonne Gray";"Mad Mats presents Digging Beyond the Crates";"1";"4137"
"Bobby Hebb";"Mad Mats presents Digging Beyond the Crates";"1";"4138"
"Bill Laurance";"Mad Mats presents Digging Beyond the Crates";"2";"2432"
"Bill Laurance";"Aftersun";"1";"4139"
"Jimmy Smith";"Dynamic Duo (Originals International Version)";"6";"928"
"Keith Jarrett";"Somewhere Before";"3";"1703"
"Johann Sebastian Bach";"Six Evolutions - Bach: Cello Suites";"36";"98"
"Patti Austin";"Body Language";"2";"2433"
"Leon Thomas";"The Creator 1969-1973: The Best Of The Flying Dutchman Masters";"1";"4140"
"Prins Thomas";"The Movement of the Free Spirit";"59";"35"
"Klein";"FABRICLIVE.100 - Kode9 & Burial";"1";"4141"
"Various artists (10)";"Paradise Goulash";"15";"330"
"Max Richter";"Recomposed by Max Richter: Vivaldi, The Four Seasons";"7";"792"
"Haley";"Pleasureland";"123";"4"
"Peter Thomas";"Switched-On Eugene";"3";"1704"
"Güero";"My Way My Rules";"9";"602"
"Alban Endlos";"Goldene Welt";"15";"331"
"Hieroglyphic Being";"Paradise Goulash Versions";"3";"1705"
"Bruce Antoine";"Christmas Songs";"1";"4142"
"Annie Leigh";"Grand Piano Christmas";"1";"4143"
"Paul Williams";"The Muppets Christmas Carol";"1";"4144"
"Pyotr Ilyich Tchaikovsky";"Der Nussknacker";"2";"2434"
"Arthur Mass";"Peaceful Christmas Piano";"2";"2435"
"Leroy Anderson";"Anderson, L.: Orchestral Music, Vol. 3 - Sleigh Ride / The Typewriter / Plink, Plank, Plunk! / The Syncopated Clock";"1";"4145"
"Dana Daoud";"Peaceful Christmas Piano";"1";"4146"
"Philip Watts";"Peaceful Christmas Piano";"3";"1706"
"Christmas Piano Players";"Christmas Memories";"1";"4147"
"Mila Crowell";"Peaceful Christmas Piano";"1";"4148"
"Oscar Peterson Trio";"Night Train";"1";"4149"
"Antonio Vivaldi";"Vivaldi: Die Vier Jahreszeiten";"1";"4150"
"Mila Crowell";"Soft Christmas";"2";"2436"
"Randol Alan Bass";"Joy to the World: Famous Christmas Songs";"1";"4151"
"Felix Mendelssohn";"Joy to the World: Famous Christmas Songs";"1";"4152"
"Hector Berlioz";"Joy to the World: Famous Christmas Songs";"1";"4153"
"Giacomo Puccini";"Joy to the World: Famous Christmas Songs";"1";"4154"
"Sergei Rachmaninoff";"Joy to the World: Famous Christmas Songs";"1";"4155"
"Nils Frahm";"Late Night Tales: Nils Frahm";"2";"2437"
"son.sine";"upekah";"2";"2438"
"Joseph Shabason";"Anne";"34";"106"
"Osunlade";"The Quieter You Become, The More You Hear";"12";"440"
"Kusht";"Teapot EP";"9";"603"
"Chip Wickham";"Shamal Wind Remixed";"5";"1112"
"Blutch";"Equilibrium";"6";"929"
"Dan Romer";"Maniac (Music from the Netflix Limited Series)";"6";"930"
"Beatrice Dillon";"Gardens Volume One";"1";"4156"
"Wayward";"Good Afternoon Mr Magpie Remixed";"1";"4157"
"FlowerPowder";"Sprizztour";"1";"4158"
"Isaac Soto";"El mítico manzano Newtoniano";"9";"604"
"Amaro Freitas";"Rasif";"1";"4159"
"Lnrdcroy";"Much Less Normal";"3";"1707"
"Leo Pol";"All I Got In Me";"8";"688"
"Schacke";"Kulør 001";"1";"4160"
"Henri Texier";"Amir";"3";"1708"
"Anthony Shakir";"10 Years of secretsundaze";"2";"2439"
"69";"The Legendary Adventures Of A Filter King";"1";"4161"
"DJ HEURE";"Outsider Resource";"1";"4162"
"La-Le-Lu";"German House, Vol. 1 (Karaoke Version)";"1";"4163"
"Szare";"Kodiak / Translocated";"4";"1345"
"Isaac Soto";"Nueve Punto Ochenta Siete Seis";"12";"441"
"BLAKK EARTH";"Blakk Earth";"1";"4164"
"Traversable Wormhole";"Traversable Wormhole";"1";"4165"
"DJ Slip";"Every Time It Takes Awhile";"1";"4166"
"Birth Of Frequency";"Woman By My Side EP";"1";"4167"
"Mark Broom";"Silenced Part 1-4 Remastered";"1";"4168"
"Radial";"Linea Recta EP";"1";"4169"
"Steve Stoll";"The Green Angel EP";"1";"4170"
"Lewis Fautzi";"Turn";"1";"4171"
"Ellie Goulding";"O Holy Night";"1";"4172"
"Surgeon";"basictonalvocabulary";"1";"4173"
"2000 and One";"100% PURE IBIZA 2015";"1";"4174"
"Matthew Dear";"Beginning Of The End: The Spectral Sound Singles";"4";"1346"
"DJ Emerson";"At the Controls";"3";"1709"
"Mark Broom";"The Eye of the Tiger";"1";"4175"
"TJ Kong";"Luid EP";"1";"4176"
"Woo York";"Blade Runner (Inc Zadig Remix)";"1";"4177"
"Surgeon";"Force+form";"1";"4178"
"Heiko Laux";"Fernweh";"1";"4179"
"System 01";"SubBerlin (The Story of Tresor)";"1";"4180"
"Drexciya";"Harnessed the Storm";"1";"4181"
"Dax J";"Villians EP";"1";"4182"
"Antigone";"Cantor Dust - EP";"1";"4183"
"Basic Channel";"Quadrant Dub";"1";"4184"
"Pharoah Sanders";"Elevation";"5";"1113"
"Huerco S.";"For Those Of You Who Have Never (And Also Those Who Have)";"16";"305"
"El Búho";"Unreleased Edits";"1";"4185"
"A Macaca & Gama";"J'écris EP";"6";"931"
"HAAi";"Solid Steel Radio Show";"1";"4186"
"C.A.R.";"PINNED";"53";"45"
"s a r a s a r a";"S u n (Susso / Huw Bennett Remix)";"1";"4187"
"Nicola Cruz";"Espiritu";"1";"4188"
"Hiromi";"Brain";"1";"4189"
"Special Request";"Special Request X Gerd Janson & Shan";"1";"4190"
"Donato Dozzy";"Filo Loves The Acid";"1";"4191"
"Volo";"Drifter";"2";"2440"
"ODESZA";"Falls Remixes";"1";"4192"
"Giraffi Dog";"Giraffi Dog EP";"1";"4193"
"Vakula";"Sound Of Speed Attack The Soundsystem";"17";"286"
"Kez YM";"Sound Of Speed Attack The Soundsystem";"6";"932"
"Vakula";"Bandura001";"1";"4194"
"The Screenshots";"Ein starkes Team";"14";"362"
"The Screenshots";"Übergriff";"10";"538"
"Fila Brazillia";"Maim That Tune";"2";"2441"
"Keith Jarrett";"Ruta And Daitya";"3";"1710"
"MJ Lallo";"The Channeled Voice";"1";"4195"
"El Búho";"Camino De Flores";"11";"484"
"Leo Pol";"Dark Outside";"7";"793"
"XOA";"Koto / Ariel";"7";"794"
"Monolink";"Amniotic";"1";"4196"
"Jan Turkenburg";"Get Lost V mixed by Acid Pauli";"1";"4197"
"Julien Dyne";"Teal";"18";"266"
"Art Tatum";"The Collection";"1";"4198"
"Kay Starr";"Songs by Kay Starr";"1";"4199"
"Johnny Hodges";"Johnny Hodges With Billy Strayhorn And The Orchestra";"1";"4200"
"Thad Jones";"Mad Thad";"1";"4201"
"Claude Thornhill & His Orchestra";"BD Music & Cabu Present Gil Evans";"1";"4202"
"Niccolò Paganini";"Classic Wynton";"1";"4203"
"Weather Report";"I Sing the Body Electric";"1";"4204"
"Ana Moura";"Desfado";"1";"4205"
"Sergei Rachmaninoff";"Ruth Laredo Plays Rachmaninoff - The Complete Solo Piano Music";"1";"4206"
"The Dave Brubeck Quartet";"Jazz Impressions Of Japan";"1";"4207"
"Gonzalo Rubalcaba";"Supernova";"11";"485"
"Dieter Klöcker";"Mozart, Eybler, Süssmayr: Klarinettenkonzerte";"2";"2442"
"Earl Sweatshirt";"Some Rap Songs";"2";"2443"
"Shuta Hasunuma";"OK Bamboo";"1";"4208"
"Sultan Shakes";"Covered In Gloria";"3";"1711"
"Melodiesinfonie";"Chillhop Essentials Winter 2018";"2";"2444"
"Aso";"Through the Looking Glass";"2";"2445"
"Mariah";"Utakata no Hibi";"1";"4209"
"Joey Pecoraro";"Chillhop Essentials Winter 2017";"1";"4210"
"Jazz Dialogue";"Quintessenz Und Ihre Nuance Instrumentals";"2";"2446"
"knowmadic";"horizons";"1";"4211"
"Damu The Fudgemunk";"Full Time";"1";"4212"
"CoryaYo";"More Life";"8";"689"
"Shaqdi";"Colorless";"1";"4213"
"$oudière";"3 A.M Stories";"4";"1347"
"Matthew Halsall";"When The World Was One";"5";"1114"
"Tenesha The Wordsmith feat.DJ Khalab";"Dangerous Women";"7";"795"
"Al Dobson Jr.";"Shikimi Greetings";"1";"4214"
"Oscar Jerome";"Do You Really (Live)";"1";"4215"
"Bassekou Kouyate";"Deli";"3";"1712"
"Uniting Of Opposites";"Ancient Lights";"4";"1348"
"INTINAHUAL";"Tlalolin EP";"5";"1115"
"Afterclapp";"Beatgarden";"10";"539"
"The Deli";"Encounters";"1";"4216"
"Nujabes";"Metaphorical Music";"1";"4217"
"Tangerine Dream";"Dream Sequence";"1";"4218"
"Soulchef";"Escapism: Instrumentals";"1";"4219"
"momü";"yesterday's ifs...";"1";"4220"
"FloFilz";"Re.verse";"1";"4221"
"DJ YUNG VAMP";"I NEED MORE BLOOD";"3";"1713"
"SwuM";"SwuM";"1";"4222"
"A Tribe Called Quest";"Midnight Marauders";"1";"4223"
"Kupla";"Taiga Native";"1";"4224"
"Kenji";"Settling In";"1";"4225"
"Joey Pecoraro";"It's Alright";"1";"4226"
"Ryan Peña";"With Ease.";"2";"2447"
"Slight";"SLIGHT COLLECTION VOL. 1";"3";"1714"
"P. Adrix";"Álbum Desconhecido";"1";"4227"
"Julien Dyne";"DJ-Kicks (Moodymann) [Mixed Tracks]";"2";"2448"
"Talaboman";"The Night Land";"24";"171"
"Toshio Matsuura Group";"LOVEPLAYDANCE";"1";"4228"
"LAKEY INSPIRED";"Fast Lane";"1";"4229"
"Gigi Masin";"Wind";"1";"4230"
"C Y G N";"BODY N SOUL";"1";"4231"
"Joey Pecoraro";"Tired Boy";"1";"4232"
"Shamana";"blunts";"2";"2449"
"Home";"Odyssey";"1";"4233"
"Freddie Joachim";"Sugar";"1";"4234"
"Handbook";"Rising Sun";"1";"4235"
"momü";"kisses you and then...";"1";"4236"
"9th Wonder";"Zion II";"1";"4237"
"Melodiesinfonie";"Friede Freude";"1";"4238"
"Melodiesinfonie";"Sichtexotica IV";"1";"4239"
"Stan Forebee";"Release of the Unreleased";"1";"4240"
"Derek Michael";"Astral Dust";"4";"1349"
"Sam Dees";"Second to None";"1";"4241"
"Charlie Haden";"The Land Of The Sun";"2";"2450"
"Various artists (2)";"Horace - Scope";"7";"796"
"Eric Dolphy";"Far Cry";"1";"4242"
"Blossom Dearie";"They Say It's Spring";"1";"4243"
"The Nat King Cole Trio";"The Complete Capitol Recordings of the Nat King Cole Trio";"1";"4244"
"Louis Moreau Gottschalk";"Gottschalk: 40 Works for Piano";"1";"4245"
"James Carter";"Conversin' With the Elders";"1";"4246"
"Ludwig van Beethoven";"Beethoven: Bagatelles, Op. 33 & Op. 126 - Gould Remastered";"1";"4247"
"Eddie Harris";"Mean Greens";"1";"4248"
"Mily Balakirev";"BALAKIREV: COMPLETE PIANO WORKS";"1";"4249"
"Andy Sheppard";"Rhythm Method";"1";"4250"
"McCoy Tyner Trio";"Inception";"1";"4251"
"Horace Silver Quintet";"Blowin' the Blues Away (Original Album Plus Bonus Tracks 1959)";"1";"4252"
"Lennie Niehaus";"The Octet";"1";"4253"
"The Dave Brubeck Quartet";"Die Legenden des Jazz - Dave Brubeck";"1";"4254"
"Joe Henderson";"50 Years MPS";"3";"1715"
"Volker Kriegel";"50 Years MPS";"4";"1350"
"Don Ellis Band";"50 Years MPS";"3";"1716"
"Oscar Peterson Trio";"50 Years MPS";"3";"1717"
"China Moses";"50 Years MPS";"3";"1718"
"George Duke";"50 Years MPS";"2";"2451"
"Elvin Jones Jazz Machine";"50 Years MPS";"2";"2452"
"Vakula";"Edelweiss Reflection";"21";"209"
"Sascha Funke";"Wismut";"15";"332"
"China Moses";"Nightintales";"16";"306"
"Nightmares on Wax";"Good Ship";"1";"4255"
"Nightmares on Wax";"Shape The Future";"15";"333"
"Flamingo Pier";"Find Your Way";"1";"4256"
"Flamingo Pier";"FPC001";"1";"4257"
"soundspecies";"Soundspecies & Ache Meyi";"3";"1719"
"Viken Arman";"Belong";"4";"1351"
"Weval";"Heaven, Listen";"9";"605"
"Twerking Class Heroes";"Boombia";"4";"1352"
"Brigade";"To Cats We Go";"5";"1116"
"Dave Brubeck";"BRUBECK: Nocturnes";"1";"4258"
"Keith Jarrett";"La Scala";"1";"4259"
"Igor Stravinsky";"Stravinsky: The Firebird Suite (1910); Pulcinella Suite; Suites Nos. 1 & 2 for Small Orchestra [Classic Library]";"1";"4260"
"Hampton Hawes Trio";"Hampton Hawes Trio, Vol. 1";"1";"4261"
"Sarah Vaughan";"Alone Together: The Best Of The Mercury Years";"1";"4262"
"Lee Konitz";"Satori";"1";"4263"
"Henry Purcell";"Purcell: Love Songs";"1";"4264"
"Billie Holiday";"Billy Remembers Billie";"1";"4265"
"Selaelo Selota";"Enchanted Gardens";"1";"4266"
"Hank Jones";"Upon Reflection: The Music Of Thad Jones";"1";"4267"
"Baldassare Galuppi";"Galuppi, Piano Sonatas";"1";"4268"
"Cedar Walton";"Second Set";"1";"4269"
"Lennie Tristano";"Lennie Tristano / The New Tristano";"1";"4270"
"Melody Gardot";"My One And Only Thrill";"1";"4271"
"All in One";"all in one";"4";"1353"
"Baby Ford";"Ford Trax";"1";"4272"
"Brian Keane featuring Omar Faruk Tekbilek, Dinçer Dalkiliç, Emin Gündüz";"Süleyman The Magnificent";"7";"797"
"Cocteau Twins";"Blue Bell Knoll";"2";"2453"
"Eric B. & Rakim";"Follow the Leader";"3";"1720"
"Isaac Soto";"Ignite";"2";"2454"
"Benjamin Fröhlich";"Rude Collection";"1";"4273"
"Fern Kinney";"Late Night Tales: Lindstrøm";"1";"4274"
"Viken Arman";"Cosmos in Blue";"5";"1117"
"Lnrdcroy";"UNTHANK008";"1";"4275"
"Bruce Haack";"The Electric Lucifer";"1";"4276"
"James Blake";"Assume Form";"64";"29"
"Viken Arman";"Aragatz";"10";"540"
"Viken Arman";"Sireli";"4";"1354"
"Move D";"Kunststoff (Remastered)";"4";"1355"
"Joel Graham";"Geomancy";"1";"4277"
"Interstellar Funk";"Caves of Steel";"1";"4278"
"Kyle Hall";"Worx of Art";"1";"4279"
"Casually Here";"Large Hall, Low Ceiling";"2";"2455"
"Maribou State";"Spotify Singles";"6";"933"
"Viken Arman";"Charlie's Absinthe";"2";"2456"
"Lucrecia Dalt";"Anticlines";"1";"4280"
"Lawrence Hart";"Ochre";"1";"4281"
"Georgia Anne Muldrow";"Overload";"4";"1356"
"Nicola Cruz";"Siku";"46";"60"
"Schrecken & Bernhard Bauch";"Schrecken & Bernhard Bauch";"18";"267"
"Caroline Rose";"Loner";"12";"442"
"Louis Cole";"Album 2";"1";"4282"
"Ben Hayes";"Ready Yet";"10";"541"
"Andrew Bird";"Sisyphus";"1";"4283"
"Viken Arman";"Close (Your Eyes)";"4";"1357"
"Weval";"Are You Even Real";"1";"4284"
"Dexter Story";"Shuruba Song";"3";"1721"
"Te'Amir";"Abyssinia & Abyssinia Rise";"11";"486"
"Beatrice Dillon & Kassem Mosse";"Pulse 12''";"3";"1722"
"Vedagor";"Untitled EP";"5";"1118"
"Phaserboys";"Phaserboys EP";"15";"334"
"V (24)";"13th District";"30";"122"
"Kid Koala";"Music To Draw To: Io";"1";"4285"
"Vedomir";"Vedomir";"21";"210"
"environments";"Disc 1-Psychologically Ultimate Seashore";"3";"1723"
"Four Tet";"Live at Funkhaus Berlin, 10th May 2018";"5";"1119"
"Audion";"Alpha";"1";"4286"
"Dionigi";"Luce Cinerea";"1";"4287"
"Dionigi";"Sugar Drum";"1";"4288"
"Atom TM";"CMYK";"2";"2457"
"Atom TM";"Señor Coconut / Around the World";"1";"4289"
"Atom TM";"Señor Coconut / Fiesta Songs";"1";"4290"
"Dusty Baron";"A Little Comedy, A Little Drama";"13";"399"
"DJ Nature & Kuniyuki";"A Mix Out Session";"13";"400"
"Vakula & Kuniyuki";"A Mix Out Session";"10";"542"
"K15 & Kuniyuki";"A Mix Out Session";"3";"1724"
"Kuniyuki & Jimpster";"A Mix Out Session";"6";"934"
"Isaac Soto";"The World";"4";"1358"
"Isaac Soto";"D0ppl3r";"7";"798"
"Isaac Soto";"Aleman";"1";"4291"
"Lambert";"We Share Phenomena (Instrumental Version)";"26";"150"
"The War on Drugs";"Lost in the Dream";"1";"4292"
"Fernando Falcão";"Barracas barrocas";"9";"606"
"Die Orangen";"Oodnadatta Rain";"4";"1359"
"Sampa the Great";"The Great Mixtape";"10";"543"
"Die Orangen";"Zest";"6";"935"
"Rick Cuevas";"The Birds";"1";"4293"
"Medeski, Martin & Wood";"Omnisphere";"11";"487"
"Medeski, Martin and Wood";"Omnisphere";"4";"1360"
"Mariam the Believer";"String Variations";"5";"1120"
"Coro Qom Chelaalapi";"Revisión EP";"2";"2458"
"Tommy Galento";"Big sea symphony & other locations";"2";"2459"
"Beans";"Love Me Tonight";"1";"4294"
"Theon Cross";"Panda Village";"1";"4295"
"Opio";"Wounded Healer";"1";"4296"
"Marlowe";"Marlowe";"2";"2460"
"Amber Mark";"Conexão - EP (New Version)";"1";"4297"
"SPIRAL DELUXE";"Tathata";"4";"1361"
"EARTH BOYS";"Feel the Rhythm EP";"1";"4298"
"Ben Hayes";"We Must Cultivate";"1";"4299"
"Hilmar Jensson";"Meg Nem Sa";"1";"4300"
"David August";"Times";"1";"4301"
"Landhouse";"Elyx";"2";"2461"
"Tapes";"Blau";"20";"227"
"Illa J";"Yancey Boys";"1";"4302"
"Dexter Story";"Gold";"2";"2462"
"Wolf Müller";"#Single Tracks";"7";"799"
"nkisi";"7 Directions";"2";"2463"
"Kuniyuki";"Newwave Project";"9";"607"
"Catastrophe";"La nuit est encore jeune - Vision XL";"1";"4303"
"Pariah";"Here From Where We Are";"4";"1362"
"Oscar Peterson Trio";"Walking The Line (Remastered Anniversary Edition)";"1";"4304"
"Kamaal Williams";"New Heights / Snitches Brew";"2";"2464"
"Chaos in the CBD";"Midnight In Peckham";"1";"4305"
"Aaron Parks";"Little Big";"1";"4306"
"GoGo Penguin";"v2.0";"1";"4307"
"Chelou";"She Rock I Roll";"8";"690"
"Wilma Vritra";"Targets & Digits";"13";"401"
"Jimmy Smith";"Root Down";"1";"4308"
"Rene Schier";"It Is Not Enough to Love!!!!!";"1";"4309"
"Will Dimaggio";"At Ease";"31";"118"
"Viken Arman";"Willow";"13";"402"
"Me and My Friends";"Nova Tunes 3.9";"3";"1725"
"Prins Thomas";"Feel The Love";"5";"1121"
"De Pikles";"La Piragua";"1";"4310"
"Weval";"The Weight";"19";"250"
"David Stout";"Switched-On Eugene";"1";"4311"
"Phyllyp Vernacular";"Switched-On Eugene";"1";"4312"
"Joey Pecoraro";"Music for Happiness";"23";"184"
"Pinty";"City Limits";"21";"211"
"Ibu Selva";"Navío ep";"6";"936"
"azul-revolto";"Livid";"1";"4313"
"Mocky";"A Day At United";"9";"608"
"Oberst & Buchner";"Sfumato";"1";"4314"
"Pinty";"Nightcrawler";"1";"4315"
"Pinty";"Tropical Bleu";"6";"937"
"Jamie Isaac";"Fool'n";"2";"2465"
"Max Graef";"The Yard Work Simulator";"11";"488"
"Vedomir";"Musical Suprematism / Dreams (Dettmann Remixes)";"2";"2466"
"Dan Croll";"Emerging Adulthood";"1";"4316"
"kalupke";"Consensual Love";"13";"403"
"William Arcane";"Hourglass";"10";"544"
"Birdhouse";"Birdhouse Sessions, Vol. 1";"38";"90"
"Genius of Time";"Juno Jam EP";"7";"800"
"Peter Power";"Umaé";"8";"691"
"Moonstarr";"10th Anniversary Compilation: Never Stop Digging";"3";"1726"
"Genius of Time";"Gliese 581g";"1";"4317"
"Various artists (2)";"Voyager";"10";"545"
"Nomade Records";"Levantamiento Colectivo - Compilacion #2";"3";"1727"
"Lena Willikens";"Beginning c/w Lena Willikens Remix";"2";"2467"
"Tommy Guerrero";"Road to Knowhere";"6";"938"
"The Elder Statesman";"Montreux Sunrise / Trans-Alpine Express (feat. Lord Echo)";"1";"4318"
"Catching Flies";"New Gods (feat. Jay Prince & Oscar Jerome)";"1";"4319"
"Catching Flies";"The Stars";"1";"4320"
"Brian Eno";"Reflection (Excerpt)";"1";"4321"
"Maajo";"Sèmbè";"5";"1122"
"Jean-Luc Ponty";"Tchokola";"3";"1728"
"Glenn Astro";"Do You Really (Remix)";"5";"1123"
"Kaitlyn Aurelia Smith";"Tides: Music for Meditation and Yoga";"66";"27"
"Kid Koala";"Music To Draw To: Satellite";"15";"335"
"Kuniyuki Takahashi";"Walking In The Naked City";"5";"1124"
"Agnes Obel";"Late Night Tales: Agnes Obel";"1";"4322"
"Hiromi";"Alive";"1";"4323"
"Wilma Vritra";"The Hill";"2";"2468"
"Hendrick Valera";"let it go";"1";"4324"
"Skinny Pelembe";"No Blacks, No Dogs, No Irish";"6";"939"
"Vernal Equinox";"New Found World";"2";"2469"
"Biralo";"Lost Jungle";"1";"4325"
"Scott Xylo";"R E L A T I V E S";"1";"4326"
"Flamingods";"Paradise Drive";"1";"4327"
"Yellow Shoots";"Magic Man (feat. Braxton Cook)";"12";"443"
"Yellow Shoots";"everything";"5";"1125"
"Kokoroko";"Kokoroko";"27";"141"
"Scott Xylo";"Morpheus";"1";"4328"
"Kerala Dust";"My Melodic Tech House";"1";"4329"
"Acid Pauli";"My Melodic Tech House";"1";"4330"
"Hidden Spheres";"Words Can't Explain (feat. Oscar Jerome)";"1";"4331"
"Anchorsong";"Ancestors (Souleance Remix)";"5";"1126"
"Alfa Mist";"Retainer";"9";"609"
"Kornél Kovács";"Rocks";"1";"4332"
"Kerala Dust";"Closer";"1";"4333"
"BRANKO";"Nosso";"5";"1127"
"KH";"Only Human";"2";"2470"
"The Comet Is Coming";"Unity";"1";"4334"
"Bonobo";"fabric Presents Bonobo (DJ Mix)";"8";"692"
"Poté";"fabric Presents Bonobo (DJ Mix)";"3";"1729"
"Alex Kassian";"fabric Presents Bonobo (DJ Mix)";"3";"1730"
"âme";"fabric Presents Bonobo (DJ Mix)";"3";"1731"
"Durante";"fabric Presents Bonobo (DJ Mix)";"3";"1732"
"Harry Charles";"Evelyn";"4";"1363"
"Ian Ewing";"Overnight";"1";"4335"
"Dark Sky";"fabric Presents Bonobo (DJ Mix)";"2";"2471"
"Olsen";"fabric Presents Bonobo (DJ Mix)";"2";"2472"
"Lee Ritenour";"Rit, Vol. 1";"1";"4336"
"Chasman";"Synth-E-Fuge";"1";"4337"
"Sony Enang";"Doing It in Lagos: Boogie, Pop & Disco in 1980's Nigeria";"2";"2473"
"Cerrone";"The Best Of Kongas";"1";"4338"
"Steve Marshall";"Do What You Will";"1";"4339"
"Janus Rasmussen";"Lilla";"18";"268"
"Earthboogie";"Mushrooms Project vs Earthboogie Remix EP";"3";"1733"
"Theon Cross";"Fyah";"1";"4340"
"Janus Rasmussen";"Green Wine";"1";"4341"
"Caribou";"Start Breaking My Heart (Special Edition)";"1";"4342"
"HNNY";"2014.12.31";"2";"2474"
"Neil Cowley Trio";"Death of Amygdala (Christian Löffler Remix)";"1";"4343"
"Laurence Guy";"Making Music Is Bad For Your Self Esteem";"32";"114"
"Vakula";"Leleka 002";"2";"2475"
"Colin Matthews";"NMC 30th Anniversary Mixtape (Beatrice Dillon Remix)";"1";"4344"
"Dexter Story";"Bahir";"51";"52"
"d'Voxx";"Télégraphe";"1";"4345"
"Jay Glass Dubs";"Epitaph";"6";"940"
"Kuniyuki Takahashi";"Dancing In The Naked City";"6";"941"
"Ensemble Economique";"In Silhouette";"1";"4346"
"Waak Waak Djungi";"Waak Waak Ga Min Min";"1";"4347"
"Sonny Sharrock";"Black Woman";"2";"2476"
"Owiny Sigoma Band";"Doyoi Nyajo Nam";"2";"2477"
"Sly & Robbie";"Reggae Greats";"5";"1128"
"Lijadu Sisters";"Horizon Unlimited";"7";"801"
"LA Priest";"Inji";"15";"336"
"Kalbata";"Al Shark";"2";"2478"
"Tapes";"Tapes Meets The Drums Of Wareika Hill Sounds";"1";"4348"
"moscoman";"Fernandez (Red Axes Remix)";"1";"4349"
"Saâda Bonaire";"Saâda Bonaire";"4";"1364"
"Jill Kroesen";"Stop Vicious Cycles, Vol. 1";"1";"4350"
"Midori Takada";"Through the Looking Glass";"3";"1734"
"Urfali Babi";"Istanbul 70: Psych Disco Folk Edits by Baris K - Vol. II";"1";"4351"
"Finis Africae";"Finis Africae";"1";"4352"
"Waipod Phetsuphan";"Sound of Siam, Vol. 1 - Leftfield Luk Thung, Jazz & Molam in Thailand 1964-1975 (Soundway Records)";"1";"4353"
"Orchestra Baobab";"Orchestra Baobab - Classic Titles";"1";"4354"
"Tempel Rytmik";"DJ-Kicks (John Talabot)";"1";"4355"
"Lawrence le doux";"A New Sun Is Rising";"14";"363"
"John Talabot";"A New Sun Is Rising";"4";"1365"
"Khidja";"A New Sun Is Rising";"1";"4356"
"John Talabot";"Voices";"1";"4357"
"Pedro Vian";"Pedro Vian (Remixes)";"1";"4358"
"Ben Lukas Boysen";"Everything";"1";"4359"
"Pye Corner Audio";"DJ-Kicks";"1";"4360"
"Sir Victor Uwaifo";"Greatest Hits Vol.1";"7";"802"
"Luiz Henrique";"Mr Bongo Record Club Volume 2";"1";"4361"
"Aroop Roy";"What I Love";"13";"404"
"Ibu Selva";"Selva";"3";"1735"
"Jon Hopkins";"How I Live Now OST";"1";"4362"
"young wolf";"Kabuki";"4";"1366"
"Bombino";"Azel";"1";"4363"
"Holly Walker";"Straight Line (Remixed)";"13";"405"
"Zapatilla";"Crumbling Down";"3";"1736"
"Zapatilla";"Concrete Words";"1";"4364"
"Neil Cowley";"Grains & Motes";"42";"78"
"MAST (4)";"Thelonious Sphere Monk";"1";"4365"
"DJs Pareja";"Alto";"1";"4366"
"Gesaffelstein";"Hyperion";"1";"4367"
"The Chemical Brothers";"Free Yourself (Paranoid London Remix)";"1";"4368"
"Maxmillion Dunbar";"American Noise";"1";"4369"
"Armando";"Live at Robert Johnson Vol.5";"1";"4370"
"Aphex Twin";"Selected Ambient Works 85-92";"1";"4371"
"Firma Do Txiga";"Firma do Txiga";"1";"4372"
"Atom TM";"Acid Evolution 1988-2003";"1";"4373"
"Üdytü Ützeltürk And His Male Harem";"Kairo";"1";"4374"
"Jennifer Lara";"Studio One Women";"7";"803"
"Arthur Miles";"Night Flight";"2";"2479"
"Zapatilla";"How Long";"4";"1367"
"Fantastic Mr Fox";"Evelyn";"2";"2480"
"Frits Wentink";"Two Bar House Music & Chord Stuff, Vol. 2";"1";"4375"
"Various artists (2)";"Wild World";"33";"108"
"Mitú";"Los Ángeles";"1";"4376"
"SLG";"Potop EP";"3";"1737"
"Qtier";"Set Me On";"3";"1738"
"Nadine Shah";"Holiday Destination";"2";"2481"
"Neil Cowley Trio";"Spacebound Tapes";"3";"1739"
"Luiz Bonfá";"Jacarandá";"2";"2482"
"Andrew Bird";"Armchair Apocrypha";"1";"4377"
"Tirzah";"Make It Up";"5";"1129"
"Holly Walker";"Straight Line";"1";"4378"
"Etta Bond";"Kiss My Girlfriend";"3";"1740"
"La Lupe";"The Best";"1";"4379"
"Frank Zappa";"Civilization Phaze III: Act One";"4";"1368"
"Jon Wesseltoft";"Nature Lovers";"2";"2483"
"Oliver Coates";"Shelley's on Zenn-La";"2";"2484"
"Harmonia";"Musik von Harmonia";"3";"1741"
"Peter Power";"Awake Into Life";"5";"1130"
"Peter Power & Psilosamples";"Awake Into Life";"3";"1742"
"Leonidas Jancidakis, Mauricio Sprovieri & Renato Nassif";"Awake Into Life";"1";"4380"
"Peter Power & Bronze Savage";"Awake Into Life";"2";"2485"
"Jlin";"Black Origami";"1";"4381"
"Unknown Mortal Orchestra";"II";"1";"4382"
"Pye Corner Audio";"Where Things Are Hollow";"1";"4383"
"Her";"I Used To Know Her - Part 2 - EP";"1";"4384"
"Bèzuayènè Zègèyè";"Ethiopiques, Vol. 5: Tigrigna Music 1970-1975";"2";"2486"
"Gregory Isaacs";"Mr. Isaacs";"1";"4385"
"Teta Lando";"Angola, Soundtrack 2: Hypnosis, Distortions & Other Sonic Innovations 1969-1978 (Analog Africa No. 15)";"3";"1743"
"Sir Shina Peters";"Nigeria 70 - Lagos Jump";"2";"2487"
"Delicious Inc.";"Eau de chantè";"3";"1744"
"Nastro";"A New Sun Is Rising";"1";"4386"
"Steve Spacek";"Natural Sci-Fi";"1";"4387"
"Mount Kimbie";"Marilyn";"1";"4388"
"Mount Kimbie";"Love What Survives";"2";"2488"
"Kuniyuki";"We Are Together";"2";"2489"
"Vakula:Kez YMV";"Sound Of Speed Attack The Soundsystem";"1";"4389"
"Aroop Roy";"Talkin Bout Life";"1";"4390"
"kilchhofer";"Moto Perpetuo";"4";"1369"
"Rob";"Funky Rob Way";"2";"2490"
"Morcheeba";"It's Summertime (Lindstrom & Prins Thomas Remixes)";"2";"2491"
"Tunnelvisions";"The Celestial Remixes";"3";"1745"
"Cyro Baptista";"Infinito";"13";"406"
"Iñigo Vontier";"CULTED002";"1";"4391"
"Footshooter";"Footshooter / Technicolour Nights";"11";"489"
"Chaos in the CBD";"Global Erosion / Background Explorer";"6";"942"
"Dreem Lion";"CULTED002";"1";"4392"
"Alexis Le-Fan";"CULTED002";"1";"4393"
"Pulo Ndj";"Desert to Douala";"22";"195"
"Ibu Selva";"Bolo'bolo";"3";"1746"
"Kraut";"Universo Sin Fronteras";"3";"1747"
"Luiz Bonfá";"Jacaranda";"2";"2492"
"LOVE, PEACE & TRANCE";"LOVE, PEACE & TRANCE";"1";"4394"
"Alfa Mist";"Mulago";"2";"2493"
"Visible Cloaks";"Stratum";"1";"4395"
"Laurel Halo";"DJ-Kicks (Laurel Halo) [DJ Mix]";"2";"2494"
"Stallone The Reducer";"DJ-Kicks (Laurel Halo) [DJ Mix]";"2";"2495"
"Red Axes";"DJ-Kicks (Laurel Halo) [DJ Mix]";"2";"2496"
"Parris";"DJ-Kicks (Laurel Halo) [DJ Mix]";"2";"2497"
"Rrose";"DJ-Kicks (Laurel Halo) [DJ Mix]";"2";"2498"
"Machine Woman";"DJ-Kicks (Laurel Halo) [DJ Mix]";"2";"2499"
"Tenesha The Wordsmith";"International Women's Day OtC";"2";"2500"
"Siti Muharam";"International Women's Day OtC";"1";"4396"
"Scott Xylo";"A Night With Chey";"7";"804"
"Love";"Love, Peace & Trance";"12";"444"
"Matanza;Maywa";"Matanza";"1";"4397"
"Janus Rasmussen";"Vín";"47";"57"
"Sarah Davachi";"Late Night Tales: Floating Points";"1";"4398"
"Time Wharp";"Radical American Hippy Kraut";"1";"4399"
"Jiony";"Paliativos";"21";"212"
"RELAÉN";"Twines";"5";"1131"
"Federico Durand";"Pequeñas Melodias";"11";"490"
"Leifur James";"Wurlitzer";"8";"693"
"Kornél Kovács";"Marathon";"1";"4400"
"Wu-Lu";"Seven";"1";"4401"
"Scrimshire";"Won't Get Better";"1";"4402"
"King Gizzard & The Lizard Wizard";"Boogieman Sam";"1";"4403"
"Move D";"East to West";"5";"1132"
"RELAÉN";"Bedtime (A Tribute to Herbie Hancock) / Beat #6 EP";"4";"1370"
"Benjamin Brunn";"East to West";"2";"2501"
"Federico Durand";"La Niña Junco";"6";"943"
"African Vibration";"Hinde";"7";"805"
"Quixosis";"Camino Seco";"3";"1748"
"Loya";"Corail (Remixed)";"4";"1371"
"Lord Echo";"The Sweetest Meditation (Remixes)";"3";"1749"
"Cyro Baptista";"Beat the Donkey";"18";"269"
"Slow Nomaden";"Journey";"2";"2502"
"Jiony";"Música de Hueva";"13";"407"
"Daniel Brandt";"Flamingo";"6";"944"
"Dreems";"In The Desert, Pt. 2";"1";"4404"
"Wilma Vritra";"Burd";"26";"151"
"Boogat";"San Cristóbal Baile Inn";"5";"1133"
"Shimshon Miel";"Amsterdam to Nueiba";"3";"1750"
"Khaled Kurbeh";"Shamal";"7";"806"
"Admin";"Spirit Boogie";"2";"2503"
"Michal Turtle";"Middle of the Road Less Travelled";"1";"4405"
"Lord Echo";"Shades / Tennis";"4";"1372"
"Ciel";"Hundred Flowers";"1";"4406"
"Vakula";"SHEVC003";"3";"1751"
"Mulatu Astatke";"New York - Addis - London: The Story Of Ethio Jazz 1965-1975";"1";"4407"
"Christian Löffler";"Graal (Prologue)";"11";"491"
"Khaled Kurbeh";"Aphorisms";"7";"807"
"Samo DJ";"Powder in Space (DJ Mix)";"2";"2504"
"Tornado Wallace";"Powder in Space (DJ Mix)";"2";"2505"
"Acid Pauli";"Powder in Space (DJ Mix)";"2";"2506"
"Don't Dj";"Powder in Space (DJ Mix)";"2";"2507"
"Daphne";"Powder in Space (DJ Mix)";"2";"2508"
"Vedagor";"Powder in Space (DJ Mix)";"2";"2509"
"Second Language";"Powder in Space (DJ Mix)";"2";"2510"
"Tiago";"Powder in Space (DJ Mix)";"3";"1752"
"Karamika";"Powder in Space (DJ Mix)";"4";"1373"
"The Sun God";"Powder in Space (DJ Mix)";"2";"2511"
"Powder";"Powder in Space (DJ Mix)";"2";"2512"
"Vertigo Inc";"Powder in Space (DJ Mix)";"1";"4408"
"K-Line";"Powder in Space (DJ Mix)";"1";"4409"
"Kettenkarussell";"Powder in Space (DJ Mix)";"1";"4410"
"jules etienne";"Powder in Space (DJ Mix)";"1";"4411"
"Lord of the Isles";"Powder in Space (DJ Mix)";"2";"2513"
"COS/MES";"Powder in Space (DJ Mix)";"1";"4412"
"AkizzBeatzz";"The Abkhaz Of Caucasus";"1";"4413"
"Powder";"Highly";"13";"408"
"Neil Cowley";"Solitary Refinement";"4";"1374"
"Neil Cowley";"Zephyr";"1";"4414"
"Marie Davidson";"Work It (Soulwax Remix)";"9";"610"
"Max Cooper";"Emergence";"10";"546"
"Theo Parrish";"Detroit Beatdown Remixes 1: 2";"2";"2514"
"Call Super";"Arpo";"20";"228"
"Sylvan Esso";"Sylvan Esso";"1";"4415"
"Maceo & The Macks";"I Know You Got Soul: 17 Club & Warehouse Party Classics (Part 1)";"1";"4416"
"Lamb";"Lamb";"1";"4417"
"Shlohmo";"The End";"10";"547"
"Sir Shina Peters";"Sewele";"1";"4418"
"James Alexander Bright";"Tigers Roar";"1";"4419"
"bastien keb";"Oteh Washington";"1";"4420"
"Masked Man";"That Neo Soul";"1";"4421"
"JrD.";"Solace EP";"1";"4422"
"Kupla";"All Natural";"2";"2515"
"Charlie Megira";"DA ABTOMATIC MEISTERZINGER MAMBO CHIC";"1";"4423"
"Ernesto Djédjé";"Le Roi du Ziglibithy";"1";"4424"
"Timmy Thomas";"Why Can't We Live Together";"4";"1375"
"R. D. Burman";"Sholay";"1";"4425"
"Letta Mbulu";"Greatest Hits";"2";"2516"
"George McCrae";"Rock Your Baby";"5";"1134"
"Can";"Flow Motion (Remastered)";"2";"2517"
"Kaada";"Thank You for Giving Me Your Valuable Time";"3";"1753"
"Desmond Dekker";"This Is Desmond Dekker (Enhanced Edition)";"4";"1376"
"Susumu Yokota";"Sakura";"13";"409"
"D.R. Hooker";"The Truth";"1";"4426"
"Dan Bay";"Decelerate";"2";"2518"
"Zongamin";"Zongamin";"1";"4427"
"The Durutti Column";"The Return of the Durutti Column";"3";"1754"
"Eddie Warner";"Luke Vibert's Nuggets";"1";"4428"
"CHIEMI ERI";"Nova le grand mix 2016";"1";"4429"
"The People Star";"Nigeria Special Volume 2: Modern Highlife, Afro-Sounds and Nigerian Blues";"1";"4430"
"The Apostles";"Feeling Happy";"3";"1755"
"STEVE MONITE";"Doing It in Lagos: Boogie, Pop & Disco in 1980's Nigeria";"1";"4431"
"Sweet Talks";"Adjoa";"1";"4432"
"Lidaju Sisters";"Nigeria 70 Vol. 1";"1";"4433"
"A Macaca";"#Single Tracks";"2";"2519"
"Umoja";"Danzi!";"1";"4434"
"Shina Williams & His African Percussionists";"African Dances";"1";"4435"
"Sivu";"Sweet Sweet Silent (Deluxe Edition)";"3";"1756"
"Daboa";"From the Gekko";"1";"4436"
"Shina Williams & His African Percussionists";"Nigeria 70 Vol. 1";"1";"4437"
"Gnonnas Pédro";"Sofrito: Tropical Discotheque";"7";"808"
"Superpitcher";"The Golden Ravedays 8";"1";"4438"
"Hany Mehanna";"The Miracles Of The Seven Dances";"1";"4439"
"Miriam Makeba";"A Promise";"2";"2520"
"Tenor Saw";"Little Sound Boy";"8";"694"
"Sizike";"U Zemlji Cuda With Lost DATA Tracks";"3";"1757"
"Orange Juice";"Rip It Up";"1";"4440"
"France Gall";"Grandes Éxitos (Remastered)";"1";"4441"
"Harmonic Sounds Band";"Eccentric Soul: The Prix Label";"1";"4442"
"Quiet Storm";"Purple Snow: Forecasting the Minneapolis Sound";"1";"4443"
"The Time";"What Time Is It?";"1";"4444"
"Cheryl Lynn";"Preppie (Expanded Edition)";"1";"4445"
"Lord Rhaburn";"Cult Cargo: Belize City Boil Up";"1";"4446"
"Sons Of The Kingdom";"Soul Messages From Dimona";"1";"4447"
"Atomic Forest";"Obsession '77";"1";"4448"
"Los Aragon";"Bailando En La Loma";"1";"4449"
"Jack Bruce";"Things We Like";"1";"4450"
"A Made Up Sound";"Night Owl";"1";"4451"
"Wolf MÃ¼ller meets the Nile Project";"Wolf MÃ¼ller meets the Nile Project";"4";"1377"
"Cyro Baptista";"Love the Donkey";"2";"2521"
"GUY ONE";"Bitteschön, Philophon!";"1";"4452"
"Alèmayèhu Eshèté";"Bitteschön, Philophon!";"1";"4453"
"Jimi Tenor";"Bitteschön, Philophon!";"1";"4454"
"Y-Bayani and Baby Naa & their Band of Enlightenment Reason and Love";"Bitteschön, Philophon!";"1";"4455"
"Bajka";"Bitteschön, Philophon!";"1";"4456"
"Lee Dodou";"Bitteschön, Philophon!";"1";"4457"
"Alogte Oho & His Sounds of Joy";"Bitteschön, Philophon!";"1";"4458"
"Hailu Mergia";"Bitteschön, Philophon!";"1";"4459"
"Y-Bayani & His Band of Enlightenment Reason and Love";"Bitteschön, Philophon!";"4";"1378"
"The Polyversal Souls";"Bitteschön, Philophon!";"6";"945"
"Nu Guinea";"Afrobeat Makers, Vol. 3 (The Tony Allen Experiments)";"22";"196"
"Alfa Mist";"Structuralism";"14";"364"
"Skinny Pelembe";"Dreaming Is Dead Now";"23";"185"
"Richard Bone";"Lost Transmissions From the Off-World Territories";"1";"4460"
"Aparde";"Hands Rest";"2";"2522"
"Ariwo";"El Alacrán";"1";"4461"
"Wolf Müller";"Wolf Müller meets the Nile Project";"11";"492"
"Benedikt Frey";"Artificial";"6";"946"
"Josin";"In The Blank Space";"1";"4462"
"Leonidas Jancidakis";"Awake Into Life";"1";"4463"
"Peter Power";"#Single Tracks";"2";"2523"
"Martha Van Straaten";"#Single Tracks";"5";"1135"
"kurup";"Lusco Fusco";"4";"1379"
"Sam Irl";"10th Anniversary Compilation: Never Stop Digging";"1";"4464"
"Jesse Futerman";"10th Anniversary Compilation: Never Stop Digging";"1";"4465"
"Igor Jadranin";"10th Anniversary Compilation: Never Stop Digging";"1";"4466"
"Deadboy";"10th Anniversary Compilation: Never Stop Digging";"1";"4467"
"Poirier";"10th Anniversary Compilation: Never Stop Digging";"2";"2524"
"Smbd";"10th Anniversary Compilation: Never Stop Digging";"2";"2525"
"Duke Hugh";"10th Anniversary Compilation: Never Stop Digging";"2";"2526"
"Space Invadas";"Now That I Know";"3";"1758"
"Rejjie Snow";"D.R.U.G.S.";"1";"4468"
"Eric Lau";"Examples";"1";"4469"
"13th Amendment";"Eccentric Soul: Omnibus";"1";"4470"
"Elijah & The Ebonites";"Eccentric Soul: The Capsoul Label";"2";"2527"
"Young Senators";"Jungle b/w That's the Way It Is";"3";"1759"
"Nathan Britton";"Neo Soul Collective, Pt. 1";"1";"4471"
"Nathan Britton";"After Hours at the Piano Bar Soho";"1";"4472"
"EVM 128 Edit";"10th Anniversary Compilation: Never Stop Digging";"1";"4473"
"Clutchy Hopkins";"10th Anniversary Compilation: Never Stop Digging";"1";"4474"
"Liquid Pegasus";"10th Anniversary Compilation: Never Stop Digging";"2";"2528"
"Jitwam";"10th Anniversary Compilation: Never Stop Digging";"2";"2529"
"Colm K Edit";"10th Anniversary Compilation: Never Stop Digging";"1";"4475"
"Dr. Mad";"10th Anniversary Compilation: Never Stop Digging";"1";"4476"
"KenLo Craqnuques";"10th Anniversary Compilation: Never Stop Digging";"1";"4477"
"Various artists (15)";"Powder In Space";"43";"74"
"Moses Boyd";"Compilation For Dominica";"1";"4478"
"Victim Rebirth";"FABRICLIVE.100 - Kode9 & Burial";"1";"4479"
"Wolf Müller; Niklas Wandt";"Instrumentalmusik von der Mitte der World";"3";"1760"
"Uku Kuut";"Vision Of Estonia";"15";"337"
"DJ Chap";"FABRICLIVE.100 - Kode9 & Burial";"1";"4480"
"Pauline Anna Strom";"Trans-Millenia Consort";"2";"2530"
"Aluna";"For The Love Of The Deep Blue";"1";"4481"
"Brother Resistance";"Crown Ruler Sound compiled by Jeremy Spellacey";"1";"4482"
"Pauline Anna Storm";"Aquatic Realms";"1";"4483"
"One and Poli";"Catch a Bat";"1";"4484"
"Thomass Jackson";"CULTED004";"1";"4485"
"Ströer Duo & Howard Fine";"Nomaden";"2";"2531"
"Kay Suzuki";"Compilation For Dominica";"1";"4486"
"Mr. Fingers";"FABRICLIVE.100 - Kode9 & Burial";"1";"4487"
"02Albums";"Dusty Baron - A Little Comedy, A Little Drama (2018) (YOUTUBE RIP BAD QUALITY)";"2";"2532"
"mgun";"The Near Future";"1";"4488"
"Quixosis";"Levantamiento Colectivo - Compilación # 2";"1";"4489"
"Vakula";"Trip From Bo";"1";"4490"
"OKZharp & Manthe Ribane";"FABRICLIVE.100 - Kode9 & Burial";"1";"4491"
"Devon Russell";"Crown Ruler Sound compiled by Jeremy Spellacey";"1";"4492"
"Bella Boo";"Music Playing EP";"1";"4493"
"Vakula";"Bandura002";"5";"1136"
"EARTH BOYS";"Welcome to Earth";"1";"4494"
"Duke Hugh";"#Single Tracks";"5";"1137"
"Vakula";"Leleka001";"1";"4495"
"Vladislav Delay";"FABRICLIVE.100 - Kode9 & Burial";"1";"4496"
"Tolouse Low Trax";"Mogul 2";"1";"4497"
"Pendant";"Make Me Know You Sweet";"1";"4498"
"Will Lister";"Compilation For Dominica";"1";"4499"
"Jeff Mills";"The Outer Limits - NTS Radio Show";"2";"2533"
"A Macaca & Peter Power";"#Single Tracks";"2";"2534"
"Joe Goddard";"Pull The Plug EP feat. Kool Keith";"1";"4500"
"Duke";"Uingizaji Hewa";"1";"4501"
"Four Tet";"#Single Tracks";"1";"4502"
"KOKOKO!";"#Single Tracks";"1";"4503"
"O/Y";"#Single Tracks";"2";"2535"
"Cyro Baptista";"Caym: Book of Angels, vol. 17";"1";"4504"
"Shelly Manne";"Feeling Good: Funk, Soul & Deep Jazz Gems - The Supreme Sound of Producer Bob Shad";"1";"4505"
"The Mauskovic Dance Band";"Space Drum Machine";"1";"4506"
"Mekine U Teksi";"Steppenroboters Polyvisionen";"15";"338"
"Vakula";"Untitled EP (aka Vedagor)";"6";"947"
"Matrixxman";"Mixmag Presents Peggy Gou";"1";"4507"
"Peak Time Boys";"Edits Des Amateurs 2";"2";"2536"
"Diskoking Burnhart McKoolski";"EDA001";"3";"1761"
"Bussi Man";"Edits Des Amateurs 2";"3";"1762"
"Nuri";"DRUP";"16";"307"
"Africaine 808";"Presents : Sorry for the Delay - Wolf Müller's Most Whimsical Remixes";"1";"4508"
"soundspecies";"Presents : Sorry for the Delay - Wolf Müller's Most Whimsical Remixes";"2";"2537"
"Tolouse Low Trax";"Presents : Sorry for the Delay - Wolf Müller's Most Whimsical Remixes";"2";"2538"
"Telespazio";"Presents : Sorry for the Delay - Wolf Müller's Most Whimsical Remixes";"1";"4509"
"Altin Gün";"Gece";"3";"1763"
"Bambooman";"Whispers";"18";"270"
"Ben Hayes";"See Sun - EP";"8";"695"
"Nicola Conte";"Free Your Mind";"6";"948"
"Chaos in the CBD";"Orange Blank / Green Dove";"2";"2539"
"Bosq";"Can't Seem to Hide B/W Take Me There";"3";"1764"
"Lambert";"Stay In The Dark";"2";"2540"
"Jon Kabat-Zinn";"Mindfulness Introduction-Guided Meditation Practice";"1";"4510"
"Dandara, Arutani";"Heartache";"1";"4511"
"Islandman";"Lamani";"3";"1765"
"Chouk Bwa";"Electric Mambo";"2";"2541"
"Retiree";"Gate";"2";"2542"
"Bosq";"Celestial Strut";"13";"410"
"Bosq";"Brand New Day";"1";"4512"
"Bosq";"Love and Resistance";"7";"809"
"Auntie Flo";"Kabsa";"3";"1766"
"Efdemin";"New Atlantis";"18";"271"
"Dauwd";"Kindlinn";"2";"2543"
"Diskoking Burnhart McKoolski";"Talking About";"3";"1767"
"Goofy Man";"Edits Des Amateurs 2";"2";"2544"
"Underground Resistance";"sonic ep Vinyl";"2";"2545"
"Umeko Ando";"Ihunke Remixes";"2";"2546"
"Sophie";"Oil of Every Pearl's Un-Insides";"2";"2547"
"King Gizzard & The Lizard Wizard";"Fishing for Fishies";"1";"4513"
"Black Classical";"#Single Tracks";"2";"2548"
"kurup";"Macaúba";"2";"2549"
"Ezy & Isaac";"Crown Ruler Sound compiled by Jeremy Spellacey";"1";"4514"
"Larry Maluma & Kalimba";"Crown Ruler Sound compiled by Jeremy Spellacey";"1";"4515"
"Birdhouse";"Mama's Get Ready";"4";"1380"
"Lambert";"Alone";"52";"48"
"George McGregor & The Bronzettes";"Eccentric Soul: Twinight's Lunar Rotation";"2";"2550"
"Strata-Gemma";"Strata-Gemma";"4";"1381"
"Smith";"Janet 50";"2";"2551"
"Peak Time Boys";"Edits des Amateurs 2";"1";"4516"
"Beatrice Dillon";"#Single Tracks";"1";"4517"
"Young Marco";"#Single Tracks";"1";"4518"
"Marvin & Guy";"#Single Tracks";"1";"4519"
"El Búho";"#Single Tracks";"1";"4520"
"FYI Chris";"#Single Tracks";"1";"4521"
"O'Flynn";"Sunspear";"3";"1768"
"Madlaks";"Presents: Dance Forever";"2";"2552"
"Sweely";"All The Reasons";"7";"810"
"Alton Ellis";"Be True To Yourself: The Godfather Of Lover's Rock (Anthology 1965-1973)";"3";"1769"
"Sola Rosa";"Get It Together (Deluxe Edition)";"4";"1382"
"Slightly Stoopid";"Live & Direct: Acoustic Roots";"4";"1383"
"Nostalgia 77";"The Sleepwalking Society";"2";"2553"
"Jain";"Zanaka (Deluxe)";"1";"4522"
"Kutiman";"6 A.M.";"3";"1770"
"Ini Kamoze";"Ini Kamoze";"2";"2554"
"Rae & Christian";"Northern Sulphuric Soul";"1";"4523"
"Michael Kiwanuka";"Love & Hate";"2";"2555"
"Tinariwen";"Emmaar";"1";"4524"
"Bremer/McCoy";"Dråber";"10";"548"
"Apparat";"BRANDENBURG (Stimming Remix)";"2";"2556"
"Absolutely Free";"Currency (feat. U.S. Girls)";"2";"2557"
"Alfa Mist";"Falling";"1";"4525"
"DJ Yoda";"Home Cooking";"1";"4526"
"kurup";"Leveldva Chillrave 002";"1";"4527"
"Valentin Stip";"Sigh";"6";"949"
"Darling";"Tulipa Moves";"9";"611"
"Franco F. & Marika Lenny";"Welcome To Paradise Bonus Disc";"1";"4528"
"Solar Quest";"Orgship";"19";"251"
"Gilb'R";"Chàm";"2";"2558"
"Gilb'R";"Dekmantel 10 Years 07";"3";"1771"
"Dazion";"Dragon Wave";"1";"4529"
"Max abysmal";"Sutekh's Mirage/Donna, Don't Stop [Safe Trip]";"4";"1384"
"Franco F.";"Simulation Lab";"2";"2559"
"Klein & M.B.O.";"First";"1";"4530"
"Waffles";"Waffles 003";"1";"4531"
"Pépé Bradock";"Synthèse";"1";"4532"
"Rise of the Moon";"Flash Factor";"1";"4533"
"Brian Eno & David Byrne";"My Life in the Bush of Ghosts";"1";"4534"
"Renegade Soundwave";"Rsw 1987-1995, Cd02";"1";"4535"
"Pépé Bradock";"Red Bull Studios Paris Session";"4";"1385"
"Marcos Valle";"Marcos Valle";"2";"2560"
"Gilb'R";"Cham";"5";"1138"
"Pépé Bradock";"Acid Test 07";"5";"1139"
"Floating Points";"Elaenia";"1";"4536"
"Pye Corner Audio";"Sleep Games";"1";"4537"
"Don Carlos";"Trojan Dancehall Collection";"1";"4538"
"Antoine Kogut";"Sphere of Existence";"1";"4539"
"Darkside";"Psychic";"8";"696"
"Black Jazz Consortium";"Aggressive Moods";"1";"4540"
"The Mauskovic Dance Band";"The Mauskovic Dance Band";"5";"1140"
"Pépé Bradock";"Exodus 8";"2";"2561"
"Manfredas";"CULTED004";"2";"2562"
"Ezra Collective";"You Can't Steal My Joy";"9";"612"
"JAN KINČL";"Two Sides of Blue Funk";"1";"4541"
"Dreems";"Diamond Bay";"53";"46"
"Emmanuel Jal";"Ti Chuong Remixes";"9";"613"
"Tora Vinter";"BROR09 (Remixes)";"3";"1772"
"Justus Köhncke";"Out of the Blue 3";"1";"4542"
"Franco F. Simulation Lab";"Loop Based Collective Experience, Vol. 2";"3";"1773"
"Mixhell";"Strong and Wrong Remixes";"2";"2563"
"Thornato";"Mama Clo";"1";"4543"
"Nashil Pichen";"Kenya Special (Selected East African Recordings From The 1970s & '80s)";"1";"4544"
"Penny Penny";"Shilungu";"1";"4545"
"Sandy Harless";"Songs";"2";"2564"
"Cracky";"Planisphere";"1";"4546"
"Kiefer";"Kickinit Alone";"12";"445"
"L'Orange";"Time? Astonishing... Instrumentals!";"1";"4547"
"Mounika.";"How Are You";"9";"614"
"Pépé Bradock";"Burning";"3";"1774"
"Shackleton";"Furnace of Guts";"2";"2565"
"Nu";"Man O To";"4";"1386"
"XOA";"Heartland";"10";"549"
"Oceanvs Orientalis";"Time Traveler (Chapter 3)";"1";"4548"
"Knautic";"Papa Guédé - Random Collective Records";"3";"1775"
"Hejira";"Save it for Another";"1";"4549"
"XOA";"Mass / Mon école";"1";"4550"
"Kasper Bjørke";"Kasper Bjørke Quartet: The Fifty Eleven Project";"2";"2566"
"Congi";"Somnium";"7";"811"
"XOA";"Way West";"48";"56"
"STL";"Nonzero Sonics (Sebastian Mullaert Remixes)";"1";"4551"
"Ahmoudou Madassane";"Zerzura (Original Soundtrack Recording)";"6";"950"
"Deena Abdelwahed";"Khonnar";"1";"4552"
"Wolf Müller";"Instrumentalmusik von der Mitte der World";"24";"172"
"Jus' Us";"Local Customs: Burned At Boddie";"1";"4553"
"Jimmy Cliff";"Wonderful World, Beautiful People";"2";"2567"
"Harmony Four";"Saved And Sanctified: Songs Of The Jade Label";"1";"4554"
"Country Comfort";"We Are the Children";"1";"4555"
"Esa";"Pantsula Traxx";"1";"4556"
"Hakobune";"Evergreen / Faraway";"2";"2568"
"Sampa the Great";"Final Form";"14";"365"
"Mytron & Ofofo";"One Night Stands";"2";"2569"
"Footshooter";"Chimes (Bonus Track Version)";"2";"2570"
"Steel Pulse";"Reggae Greats";"1";"4557"
"Slightly Stoopid";"Everything You Need";"4";"1387"
"Slightly Stoopid";"Closer To The Sun";"1";"4558"
"Desmond Dekker";"Early Dekker";"1";"4559"
"Rob Galbraith";"Seafaring Strangers: Private Yacht";"3";"1776"
"Robag Wruhme";"Venq Tolep";"51";"53"
"Lost Souls Of Saturn";"The Awakening";"3";"1777"
"Luke Abbott";"Music from the Edge of an Island";"13";"411"
"Daniel Brandt";"Channels";"2";"2571"
"Vakula";"Shevchenko 3";"1";"4560"
"The Cinematic Orchestra";"A Caged Bird/Imitations of Life";"1";"4561"
"Neil Cowley Trio";"Loud Louder Stop";"1";"4562"
"Parra for Cuva";"Paspatou";"1";"4563"
"Jacob Karlzon";"Free Improvisation IV";"1";"4564"
"Jack Garratt";"Phase (Deluxe)";"1";"4565"
"Julian Waterfall Pollack";"Infinite Playground";"2";"2572"
"Ben Khan";"1000";"1";"4566"
"Late of the Pier";"Best In The Class";"1";"4567"
"Daniel Avery";"Song For Alpha (B-sides & Remixes)";"1";"4568"
"David August";"D'ANGELO";"1";"4569"
"Moullinex";"Weaving Genres, Vol. 2: Extended Versions";"3";"1778"
"Ralph Falcon";"Weaving Genres, Vol. 2: Extended Versions";"1";"4570"
"Manfredas";"Microdosing, Vol. 1";"1";"4571"
"Zulu";"Peru Maravilloso: Vintage Latin, Tropical And Cumbia";"1";"4572"
"Lord Kitchener";"London Is The Place For Me 4";"1";"4573"
"Thapporn Petchubon";"Sound of Siam, Vol. 1 - Leftfield Luk Thung, Jazz & Molam in Thailand 1964-1975 (Soundway Records)";"1";"4574"
"CoryaYo";"Wolves";"4";"1388"
"Autocreation";"Mettle.";"5";"1141"
"Pépé Bradock";"Baby Craddock";"7";"812"
"Ron Korb";"Flute Traveller";"1";"4575"
"Flying Lotus";"Flamagra";"25";"163"
"Tomaga";"Futura Grotesk";"1";"4576"
"Sven Libaek";"Inner Space: The Lost Film Music of Sven Libaek";"1";"4577"
"Hoshina Anniversary";"Zangai EP";"4";"1389"
"Red Axes";"Waiting For A Surprise";"3";"1779"
"Isaac Sasson";"Cantos campesinos";"17";"287"
"Isaac Sasson";"Memorias del canto campesino";"6";"951"
"Àbáse";"Invocation";"8";"697"
"Biosphere";"Substrata";"1";"4578"
"The Holy Spirit of Nothing";"Sermons";"2";"2573"
"Moodymann";"Moodymann";"2";"2574"
"Catching Flies";"Yǔ";"1";"4579"
"Catching Flies";"Silver Linings";"10";"550"
"Catching Flies";"Opals";"1";"4580"
"Catching Flies";"Satisfied";"5";"1142"
"Catching Flies";"Komorebi / Mama's Wisdom";"2";"2575"
"Los Imperials";"Color Y Ritmo Vol. 2";"1";"4581"
"Alice Clark";"Alice Clark";"4";"1390"
"Ogoya Nengo and The Dodo Women’s Group";"Rang'Ala: New Recordings from Siaya County, Kenya";"1";"4582"
"Laurie Spiegel";"Unseen Worlds";"5";"1143"
"Loscil";"Monument Builders";"1";"4583"
"Wu-Lu";"Untitled (18 Artists)";"3";"1780"
"LayFullStop";"Untitled (18 Artists)";"3";"1781"
"Lord Tusk";"Untitled (18 Artists)";"3";"1782"
"Kojey Radical";"Untitled (18 Artists)";"2";"2576"
"Mala";"Untitled (18 Artists)";"4";"1391"
"=CoN+KwAkE=";"Untitled (18 Artists)";"2";"2577"
"Maxwell Owin";"Untitled (18 Artists)";"2";"2578"
"Mubashira Mataali Group";"Mubashira Mataali Group";"1";"4584"
"David August";"DCXXXIX A.C.";"6";"952"
"Hidden Orchestra";"Live at Attenborough Centre for the Creative Arts";"5";"1144"
"Abstract Orchestra";"Madvillain, Vol. 1";"1";"4585"
"Becky Severson";"Wayfaring Strangers: Ladies From The Canyon";"1";"4586"
"Roudoudou";"Listener's Digest";"3";"1783"
"Congi";"One For Us";"11";"493"
"Congi";"Nine Sessions";"11";"494"
"Nickodemus";"Endangered Species (Bonus Edition)";"2";"2579"
"Nickodemus";"Hôtel Costes - A Decade";"1";"4587"
"Nickodemus";"WonderWorld: 10 Years of Painting Outside The Lines";"1";"4588"
"Neil Cowley";"Involution";"3";"1784"
"Ezra Furman";"Inside The Human Body";"1";"4589"
"Tusks";"Dissolve";"2";"2580"
"Robert Rich";"Yearning";"20";"229"
"Angel Romero;Academy of St. Martin in the Fields;Pepe Romero;Iona Brown";"Johns Hopkins Psilocybin Project";"1";"4590"
"Academy of St. Martin in the Fields;Iona Brown;Celin Romero";"Johns Hopkins Psilocybin Project";"1";"4591"
"Angel Romero;Academy of St. Martin in the Fields;Iona Brown";"Johns Hopkins Psilocybin Project";"1";"4592"
"Paul Horn";"Johns Hopkins Psilocybin Project";"4";"1392"
"Ron Korb";"Johns Hopkins Psilocybin Project";"1";"4593"
"Russill Paul";"Johns Hopkins Psilocybin Project";"3";"1785"
"London Symphony Orchestra;Sir Colin Davis";"Johns Hopkins Psilocybin Project";"1";"4594"
"The United States Coast Guard Band";"Johns Hopkins Psilocybin Project";"1";"4595"
"St. Petersburg Chamber Choir";"Johns Hopkins Psilocybin Project";"1";"4596"
"Dawn Upshaw;London Sinfonietta;David Zinman";"Johns Hopkins Psilocybin Project";"1";"4597"
"Russill Paul";"Shakti: Tantric Embrace";"2";"2581"
"Ancestral Elephants";"Enchanted Visions";"2";"2582"
"Laraaji";"Arrive Without Leaving";"2";"2583"
"Laraaji";"Bring On The Sun";"2";"2584"
"Laraaji & Jonathan Goldman";"Celestial Music 1978 - 2011";"2";"2585"
"Soname";"Unforgettable Land";"1";"4598"
"Shantala";"The Love Window";"1";"4599"
"Guide";"Psilocybin Meditation";"9";"615"
"Anthony Naples";"Fog FM";"1";"4600"
"Various artists (2)";"Rip Rig And Panic / Now Please Don't You Cry Beautiful Edith";"15";"339"
"Daniel Masson";"Buddha Bar Ocean";"1";"4601"
"Brian Eno";"Ambient 4: On Land";"2";"2586"
"Doctr";"Hockney Pink Road";"1";"4602"
"Matize";"Portals";"8";"698"
"Prins Thomas";"Ambitions";"32";"115"
"Shakarchi & Stranéus";"Something... / Liseberg Remixes";"2";"2587"
"Romperayo";"Que Jue?";"2";"2588"
"Radioactive Orchestra";"Radioactive Orchestra (feat. Axel Boman)";"1";"4603"
"Ada";"Lazerwhales III";"8";"699"
"Lukas Nystrand Von Unge";"Studio Barnhus EP No. 2";"1";"4604"
"Kornél Kovács";"Nincs EP";"1";"4605"
"Baba Stiltz";"Total";"1";"4606"
"ishmael ensemble";"A State of Flow";"3";"1786"
"Federico Durand";"A TRAVÉS DEL ESPEJO";"11";"495"
"川井憲次";"モブサイコ100 Original Soundtrack";"2";"2589"
"Neil Cowley";"Beat Infinitum";"27";"142"
"Die Falschen Freunde";"Dort";"1";"4607"
"Quixosis";"Descomposiciones";"7";"813"
"Huaira";"Compilación 3";"1";"4608"
"Lone";"Melted (Out Of Body Experience)";"1";"4609"
"Nature Sounds";"Nature Sounds with Birdsong, Waves, Forest, Garden, And More Beautiful Sounds of the Earth!";"2";"2590"
"Captain Sensible";"Women & Captains First";"1";"4610"
"Francis Bebey";"Psychedelic Sanza (1982-1984)";"1";"4611"
"Robosonic";"Various Gems I";"12";"446"
"UJI";"Jenga (Nicola Cruz Remix)";"9";"616"
"Tommaso Cappellato";"Butterflying";"4";"1393"
"Pete Brandt's Method";"Uneven Paths: Deviant Pop From Europe (1980-1991)";"1";"4612"
"Elsa Hewitt";"Citrus Paradisi";"1";"4613"
"Domenique Dumont";"MINIATURES DE AUTO RHYTHM";"4";"1394"
"Shintaro Sakamoto";"まともがわからない";"1";"4614"
"Nosaj Thing";"Fated";"1";"4615"
"Klanger";"Maxfield Ave Blues";"1";"4616"
"IMYRMIND";"Uniwersum Luxus";"1";"4617"
"Boogat";"San Cristóbal Baile Inn";"1";"4618"
"Endurance";"Inner Divinity";"1";"4619"
"Bremer/McCoy";"Forsvinder";"10";"551"
"Bjørn Torske";"Fuglekongen";"4";"1395"
"Carmen Villain";"Sleeper Remixes";"6";"953"
"Lindstrøm";"Lindstrom & Prins Thomas";"1";"4620"
"Bjørn Torske";"Oppkok";"1";"4621"
"Matt Karmil";"Can't Find It (The House Sound)";"4";"1396"
"Tarjei Nygård";"Tarjei Nygård & Øystein Odden: Sleeping";"1";"4622"
"Donovan";"Unplugged";"1";"4623"
"Idjut Boys";"Going Down/One For Kenny";"3";"1787"
"Beacon";"Gravity Pairs";"4";"1397"
"Laurie Spiegel";"The Expanding Universe";"3";"1788"
"Passarani";"I C U / Granite Cradle";"2";"2591"
"Lone";"Abraxas";"3";"1789"
"Karen Dalton";"In My Own Time";"1";"4624"
"Rodney Jones";"Eccentric Soul: Twinight's Lunar Rotation";"1";"4625"
"The Mighty Imperials";"King Bullard Version: Songs of the BOS Label";"1";"4626"
"Matthewdavid’s Mindflight";"Marimbza";"1";"4627"
"Bjørn Torske";"Square One";"4";"1398"
"Nicola Noir";"Frères";"1";"4628"
"Sascha Funke";"In Relationen";"6";"954"
"Jonwayne";"Jonwayne Is Retired";"2";"2592"
"Jonwayne";"Jump Shot";"1";"4629"
"Empire of the Sun";"Walking On A Dream (Special Edition)";"1";"4630"
"Buena Vista Social Club";"Buena Vista Social Club";"2";"2593"
"Fellini Félin";"Wisteria";"1";"4631"
"António Dos Santos";"Space Echo (Analog Africa No. 20)";"7";"814"
"Oasis";"[What's the Story] Morning Glory? [Remastered]";"1";"4632"
"Circle Of Live";"Live at Aérodrome Melun-Villaroche 2019";"2";"2594"
"Move D";"Building Bridges (DJ Mix)";"3";"1790"
"Alan Hovhaness";"Hovhaness, A.: Symphony No. 2 ,""Mysterious Mountain"" / Prayer of St. Gregory / And God Created Great Whales (Seattle Symphony)";"2";"2595"
"Phil France";"Circle";"1";"4633"
"Penguin Cafe";"At the Top of the Hill, They Stood...";"1";"4634"
"Kermesse";"Carabelas";"2";"2596"
"Christopher Schwarzwälder";"Out the Window";"3";"1791"
"Noema";"Twilight (Acid Pauli Remix)";"1";"4635"
"Nickodemus";"A Long Engagement (Remixed)";"1";"4636"
"Marenn Sukie";"Enough Rain / '77 Astro Black";"1";"4637"
"Natural Sugars";"Zombie Jungle EP";"1";"4638"
"DJ Nu-Mark";"Blend Crafters";"1";"4639"
"U.S. Girls";"M.A.H.";"1";"4640"
"Sampa the Great";"OMG";"2";"2597"
"Marcus Joseph";"Real Talk";"5";"1145"
"Raiza Biza";"Black Hole Sun - EP";"5";"1146"
"Scrimshire";"Listeners";"2";"2598"
"Penguin Cafe";"The Imperfect Sea";"2";"2599"
"Sea Moya";"Flourish";"1";"4641"
"Sea Moya";"Purple Days";"2";"2600"
"Sea Moya";"Twins";"1";"4642"
"Alice Coltrane";"Universal Consciousness";"1";"4643"
"King Krule";"The OOZ";"2";"2601"
"Augustus Pablo";"Rebel Music: A Reggae Anthology";"3";"1792"
"Trentemøller";"Café del Mar Vol. 24";"1";"4644"
"El Búho";"Café del Mar Vol. 24";"1";"4645"
"Penguin Cafe";"Café del Mar Vol. 24";"1";"4646"
"Sonny & The Sunsets";"Moods Baby Moods";"2";"2602"
"KOKOKO!";"Fongola";"1";"4647"
"Ghost Against Ghost";"Checkpoint Charlie (Photay Remix)";"1";"4648"
"Cornelius";"Point (Remaster)";"1";"4649"
"Mammal Hands";"Becoming";"4";"1399"
"Kaada";"Closing Statements";"1";"4650"
"Lancelot Layne";"Carnival Drum Sound";"3";"1793"
"Jim Croce";"Stranger Things (Soundtrack from the Netflix Original Series)";"1";"4651"
"Femi Kuti";"Shoki Remixed";"3";"1794"
"Vis À Vis";"Soundway presents Ghana Special (Modern Highlife, Afro Sounds & Ghanaian Blues 1968-81)";"1";"4652"
"Bob Moses/Billy Martin";"DrummingBirds";"1";"4653"
"POPP";"Laya";"1";"4654"
"Ronin Arkestra";"Cosmic Collisions";"3";"1795"
"Ronin Arkestra";"First Meeting";"1";"4655"
"Clever Austin";"Pareidolia";"8";"700"
"Neue Grafik";"I Miss Something / Bed Stuy's Mood";"2";"2603"
"Sampa the Great";"Blue Boss";"2";"2604"
"Quantic";"Atlantic Oscillations";"61";"32"
"Noema";"Twilight";"1";"4656"
"Laurence Pike";"Drum Chant (Luke Abbott Remix)";"1";"4657"
"Ólafur Arnalds";"Erased Tapes Collection IX";"1";"4658"
"Nils Frahm";"Erased Tapes Collection IX";"1";"4659"
"Penguin Cafe Orchestra";"Erased Tapes Collection IX";"1";"4660"
"Peter Broderick";"Erased Tapes Collection IX";"1";"4661"
"Makaya McCraven";"Universal Beings";"6";"955"
"Szun Waves";"At Sacred Walls";"3";"1796"
"Dauwd";"Theory of Colours - Versions";"2";"2605"
"Edmony Krater";"African Acid Is the Future - Ambiance II";"8";"701"
"Thievery Corporation";"Treasures from the Temple";"1";"4662"
"Köhncke";"Speicher 25 - 31";"10";"552"
"F.S. Blumm";"Nice To Have You";"1";"4663"
"Vladimir";"What People Play House Compilation 4 by Wordandsound";"1";"4664"
"haft";"Ountera";"6";"956"
"GONNO × MASUMURA";"In Circles";"3";"1797"
"Laurence Pike";"Holy Spring";"1";"4665"
"Les Filles De Illighadad";"African Acid Is the Future - Ambiance II";"4";"1400"
"Aim";"Means Of Production";"2";"2606"
"Mock & Toof";"Tuning echoes";"1";"4666"
"Chicco";"Modjadji";"5";"1147"
"Atom™";"HD";"2";"2607"
"GO DUGONG";"Vidita";"1";"4667"
"Mop Mop";"Isle Of Magic";"14";"366"
"James Blake";"James Blake";"2";"2608"
"Hildegard Knef";"Knef (Remastered)";"1";"4668"
"Marcello Giordani";"Oh! Superman (Disco Spacer Mix)";"1";"4669"
"Robosonic";"Worst Love EP";"2";"2609"
"Kollektiv Turmstrasse";"Rebellion der Träumer Remixes Part 3";"3";"1798"
"Låpsley";"Operator (DJ Koze's 12 inch Extended Disco Versions)";"1";"4670"
"Etienne de Crécy";"Super Discount";"5";"1148"
"Kyrill & Redford";"Mutterkorn";"1";"4671"
"Henri Texier";"Varech";"1";"4672"
"Acid Arab";"Musique de France";"1";"4673"
"Dennis Cruz";"El Sueño (Radio Edit)";"1";"4674"
"Bas Amro";"You And Me";"1";"4675"
"KiNK";"Leko Remixes";"1";"4676"
"DJ Marky";"In Rotation";"1";"4677"
"Richie Havens";"Connections";"1";"4678"
"Tullio De Piscopo";"Il Meglio di Tullio De Piscopo";"1";"4679"
"DJ Fitchie";"Midnight Marauders";"1";"4680"
"Kourosh Yaghmaei";"Back From The Brink: Pre-Revolution Psychedelic Rock From Iran: 1973-1979";"1";"4681"
"Look Like";"Garden Of Eden";"1";"4682"
"Canu";"Bar 25 Music Presents: Sounds of Sirin";"1";"4683"
"Nina Simone";"Remixed & Reimagined";"2";"2610"
"Rodney Hunter";"Hôtel Costes 7";"1";"4684"
"Them";"Them Again (feat. Van Morrison)";"1";"4685"
"Mattafix";"Rhythm & Hymns";"1";"4686"
"Lamont Dozier";"Discomania: Hits Dance 70-80, Vol. 6";"1";"4687"
"Waldeck";"Gran Paradiso";"2";"2611"
"Yse Saint Laur'ant";"Beach Rouge Vol. 2 - Beach House & Deep Disco";"1";"4688"
"Max Cooper";"One Hundred Billion Sparks";"20";"230"
"Sudan Archives";"Confessions";"2";"2612"
"Acid Pauli";"Konfetti";"2";"2613"
"Ego Ella May";"Tea & Sympathy";"5";"1149"
"Shigeto";"MCW";"4";"1401"
"Agrupacion Ilegal Los Imparciales";"Cumbia Hip Hop (feat. NMK)";"1";"4689"
"Simakov";"Dopamine EP";"1";"4690"
"Bremer/McCoy";"Højder";"1";"4691"
"Skinshape";"I Didn't Know (Extended Mix)";"4";"1402"
"Maribou State";"Feel Good (Khruangbin’s A Well Nice Version)";"1";"4692"
"Max Cooper";"Perpetual Motion";"3";"1799"
"Digital Afrika";"Inside the Dance, Vol. 4 (Sampler)";"4";"1403"
"Kiko Navarro";"Inside the Dance, Vol. 4 (Sampler)";"1";"4693"
"Randomized Coffee";"Inside the Dance, Vol. 4 (Sampler)";"1";"4694"
"Dorothy Ashby";"Dorothy Ashby";"1";"4695"
"Tenesha The Wordsmith";"Peacocks & Other Savage Beasts";"20";"231"
"Joe Armon-Jones";"Yellow Dandelion";"1";"4696"
"Four Tet";"Anna Painting";"3";"1800"
"Scott nice";"Picaflorcita (El Búho Remix)";"1";"4697"
"Uniting Of Opposites";"Car Number 27/Mr. Alpo (Tim Deluxe Remix)";"1";"4698"
"Tycho";"Ninjawerks (Vol.1)";"1";"4699"
"Young Marco";"Permanent Vacation 4";"2";"2614"
"Octo Octa";"For Lovers";"6";"957"
"Quantic";"You Used to Love Me";"2";"2615"
"August Artier";"La Makumba";"1";"4700"
"Ali Farka Touré";"The River";"2";"2616"
"Vakula";"Resident Advisor podcast";"1";"4701"
"Lana Del Rey";"Mariners Apartment Complex";"1";"4702"
"Romare";"Gone";"2";"2617"
"Haley";"Power of Love";"1";"4703"
"Van Stee";"Heartbreaker Nervewrecker Meansucker";"11";"496"
"Van Stee";"We Are";"1";"4704"
"Jaja";"Shika Shika / Botanas Series";"2";"2618"
"Ebo Taylor";"Love & Death";"3";"1801"
"Shuggie Otis";"Inspiration Information";"52";"49"
"Hailu Mergia";"Wede Harer Guzo";"2";"2619"
"Mulatu Astatke";"Ethiopiques, Vol. 4: Ethio Jazz 1969-1974";"3";"1802"
"William Onyeabor";"World Psychedelic Classics 5: Who Is William Onyeabor?";"1";"4705"
"Jackie Mittoo";"The Keyboard King at Studio One";"1";"4706"
"Gloria Ann Taylor";"Deep Inside You";"1";"4707"
"ESG";"Dance To The Best Of ESG";"1";"4708"
"Darondo";"Let My People Go";"1";"4709"
"Brokenchord";"Endless Transmission";"16";"308"
"Seb Wildblood";"sketches of transition";"1";"4710"
"Dauwd";"Still Grooves Run Deep IX";"4";"1404"
"O'Flynn";"Aletheia";"68";"26"
"Jimi Hendrix";"Electric Ladyland";"1";"4711"
"Paul Traeumer";"Code";"1";"4712"
"GoGo Penguin";"Time-Lapse City";"1";"4713"
"The Comet Is Coming";"Lifeforce Part II";"5";"1150"
"Mor Elian";"Radical Spectacular";"1";"4714"
"Karl Hector & The Malcouns";"Orange Man";"1";"4715"
"Move D";"Reissued 1";"3";"1803"
"Karl Hector & The Malcouns";"Non Ex Orbis";"1";"4716"
"Sampa the Great";"The Return";"11";"497"
"Soul Keita";"Work";"3";"1804"
"The Comet Is Coming";"Trust In The Lifeforce Of The Deep Mystery";"4";"1405"
"The Beatles";"Magical Mystery Tour (Remastered)";"1";"4717"
"Curtis Mayfield";"Playlist: The Best Of Curtis Mayfield";"3";"1805"
"Anchorsong";"Ceremonial";"3";"1806"
"Creedence Clearwater Revival";"Willy And The Poor Boys (40th Anniversary Edition)";"1";"4718"
"The Karminsky Experience Inc.";"The Power of Suggestion";"1";"4719"
"Thierry David";"Serenity: Meditation, Ambient - New Age, Relaxation";"1";"4720"
"Extremely Bad Man";"Love Is Pure";"2";"2620"
"Robag Wruhme";"Nata Alma (Radio Version)";"1";"4721"
"Marlena Shaw";"The Spice Of Life (LPR)";"1";"4722"
"Ashley Henry";"Beautiful Vinyl Hunter";"23";"186"
"Commodores";"Commodores";"1";"4723"
"Whitney";"Light Upon the Lake";"1";"4724"
"Acid Pauli";"Had to Get rid of some shit";"2";"2621"
"Digital Afrika";"Dark Matter";"8";"702"
"Tendts";"Future Disco: Poolside Sounds";"1";"4725"
"Leifur James";"Osho";"1";"4726"
"Chelou";"Garden";"2";"2622"
"Red Axes";"Ballad Of The Ice";"1";"4727"
"Kozmonaut";"Flieg";"2";"2623"
"Antonio Sanches";"Space Echo (Analog Africa No. 20)";"3";"1807"
"Dionisio Maio";"Space Echo (Analog Africa No. 20)";"2";"2624"
"JOSE CASIMIRO";"Space Echo (Analog Africa No. 20)";"2";"2625"
"Bana";"Space Echo (Analog Africa No. 20)";"2";"2626"
"Monolink";"The End";"4";"1406"
"Bella Boo";"Supervillain";"5";"1151"
"Corbo";"Quatro Treses";"1";"4728"
"Joe Armon-Jones";"Turn to Clear View";"13";"412"
"Andrew Bird";"The Mysterious Production of Eggs";"7";"815"
"Lambert";"True";"119";"5"
"Neil Cowley";"DFAM";"3";"1808"
"Floating Points";"Anasickmodular";"3";"1809"
"THE DIABOLICAL LIBERTIES";"Jungles Of Enceladus";"3";"1810"
"Penguin Cafe";"Handfuls of Night";"6";"958"
"Timbuktu";"Falken (Lindström & Prins Thomas Remix)";"4";"1407"
"May East";"Outro Tempo II";"1";"4729"
"Dequinha e Zaba";"Outro Tempo II";"1";"4730"
"Oharaska";"Outro Tempo II";"1";"4731"
"Fausto Fawcett";"Outro Tempo II";"1";"4732"
"Manu Delago";"Circadian";"7";"816"
"Nils Frahm";"Spaces";"1";"4733"
"Mathias Eick";"Ravensburg";"1";"4734"
"Manu Delago";"Bigger Than Home";"1";"4735"
"Nookala Chinna Satyanarayana";"Music Lesson Vol. 1";"1";"4736"
"Wayward";"Raval EP";"1";"4737"
"Gene Harris";"Astral Signal";"2";"2627"
"The Invisible";"Life’s Dancers";"2";"2628"
"Harvey Sutherland";"Priestess / Bravado";"1";"4738"
"Mndsgn";"Purple T Shirts";"2";"2629"
"Timbuktu";"Pusselbitar";"1";"4739"
"Håkan Hellström";"Det kommer aldrig va över för mig";"1";"4740"
"Veronica Maggio";"Fiender är tråkigt";"1";"4741"
"Silvana Imam";"Jag Dör För Dig";"1";"4742"
"Jonti";"TokoRats";"1";"4743"
"bastien keb";"Flowers";"1";"4744"
"The Kutimangoes";"Afrotropism";"1";"4745"
"Jacques";"Endless Cultural Turnover";"1";"4746"
"Cotonete";"Super-Vilains";"1";"4747"
"Abro";"Leaf Boy";"1";"4748"
"Compost";"Compost";"2";"2630"
"Rahhh";"Dog Days";"1";"4749"
"Fellini Félin";"Temporary Fiction";"1";"4750"
"Jordan Rakei";"Eye To Eye";"1";"4751"
"GoGo Penguin";"Ocean In A Drop (Music For Film)";"1";"4752"
"Spacetime Continuum";"DJ-Kicks (Peggy Gou) [DJ Mix]";"3";"1811"
"Peggy Gou";"DJ-Kicks (Peggy Gou) [DJ Mix]";"3";"1812"
"Pearson Sound";"DJ-Kicks (Peggy Gou) [DJ Mix]";"3";"1813"
"Pegasus";"DJ-Kicks (Peggy Gou) [DJ Mix]";"4";"1408"
"Sly And Lovechild";"DJ-Kicks (Peggy Gou) [DJ Mix]";"1";"4753"
"Dorisburg";"DJ-Kicks (Peggy Gou) [DJ Mix]";"3";"1814"
"Hiver";"DJ-Kicks (Peggy Gou) [DJ Mix]";"1";"4754"
"Batang Frisco";"Batang Frisco";"1";"4755"
"Joji Yuasa";"On The Keyboard: Piano Works of Joji Yuasa";"1";"4756"
"Brian Eno";"Apollo";"2";"2631"
"Wilburn Burchette";"Guitar Grimoire";"1";"4757"
"Joanna Brouk";"The Space Between";"1";"4758"
"Guem";"Le Serpent";"1";"4759"
"Black Pumas";"Black Pumas";"28";"131"
"Seanie T";"Ruff, Rugged and Smooth";"3";"1815"
"Leifur James";"A Louder Silence: Remixes";"2";"2632"
"Leifur James";"Mumma Don't Tell (Faltydl Remix)";"1";"4760"
"Cleve Pozar";"Solo Percussion";"1";"4761"
"Luke Abbott";"Holkham Drones";"6";"959"
"Bodega";"Endless Scroll";"1";"4762"
"Dino & The Deltones";"Slap Stick / Daydream";"1";"4763"
"The Friendly Seven feat. Betty Thompson";"King Bullard Version: Songs of the BOS Label";"2";"2633"
"Yo La Tengo";"And Then Nothing Turned Itself Inside-Out";"1";"4764"
"Clark";"Death Peak";"4";"1409"
"Jake Milliner";"Bernie Says";"1";"4765"
"Frédéric Chopin";"Nocturnes - a selection";"5";"1152"
"Derrok";"Compilacion Nomade";"1";"4766"
"Uakti";"Compilacion Nomade";"1";"4767"
"Call Super";"Echothread";"3";"1816"
"Call Super";"CANUFEELTHESUNONYRBACK";"7";"817"
"Call Super";"All We Have Is Speed";"4";"1410"
"Talaboman";"Safe Changes";"1";"4768"
"Barbara Moore";"Back to Mine: Jungle (DJ Mix)";"1";"4769"
"inflo";"Back to Mine: Jungle (DJ Mix)";"1";"4770"
"Merle";"Back to Mine: Jungle (DJ Mix)";"1";"4771"
"Manuel Darquart";"Back to Mine: Jungle (DJ Mix)";"1";"4772"
"DrumTalk";"Back to Mine: Jungle (DJ Mix)";"1";"4773"
"Admin";"Back to Mine: Jungle (DJ Mix)";"1";"4774"
"Mocky";"Back to Mine: Jungle (DJ Mix)";"1";"4775"
"The Marias";"Back to Mine: Jungle (DJ Mix)";"1";"4776"
"Sly5thAve";"Back to Mine: Jungle (DJ Mix)";"1";"4777"
"Kamaal Williams";"Back to Mine: Jungle (DJ Mix)";"1";"4778"
"Sam Evian";"Back to Mine: Jungle (DJ Mix)";"1";"4779"
"BADBADNOTGOOD";"Back to Mine: Jungle (DJ Mix)";"1";"4780"
"Jungle";"Back to Mine: Jungle (DJ Mix)";"1";"4781"
"Mansur Brown";"Back to Mine: Jungle (DJ Mix)";"1";"4782"
"The Flying Stars Of Brooklyn NY";"Back to Mine: Jungle (DJ Mix)";"1";"4783"
"Sault";"Back to Mine: Jungle (DJ Mix)";"1";"4784"
"Paul Cherry";"Back to Mine: Jungle (DJ Mix)";"1";"4785"
"HNNY";"Back to Mine: Jungle (DJ Mix)";"1";"4786"
"Floating Points";"Crush";"33";"109"
"Lil Pump";"Lil Pump";"1";"4787"
"Kusht";"Together";"3";"1817"
"Ebo Taylor";"Palaver";"1";"4788"
"30/70";"Fluid Motion";"3";"1818"
"Charlotte Adigéry";"Zandoli";"8";"703"
"Hector Plimmer";"Next To Nothing";"7";"818"
"Joe Meek & The Blue Men";"Cosmo Galactic Prism";"3";"1819"
"Cypress Hill";"Black Sunday";"1";"4789"
"Slumberville";"Honolulu";"1";"4790"
"The Small Circle";"Mechanism";"1";"4791"
"Joaquín Cornejo";"El Viaje";"3";"1820"
"Tawiah";"Starts Again";"57";"39"
"Area Code 615";"Cosmo Galactic Prism";"3";"1821"
"Crue-l Grand Orchestra";"Cosmo Galactic Prism";"3";"1822"
"Glissandro 70";"Cosmo Galactic Prism";"3";"1823"
"Holger Czukay";"Cosmo Galactic Prism";"2";"2634"
"Bjørn Torske";"Cosmo Galactic Prism";"3";"1824"
"Rey De Copás";"Cosmo Galactic Prism";"2";"2635"
"The Mole";"Cosmo Galactic Prism";"2";"2636"
"The Electric South";"Cosmo Galactic Prism";"11";"498"
"Carlos Hernandez";"Cosmo Galactic Prism";"3";"1825"
"Finzy Kontini";"cosmo galactic prism";"1";"4792"
"Musique";"Cosmo Galactic Prism";"3";"1826"
"Soylent Green";"Cosmo Galactic Prism";"2";"2637"
"Boards of Canada";"Cosmo Galactic Prism";"2";"2638"
"Nicola Cruz";"Siete (Live Version)";"1";"4793"
"Iñigo Vontier";"Calypso Cult";"2";"2639"
"Thomass Jackson";"Calypso Cult";"2";"2640"
"O'Flynn";"fabric Presents Bonobo (DJ Mix)";"1";"4794"
"Tsha";"fabric Presents Bonobo (DJ Mix)";"1";"4795"
"Will Saul";"fabric Presents Bonobo (DJ Mix)";"1";"4796"
"Titeknots";"fabric Presents Bonobo (DJ Mix)";"1";"4797"
"Dan Kye";"fabric Presents Bonobo (DJ Mix)";"1";"4798"
"Barakas";"fabric Presents Bonobo (DJ Mix)";"1";"4799"
"R. Lyle";"fabric Presents Bonobo (DJ Mix)";"1";"4800"
"Rone";"fabric Presents Bonobo (DJ Mix)";"1";"4801"
"Throwing Snow";"fabric Presents Bonobo (DJ Mix)";"1";"4802"
"Nepa Allstar";"fabric Presents Bonobo (DJ Mix)";"1";"4803"
"DJ Seinfeld";"fabric Presents Bonobo (DJ Mix)";"1";"4804"
"Earth Trax";"fabric Presents Bonobo (DJ Mix)";"1";"4805"
"John Beltran";"fabric Presents Bonobo (DJ Mix)";"1";"4806"
"NATURAL LATERAL";"Cogito Ergo Jam";"4";"1411"
"Santi";"Alquimia Solar";"9";"617"
"Michael Kiwanuka";"KIWANUKA";"44";"70"
"Meitei";"Komachi";"31";"119"
"A Winged Victory for the Sullen";"The Slow Descent Has Begun";"1";"4807"
"Talaboman";"Discodrums";"7";"819"
"Budgie";"DJ-Kicks (Kamaal Williams) [DJ Mix]";"2";"2641"
"MinaeMinae";"Variante";"3";"1827"
"Arms and Sleepers";"LIFE IS EVERYWHERE";"1";"4808"
"Georgia Anne Muldrow";"VWETO II";"18";"272"
"C.A.R.";"Mathias Modica presents Kraut Jazz Futurism";"6";"960"
"Josephine Wiggs";"We Fall";"5";"1153"
"Marcus Hamblett";"Detritus";"21";"213"
"Niklas Wandt";"Mathias Modica presents Kraut Jazz Futurism";"3";"1828"
"Ralph Heidel";"Mathias Modica presents Kraut Jazz Futurism";"4";"1412"
"Keope";"Mathias Modica presents Kraut Jazz Futurism";"2";"2642"
"Karaba";"Mathias Modica presents Kraut Jazz Futurism";"9";"618"
"David Nesselhauf";"Mathias Modica presents Kraut Jazz Futurism";"3";"1829"
"Shake Stew";"Mathias Modica presents Kraut Jazz Futurism";"2";"2643"
"Karl Hector & The Malcouns";"Mathias Modica presents Kraut Jazz Futurism";"3";"1830"
"Stimming x Lambert";"Mathias Modica presents Kraut Jazz Futurism";"8";"704"
"Sissi Rada";"Mathias Modica presents Kraut Jazz Futurism";"2";"2644"
"Andromeda Mega Express Orchestra";"Mathias Modica presents Kraut Jazz Futurism";"2";"2645"
"Oracles";"Mathias Modica presents Kraut Jazz Futurism";"1";"4809"
"Onom Agemo";"Mathias Modica presents Kraut Jazz Futurism";"1";"4810"
"Torben Unit";"Mathias Modica presents Kraut Jazz Futurism";"1";"4811"
"JJ Whitefield";"Mathias Modica presents Kraut Jazz Futurism";"1";"4812"
"Yacht";"Chain Tripping";"8";"705"
"Leon Vynehall";"I, Cavallo";"6";"961"
"Meitei";"怪談";"2";"2646"
"Meitei";"Kwaidan";"16";"309"
"Meitei";"Yabun";"2";"2647"
"Salomea";"Mathias Modica presents Kraut Jazz Futurism";"1";"4813"
"C.A.R.";"Pressure Drop";"1";"4814"
"Matana Roberts";"COIN COIN Chapter Four: Memphis";"6";"962"
"Kerala Dust";"Magdalena";"1";"4815"
"Karnaval Blues";"LoveConfusion";"1";"4816"
"Barney Artist";"Leave It All";"1";"4817"
"Andrew Bird";"Manifest (Feat. Erika Wennerstrom)";"1";"4818"
"Melodiesinfonie";"A Journey to You";"17";"288"
"O/Y";"Turtles";"2";"2648"
"Shellac";"The end of radio";"2";"2649"
"Ralph Heidel";"Moments of Resonance";"5";"1154"
"Steve Moore";"Beloved Exile";"5";"1155"
"Benita";"Time For A Change";"1";"4819"
"Dusky";"Amongst The Gods (Brame & Hamo Remix)";"1";"4820"
"Peter Abdul";"Doing It in Lagos: Boogie, Pop & Disco in 1980's Nigeria";"1";"4821"
"Anthony Naples";"Take Me With You";"6";"963"
"Matt Karmil";"Sourced";"12";"447"
"Ami Dang";"Parted Plains";"3";"1831"
"DJ Python";"Derretirse";"5";"1156"
"Leafcutter John";"Yes! Come Parade With Us";"6";"964"
"Antoine Berjeaut";"Triple A";"2";"2650"
"Angel Bat Dawid";"The Oracle";"9";"619"
"Rev Harvey Gates";"The Time for Peace Is Now - Gospel Music About Us";"3";"1832"
"Me and My Friends";"Look Up";"3";"1833"
"Nubiyan Twist";"Jungle Run";"11";"499"
"Batsumi";"Collected Works 1972 - 1976";"1";"4822"
"DJ Cam";"Hey Love";"2";"2651"
"Fela Kuti";"2000 Blacks Got To Be Free (feat. Roy Ayers)";"3";"1834"
"Oso Leone";"Mokragora";"5";"1157"
"Lucrecia Dalt";"Tar (Jan Jelinek Remix)";"1";"4823"
"Dark Sky";"Cold Harbour";"1";"4824"
"Can";"Shikako Maru Ten";"3";"1835"
"Ferg";"Rex";"1";"4825"
"Crac";"All for You";"6";"965"
"Kali Malone";"The Sacrificial Code";"5";"1158"
"Weval";"The Weight Remixe";"1";"4826"
"l'éclair";"Take the Money (Octopus Version)";"1";"4827"
"Kleintierschaukel";"D-Tales";"6";"966"
"ras";"4:20";"3";"1836"
"Rozi Plain";"What a Boost";"3";"1837"
"Beverly Glenn-Copeland";"Primal Prayer";"1";"4828"
"Pat Thomas";"Disco Highlife Reedit Series, Vol. 2";"1";"4829"
"Meara O'Reilly";"Meara O'Reilly: Hockets for Two Voices";"1";"4830"
"Hans Hass";"Proper Sunburn - Forgotten Sunscreen Applied By Basso";"1";"4831"
"RVDS";"Proper Sunburn - Forgotten Sunscreen Applied By Basso";"1";"4832"
"RVDS";"Shadows";"1";"4833"
"Horizont";"Proper Sunburn - Forgotten Sunscreen Applied By Basso";"1";"4834"
"Finzy Kontini";"Cosmo Galactic Prism";"2";"2652"
"Lindstrøm";"Cosmo Galactic Prism";"1";"4835"
"Matt Karmil";"Dans-Maxi Fran Nacksving";"4";"1413"
"Holly Walker";"Ballerine";"1";"4836"
"JRBB";"Moebius Strip";"1";"4837"
"JJ Whitefield";"Brother All Alone";"1";"4838"
"Little Dragon";"Tongue Kissing";"5";"1159"
"Jad & The";"Bells Creek Road";"1";"4839"
"Jon Hassell";"Listening To Pictures (Pentimento Volume One)";"1";"4840"
"The Quiet Ones";"Matamba";"4";"1414"
"Leif";"Loom Dream";"3";"1838"
"Camila Costa";"Southern Hemisphere";"4";"1415"
"Svínhunder";"Anna";"3";"1839"
"Yu Su";"Watermelon Woman";"5";"1160"
"Amerigo Gazaway";"1990";"2";"2653"
"Carlos Niño & Friends";"Bliss On Dear Oneness";"2";"2654"
"Pat Thomas";"Obiaa!";"6";"967"
"Susumu Yokota";"Symbol";"10";"553"
"David Walters";"Mama";"7";"820"
"Nosaj Thing";"Nightcrawler";"1";"4841"
"Populous";"Com Amigos (Remixes)";"2";"2655"
"Sebastian Mullaert";"A Place Called • Inkonst";"26";"152"
"Kanot";"Bottenmannen / La Danse Des Corneilles";"1";"4842"
"Okain";"Voltaire Music Presents the Berlin Diary, Pt. 7";"1";"4843"
"Dauwd";"Ghostly Swim 2";"1";"4844"
"Dauwd";"What's There";"1";"4845"
"Contact";"Allison Cameron: A Gossamer Bit";"1";"4846"
"Sinoptik Music";"Voices in My Head - EP";"2";"2656"
"Loscil";"Sea Island";"6";"968"
"Various artists (2)";"Naïf";"2";"2657"
"The Frightnrs";"I'd Rather Go Blind - Single";"1";"4847"
"The Frightnrs";"Daptone Records Singles Collection: Volume 5";"1";"4848"
"The Frightnrs";"Nothing More To Say";"1";"4849"
"The Gladiators";"Proverbial Reggae";"2";"2658"
"Toots and The Maytals";"Funky Kingston";"1";"4850"
"John Brown's Body";"Spirits All Around Us";"2";"2659"
"The Vernons";"Volume 1";"1";"4851"
"The Jamaicans";"Let's Do Rocksteady: The Story of Rocksteady 1966-68";"1";"4852"
"Sublime";"Sublime";"2";"2660"
"Desmond Cheese";"Fame & Fortune";"2";"2661"
"Bob Marley & The Wailers";"Uprising";"2";"2662"
"Treugol'nyy Son";"Leveldva Chillrave 002";"1";"4853"
"Ninze";"Leveldva Chillrave 002";"1";"4854"
"Mop Mop";"Lunar Love";"9";"620"
"Toro y Moi";"Anything in Return";"1";"4855"
"Naxatras";"Naxatras";"3";"1840"
"Steel Pulse";"Smash Hits";"1";"4856"
"Ziggy Marley";"Fly Rasta";"1";"4857"
"Muno";"Leveldva Chillrave 002";"1";"4858"
"Batu Ozer";"Leveldva Chillrave 002";"1";"4859"
"Niju";"Leveldva Chillrave 002";"1";"4860"
"Jacob Groening";"Leveldva Chillrave 002";"1";"4861"
"Loewenthal";"Leveldva Chillrave 002";"1";"4862"
"ōme";"Leveldva Chillrave 002";"1";"4863"
"Jon Hopkins";"Luminous Spaces";"1";"4864"
"DaniT";"Cuatro Vientos (Rey & Kjavik Remix)";"1";"4865"
"Nubiyan Twist";"Portraits";"1";"4866"
"James Holden";"A Cambodian Spring OST";"1";"4867"
"Wajatta";"Don’t Let Get You Down";"9";"621"
"Prins Emanuel";"Diagonal Musik";"12";"448"
"Aaron Taylor";"Let Me Fly";"1";"4868"
"Bufiman";"Albumsi";"8";"706"
"Serafina Steer";"The Mind Is A Trap";"3";"1841"
"K15";"Our Time Is Borrowed";"1";"4869"
"Brainstory";"Buck";"5";"1161"
"Jiony";"Plexo Lunar";"1";"4870"
"Mark de Clive-Lowe";"Heritage";"4";"1416"
"Leroy Anderson";"Traditional Christmas Classics";"1";"4871"
"Frank Sinatra";"Christmas Songs by Sinatra";"2";"2663"
"Leona Lewis";"Now That's What I Call Christmas";"1";"4872"
"Matt Terry";"When Christmas Comes Around";"1";"4873"
"Gwen Stefani";"You Make It Feel Like Christmas";"1";"4874"
"Sia";"Everyday Is Christmas";"1";"4875"
"98º";"Let It Snow";"1";"4876"
"Coldplay";"Now That's What I Call Christmas";"1";"4877"
"Destiny's Child";"8 Days of Christmas";"2";"2664"
"Elvis Presley";"Elvis Presley Christmas Duets";"1";"4878"
"Britney Spears";"My Pop Christmas";"1";"4879"
"The Crystals";"Now That's What I Call Christmas";"1";"4880"
"Michael Bublé";"Christmas";"2";"2665"
"The Vamps";"Meet The Vamps (Christmas Edition)";"1";"4881"
"The Jackson 5";"Christmas Album";"1";"4882"
"Sia";"Santa's Coming For Us";"1";"4883"
"Sam Smith";"Have Yourself a Merry Little Christmas";"1";"4884"
"Band Aid";"Christmas Music 100 Hits";"1";"4885"
"Ariana Grande";"Snow in California";"1";"4886"
"Elton John";"Goodbye Yellow Brick Road (40th Anniversary Celebration / Super Deluxe)";"1";"4887"
"Bing Crosby";"Bing Crosby Rediscovered: The Soundtrack (American Masters)";"1";"4888"
"Chris Rea";"New Light Through Old Windows";"2";"2666"
"Meghan Trainor";"I'll Be Home";"1";"4889"
"Ariana Grande";"Santa Tell Me";"2";"2667"
"FaltyDL";"Flechazo";"2";"2668"
"FEATHERED SUN";"How Strange";"2";"2669"
"The Colours That Rise";"Home Time";"2";"2670"
"Tommy Guerrero";"The Endless Road";"1";"4890"
"Octo Octa";"Resonant Body";"14";"367"
"Santilli";"Surface";"2";"2671"
"Pole";"3";"2";"2672"
"Joseph Shabason";"Broken Hearted Kota";"4";"1417"
"The Midnight Hour";"The Midnight Hour";"2";"2673"
"Sam Prekop";"Tour EP";"4";"1418"
"Andras";"Honeybird";"2";"2674"
"Max Clouth Clan";"Surrender to What Is (Kabuki Dub Remix)";"1";"4891"
"Pacific Coliseum";"Ocean City (Remixes)";"1";"4892"
"Family Time";"The Great Abismo";"2";"2675"
"Micatone";"Wish I Was Here";"14";"368"
"Tala Vala";"Sarha";"20";"232"
"Aporia";"Hotel Aporia";"7";"821"
"Thibault Renou";"Maïsha Suite";"2";"2676"
"Lambert";"Sweet Apocalypse";"25";"164"
"Kevin Morby";"Harlem River After Hours Dub (Peaking Lights Remix)";"4";"1419"
"Peaking Lights";"Lucifer Re-Lit";"1";"4893"
"Yazmin Lacey";"Not Today Mate";"1";"4894"
"midub";"From Pilsen to the Moon";"1";"4895"
"Detroit Swindle";"Rhythm Girl Swing EP";"1";"4896"
"Wayne Snow";"The Second Best Time is Now";"3";"1842"
"Werkha";"Generation X";"1";"4897"
"Jitwam";"The Second Best Time is Now";"2";"2677"
"Space Ghost";"The Second Best Time is Now";"2";"2678"
"Kasper Marott";"The Second Best Time is Now";"5";"1162"
"Verner";"The Second Best Time is Now";"2";"2679"
"DIRK 81";"The Second Best Time is Now";"6";"969"
"Glenn Astro";"The Second Best Time is Now";"1";"4898"
"K15";"Earth State EP";"9";"622"
"S. N. Goenka";"Mini Anapana - Vipassana Meditation - English";"1";"4899"
"Peaking Lights";"Sea of Sand";"3";"1843"
"Bété";"Tropical House Music for Workout";"1";"4900"
"Sick Puppies";"Dressed Up As Life";"1";"4901"
"Clarence Carter";"This Is Clarence Carter";"3";"1844"
"Werkha";"The Rigour";"19";"252"
"Slow Attack Ensemble";"Delay Music";"1";"4902"
"Holy Fuck";"Deleter";"3";"1845"
"Nautiluss";"Liquid Sky";"1";"4903"
"Violetta Parisini";"Mehr sein";"3";"1846"
"Violetta Parisini";"Die Dunkelheit hat keine Farben";"1";"4904"
"Meetsysteem";"Geen Signaal (Remixes)";"3";"1847"
"Billy Ocean";"Billy Ocean (Expanded Edition)";"3";"1848"
"Yoshinori Hayashi";"Bjørn Torske/Prins Thomas Remixes";"1";"4905"
"Cowboy Rhythmbox";"Mécanique Sauvage";"2";"2680"
"Violetta Parisini";"Frei";"3";"1849"
"Ichisan";"Space Patrol 10th Year Anniversary";"3";"1850"
"Edwin Starr";"25 Miles";"1";"4906"
"Quantic";"Shapes: Red";"1";"4907"
"Dervish";"Dervish";"3";"1851"
"Ana Roxanne";"~~~";"3";"1852"
"Mary Lattimore";"Collected Pieces";"6";"970"
"Iasos";"Inter-Dimensional Music";"1";"4908"
"Shyamal Sinha";"Sarod Ragas";"2";"2681"
"Blusher";"tren rezno";"1";"4909"
"Tina Malia";"Jaya Bhagavan";"4";"1420"
"Pional";"Dos Attack Presents: International Space Melodies Vol#3";"4";"1421"
"Islandman";"Kaybola";"27";"143"
"Nikosh";"Who";"5";"1163"
"Mapstation";"Tour EP";"2";"2682"
"Nikosh";"Mamadi (Geplantes Nichtstun Remix)";"2";"2683"
"Nihiloxica";"Nihiloxica";"8";"707"
"Nicola Cruz";"Nicola Cruz / Pigmalião";"7";"822"
"Pigmalião";"Nicola Cruz / Pigmalião";"3";"1853"
"Bété";"Asouf";"1";"4910"
"Robert Stillman";"Rainbow";"1";"4911"
"Gal Gracen";"FANTASY GARDENS";"24";"173"
"Beatrice Dillon";"Workaround";"4";"1422"
"Khruangbin";"Texas Sun";"5";"1164"
"HÆLOS";"Any Random Kindness (The Remixes)";"1";"4912"
"Jac the Disco";"Cosmic Matter";"1";"4913"
"Fagaru Evolution";"Ishilan n-Tenere";"8";"708"
"Cito Jarvis";"Body Beat: Soca-Dub and Electronic Calypso (1979-98)";"9";"623"
"Arrow";"Knock Dem Dead";"3";"1854"
"Sebastian Böhm";"Blue Monday";"5";"1165"
"Peter Britto";"Body Beat: Soca-Dub and Electronic Calypso (1979-98)";"1";"4914"
"*D* Ivan";"Body Beat: Soca-Dub and Electronic Calypso (1979-98)";"2";"2684"
"Adonijah";"Body Beat: Soca-Dub and Electronic Calypso (1979-98)";"2";"2685"
"Levi John";"Body Beat: Soca-Dub and Electronic Calypso (1979-98)";"9";"624"
"The Millers";"Body Beat: Soca-Dub and Electronic Calypso (1979-98)";"2";"2686"
"Mohjah";"Body Beat: Soca-Dub and Electronic Calypso (1979-98)";"1";"4915"
"Spiking";"Body Beat: Soca-Dub and Electronic Calypso (1979-98)";"2";"2687"
"Lewlewal de Podor";"Ishilan n-Tenere";"5";"1166"
"Roger Bain";"Body Beat: Soca-Dub and Electronic Calypso (1979-98)";"1";"4916"
"Juno D";"Body Beat: Soca-Dub and Electronic Calypso (1979-98)";"1";"4917"
"Andre Tanker";"Body Beat: Soca-Dub and Electronic Calypso (1979-98)";"2";"2688"
"Colin Jackman";"Body Beat: Soca-Dub and Electronic Calypso (1979-98)";"14";"369"
"Touch";"Body Beat: Soca-Dub and Electronic Calypso (1979-98)";"1";"4918"
"Brother Resistance";"Body Beat: Soca-Dub and Electronic Calypso (1979-98)";"3";"1855"
"Bill Campbell";"Body Beat: Soca-Dub and Electronic Calypso (1979-98)";"3";"1856"
"D' Rebel Band";"Body Beat: Soca-Dub and Electronic Calypso (1979-98)";"2";"2689"
"Dauwd";"Psssh 001";"10";"554"
"Leifur James";"Wise Old Man";"2";"2690"
"Shabaka And The Ancestors";"The Coming Of The Strange Ones";"1";"4919"
"Wilma Archer";"Decades";"1";"4920"
"Barrio Lindo";"Menoko";"4";"1423"
"Traditional";"España";"3";"1857"
"Laraaji";"Like Taking Off An Old Shoe AKA Death (Laraaji Rework)";"1";"4921"
"1900";"1900";"9";"625"
"Thomas Fehlmann";"Los Lagos";"11";"500"
"Efdemin";"Decay Versions Pt. 2";"1";"4922"
"Zuco 103";"Tripicalismo";"1";"4923"
"Collocutor";"Continuation";"3";"1858"
"The Sabres of Paradise";"Sabresonic";"1";"4924"
"The Cinematic Orchestra";"Wait for Now (Pépé Bradock Remixes)";"1";"4925"
"The Cinematic Orchestra";"To Believe";"5";"1167"
"Mapstation";"Present Unmetrics";"2";"2691"
"Seb Wildblood";"Foreign Parts";"6";"971"
"Nadia Nair";"Beautiful Poetry";"2";"2692"
"King Krule";"Man Alive!";"6";"972"
"Kelly Lee Owens";"Melt!";"6";"973"
"Yazmin Lacey";"Morning Matters";"1";"4926"
"Nicola Cruz";"Hybridism";"21";"214"
"Alfa Mist";"On My Ones";"23";"187"
"Violetta Parisini";"Alles bleibt";"7";"823"
"John Hopkins Uni";"Journey";"1";"4927"
"Peter Power";"Awake Into Life";"1";"4928"
"Beatrice Dillon";"FACT Mixes";"1";"4929"
"Abba Gargando";"Ishilan n-Tenere";"6";"974"
"Alkibar Gignor";"Ishilan n-Tenere";"2";"2693"
"Intriya Ag Babo";"Ishilan n-Tenere";"4";"1424"
"Children in Djounhan";"Ishilan n-Tenere";"2";"2694"
"Amanar";"Ishilan n-Tenere";"2";"2695"
"King Aus";"Aus";"1";"4930"
"Mary Clark";"Take Me I'm Yours";"2";"2696"
"Quantic;Los Miticos Del Ritmo";"Hotline Bling";"1";"4931"
"Horostar de Tonka";"Ishilan n-Tenere";"2";"2697"
"Nelson Of The East";"Night Frames";"13";"413"
"Nelson Of The East";"Phase Alternating Lines";"2";"2698"
"Tycho";"Simulcast";"13";"414"
"Kohra";"Sphera";"1";"4932"
"baiuca";"Mangüeiro";"2";"2699"
"IYAKUH";"POAN Collaborations";"1";"4933"
"Biralo";"POAN Collaborations";"1";"4934"
"Sangeet";"Aurea";"1";"4935"
"Nomadic";"Wandering Mind";"1";"4936"
"Stavroz";"Talabout";"1";"4937"
"Rodrigo Gallardo";"El derecho de vivir en paz";"1";"4938"
"Fany Havest";"Space Echo (Analog Africa No. 20)";"1";"4939"
"Pedrinho";"Space Echo (Analog Africa No. 20)";"1";"4940"
"M.RUX";"Vermonische Melodien";"28";"132"
"Quirino Do Canto";"Space Echo (Analog Africa No. 20)";"1";"4941"
"Tchiss Lopes";"Space Echo (Analog Africa No. 20)";"3";"1859"
"João Cirilo";"Space Echo (Analog Africa No. 20)";"2";"2700"
"Abel Lima";"Space Echo (Analog Africa No. 20)";"1";"4942"
"Os Apolos";"Space Echo (Analog Africa No. 20)";"1";"4943"
"Américo Brito";"Space Echo (Analog Africa No. 20)";"1";"4944"
"Elisio Vieira";"Space Echo (Analog Africa No. 20)";"1";"4945"
"Modha";"One Of These Days (Sea Moya Remix)";"1";"4946"
"Tidiane Thiam";"Ishilan n-Tenere";"1";"4947"
"Chaos in the CBD";"Chaos In The CBD & Friends";"7";"824"
"Leifur James";"AAID";"2";"2701"
"Ratgrave";"Alright";"1";"4948"
"Neue Grafik";"Beat X Changers Family 2020 Legacy";"1";"4949"
"Nicolas Godin";"Catch Yourself Falling (FaltyDL Remix)";"1";"4950"
"Ego Ella May";"So Far";"19";"253"
"Kokoroko";"Carry Me Home";"3";"1860"
"ONIPA";"We No Be Machine";"6";"975"
"Moses Boyd";"Dark Matter";"70";"22"
"JuJu Rogers";"40 Acres N Sum Mula";"9";"626"
"Modha";"Getting By";"6";"976"
"Rodrigo Gallardo";"FuerzAndina";"12";"449"
"Georgia Anne Muldrow";"Always";"1";"4951"
"Maribou State";"Mother";"5";"1168"
"Trippin Jaguar";"Night Over Eridu";"1";"4952"
"Nasty P.";"Story So Far";"1";"4953"
"Kaitlyn Aurelia Smith";"Expanding Electricity";"2";"2702"
"Baba Zula";"Gecekondu";"5";"1169"
"Feyyaz Yigit";"Grand Vuslat";"2";"2703"
"Jacques Renault";"Dos Attack Presents: International Space Melodies";"1";"4954"
"Pletnev";"Dos Attack Presents: International Space Melodies";"1";"4955"
"Chassol";"Ludi";"9";"627"
"Philippe Cohen Solal";"Mind Food";"2";"2704"
"Hamlet Minassian";"Armenian Pop Music";"1";"4956"
"Alma Negra";"Conversation EP";"6";"977"
"Jungle by Night";"The Livingstone Remix EP";"1";"4957"
"Karl Berger";"Vibes Summit";"1";"4958"
"Four Tet";"Sixteen Oceans";"14";"370"
"Horatio Luna";"Yes Doctor";"2";"2705"
"Jacques Palminger";"Farben";"13";"415"
"Bochum Welt";"Jura Soundsystem Presents: Transmission Two";"1";"4959"
"Pigmalião";"Exodus";"27";"144"
"Session Victim";"Needledrop";"3";"1861"
"Moodymann";"Sinner: KDJ-48";"23";"188"
"Lifted";"2";"5";"1170"
"Johann Sebastian Bach";"Bach";"38";"91"
"Jay Daniel";"SSD";"1";"4960"
"Robert Loyson";"Nostalgie caraibes, Vol. 2";"1";"4961"
"Tom Of England";"Sex Monk Blues";"1";"4962"
"The Sorcerers";"In Search Of The Lost City Of The Monkey God";"1";"4963"
"Zara McFarlane";"East of the River Nile";"1";"4964"
"Ariwo";"Quasi";"5";"1171"
"Me and My Friends";"High as the sun";"1";"4965"
"Hunrosa";"All (Remixes)";"1";"4966"
"Gam̈a͇";"Tepeme Musica VA 001 - Mictlán";"1";"4967"
"DA IGUANA";"Tepeme Musica VA 001 - Mictlán";"1";"4968"
"Steffen Ki";"Tepeme Musica VA 001 - Mictlán";"1";"4969"
"Intiche";"Tepeme Musica VA 001 - Mictlán";"1";"4970"
"Kusht";"Tepeme Musica VA 001 - Mictlán";"1";"4971"
"Maracuyá";"Tepeme Musica VA 001 - Mictlán";"1";"4972"
"ōme";"Tepeme Musica VA 001 - Mictlán";"1";"4973"
"Marcelo Berges";"Tepeme Musica VA 001 - Mictlán";"1";"4974"
"Alaix Pulse";"Tepeme Musica VA 001 - Mictlán";"1";"4975"
"Maugli";"Tepeme Musica VA 001 - Mictlán";"1";"4976"
"Dark but Gray";"Tepeme Musica VA 001 - Mictlán";"1";"4977"
"Nillo";"Tepeme Musica VA 001 - Mictlán";"1";"4978"
"Sarrelangue";"Tepeme Musica VA 001 - Mictlán";"1";"4979"
"Victor Norman";"Mebsuta";"1";"4980"
"Sebastian Mullaert";"Moonwaker";"2";"2706"
"Sarah Davachi";"Pale Bloom";"5";"1172"
"Numa Gama";"Me Redesenho";"7";"825"
"East Forest";"Ram Dass";"2";"2707"
"John Coltrane";"Blue Train (Expanded Edition)";"3";"1862"
"Lambert";"Balcony Hotel (From 'Miss')";"1";"4981"
"Vermont";"II";"22";"197"
"Andreas Söderström";"Om Solen Väl Går Upp";"2";"2708"
"Maribou State";"fabric presents Maribou State (DJ Mix)";"10";"555"
"Stelvio Cipriani";"fabric presents Maribou State (DJ Mix)";"3";"1863"
"Nick Hakim";"fabric presents Maribou State (DJ Mix)";"4";"1425"
"Pachanga Boys";"Girlcatcher";"1";"4982"
"Unspecified";"Tuareg Music of the Southern Sahara";"4";"1426"
"El Búho";"Ramas";"20";"233"
"Vajk Kobza";"Kara Libanon";"9";"628"
"Jack Kornfield";"Meditation for Beginners";"1";"4983"
"North Downs";"fabric presents Maribou State (DJ Mix)";"3";"1864"
"Art Feynman";"fabric presents Maribou State (DJ Mix)";"3";"1865"
"Kutiman";"fabric presents Maribou State (DJ Mix)";"3";"1866"
"Acid Pauli";"BLD";"1";"4984"
"Risco Connection";"fabric presents Maribou State (DJ Mix)";"3";"1867"
"Supersempfft";"fabric presents Maribou State (DJ Mix)";"2";"2709"
"Kiki Gyan";"fabric presents Maribou State (DJ Mix)";"1";"4985"
"Nu Guinea";"fabric presents Maribou State (DJ Mix)";"1";"4986"
"Oriyin";"fabric presents Maribou State (DJ Mix)";"1";"4987"
"Botany";"fabric presents Maribou State (DJ Mix)";"1";"4988"
"Ekkehard Ehlers";"fabric presents Maribou State (DJ Mix)";"1";"4989"
"Jitwam";"fabric presents Maribou State (DJ Mix)";"1";"4990"
"Four Tet";"Pink";"1";"4991"
"Nicola Cruz";"Fuego Nuevo";"3";"1868"
"Nicola Conte";"50 Years MPS";"1";"4992"
"FKA twigs";"MAGDALENE";"1";"4993"
"Shabaka And The Ancestors";"We Are Sent Here By History";"2";"2710"
"Jake Hottell";"Break The Chains";"6";"978"
"Zelia Barbosa";"edits & cuts";"2";"2711"
"Baden Powell & Vinicius de Moraes";"edits & cuts";"2";"2712"
"Sam Cooke vs. Kalabrese";"edits & cuts";"2";"2713"
"Wallace Collection";"edits & cuts";"2";"2714"
"Townes Van Zandt";"edits & cuts";"2";"2715"
"Stephen Steinbrink & ∆";"Edits & Cuts";"2";"2716"
"Marina Gallardo";"edits & cuts";"2";"2717"
"Tycho";"Awake";"10";"556"
"Floating Points";"Bias";"3";"1869"
"Iona Fortune";"DJ-Kicks (DJ Mix)";"2";"2718"
"Equiknoxx";"DJ-Kicks (DJ Mix)";"2";"2719"
"Blackpocket";"DJ-Kicks (DJ Mix)";"2";"2720"
"Vernon Maytone";"DJ-Kicks (DJ Mix)";"2";"2721"
"Tiger";"DJ-Kicks (DJ Mix)";"2";"2722"
"DJ Nervoso";"DJ-Kicks (DJ Mix)";"2";"2723"
"Andreya Triana";"DJ-Kicks (DJ Mix)";"2";"2724"
"Sudan Archives";"DJ-Kicks (DJ Mix)";"2";"2725"
"Emílio Santiago";"DJ-Kicks (DJ Mix)";"2";"2726"
"Rosa Maria";"DJ-Kicks (DJ Mix)";"2";"2727"
"Laurel Aitken";"DJ-Kicks (DJ Mix)";"3";"1870"
"Tony Allen";"DJ-Kicks (DJ Mix)";"2";"2728"
"Antibalas";"DJ-Kicks (DJ Mix)";"2";"2729"
"Natural Self";"DJ-Kicks (DJ Mix)";"2";"2730"
"Dobie";"DJ-Kicks (DJ Mix)";"2";"2731"
"Errorsmith";"DJ-Kicks (DJ Mix)";"2";"2732"
"Mr. Scruff";"DJ-Kicks (DJ Mix)";"5";"1173"
"Ding Dong";"DJ-Kicks (DJ Mix)";"2";"2733"
"Fats Comet";"DJ-Kicks (DJ Mix)";"2";"2734"
"Paddy Steer";"DJ-Kicks (DJ Mix)";"3";"1871"
"Andy Ash";"DJ-Kicks (DJ Mix)";"2";"2735"
"Max Graef";"DJ-Kicks (DJ Mix)";"2";"2736"
"Alexander Robotnick";"DJ-Kicks (DJ Mix)";"2";"2737"
"Hashim";"DJ-Kicks (DJ Mix)";"2";"2738"
"Zongamin";"DJ-Kicks (DJ Mix)";"2";"2739"
"Bumcello";"DJ-Kicks (DJ Mix)";"2";"2740"
"Archie Pelago";"DJ-Kicks (DJ Mix)";"2";"2741"
"Ghostpoet";"Nowhere To Hide Now";"1";"4994"
"Art Feynman";"I'm Gonna Miss Your World";"1";"4995"
"Werkha";"Tru Thoughts Downtempo & Chill";"2";"2742"
"Manu Delago";"Tru Thoughts Downtempo & Chill";"2";"2743"
"Jonny Faith";"Tru Thoughts Downtempo & Chill";"2";"2744"
"Lost Midas";"Tru Thoughts Downtempo & Chill";"2";"2745"
"Quantic";"Tru Thoughts Downtempo & Chill";"1";"4996"
"Lanu";"Tru Thoughts Downtempo & Chill";"1";"4997"
"Natural Self";"Tru Thoughts Downtempo & Chill";"1";"4998"
"Bonobo";"Tru Thoughts Downtempo & Chill";"2";"2746"
"Space Captain";"Tru Thoughts Downtempo & Chill";"1";"4999"
"Jesse Fischer";"Tru Thoughts Downtempo & Chill";"1";"5000"
"Hint";"Tru Thoughts Downtempo & Chill";"1";"5001"
"J-Felix";"Tru Thoughts Downtempo & Chill";"1";"5002"
"Hidden Orchestra";"Tru Thoughts Downtempo & Chill";"4";"1427"
"Andy Ash";"Bottleneck EP";"1";"5003"
"Village Of The Sun";"Ted";"2";"2747"
"Ben Hauke";"Nightwork - EP";"33";"110"
"Olsen and the Hurley Sea";"edits & cuts";"1";"5004"
"Sicker Man";"edits & cuts";"1";"5005"
"Vakula";"No Music";"3";"1872"
"Nicola Conte & Spiritual Galaxy";"Let Your Light Shine On";"12";"450"
"Seiji";"DJ-Kicks (DJ Mix)";"2";"2748"
"Snowboy and The Latin Section";"DJ-Kicks (DJ Mix)";"1";"5006"
"Drymbago";"DJ-Kicks (DJ Mix)";"1";"5007"
"Harald Kindseth";"Habitat EP";"1";"5008"
"Nicolas Jaar";"Cenizas";"26";"153"
"Kaitlyn Aurelia Smith";"The Steady Heart";"1";"5009"
"Ólafur Arnalds";"Trance Frendz";"18";"273"
"Kelela & Asmara";"Aquaphoria";"1";"5010"
"Z Lovecraft";"Youandmusic, Vol. 1";"3";"1873"
"Leonidas";"Youandmusic, Vol. 1";"12";"451"
"Alice Russell";"Under the Munka Moon, Pt. 2";"13";"416"
"Frédéric Chopin";"Chopin: Nocturnes (Volume 1)";"2";"2749"
"Helene Roche";"Veracity";"2";"2750"
"Peter Sandberg";"Balm";"2";"2751"
"Bionda van der Ham";"Zomer";"1";"5011"
"Snow In April";"Magnolia";"1";"5012"
"Julius Aston";"Trieste";"3";"1874"
"Ruben Galloway";"In The Stillness";"1";"5013"
"Peter Cavallo";"The Half Light";"1";"5014"
"Leslie Miles";"Miles Away";"2";"2752"
"Elder Lockhart";"Ex Nihilo Nihil Fit";"3";"1875"
"Aron Edwards";"Couronne";"2";"2753"
"Rebour";"Piano & Chill";"1";"5015"
"Joep Beving";"Ala";"1";"5016"
"Christopher Dicker";"Solitaire";"1";"5017"
"Ragnar Seaholm";"Small Steps";"1";"5018"
"Johannes Bornlöf";"As the Years Go By";"3";"1876"
"Alec Windt";"In Love";"2";"2754"
"Rebecca Leonard";"Incandescence";"2";"2755"
"Renato Luigi";"Bergamo";"1";"5019"
"Oneke";"More than Close";"2";"2756"
"Olivia Belli";"Silent Dusk / Beside The Spring";"2";"2757"
"Dominique Charpentier";"La tendresse";"2";"2758"
"Peter Sandberg";"Dismantle";"2";"2759"
"Robin Bennich";"Free Fall";"1";"5020"
"Dominique Marais";"D-Bus-Y";"2";"2760"
"Oskar Schuster";"Theben";"2";"2761"
"Mauro Cangemi";"Continuo";"1";"5021"
"Milo Edale";"The Piano Inside";"1";"5022"
"Juan Maria Solare";"Numbered Places, Vol. 1";"2";"2762"
"Tristan Eckerson";"Trozo Revisited";"2";"2763"
"Muriël Bostdorp";"Revive";"3";"1877"
"Sarah Spring";"Under Cold Water";"2";"2764"
"Sigríður";"Interconnectivity";"3";"1878"
"Sergio Díaz De Rojas";"Waltz";"1";"5023"
"Martin Greenbaum";"Folk Dances";"1";"5024"
"Dagmar Collier";"Qui vivra verra";"1";"5025"
"Roman Jensen";"Sail";"2";"2765"
"Max Swan";"Downstreams";"1";"5026"
"Daigo Hanada";"Ouka";"1";"5027"
"Tosh Møller";"Længsel";"1";"5028"
"Csizmazia Etel";"Szerelem";"1";"5029"
"Karin Borg";"Norrsken";"1";"5030"
"Amy-Leigh Williamson";"To Brodie";"1";"5031"
"Sufi Ellman";"Bliss";"2";"2766"
"Heike Blau";"Heimweh";"1";"5032"
"Rhiannon Bannenberg";"Ambrosia (Official Soundtrack)";"1";"5033"
"Moy Finneas";"Weaving";"2";"2767"
"Heike Blau";"Fernweh";"1";"5034"
"Aleksy Wysocki";"Lato";"1";"5035"
"Sigimund";"Piano & Chill";"2";"2768"
"Eamonn Watt";"A Simple Little Lullaby";"1";"5036"
"Leroy Bolander";"Mrs.Kelley";"2";"2769"
"Zachary Patel";"Bartram's Garden";"2";"2770"
"Moux";"Gaze";"2";"2771"
"Clara Nishimoto";"Musing";"1";"5037"
"Johannes Bornlöf";"Dear Sleep";"1";"5038"
"Bodor Vencel";"Gondolkodás";"2";"2772"
"Gavin Luke";"Luster";"2";"2773"
"Massimo Natali [IT]";"Nobody's Home";"2";"2774"
"Annebelle Coenraad";"Ik zie je snel weer";"2";"2775"
"Ana Olgica";"Sugarcane";"1";"5039"
"Quinn MacKenzie";"Rannoch Moor";"2";"2776"
"Akira Kosemura";"Komorebi";"4";"1428"
"Kozue Ojima";"Hand in Hand";"2";"2777"
"Sam Eber";"When All Else Fades";"3";"1879"
"Klaus Weissmuller";"fabienne";"1";"5040"
"Kaja Voll";"Kanskje en vakker dag";"1";"5041"
"Santo Trevisani";"What if we never met";"2";"2778"
"Joy Orbison";"81b";"2";"2779"
"Alfa Mist";"Energy";"1";"5042"
"Mr. Scruff";"3001: A Space Disco Remix (DJ-Kicks)";"1";"5043"
"Paddy Steer";"DJ-Kicks (Mr. Scruff) [DJ Mix]";"2";"2780"
"Andy Ash";"DJ-Kicks (Mr. Scruff) [DJ Mix]";"5";"1174"
"Seiji";"DJ-Kicks (Mr. Scruff) [DJ Mix]";"3";"1880"
"Romaal Kultan";"Off Grid";"3";"1881"
"Jpye";"Twonk & Friends - L' Orient";"1";"5044"
"Axel Boman";"Eyes Of My Mind";"8";"709"
"Axel Boman";"Le New Life";"36";"99"
"Kurt Adam";"Kervan";"1";"5045"
"Stimming";"Eiger Nordwand EP";"3";"1882"
"Alfa Mist";"Epoch";"5";"1175"
"Lee Fields & The Expressions";"Truth & Soul presents Lee Fields (The 45 Mixes)";"5";"1176"
"Jimmy Whoo";"Basic instinct";"1";"5046"
"Folamour";"Ordinary Drugs";"44";"71"
"44th Move";"Broken";"2";"2781"
"Manu Dibango";"Ceddo (Bande originale du film)";"1";"5047"
"thool";"Thool";"2";"2782"
"Dreems";"In Deep Waters";"14";"371"
"Charlotte Funke";"Episode";"1";"5048"
"Jaidy Thissen";"schemering";"1";"5049"
"Zemfira Mironova";"Lelyah";"2";"2783"
"Adam Fincher";"Pearly White";"1";"5050"
"Aaron Lansing";"Faded Dreams";"2";"2784"
"Falerina Paquet";"Fin de l'été";"1";"5051"
"Joel Lyssarides";"Dreamer";"2";"2785"
"Francie Stooge";"Daybreak";"2";"2786"
"Nils Frahm";"Screws";"8";"710"
"Tomasz Kraal";"Valse Glacée";"2";"2787"
"Robin Bennich";"Looking Forward, Looking Backward";"1";"5052"
"Bela Nemeth";"This Moment";"1";"5053"
"Lennon McKenna";"Perspectives";"2";"2788"
"Elizabeth Bouknight";"Eau Claire";"1";"5054"
"Eline Neteland";"Ærlighet";"2";"2789"
"Józef Gatysik";"Evolutionistically Yours";"2";"2790"
"Ever So Blue";"Fragment";"3";"1883"
"Way Beyond";"Floating";"1";"5055"
"Fioretta Rizzo";"Ci vediamo domani";"1";"5056"
"Jitka Kubr";"Komorebi";"1";"5057"
"Tomasz Kraal";"The Swan";"2";"2791"
"Maya Åström";"Den första snön";"1";"5058"
"Jef Martens";"Soirées sans toi";"1";"5059"
"Valbona Ceferin";"Hvaležni";"1";"5060"
"Joseph Caleb";"Collected";"1";"5061"
"Matti Bye";"Faller Snö";"2";"2792"
"Nicola conti";"Chi cerca trova";"2";"2793"
"Minnie Scolanti";"Timelapse";"2";"2794"
"Kolorascze";"Aion";"1";"5062"
"Falerina Paquet";"Prends soin de toi";"1";"5063"
"Christopher Dicker";"Hands";"2";"2795"
"Denise Billingsley";"Meet me";"1";"5064"
"Charles Bolt";"Charles Bolt";"3";"1884"
"Réka Ioescu";"Endymion";"2";"2796"
"Oneke";"Rays of Hope";"2";"2797"
"Thomasine Robinson";"It is a Beauteous Evening";"2";"2798"
"Adam Fincher";"Forrester";"1";"5065"
"Alida Sørby";"Kjæreste";"2";"2799"
"PIANO NOVEL";"Connected Colors";"1";"5066"
"Germain Lesage";"trouvaille";"2";"2800"
"Justin Withers";"Theme From the Lost Ones";"2";"2801"
"Csizmazia Etel";"Olyan szép vagy";"1";"5067"
"Henrietta Kuipers";"Salvatore";"2";"2802"
"Léon Branche";"After the Silence";"1";"5068"
"Joel Lyssarides";"Björninnan";"1";"5069"
"Leyton Stills";"Human";"2";"2803"
"Alexandra Streliski";"Plus tôt";"1";"5070"
"Jim Perkins";"Outside";"2";"2804"
"Sigrid Vass";"Aquatic";"2";"2805"
"Borghild Wenn";"Filotimo";"1";"5071"
"Ricki Westberg";"When We First Met";"2";"2806"
"Heinz Goldblatt";"Traveling";"2";"2807"
"Frano Stanić";"Misli na tebe";"1";"5072"
"Gavin Luke";"Night Walk";"1";"5073"
"Alexis Ffrench";"Dreamland (Solo Piano Version)";"1";"5074"
"Luke Faulkner";"Clocks";"1";"5075"
"Jensine Fleischer";"Adalene";"1";"5076"
"Jordane Tumarinson";"Automne";"1";"5077"
"Davorka Poljak";"Kozjak";"2";"2808"
"Kendra Logozar";"Equilibrium";"1";"5078"
"Kyran Martin";"Brig O' Balgownie";"1";"5079"
"José Marquez";"Ode to the DJ (feat. Tshaka Campbell)";"1";"5080"
"Darkstar";"Wolf (John Talabot Remixes)";"2";"2809"
"Umoja";"Owewe";"5";"1177"
"Alejandro Mosso";"Amatista Ep";"14";"372"
"Alejandro Mosso";"Rituals Album";"8";"711"
"S.A. Karl";"Castor / Pollux";"1";"5081"
"Ezequiel Johnson";"A New Year's Walk";"2";"2810"
"Elliot Ziegler";"Zéphyrine";"4";"1429"
"Darrell Vitagliano";"Crisantemo";"2";"2811"
"Zwera";"Mass";"1";"5082"
"Petra Birgisdóttir";"Súlur";"2";"2812"
"Hayden Cargile";"Tinamou";"1";"5083"
"Eamonn Watt";"Reflections";"1";"5084"
"Karin Borg";"Preludium";"1";"5085"
"Novo Talos";"Carry On";"2";"2813"
"Riccardo Lettiere";"Magari";"1";"5086"
"Sufi Sheman";"Sentiment";"1";"5087"
"Federico Montoya";"Theme from Lazarus";"2";"2814"
"Hermann";"Leaves (Remastered)";"1";"5088"
"Mewael Yemane";"Wishes";"1";"5089"
"Tosh Møller";"Alene uden dig";"1";"5090"
"Floriscope";"Petals";"2";"2815"
"Emanuel Fremont";"Thinking about Jane";"1";"5091"
"Zwera";"Causality";"1";"5092"
"Haru Kitamura";"First Sunrise";"1";"5093"
"Hayden Cargile";"Scarlet Macaw";"2";"2816"
"Domenico Cattaneo";"Senza tentazioni, senza onore";"1";"5094"
"Florence Bellefeuille";"Quand on a pas ce que l’on aime, il faut aimer ce que l’on a";"2";"2817"
"Doris Casella";"Anwyll";"1";"5095"
"Joep Beving";"Solitude";"2";"2818"
"Dominique Marais";"A Perceptual Process";"1";"5096"
"S.J Morgan";"Rivers";"2";"2819"
"Jacob LaVallee";"In This Way";"2";"2820"
"Jan Thiel";"Süda";"2";"2821"
"Juliet Moss";"Abstract";"1";"5097"
"Jacob LaVallee";"A Place I Know";"1";"5098"
"Berlioz";"A Letter Home";"1";"5099"
"Maria Marble";"Hiemal";"1";"5100"
"Santo Trevisani";"If you ever change your mind";"1";"5101"
"Céline Aubin";"Mère bien-aimée";"2";"2822"
"Eamonn Watt";"Nightfall";"2";"2823"
"Eric Cadogan";"Confidante";"1";"5102"
"Hiroko Murakami";"Everlasting Oath";"2";"2824"
"Teodor Wolgers";"hopes";"1";"5103"
"Charles Bolt";"Tone of Love";"1";"5104"
"Romaine LaGrande";"Pense à moi";"1";"5105"
"Otto Wahl";"Awakening";"1";"5106"
"Davorka Poljak";"Isonzo";"1";"5107"
"Una Luna";"Send A Raven North";"1";"5108"
"Amity Fall";"Without";"1";"5109"
"Biba Dupont";"Indigo";"1";"5110"
"Anthony Sullivan";"From This Day";"1";"5111"
"GÅEL";"Mid Air";"2";"2825"
"Berlioz";"Isla De Flores";"1";"5112"
"Piotr Miteska";"Squares of Life";"1";"5113"
"Aenor";"Pachm";"2";"2826"
"Darrell Boxman";"Oudewater";"1";"5114"
"Olivier Mournier";"Pour tous les cœurs du monde";"1";"5115"
"Isaac Nash";"Fairfield";"1";"5116"
"Aaron Lansing";"Naive Spin";"1";"5117"
"Olivia Belli";"Rolling Pebbles / The Faun’s Dream";"1";"5118"
"Odin Sørlie";"Lucida";"1";"5119"
"Zygmunt Czarnecki";"Zakopane";"2";"2827"
"Samuel Lindon";"Meadow Mornings";"1";"5120"
"Jase Moran";"Distant Lapse";"1";"5121"
"Max Swan";"After The Rain";"1";"5122"
"Saeko Seki";"Aoyama Bochi";"1";"5123"
"SYML";"Where's My Love (Piano Solo)";"1";"5124"
"Jan Kubec";"Toužebný";"2";"2828"
"Gabríel Ólafs";"Staircase Sonata";"1";"5125"
"Leroy Bolander";"That day";"1";"5126"
"Vala Capon";"Presto arriverà il sole";"1";"5127"
"Peter Cavallo";"Rainy Day";"2";"2829"
"Samuel Lindon";"La tour";"2";"2830"
"Jesse Brown";"Notes From Tom";"1";"5128"
"Mark Souzek";"Les Etudes";"1";"5129"
"Ray Hutchcraft";"Marble Falls";"2";"2831"
"Jensine Fleischer";"Dalliance";"1";"5130"
"Eric Badanti";"Airbourne";"1";"5131"
"Isotope 217";"The Unstable Molecule";"1";"5132"
"Satoshi Ashikawa";"Kankyō Ongaku: Japanese Ambient, Environmental & New Age Music 1980-1990";"1";"5133"
"Max Richter";"A Catalogue of Afternoons";"2";"2832"
"Melanie Adler";"Gratitude";"1";"5134"
"Gavin Luke";"Solace";"1";"5135"
"Juultje Berben";"Uitwaaien";"1";"5136"
"Ever So Blue";"Traces";"1";"5137"
"Lummus Park";"Ocean And 17th";"2";"2833"
"Melanie Adler";"The Thing With Feathers";"1";"5138"
"Fioretta Rizzo";"Nel bisogno si riconosce il vero amico";"2";"2834"
"Karin Borg";"Kebnekajse";"1";"5139"
"Sumsar";"Amorous Rebound";"2";"2835"
"Haakon Stange";"Finding Hope";"1";"5140"
"Vail Bizier";"Ce n’est pas la mer à boire";"1";"5141"
"Lucas Vendrai";"Pas de deux";"1";"5142"
"Patrizio Pisani";"Guardami";"1";"5143"
"Piotr Wiese";"We Won't Waltz Together";"2";"2836"
"Franz Gordon";"Jeremy and Maureen";"1";"5144"
"Arelius";"Elements";"1";"5145"
"Camilla Selezneva";"Sasha";"1";"5146"
"Jonwayne";"40 Winks";"1";"5147"
"Pete Drake";"Forever - Single";"1";"5148"
"Delroy Edwards";"Hangin' At The Beach";"1";"5149"
"Mr. Scruff";"Keep It Unreal (10th Anniversary Analogue Remaster Edition)";"1";"5150"
"Monster Rally";"Flowering Jungle";"1";"5151"
"Cleaners From Venus";"On Any Normal Monday";"1";"5152"
"Robert Mitchum";"Robert Mitchum Sings";"1";"5153"
"Kit Sebastian";"Mantra Moderne";"1";"5154"
"Devin the Dude";"Still Rollin' Up: Somethin' To Ride With";"1";"5155"
"Drexciya";"Neptunes Lair";"3";"1885"
"Budgie";"Panty Soakers 4";"2";"2837"
"Earth Trax";"LP1";"16";"310"
"Kit Sebastian";"Mantra Moderne (Deluxe Edition)";"2";"2838"
"Martyn";"One Eye EP";"1";"5156"
"Patrick Cowley";"Afternooners";"1";"5157"
"Matty";"Selfportrait";"1";"5158"
"Arnie Love & the Lovettes";"Invisible Wind";"1";"5159"
"Slick Rick";"Behind Bars";"2";"2839"
"Yellow Magic Orchestra";"Yellow Magic Orchestra";"3";"1886"
"Gratitude";"We Are Here To Party";"1";"5160"
"Pan Amsterdam";"The Pocket Watch";"1";"5161"
"Cassio Ware";"blaze productions";"1";"5162"
"Matt Karmil";"STS371";"3";"1887"
"I:Cube";"DJ-Kicks EP";"1";"5163"
"Brandt Brauer Frick";"Echo";"2";"2840"
"Space Dimension Controller";"Planète Contraire";"3";"1888"
"Almunia";"Remix Sampler";"1";"5164"
"NUfrequency;Ben Onono";"Rebirth Essentials Volume Five";"1";"5165"
"Onyx Collective";"Manhattan Special";"1";"5166"
"Jennifer Lara";"Studio One Classics";"1";"5167"
"Payfone";"Last Night in Sant Celoni";"4";"1430"
"Supreme Jubilees";"Good God! Apocryphal Hymns";"2";"2841"
"Channel Tres";"Controller";"1";"5168"
"Benny Sings";"Passionfruit";"6";"979"
"Dennis Brown";"Love & Hate";"1";"5169"
"Nu-Matic";"Hard Times";"1";"5170"
"Atom TM";"Around the World With Señor Coconut and His Orchestra";"1";"5171"
"Gloria Ann Taylor";"Love Is A Hurtin' Thing";"3";"1889"
"Kiefer";"Happysad";"27";"145"
"Chessie";"Overnight";"1";"5172"
"Kid Loco";"The Rare Birds";"1";"5173"
"Pender Street Steppers";"The Glass City";"9";"629"
"Apiento";"Things You Do For Love";"3";"1890"
"Ibu Selva";"Earthly Tapes 01";"1";"5174"
"Dreems";"Earthly Tapes 01";"2";"2842"
"Keope";"Bigamo Remixed Pt. 1";"1";"5175"
"Maajo";"Kuru Kuru";"30";"123"
"Payfone";"Last Night in Sant Celoni (feat. Jaz James)";"10";"557"
"Teste";"The Wipe / Ascend";"1";"5176"
"Jah Shaka";"Brimstone and Fire";"1";"5177"
"Cleaners From Venus";"Number Thirteen";"2";"2843"
"Anna Domino";"East and West + Live In Japan";"2";"2844"
"Dean Blunt";"soul on fire";"1";"5178"
"Jan Jelinek";"Loop-Finding-Jazz-Records";"4";"1431"
"USG";"Word, Sound & Power";"2";"2845"
"Decora";"Bread and Oats";"2";"2846"
"Cass McCombs";"Big Wheel and Others";"1";"5179"
"Lama";"Italo Disco Vol. 2";"2";"2847"
"Ali Farka Touré";"In the Heart of the Moon";"9";"630"
"40 Thieves";"Don't Turn It Off Remixes";"5";"1178"
"Rammellzee";"Giant Single: Profile Records Rap Anthology";"2";"2848"
"Vincent Ahehehinnou";"Best Woman (Analog Africa Dance Edition No. 5)";"1";"5180"
"Nico";"Chelsea Girl";"1";"5181"
"Donato Dozzy";"Mindless Fullness";"1";"5182"
"Becker & Mukai";"Time Very Near";"26";"154"
"Aril Brikha";"Deeparture in Time - Revisited";"1";"5183"
"Mickey Moonlight";"And The Time Axis Manipulation Corporation";"2";"2849"
"Yacht";"Psychic City";"4";"1432"
"Circuit Breaker";"Blueprints for Modern Technology, Vol. 1";"1";"5184"
"Mood II Swing";"The Lost Deep House Trax - Volume One";"1";"5185"
"Alejandro Mosso";"Other Worlds";"2";"2850"
"Little Jinder´s Unreleased Romance";"Travel Back In Time";"2";"2851"
"Basement Jaxx";"Lost Remixes (1999 - 2009)";"1";"5186"
"David Walters";"Kryé Mwen (Remixes)";"1";"5187"
"Aleksi Perälä";"Ovuca Bonus";"1";"5188"
"International Music System";"IMS, Vol. 1 (LP)";"2";"2852"
"Sean Nicholas Savage";"Other Life";"1";"5189"
"Louis Hardin";"Moondog";"1";"5190"
"Muddy Monk";"Longue Ride";"2";"2853"
"Don Carlos";"Mediterraneo (Club Favourites Collection '90/98)";"2";"2854"
"Ebo Taylor";"Conflict";"1";"5191"
"Channel Tres";"Black Moses";"1";"5192"
"Bibio";"Lovers Carvings (WXAXRXP Session)";"1";"5193"
"The In Crowd";"His Majesty Is Coming";"2";"2855"
"Duke Reid's All Stars";"The Treasure Isle Story";"2";"2856"
"Jacob Desvarieux";"Banzawa";"1";"5194"
"Laraaji";"Vision Songs, Vol.1";"3";"1891"
"Karriem Riggins";"Headnod Suite";"2";"2857"
"Alton Ellis";"The Aggrovators Present: Alton Ellis";"1";"5195"
"Ike Turner & The Kings Of Rhythm";"A Black Man's Soul";"1";"5196"
"SWV";"Release Some Tension";"1";"5197"
"Felix da Housecat";"Kittenz and Thee Glitz";"1";"5198"
"LF58";"Alterazione";"3";"1892"
"John Wizards";"John Wizards";"3";"1893"
"Mac-Talla Nan Creag";"The Sorrow Of Derdriu";"4";"1433"
"Verinda";"Dust";"1";"5199"
"Mae Ji-Yoon";"Vibrations";"1";"5200"
"Romaine LaGrande";"Tu me fascines";"1";"5201"
"Patricia Sevin";"Choices";"1";"5202"
"Albert Riqueti";"Comforting";"1";"5203"
"Patrick Buote";"Heaven";"1";"5204"
"Élise Aucoin";"Qui n’avance pas, recule";"1";"5205"
"Réka Ioescu";"Amadeus";"1";"5206"
"Minik Jakobsen";"Limerence";"1";"5207"
"Kendra Logozar";"Softly";"1";"5208"
"Jef Martens";"delta/alpha";"1";"5209"
"Evelyn Stein";"Quiet resource";"1";"5210"
"Leonardo Cupelli";"Here";"1";"5211"
"Padang Food Tigers";"Ready Country Nimbus";"17";"289"
"Kutiman";"Lines from Different Sources";"6";"980"
"Kutiman";"Mix Istanbul";"1";"5212"
"Matthias Meyer";"Strangely Enough EP";"1";"5213"
"Payfone";"I Was in New York / A Prayer for Maya Angelou";"1";"5214"
"Saint Etienne";"Casino Classics (Deluxe Edition)";"1";"5215"
"Galaxy 2 Galaxy";"Galaxy 2 Galaxy: A High Tech Jazz Compilation";"1";"5216"
"Harold Melvin & The Blue Notes";"Wake Up Everybody";"1";"5217"
"Kadhja Bonet";"The Visitor";"1";"5218"
"Dennis Brown";"Reggae Anthology: Dennis Brown - Crown Prince of Reggae - Singles (1972-1985)";"1";"5219"
"Labi Siffre";"Crying, Laughing, Loving, Lying";"1";"5220"
"Lonnie Liston Smith & The Cosmic Echoes";"Visions of a New World";"1";"5221"
"Dorothy Ashby";"Afro-Harping";"1";"5222"
"The Apples in Stereo";"Fun Trick Noisemaker";"1";"5223"
"Acid Pauli";"Mainacht";"8";"712"
"Move D";"Let's Call It a Day";"16";"311"
"Payfone";"Paradise / Mice Life / Subcoinscient Lamentation";"10";"558"
"Big Hard Excellent Fish";"Imperfect List";"1";"5224"
"Channel Tres";"Black Moses (feat. JPEGMAFIA)";"1";"5225"
"Moodymann";"Forevernevermore";"7";"826"
"William Onyeabor";"Great Lover";"1";"5226"
"Nick Hakim";"Will This Make Me Good";"1";"5227"
"Moses Sumney";"græ";"5";"1179"
"air space ark";"All Rivers Lead";"3";"1894"
"Emanative";"Energy";"9";"631"
"Clap! Clap!";"Liquid Portraits";"40";"84"
"Tenderlonious";"Impressions";"1";"5228"
"Songwriters' Forum";"Volume I";"1";"5229"
"Kaitlyn Aurelia Smith";"Carrying Gravity";"1";"5230"
"Ghostpoet";"I Grow Tired But Dare Not Fall Asleep";"13";"417"
"Kid Creole And The Coconuts";"I Do Believe";"2";"2858"
"Peggy Gou";"Moment EP";"2";"2859"
"Richard Ulh";"Becouse of This";"1";"5231"
"Duval Timothy";"Sen Am";"4";"1434"
"Lambert";"Gdansk";"1";"5232"
"Kiefer";"Superbloom";"33";"111"
"Kiefer";"May 20";"1";"5233"
"rRoxymore";"Face to Phase";"2";"2860"
"Christina Galisatus";"Root";"2";"2861"
"Photek";"T'Raenon (Remastered Edition)";"2";"2862"
"Daphne";"When You Love Someone";"1";"5234"
"Nate Young";"Volume One: Dilemmas Of Identity";"2";"2863"
"Gabriel Garzón-Montano";"Bishouné: Alma del Huila Instrumentals";"1";"5235"
"Kara-Lis Coverdale";"Late Night Tales: Floating Points";"1";"5236"
"Monoton";"Blau - Monotonprodukt 02 26y++";"1";"5237"
"Kaitlyn Aurelia Smith";"The Mosaic of Transformation";"45";"66"
"Dengue Dengue Dengue";"Humos EP";"2";"2864"
"Jimi Jules";"Karma Baby EP";"1";"5238"
"El Michels Affair";"12345678910";"1";"5239"
"History of Colour";"Antumbra";"20";"234"
"Miss Kittin";"First Album (2009 Reissue)";"1";"5240"
"Rabii Harnoune";"GNAWA ELECTRIC LAUNE";"5";"1180"
"JOYFULTALK";"A Separation Of Being";"7";"827"
"Folamour";"I Miss Having Someone to Talk To";"1";"5241"
"Onward International";"Foot in the Door";"1";"5242"
"Trances";"Trances Remixed";"3";"1895"
"Dream Cycle";"Part Three";"3";"1896"
"ras";"RAS II";"1";"5243"
"Yu Su";"233";"1";"5244"
"Saloli";"The Deep End";"1";"5245"
"Circle Of Live";"Live at Freerotation 2018";"1";"5246"
"Verjault";"Violet";"1";"5247"
"Romare";"Sunshine";"7";"828"
"Oceanvs Orientalis";"Khronos (Bonus EP)";"1";"5248"
"frollein smilla";"Golden Future";"3";"1897"
"Oceanvs Orientalis";"Khronos";"1";"5249"
"Photay";"Is It Right?";"1";"5250"
"Rippps";"Hue";"1";"5251"
"Planetary Assault Systems";"Archives";"1";"5252"
"The Barry Sisters";"Their Greatest Yiddish Hits";"10";"559"
"Edward Sharpe & The Magnetic Zeros";"Up From Below";"7";"829"
"Oceanvs Orientalis";"Ex Nihilo";"15";"340"
"Claude Nougaro";"L'Amour Sorcier";"2";"2865"
"George T";"Midway";"1";"5253"
"Oni Ayhun";"OAR004";"3";"1898"
"Nubya Garcia";"Pace";"2";"2866"
"⣎⡇ꉺლ༽இ•̛)ྀ◞ ༎ຶ ༽ৣৢ؞ৢ؞ؖ ꉺლ";"ooo ̟̞̝̜̙̘̗̖҉̵̴̨̧̢̡̼̻̺̹̳̲̱̰̯̮̭̬̫̪̩̦̥̤̣̠҈͈͇͉͍͎͓͔͕͖͙͚͜͢͢͢͢͢͢͢͢͢͢͢͢͢͢ͅ oʅ͡͡͡͡͡͡͡͡͡͡͡( ؞ৢ؞ؙؖ⁽⁾˜ัิีึื์๎้็๋๊⦁0 ̟̞̝̜̙̘̗̖҉̵̴̨̧̢̡̼̻̺̹̳̲̱̰̯̮̭̬̫̪̩̦̥̤̣̠҈͈͇͉͍͎͓͔͕͖͙͚͜͢͢͢͢͢͢͢͢͢͢͢͢͢͢ͅ ఠీੂ೧ູ࿃ूੂ";"4";"1435"
"Gary Bartz";"Night Dreamer Direct-To-Disc Sessions";"1";"5254"
"Congi";"Cosmic Vibrations Vol.2";"3";"1899"
"Keleketla!";"Future Toyi Toyi";"3";"1900"
"Native Cruise";"Sky Rider";"6";"981"
"KOTA The Friend";"EVERYTHING";"3";"1901"
"Alela Diane";"The Pirate's Gospel (Deluxe Edition)";"5";"1181"
"Sadhu Sensi";"Overtone Earth";"3";"1902"
"Johannes Klingebiel";"It's Such a Beautiful Day";"8";"713"
"Nicola Conte";"The Higher Love";"3";"1903"
"Katharina Ernst";"Extrametric";"1";"5255"
"Skinshape";"Afande";"6";"982"
"EOB";"Brasil";"1";"5256"
"Session Victim";"Needledrop (Laurence Guy Remix)";"1";"5257"
"Maria Bethânia";"Demarcação Já Remix 2";"1";"5258"
"Ego Ella May";"Give A Little";"1";"5259"
"Art Feynman";"Not My Guy";"1";"5260"
"Khruangbin";"So We Won't Forget";"3";"1904"
"Hector Plimmer";"Wall Street (Matthew Herbert's Street Dub)";"1";"5261"
"Free the Robots";"Aswang";"1";"5262"
"Gaijin Blues";"Gaijin Blues";"1";"5263"
"Green-House";"Six Songs For Invisible Gardens";"56";"40"
"Gaijin Blues";"Gaijin Blues II";"1";"5264"
"Golden Bug";"Vibrations Métalliques";"6";"983"
"187 Lockdown";"Gunman (Mixes)";"1";"5265"
"Luca Musto";"Call Me on the Regular";"11";"501"
"Philou Louzolo";"Nubian Quadrant";"3";"1905"
"So Inagawa";"Logo Queen EP";"2";"2867"
"Helium Robots";"Rainbow Disco Club Vol. 1";"1";"5266"
"Leifur James";"Angel In Disguise";"41";"83"
"Yør Kultura";"Ours Is Yours";"1";"5267"
"Seb Wildblood";"Hazy House";"6";"984"
"WhoMadeWho";"Anywhere in the World";"1";"5268"
"The Grid";"Floatation (2020 Special Request Redition)";"1";"5269"
"Kiefer";"Be Encouraged";"2";"2868"
"O/Y";"Moodfamily Compilation I";"1";"5270"
"GoGo Penguin";"GoGo Penguin";"19";"254"
"Luis Perez";"Ipan In Xiktli Metztli (México Mágico Cósmico, en el Ombligo de la Luna)";"1";"5271"
"Ketiov";"Rhythm Trainx Vol. 2";"3";"1906"
"FKJ";"Jazzy Chill: Sweet Jazzy Infused Tunes to Chill Out";"4";"1436"
"Moods";"Jazzy Chill: Sweet Jazzy Infused Tunes to Chill Out";"2";"2869"
"Emancipator";"Jazzy Chill: Sweet Jazzy Infused Tunes to Chill Out";"2";"2870"
"DJ Cam Quartet";"Jazzy Chill: Sweet Jazzy Infused Tunes to Chill Out";"2";"2871"
"Waldeck";"Jazzy Chill: Sweet Jazzy Infused Tunes to Chill Out";"2";"2872"
"7apes";"Jazzy Chill: Sweet Jazzy Infused Tunes to Chill Out";"1";"5272"
"Guts";"Jazzy Chill: Sweet Jazzy Infused Tunes to Chill Out";"1";"5273"
"Gotan Project";"Jazzy Chill: Sweet Jazzy Infused Tunes to Chill Out";"1";"5274"
"DLJ";"Jazzy Chill: Sweet Jazzy Infused Tunes to Chill Out";"1";"5275"
"Mr. Scruff";"Jazzy Chill: Sweet Jazzy Infused Tunes to Chill Out";"1";"5276"
"Kazam";"Jazzy Chill: Sweet Jazzy Infused Tunes to Chill Out";"1";"5277"
"Quantic";"Jazzy Chill: Sweet Jazzy Infused Tunes to Chill Out";"1";"5278"
"Philippe Cohen Solal";"Jazzy Chill: Sweet Jazzy Infused Tunes to Chill Out";"1";"5279"
"Nostalgia 77";"Jazzy Chill: Sweet Jazzy Infused Tunes to Chill Out";"1";"5280"
"The Breed";"Jazzy Chill: Sweet Jazzy Infused Tunes to Chill Out";"1";"5281"
"Burrito Brown";"Jazzy Chill: Sweet Jazzy Infused Tunes to Chill Out";"1";"5282"
"4th Sign";"Jazzy Chill: Sweet Jazzy Infused Tunes to Chill Out";"2";"2873"
"Quantic";"Nowhere";"1";"5283"
"Monika Kruse";"Tacos Beats";"2";"2874"
"Neuquén Groove";"Les Disques Du Bord de L'eau - Summer 2020";"1";"5284"
"Oskar Skarp";"Burning Like The Sun (2011 REMIXES)";"7";"830"
"Souleance";"Aquarelle";"1";"5285"
"Federico Estevez";"Montevidensis (El Búho & Fede Estévez)";"3";"1907"
"Benjamin Fröhlich";"Amiata Remixed";"1";"5286"
"Henrik Schwarz";"99%";"3";"1908"
"Awkward Corners";"I'll Do It Tomorrow EP";"1";"5287"
"Fuel Fandango";"La grieta (feat. Chancha Via Circuito)";"10";"560"
"Amtrac";"No Place (Remixes) (feat. Lali Puna)";"3";"1909"
"Pye Corner Audio";"Resist (John Talabot Remix)";"1";"5288"
"WhoMadeWho";"Synchronicity I";"1";"5289"
"Lido Pimienta";"Te Quería (Chancha Vía Circuito Remix)";"1";"5290"
"Khruangbin";"Pelota";"17";"290"
"Ikaru";"Sun";"1";"5291"
"Skinshape";"Umoja";"20";"235"
"Federico Estevez";"De Aquí Hasta Aquí";"9";"632"
"Ex-Pylon";"Serenity Now, Insanity Later";"1";"5292"
"Mustafa Ahmed";"Son of the Drum Song";"5";"1182"
"Jaga Jazzist";"Spiral Era (Prins Thomas Remix)";"1";"5293"
"Flume";"The Difference (Jon Hopkins Remix)";"1";"5294"
"Kartell";"Electro Chill: Take a Deep Breath and Relax with the Ultimate Electronic Selection";"4";"1437"
"Nufrequency";"Electro Chill: Take a Deep Breath and Relax with the Ultimate Electronic Selection";"1";"5295"
"Weval";"Electro Chill: Take a Deep Breath and Relax with the Ultimate Electronic Selection";"1";"5296"
"Khruangbin";"Hasta El Cielo";"14";"373"
"Elder Island";"The Omnitone Collection Remixed";"2";"2875"
"Gianni Brezzo";"Henry";"1";"5297"
"EMS Synthi 100";"DEEWEE Sessions, Vol. 01";"1";"5298"
"Aphty Khéa";"Pengvibe";"1";"5299"
"Populous";"W";"1";"5300"
"Totally Enormous Extinct Dinosaurs";"I Can Hear the Birds";"3";"1910"
"Genevieve Artadi";"Living Like I Know I’m Gonna Die";"1";"5301"
"Mike Slott";"Vignettes";"1";"5302"
"Daniel Aged";"Daniel Aged";"1";"5303"
"Andras";"Joyful";"1";"5304"
"Waaju";"Grown";"1";"5305"
"Kelly Lee Owens";"On";"4";"1438"
"Rick Wade";"Players Theme";"3";"1911"
"James Last";"Beachparty (Vol. 1)";"2";"2876"
"Afrosideral";"Filho do Mar";"2";"2877"
"Donny Benét";"Beneath The Sheets";"1";"5306"
"Resavoir";"Resavoir";"2";"2878"
"Muriel Grossmann";"Reverence";"1";"5307"
"l'éclair";"Homo Sapiens / Take the Money (Octopus Version)";"1";"5308"
"Laurent Bardainne";"Love Is Everywhere";"1";"5309"
"Mac Quayle";"The Last of Us Part II (Original Soundtrack)";"1";"5310"
"Your Planet Is Next";"Serenity Now, Insanity Later";"1";"5311"
"Khruangbin";"Mordechai";"14";"374"
"Ezra Collective";"Footprints";"1";"5312"
"K15";"Vol. 1";"1";"5313"
"Nico Stojan";"Cardano";"1";"5314"
"Maria Rita Stumpf";"Outro Tempo";"1";"5315"
"Niklas Wandt";"Erdtöne";"7";"831"
"Bruce Brubaker";"Glassforms";"8";"714"
"Philip Glass";"Glassforms";"9";"633"
"Rancido";"Cynosure";"1";"5316"
"Mental Overdrive";"Day (Prins Thomas Mix)";"1";"5317"
"Deluxe";"En confinement";"1";"5318"
"Lambert";"Good Sleep Music";"2";"2879"
"Rob Moss Wilson";"Big Lunch";"1";"5319"
"Catching Flies";"Silver Linings Remixed";"1";"5320"
"Tryo";"XXV";"1";"5321"
"Romare";"The River";"1";"5322"
"Dan Bay";"Himmel Und Sonne";"1";"5323"
"Mr. Scruff";"DJ-Kicks (Mr. Scruff) [DJ Mix]";"1";"5324"
"Brigitte Bardot";"I Love Serge";"1";"5325"
"Superpitcher";"Sketch Of Japan";"6";"985"
"Purple Disco Machine";"Soulmatic";"1";"5326"
"Lambert";"Alone II";"1";"5327"
"Flo Morrissey";"Gentlewoman, Ruby Man";"1";"5328"
"Shigeto";"Shigeto";"1";"5329"
"Ebo Taylor";"Disco Highlife Reedit Series, Vol. 2";"1";"5330"
"Michael Kiwanuka";"Final Days (Bonobo Remix)";"1";"5331"
"Gustavo Santaolalla";"The Last of Us Part II (Original Soundtrack)";"3";"1912"
"L.A. Salami";"Dancing with Bad Grammar: The Directors Cut";"28";"133"
"Kutiman";"Tanzania";"1";"5332"
"187 Lockdown";"187";"1";"5333"
"Spacebomb House Band";"A Little Bit At A Time: Spacebomb Family Rarities";"1";"5334"
"Angelica Garcia";"A Little Bit At A Time: Spacebomb Family Rarities";"1";"5335"
"Laura Veirs";"A Little Bit At A Time: Spacebomb Family Rarities";"1";"5336"
"The Waterboys";"A Little Bit At A Time: Spacebomb Family Rarities";"1";"5337"
"Sleepwalkers";"A Little Bit At A Time: Spacebomb Family Rarities";"1";"5338"
"Jackie Cohen";"A Little Bit At A Time: Spacebomb Family Rarities";"1";"5339"
"Cocoon";"A Little Bit At A Time: Spacebomb Family Rarities";"1";"5340"
"Tim Heidecker";"A Little Bit At A Time: Spacebomb Family Rarities";"1";"5341"
"Trey Pollard";"A Little Bit At A Time: Spacebomb Family Rarities";"1";"5342"
"Cameron Ralston";"A Little Bit At A Time: Spacebomb Family Rarities";"1";"5343"
"Landon Elliott";"A Little Bit At A Time: Spacebomb Family Rarities";"1";"5344"
"Karl Blau";"A Little Bit At A Time: Spacebomb Family Rarities";"1";"5345"
"Andy Jenkins";"A Little Bit At A Time: Spacebomb Family Rarities";"1";"5346"
"Good Dog Nigel";"A Little Bit At A Time: Spacebomb Family Rarities";"1";"5347"
"Charlie Fink";"A Little Bit At A Time: Spacebomb Family Rarities";"1";"5348"
"LEX AMOR";"New Tangents In Kampala, London and Nairobi, Vol. 1";"1";"5349"
"Maxwell Owin";"New Tangents In Kampala, London and Nairobi, Vol. 1";"2";"2880"
"Die Orangen";"Zwei Orangen";"1";"5350"
"Becker & Mukai";"Spice War Part One";"1";"5351"
"Earth, Wind & Fire";"September";"1";"5352"
"Shire Tea";"fabric presents Maribou State (DJ Mix)";"1";"5353"
"Hailu Mergia";"fabric presents Maribou State (DJ Mix)";"1";"5354"
"Julianna Barwick";"Healing is a Miracle";"11";"502"
"Maurice Fulton";"Earth EP";"1";"5355"
"Oberst & Buchner";"Heimlich I";"1";"5356"
"Dan Bay";"One Night in Kerala EP";"2";"2881"
"Drugface";"Cult Dubs [Phase One]";"3";"1913"
"Prins Thomas";"Træns";"5";"1183"
"Matthew Halsall & The Gondwana Orchestra";"Soul Jazz Records presents KALEIDOSCOPE - New Spirits Known and Unknown";"3";"1914"
"Bonaparte";"Good Morning / Not Today";"7";"832"
"Shire Tea";"Hackney Birdwatch";"7";"833"
"HAAi";"Put Your Head Above The Parakeets";"3";"1915"
"Yazmin Lacey";"Soul Jazz Records presents KALEIDOSCOPE - New Spirits Known and Unknown";"3";"1916"
"Hector Plimmer";"Soul Jazz Records presents KALEIDOSCOPE - New Spirits Known and Unknown";"6";"986"
"Ill Considered";"Soul Jazz Records presents KALEIDOSCOPE - New Spirits Known and Unknown";"2";"2882"
"The Expansions";"Soul Jazz Records presents KALEIDOSCOPE - New Spirits Known and Unknown";"6";"987"
"Chip Wickham";"Soul Jazz Records presents KALEIDOSCOPE - New Spirits Known and Unknown";"4";"1439"
"Levitation Orchestra";"Soul Jazz Records presents KALEIDOSCOPE - New Spirits Known and Unknown";"3";"1917"
"Emma-Jean Thackray's WALRUS";"Soul Jazz Records presents KALEIDOSCOPE - New Spirits Known and Unknown";"2";"2883"
"Tenderlonious";"Soul Jazz Records presents KALEIDOSCOPE - New Spirits Known and Unknown";"1";"5357"
"hiatt db";"6 O'Clock Rock";"1";"5358"
"Sepalot";"NOWNEXT";"1";"5359"
"WOOM";"Seigfried / Self Control / White Ferrari";"1";"5360"
"Ronin Arkestra";"Fallen Angel (Kelpe Remix)";"1";"5361"
"K. Leimer";"Irrational Overcast";"10";"561"
"Big Wild";"6’s to 9’s (NEIL FRANCES Remix)";"6";"988"
"Nicola Cruz";"Cult Dubs [Phase One]";"1";"5362"
"Zongamin";"Cult Dubs [Phase One]";"1";"5363"
"Lukas Endhardt";"Buteo EP";"1";"5364"
"I Am Oak";"Our Blood";"1";"5365"
"Tutu Atrash";"Path Integral II";"1";"5366"
"Move D";"To The Disco '77 (Live Rework)";"1";"5367"
"Duval Timothy";"2 Sim";"1";"5368"
"Jyoti";"This Walk";"1";"5369"
"Tom Misch";"What Kinda Music";"1";"5370"
"Albrecht La'Brooy";"Tidal River";"1";"5371"
"Oriyin";"Roll The Dice";"1";"5372"
"Hannah James";"The Woman and Her Words";"10";"562"
"Kousto";"The Aquarium Effect";"1";"5373"
"Mosley Jr";"At Night I Stare";"21";"215"
"Alex Izenberg";"Caravan Château";"11";"503"
"Dengue Dengue Dengue";"Door to the Cosmos - OntheCorner Dancefloor Sampler";"1";"5374"
"THE DIABOLICAL LIBERTIES";"Door to the Cosmos - OntheCorner Dancefloor Sampler";"1";"5375"
"Uffe";"Door to the Cosmos - OntheCorner Dancefloor Sampler";"3";"1918"
"Black Classical";"Door to the Cosmos - OntheCorner Dancefloor Sampler";"3";"1919"
"Clive From Accounts";"Door to the Cosmos - OntheCorner Dancefloor Sampler";"2";"2884"
"Romare";"Home";"46";"61"
"Peaking Lights";"E S C A P E";"27";"146"
"Tracey";"Skyfall";"1";"5376"
"Unhappybirthday";"Margo";"1";"5377"
"Andrew Ashong";"Flowers";"1";"5378"
"Omar S";"The Best!";"1";"5379"
"Akasha System";"Echo Earth";"1";"5380"
"Molero";"Ficciones Del Trópico";"19";"255"
"Bandé-Gamboa";"Horizonte - Revamping Rare Gems from Cabo Verde and Guinea-Bissau";"1";"5381"
"Global Communication";"Transmissions Sampler";"1";"5382"
"Akasha System";"Temple Images";"1";"5383"
"EARTH BOYS";"Battery Boys (Baltra's White Cherry Gelato Mix)";"1";"5384"
"Seahawks";"Escape Hatch (Bonus Track Version)";"1";"5385"
"Moondog";"Eucalyptus";"1";"5386"
"The Heliocentrics";"Fallen Angels (the Singles Collection)";"1";"5387"
"Mark Pritchard";"The Four Worlds";"16";"312"
"Avishai Cohen";"Big Vicious";"1";"5388"
"J Lloyd";"Kosmos";"1";"5389"
"Howie B";"My Left Pussyfoot";"1";"5390"
"CFCF";"Self Service";"4";"1440"
"Sessa";"Grandeza";"79";"17"
"Oni Ayhun";"OAR003";"5";"1184"
"Pantha du Prince";"Pius in Tacet (feat. Jungstötter)";"1";"5391"
"Galcher Lustwerk";"Information";"4";"1441"
"Barney McAll";"Precious Energy (Mike Gurrieri Remix)";"1";"5392"
"Febueder";"Tomalin Has Etched In";"1";"5393"
"Matthew Halsall";"Oneness";"1";"5394"
"Surv";"Je k'abere";"6";"989"
"Snazzback";"Grook";"2";"2885"
"Gianni Brezzo";"Traditional Heart";"2";"2886"
"Elsa Hewitt";"Invisible Threads";"2";"2887"
"Los Days";"Singing Sands";"1";"5395"
"Blonde Koala";"M O O N S E T";"1";"5396"
"Julian Stetter";"Sensual EP";"1";"5397"
"Moon Duo";"Stars Are the Light";"4";"1442"
"Portico Quartet";"We Welcome Tomorrow";"1";"5398"
"Tsha";"Me You";"1";"5399"
"Gigi Masin";"Calypso";"2";"2888"
"Oma";"Tropic of Capricorn";"1";"5400"
"Glows";"J.L. HOOKER LOVE PLEASURE FOREVER";"2";"2889"
"Petter Eldh";"Koma Mate / Jagd";"3";"1920"
"B.J. Smith";"Between Ship and Shore, Pt.1";"1";"5401"
"Felipe Granda";"Oko EP";"2";"2890"
"Circle Of Live";"Live At Freerotation 2018";"1";"5402"
"Wolfsmond";"Proper Sunburn - Forgotten Sunscreen Applied By Basso";"1";"5403"
"Little People";"We Are But Hunks of Wood";"1";"5404"
"Käptn Peng";"Das nullte Kapitel";"3";"1921"
"moscoman";"Dévoué EP";"1";"5405"
"Jimmy Smith";"Midnight Special (Remastered)";"1";"5406"
"Hiromi";"Voice";"1";"5407"
"Jimmy Smith";"The Dynamic Duo";"1";"5408"
"DJ Cam Quartet";"Diggin";"1";"5409"
"Blockhead";"The Music Scene";"1";"5410"
"Fat Freddy's Drop";"Live In Munich";"1";"5411"
"Blockhead";"Music By Cavelight";"1";"5412"
"Moon Duo";"Planet Caravan";"1";"5413"
"Red Hot Chili Peppers";"Californication (Deluxe Edition)";"1";"5414"
"Johann Sebastian Bach";"Albinoni: Adagio in G minor / Pachelbel: Canon";"1";"5415"
"Wilma Archer";"A Western Circular";"8";"715"
"Photay";"Waking Hours";"11";"504"
"Mosley Jr";"Nothing in Between";"3";"1922"
"Sol Seppy";"The Bells Of 1 2";"5";"1185"
"MC Palakata";"Door to the Cosmos - OntheCorner Dancefloor Sampler";"2";"2891"
"Sunken Cages";"Door to the Cosmos - OntheCorner Dancefloor Sampler";"1";"5416"
"Hedrun";"Vulnerable in Bihag / Mose Bole Na";"8";"716"
"Radiohead";"Kid A";"3";"1923"
"Quin Kirchner";"Batá Chop (Edit)";"1";"5417"
"Swarvy";"Sunny Days Blue";"11";"505"
"Pigmalião";"Pigmalião Remixed";"1";"5418"
"Mickey Moonlight";"Interplanetary Music";"1";"5419"
"Tommy James & The Shondells";"Anthology";"4";"1443"
"Jaakko Eino Kalevi";"The Search (Domenique Dumont Remix)";"1";"5420"
"Flying Lotus";"Cosmogramma";"1";"5421"
"Edgar Rothermich";"Blade Runner: A 30th Anniversary Celebration (Music from the Motion Picture)";"1";"5422"
"Lesley Gore";"The Essential Collection";"1";"5423"
"Daphni";"Jiaolong";"1";"5424"
"Pusha T";"My Name Is My Name";"2";"2892"
"Eddie Kendricks";"The Eddie Kendricks Collection, Volume 1";"1";"5425"
"Joanie Sommers";"The Very Best of Joanie Sommers";"1";"5426"
"Romare";"Heaven";"1";"5427"
"Benge";"Twenty Systems";"1";"5428"
"Tracy Chapman";"Tracy Chapman";"1";"5429"
"Studio Deep";"Kamni";"4";"1444"
"Nubya Garcia";"Source";"12";"452"
"kurup";"Restinga";"2";"2893"
"Gonzalo Bolla";"Tripsica";"1";"5430"
"Kraut";"Atemporal EP";"3";"1924"
"Crussen";"Geoffrey Rolls";"2";"2894"
"Asha Puthli";"The devil is loose";"2";"2895"
"Danika Smith";"Suit of Armour";"5";"1186"
"Quantic";"You Used To Love Me - A COLORS SHOW";"1";"5431"
"Funkadelic";"Reworked By Detroiters";"1";"5432"
"Sad City";"Shapes In Formation";"1";"5433"
"Sixty";"Boy Reel";"1";"5434"
"Boozoo Bajou";"Same Sun";"1";"5435"
"somni";"Home";"1";"5436"
"NATUREBOY FLAKO";"Andar Y Volar";"1";"5437"
"Wilson Tanner";"II";"1";"5438"
"David Marston";"Mercury in Retrograde";"1";"5439"
"Shire T";"Hackney Birdwatch";"4";"1445"
"O'Flynn";"O'Flynn - Mesablanca (O'Flynn & Ekhe Dub)";"1";"5440"
"Floco Floco";"On m'a dit";"1";"5441"
"ESG";"Come Away With ESG";"1";"5442"
"Makaya McCraven";"Universal Beings E&F Sides";"10";"563"
"New Jackson";"From Night to Night";"1";"5443"
"Caribou";"Never Come Back (Morgan Geist Remix)";"1";"5444"
"Witch";"Witch: We Intend to Cause Havoc!";"5";"1187"
"Paul Simon";"Graceland (Alben für die Ewigkeit)";"1";"5445"
"Daft Punk";"Random Access Memories";"1";"5446"
"walterwarm";"Bamboo Forest";"1";"5447"
"Prince";"1999 (Super Deluxe Edition)";"2";"2896"
"Sofie";"Cult Survivor";"21";"216"
"Sweatson Klank";"Good Days";"12";"453"
"Kelly Lee Owens";"Inner Song";"15";"341"
"Barış Manço";"Ben Bilirim";"1";"5448"
"Mano Le Tough";"Kind Of";"1";"5449"
"Midland";"The Alchemy of Circumstance";"1";"5450"
"Theo Parrish";"This is for You";"1";"5451"
"Nick Hakim";"Where Will We Go, Pt. 2";"1";"5452"
"Keinemusik";"Highsnobiety";"4";"1446"
"Myd";"Together We Stand (Bullion Remix)";"1";"5453"
"Poté";"Rose, Vol. 2";"1";"5454"
"Kutiman";"Wachaga";"2";"2897"
"fleet.dreams";"EKG (Club Mix)";"2";"2898"
"Hedrun";"Dear Craving/Chirp";"2";"2899"
"Jimi Tenor";"Sugar And Spice";"1";"5455"
"Ego Ella May";"Honey For Wounds";"1";"5456"
"Super Mama Djombo";"Black Atlantica Edits";"3";"1925"
"Aguas Ardientes";"Bogotá (Vivo)";"2";"2900"
"Bufiman";"Albumsi Rhythm Trax";"2";"2901"
"Oceanvs Orientalis";"Forlorn Hope";"2";"2902"
"Rhodri Parry";"Flatcap";"2";"2903"
"GLOWE";"Bitter";"1";"5457"
"Karl Hector & The Malcouns";"Omeble Reprise";"2";"2904"
"Happa.";"Explorations in Music for Dancing: Vol. 1";"3";"1926"
"Captain Planet";"No Visa";"1";"5458"
"KAYTRANADA";"99.9%";"1";"5459"
"Bacao Rhythm & Steel Band";"The Serpent's Mouth";"2";"2905"
"Jai Paul";"Do You Love Her Now / He";"1";"5460"
"Shelley Thomas";"Joy";"1";"5461"
"Kendrick Lamar";"To Pimp a Butterfly";"2";"2906"
"Onra";"Chinoiseries pt 2";"1";"5462"
"Shanti Celeste";"Tangerine";"5";"1188"
"Bacao Rhythm & Steel Band";"My Jamaican Dub";"1";"5463"
"The Bacao Rhythm & Steel Band";"55";"1";"5464"
"Bacao Rhythm & Steel Band";"55";"1";"5465"
"Antonio Vivaldi";"Concerto in mi bemolle maggiore RV 253 ""La Tempesta di Mare"", per violino, archi e b.c.: III. Presto";"1";"5466"
"Räubermukke";"Whirling";"1";"5467"
"A Winged Victory for the Sullen";"The Undivided Five";"10";"564"
"Fred P";"Detroit Love Vol. 4 - Mixed By Mirko Loko";"1";"5468"
"Mirko Loko";"Detroit Love Vol. 4 - Mixed By Mirko Loko";"1";"5469"
"FEATER";"Detroit Love Vol. 4 - Mixed By Mirko Loko";"1";"5470"
"Chaos in the CBD";"Detroit Love Vol. 4 - Mixed By Mirko Loko";"2";"2907"
"Sergie Rezza";"Detroit Love Vol. 4 - Mixed By Mirko Loko";"3";"1927"
"Still";"Detroit Love Vol. 4 - Mixed By Mirko Loko";"2";"2908"
"Takuya Yamashita";"Detroit Love Vol. 4 - Mixed By Mirko Loko";"2";"2909"
"Eduardo de la Calle";"Detroit Love Vol. 4 - Mixed By Mirko Loko";"2";"2910"
"Scott Ferguson";"Detroit Love Vol. 4 - Mixed By Mirko Loko";"2";"2911"
"Nils Frahm";"All Encores";"14";"375"
"Atish";"Atish + Friends";"2";"2912"
"Serge Perzh";"Uh Uh Uh";"1";"5471"
"Mabel";"Thinking Of You - EP";"1";"5472"
"Wincent Kunth";"Detroit Love Vol. 4 - Mixed By Mirko Loko";"2";"2913"
"Rhi";"Shapes: Sideways (Compiled by Robert Luis)";"3";"1928"
"The Seshen";"Shapes: Sideways (Compiled by Robert Luis)";"2";"2914"
"Moonchild";"Shapes: Sideways (Compiled by Robert Luis)";"2";"2915"
"Quantic";"Shapes: Sideways (Compiled by Robert Luis)";"3";"1929"
"Teeth Agency";"Piano Man Breeds Love";"46";"62"
"The Webb People";"The Detroit Funk Vaults";"1";"5473"
"Aphrodite's Child";"6 6 6";"1";"5474"
"Roy Davis Jr.";"Late Night Tales: Django Django";"2";"2916"
"Moomin";"Blackest Forest Ever";"6";"990"
"Mark Slee";"Grapeseed";"1";"5475"
"Jimi Hendrix";"Axis: Bold as Love";"6";"991"
"Neil Cowley";"Building Blocks Pt. 1";"24";"174"
"Pata de perro";"Ecos";"1";"5476"
"Kevin Saunderson";"Detroit Love Vol. 2 (DJ Mix)";"4";"1447"
"Dave Aju";"Detroit Love Vol. 2 (DJ Mix)";"3";"1930"
"Green Velvet";"Detroit Love Vol. 2 (DJ Mix)";"2";"2917"
"Miracle Tones";"528 Hz Transformation and Miracles (DNA Repair)";"3";"1931"
"Jimi Hendrix";"Experience Hendrix: The Best of Jimi Hendrix";"1";"5477"
"Asa Tone";"Temporary Music";"12";"454"
"Richi M";"Songs of Tomorrow";"1";"5478"
"Young Franco";"Electro Chill: Take a Deep Breath and Relax with the Ultimate Electronic Selection";"1";"5479"
"Cristian Monak";"Oko EP";"1";"5480"
"Maarlem";"Oko EP";"1";"5481"
"Santi De";"AB";"4";"1448"
"SheBeKeke";"Ephemera";"15";"342"
"Sir Was";"Holding On To A Dream";"58";"37"
"Lukas Lauermann";"true";"1";"5482"
"O'Flynn";"O'Flynn - Painted Wolf (K-Lone Remix)";"2";"2918"
"O/Y";"The Prophet";"5";"1189"
"MAKENESS";"Friend Credits (Ben Hauke Remix)";"1";"5483"
"Sebastian Mullaert";"Natthall";"11";"506"
"Azu Tiwaline";"Door To The Cosmos";"2";"2919"
"Azu Tiwaline";"Magnetic Service EP";"7";"834"
"Khalab";"Door To The Cosmos";"2";"2920"
"DNGDNGDNG";"Door To The Cosmos";"2";"2921"
"Celer";"SMM: Opiate";"1";"5484"
"Yellow Days";"A Day in a Yellow Beat";"6";"992"
"Butcher Brown";"#KingButch";"14";"376"
"Béliz";"Mémoires";"8";"717"
"Acid Pauli";"MOD";"7";"835"
"Joe Armon-Jones";"Soul Jazz Records presents KALEIDOSCOPE - New Spirits Known and Unknown";"1";"5485"
"Atish";"Warbler";"2";"2922"
"Tiawa";"Shapes: Sideways (Compiled by Robert Luis)";"1";"5486"
"Sly5thAve";"Shapes: Sideways (Compiled by Robert Luis)";"2";"2923"
"Sefi Zisling";"Shapes: Sideways (Compiled by Robert Luis)";"1";"5487"
"sUb_modU";"Shapes: Sideways (Compiled by Robert Luis)";"1";"5488"
"Pieces of a Man";"Shapes: Sideways (Compiled by Robert Luis)";"1";"5489"
"Terror Danjah";"Shapes: Sideways (Compiled by Robert Luis)";"1";"5490"
"Anchorsong";"Shapes: Sideways (Compiled by Robert Luis)";"1";"5491"
"Nikitch";"Shapes: Sideways (Compiled by Robert Luis)";"2";"2924"
"Gawd Status";"Shapes: Sideways (Compiled by Robert Luis)";"2";"2925"
"Bryony Jarman-Pinto";"Shapes: Sideways (Compiled by Robert Luis)";"2";"2926"
"Yves Tumor";"Mono No Aware";"2";"2927"
"The Alvaret Ensemble";"Ea";"3";"1932"
"Felicia Atkinson";"The Flower And The Vessel";"1";"5492"
"Victoria Santa Cruz";"Black Atlantica Edits";"1";"5493"
"Francis Bebey";"Black Atlantica Edits";"1";"5494"
"Dj Havaiana";"Black Atlantica Edits";"1";"5495"
"Master Chivero";"Black Atlantica Edits";"1";"5496"
"CK Mann + Carousel 7";"Black Atlantica Edits";"1";"5497"
"Soul Brothers";"Black Atlantica Edits";"1";"5498"
"J-Felix";"Shapes: Sideways (Compiled by Robert Luis)";"1";"5499"
"WheelUP";"Shapes: Sideways (Compiled by Robert Luis)";"1";"5500"
"WheelUP";"The Ndebele - EP";"4";"1449"
"Rabii Harnoune";"Shapes: Sideways (Compiled by Robert Luis)";"2";"2928"
"Flowdan";"Shapes: Sideways (Compiled by Robert Luis)";"2";"2929"
"NoNames";"Shapes: Sideways (Compiled by Robert Luis)";"1";"5501"
"Hot 8 Brass Band";"Shapes: Sideways (Compiled by Robert Luis)";"1";"5502"
"Blludd Relations";"Blludd Relations";"10";"565"
"Fatima";"Follow You EP (feat. Floating Points)";"3";"1933"
"Mariam the Believer";"The Wind EP";"1";"5503"
"Marlene";"Angeldust";"1";"5504"
"Octave One";"Detroit Love Vol. 2 (DJ Mix)";"1";"5505"
"HNNY";"Hosoi";"4";"1450"
"HNNY";"So Sunshine";"2";"2930"
"HNNY";"Montara";"1";"5506"
"HNNY";"Kindness";"1";"5507"
"Bmg";"Detroit Love Vol. 2 (DJ Mix)";"1";"5508"
"Claude VonStroke";"Detroit Love Vol. 2 (DJ Mix)";"1";"5509"
"Delano Smith";"Detroit Love Vol. 2 (DJ Mix)";"1";"5510"
"Mr. G";"Detroit Love Vol. 2 (DJ Mix)";"1";"5511"
"Mirko Loko";"Detroit Love Vol. 2 (DJ Mix)";"1";"5512"
"Ataxia";"Detroit Love Vol. 2 (DJ Mix)";"1";"5513"
"Mildlife";"Automatic";"14";"377"
"Felbm";"Tape 3";"2";"2931"
"Haruomi Hosono";"DJ-Kicks (Leon Vynehall) [DJ Mix]";"1";"5514"
"Two Lone Swordsmen";"Further Reminders";"2";"2932"
"Solgior";"Moon";"3";"1934"
"Soulful Abstraction";"Doing It! (Instrumental Version)";"1";"5515"
"Kido Sheep";"Starring In The Night";"1";"5516"
"Skylab";"#1";"3";"1935"
"Luke Abbott";"Kagen Sound";"1";"5517"
"The Vernon Spring";"Mother's Love";"1";"5518"
"DJ Yenchy";"LET's DO IT";"1";"5519"
"Wilma Archer";"Cures and Wounds";"1";"5520"
"Sessa";"Sereia Sentimental";"1";"5521"
"Elkka";"Every Body Is Welcome";"3";"1936"
"Malin Genie";"Eschaton EP";"1";"5522"
"Rejoicer";"Spiritual Sleaze";"1";"5523"
"KerenDun";"Caterpillar Style";"1";"5524"
"The Quiet Temple";"The Last Opium Den (On Earth) [Moon Duo Remix]";"1";"5525"
"Vex Ruffin";"LiteAce Frequency";"1";"5526"
"Caroline";"Dark blue";"1";"5527"
"Tamdara";"In My Mind";"1";"5528"
"Earth's Seed";"Exit (Instrumental)";"1";"5529"
"Byron the Aquarius";"Fish Soup - EP";"1";"5530"
"TheGrimmer";"Grim Reaper";"1";"5531"
"Neneh Cherry";"I've Got You Under My Skin (Remixes)";"1";"5532"
"Laurence Guy";"Your Good Times Will Come";"1";"5533"
"Photay";"The People (Ensemble Entendu Remix)";"3";"1937"
"Mytron & Ofofo";"Miteinander";"1";"5534"
"Damian Lazarus";"Flourish";"1";"5535"
"Isaac Soto";"Pendulum Music";"1";"5536"
"Islandman";"Kara Toprak";"1";"5537"
"Call Super";"Every Mouth Teeth Missing";"1";"5538"
"Celeste Gomez Machado";"Las Hojas Tienen Mudanza (Tribilin Sound Remix)";"1";"5539"
"Avalon Emerson";"DJ-Kicks EP";"1";"5540"
"YellowStraps";"The Ballad";"1";"5541"
"Jazzanova";"What Do You Want (Don Philippe Remix)";"1";"5542"
"Schmieds Puls";"Manic Acid Love";"4";"1451"
"Mumford & Sons";"Delta";"5";"1190"
"Schmieds Puls";"I care a little less about everything now";"1";"5543"
"Ben Howard";"Every Kingdom";"1";"5544"
"Gisbert zu Knyphausen";"Das Licht dieser Welt";"1";"5545"
"Bon Iver";"Bon Iver";"1";"5546"
"Angus & Julia Stone";"Angus & Julia Stone";"1";"5547"
"Mine";"Das Ziel ist im Weg";"1";"5548"
"AnnenMayKantereit";"Schlagschatten";"2";"2933"
"Bon Iver";"Faith";"1";"5549"
"Mine";"Klebstoff";"1";"5550"
"Alicia Edelweiss";"When I'm enlightened, everything will be better.";"1";"5551"
"Lisa Hannigan";"At Swim";"12";"455"
"Moby";"Morningside (Kornél Kovács Remix)";"2";"2934"
"Acid Pauli";"My Private Couch Beats, Vol. 6";"5";"1191"
"Hologram Teen";"Pizza Conspiracy (Reheated)";"1";"5552"
"Martin Green";"The Portal";"1";"5553"
"Gaye Su Akyol";"Remiks İmparatorluğu III";"1";"5554"
"Lambert";"Studying";"1";"5555"
"Viktor Marek";"This Land Will Change";"8";"718"
"James Blake";"TIME";"1";"5556"
"Brian Eno";"TIME";"1";"5557"
"Her";"Travailler le matin";"3";"1938"
"Her";"Travailler le soir";"1";"5558"
"O/Y";"Roads EP";"7";"836"
"Sun Ra Arkestra";"Rocket No. 9";"1";"5559"
"Afriqua";"Colored";"1";"5560"
"Nicolas Godin";"Concrete And Glass";"1";"5561"
"Luke Vibert";"Luke Vibert presents Rave Hop";"1";"5562"
"Arvo Pärt";"arvo pärt";"1";"5563"
"Neil Cowley";"Building Blocks Pt. 2";"7";"837"
"WhoMadeWho";"Armada Chill - Summer Sessions 2020";"1";"5564"
"Hidden Spheres";"My Private Couch Beats, Vol. 6";"1";"5565"
"Skee Mask";"Modeselektion Vol. 04";"1";"5566"
"Shida Shahabi";"Homes";"1";"5567"
"Nicolas Jaar";"Telas";"3";"1939"
"Coladera";"Mantafro (Jazzanova Remix)";"1";"5568"
"Aquiles Navarro";"Pueblo";"2";"2935"
"Elkka";"Stay (Warm Edit)";"1";"5569"
"Elkka";"I. Miss. Raving.";"2";"2936"
"Hector Plimmer";"Joyfulness (Elkka Remix)";"1";"5570"
"Elkka";"I. Miss. Raving. / Bleep+";"1";"5571"
"Rodrigo Gallardo";"Altovalsol EP";"2";"2937"
"Rodrigo Gallardo";"La Montaña Sin Nombre";"1";"5572"
"Chelou";"Real";"28";"134"
"Amir Bresler";"Puzzles, Vol. 3";"1";"5573"
"Steve Hiett";"Girls In The Grass";"1";"5574"
"79.5";"My Dream";"1";"5575"
"The Orb";"Abolition of the Royal Familia";"1";"5576"
"Absolute.";"Make The Call";"1";"5577"
"Swamimillion";"Beats for the Road to Essaouira (feat. Fawda Trio)";"1";"5578"
"Corben";"Programmer";"1";"5579"
"Machinedrum";"Braided Leaves";"1";"5580"
"Barker";"Utility";"1";"5581"
"Holy Fuck";"Deleter Remixed";"4";"1452"
"Moby";"All Visible Objects";"1";"5582"
"Al Dobson Jr.";"Rye Lane Versions";"3";"1940"
"Maxmillion Dunbar";"Cool Water";"3";"1941"
"Darkstar";"Civic Jams";"1";"5583"
"Para One";"Yret";"3";"1942"
"30/70";"Fluid Motion Remixed";"2";"2938"
"Coladera";"La Dôtu Lado";"7";"838"
"Giuseppe Martucci";"Brahms & Martucci: Two Sonatas and Two Romances for Cello and Piano";"7";"839"
"Johannes Brahms";"Brahms & Martucci: Two Sonatas and Two Romances for Cello and Piano";"26";"155"
"Baba Stiltz";"Running to Chad";"3";"1943"
"Qnete";"Fry";"3";"1944"
"Brijean";"Moody";"2";"2939"
"Iron Curtis";"Moon II";"2";"2940"
"The Gaslamp Killer";"Heart Math";"22";"198"
"moscoman";"Time Slips Away";"1";"5584"
"Rob Mazurek";"A Wrinkle in Time Sets Concentric Circles Reeling";"2";"2941"
"Kush Jones";"EP";"5";"1192"
"Beatprods";"Edit, Vol. 1";"2";"2942"
"Mark Hawkins";"Lunar EP";"6";"993"
"Bjarki";"Psychotic_Window";"5";"1193"
"Ultraísta";"Ordinary Boy (Floating Points Remix)";"2";"2943"
"Janko Nilovic";"Maze of Sounds";"2";"2944"
"Bantey";"Thank You (Live)";"1";"5585"
"Dougie Stu";"Henny";"1";"5586"
"Gianni Brezzo";"Senza";"3";"1945"
"Throwing Snow";"Snowing Throw – The Folly Of Pangloss";"1";"5587"
"Bullion";"We Had A Good Time";"2";"2945"
"Dan Shake";"A Pirate's Eye (Ft. Amp Fiddler)";"2";"2946"
"Local Artist";"Dancer";"3";"1946"
"DJ Cam";"Paradise Garage";"1";"5588"
"Sol Monk";"Beats, Not Words";"1";"5589"
"Kahil El'Zabar";"HOW CAN WE MEND A BROKEN HEART";"3";"1947"
"STR4TA";"Aspects";"3";"1948"
"Isaac Soto";"After the Burn";"2";"2947"
"El Búho";"Aguas Profundas (Inspired by 'The Outlaw Ocean' a book by Ian Urbina)";"5";"1194"
"Eris Drew";"Reactiv-8";"1";"5590"
"Evelyn ""Champagne"" King";"Legends";"6";"994"
"Charles Webster";"The Spell (Burial Mix)";"2";"2948"
"arp Frique";"Minina Bem Li";"37";"95"
"Kraak & Smaak";"Pleasure Centre";"1";"5591"
"Pan Amsterdam";"HA Chu";"1";"5592"
"Lee Mcdonald";"I ll Do Anything For You";"10";"566"
"Gold Panda";"DJ Koze Presents Pampa, Vol. 1";"1";"5593"
"Porij";"150";"1";"5594"
"Girls of the Internet";"SYRUP";"1";"5595"
"Yin Yin";"Haw Phin / Chông Ky";"3";"1949"
"Black Nile";"Second Serving";"1";"5596"
"Adult Fiction";"Love Without Words - Hidden Spheres Rooibos Mix";"1";"5597"
"Kelly Moran";"Helix (Edit)";"2";"2949"
"okvsho";"Traphouse Jazz";"1";"5598"
"Forest Drive West";"Parallel Space EP";"2";"2950"
"Minor Science";"Second Language";"1";"5599"
"Octo Octa";"Between Two Selves";"2";"2951"
"Maya Jane Coles";"CARE4LIFE";"1";"5600"
"Ronald Langestraat";"Searching";"2";"2952"
"Linkwood Family";"Firecracker EP1";"1";"5601"
"Floating Points";"King Bromeliad / Montparnasse";"1";"5602"
"Xique-Xique";"Xaxoeira";"1";"5603"
"Don Laka";"Boogie Breakdown - South African Synth Disco: 1980 to 1984";"3";"1950"
"Alton McClain & Destiny";"100 Essential Soul & Funk Classics";"3";"1951"
"Dodô Da Bahia & As Virgens De Porto Seguro";"Onda De Amor: Synthesized Brazilian Hits That Never Were (1984-94)";"4";"1453"
"Dan Kye";"Joy, Ease, Lightness";"3";"1952"
"Neil Cowley";"Building Blocks Pt. 3";"8";"719"
"Lambert";"Brack St. Twen";"1";"5604"
"Theo Parrish";"Wuddaji";"1";"5605"
"Linkwood";"Firecracker EP2";"5";"1195"
"Parris";"Terrapin EP";"1";"5606"
"Leo Pol";"iile 04";"1";"5607"
"Elsa Hewitt";"Massive Charade";"1";"5608"
"Richard Spaven";"Spaven x Sandunes";"1";"5609"
"SPAZA";"UPRIZE! (Original Motion Picture Soundtrack)";"2";"2953"
"Bibio";"Ribbons";"1";"5610"
"Sam Prekop";"Comma";"1";"5611"
"Kate NV";"для FOR";"1";"5612"
"Bing & Ruth";"Badwater Psalm (Khotin Remix)";"1";"5613"
"Jesse Futerman";"Waterzone";"2";"2954"
"Musclecars";"Street Dreams";"1";"5614"
"AceMoMa";"AceMoma";"1";"5615"
"Nils Frahm";"Empty";"45";"67"
"SPAZA";"Spaza";"1";"5616"
"H.Takahashi";"Sonne und Wasser";"2";"2955"
"Fabrizio Paterlini";"Secret Book";"15";"343"
"&lez";"Panir";"1";"5617"
"Moullinex";"Running in the Dark (Seb Wildblood Remix)";"2";"2956"
"Jeff Parker";"Suite for Max Brown";"1";"5618"
"Girls in Airports";"Broke";"1";"5619"
"Henri Guédon";"Cosmozouk Percussion";"9";"634"
"Stavroz";"Bleached Flamingo";"1";"5620"
"A Grape Dope";"Backyard Blenders: The Remixes";"2";"2957"
"TRANS-4M";"Sublunar Oracles";"1";"5621"
"Vakula";"Night Walks";"4";"1454"
"Pauline Anna Strom";"Spectre";"7";"840"
"Fudge Fingas";"Firecracker EP2";"1";"5622"
"The Complainers";"Firecracker EP2";"1";"5623"
"The Gap Band";"Gap Gold - Best Of The Gap Band";"2";"2958"
"Vakula";"SHEVC002";"2";"2959"
"Four Hands";"Hizou";"1";"5624"
"Sudan Archives";"Black Vivaldi Sonata - A COLORS ENCORE";"1";"5625"
"The Velvet Circle";"Velvet Desert Music Vol. 2";"4";"1455"
"Mount Obsidian";"Velvet Desert Music Vol. 2";"7";"841"
"Superpitcher";"Velvet Desert Music Vol. 2";"9";"635"
"Golden Bug";"Velvet Desert Music Vol. 2";"3";"1953"
"Rebolledo";"Velvet Desert Music Vol. 2";"3";"1954"
"Fantastic Twins";"Velvet Desert Music Vol. 2";"4";"1456"
"Gen Pop";"Velvet Desert Music Vol. 2";"3";"1955"
"Sascha Funke";"Velvet Desert Music Vol. 2";"2";"2960"
"Paulor";"Velvet Desert Music Vol. 2";"4";"1457"
"Lake Turner";"Velvet Desert Music Vol. 2";"2";"2961"
"The Novotones";"Velvet Desert Music Vol. 2";"2";"2962"
"Pluramon";"Velvet Desert Music Vol. 2";"2";"2963"
"Cesária Évora";"Cesaria";"2";"2964"
"Esa";"The Best of Esa";"2";"2965"
"Jungle by Night";"The Traveller";"3";"1956"
"Rainbow Team";"A Song for You (LP)";"3";"1957"
"Odyssey";"I Got the Melody (Expanded Edition)";"4";"1458"
"Eko";"Funky Disco Music";"3";"1958"
"Cotonete";"Parribean Disco";"5";"1196"
"Banda Black Rio";"Gafieira Universal";"6";"995"
"Greg Fox";"From the Cessation of What";"1";"5626"
"Afrik Bawantu";"Noko Hewon";"2";"2966"
"Delight";"Maxis 80, Programme 19/25 (Les meilleurs maxi 45T des années 80)";"1";"5627"
"Uptown Funk Empire";"The Remix Strikes Back";"5";"1197"
"Chilly Gonzales";"Silent Night";"1";"5628"
"Potatohead People";"Mellow Fantasy";"2";"2967"
"Michal Turtle";"Michal Turtle Reinterpreted";"1";"5629"
"Iorie";"MCB";"1";"5630"
"Katerine";"Mes Mauvaises Frequentations";"1";"5631"
"Chelou";"Wayward";"3";"1959"
"Skinshape";"Arrogance is the Death of Men";"1";"5632"
"Souleance";"P'ti Sega";"4";"1459"
"Hunee";"Tide / Minnoch";"1";"5633"
"Ben Hauke";"EVERY RECORD / ALWAYS THINKING";"1";"5634"
"The 9th Creation";"A Step Ahead";"1";"5635"
"B.B. & Q. Band";"All Night Long";"1";"5636"
"Leo Brouwer";"¡danza! The Music of Dance";"1";"5637"
"Kimosabe";"Feelins For Ur Own Revolution";"1";"5638"
"Kalabrese";"Bananenräuber EP (incl. Ripperton Remix)";"1";"5639"
"Evgeny KoTT";"Connections VI";"1";"5640"
"Michael Mayer";"Velvet Desert Music Vol. 2";"3";"1960"
"Bato Bato";"Bato Bato";"10";"567"
"Jon Hopkins";"Scene Suspended";"4";"1460"
"Michael Price";"Entanglement";"6";"996"
"Bill Evans";"You Must Believe in Spring";"5";"1198"
"Rival Consoles";"Winter's Lament";"5";"1199"
"David Allred";"The Cell";"3";"1961"
"Aphex Twin";"Drukqs";"5";"1200"
"Thelonious Monk";"Monk's Dream";"3";"1962"
"Jan Johansson";"Jazz på svenska";"5";"1201"
"Niklas Paschburg";"Svalbard";"6";"997"
"Greg Haines";"Moments Eluding";"3";"1963"
"Anouar Brahem";"Le Voyage De Sahar";"5";"1202"
"坂本龍一";"1996 (Re-Mastered)";"4";"1461"
"Goldmund";"The Malady Of Elegance";"3";"1964"
"Hania Rani";"Esja";"4";"1462"
"Anne Müller";"Heliopause";"2";"2968"
"Valeska Rautenberg";"Veins (Songs For Piano, Wind & Water)";"6";"998"
"Deaf Center";"Low Distance";"8";"720"
"Douglas Dare";"Milkteeth";"17";"291"
"Johann Sebastian Bach";"Bach: The Goldberg Variations, BWV 988 (1981 Gould Remaster)";"3";"1965"
"Avishai Cohen";"Seven Seas";"5";"1203"
"A Winged Victory for the Sullen";"A Winged Victory for the Sullen";"2";"2969"
"Balmorhea";"Clear Language";"4";"1463"
"Jacob Pavek";"BLOMMA";"6";"999"
"Aphex Twin";"Syro";"4";"1464"
"Deaf Center";"Owl Splinters";"3";"1966"
"Federico Albanese";"The Twelve (Original Motion Picture Soundtrack)";"6";"1000"
"Khyaam Haque";"Most Things Are Beautiful";"2";"2970"
"Meredith Monk";"Dolmen Music";"1";"5641"
"Brambles";"Charcoal";"7";"842"
"The Cinematic Orchestra";"To Believe (Remixes)";"5";"1204"
"Oded Tzur";"Here Be Dragons";"4";"1465"
"Eluvium";"False Readings On";"3";"1967"
"Luke Howard";"Open Heart Story";"4";"1466"
"Mal Waldron";"All Alone";"5";"1205"
"Jóhann Jóhannsson";"Orphée";"9";"636"
"Joep Beving";"Solipsism";"2";"2971"
"Alice Baldwin";"please tell my mum to burn me";"2";"2972"
"Frances Shelley";"The Minimal Piano Series 2";"5";"1206"
"Alva Noto";"Vrioon";"3";"1968"
"Roedelius";"Einfluss";"4";"1467"
"Keith Jarrett";"My Song";"1";"5642"
"Bill Evans";"Undercurrent";"18";"274"
"Malakoff Kowalski";"My First Piano";"4";"1468"
"Rachel Grimes";"Eights";"3";"1969"
"Peter Broderick";"Docile";"3";"1970"
"Matti Bye";"Elephant Made The Piano – EP";"7";"843"
"Alexandra Hamilton-Ayres";"19-88";"3";"1971"
"Ketil Bjørnstad";"The Sea";"5";"1207"
"Tigran Hamasyan";"Atmosphères";"4";"1469"
"Enrique Granados";"Alicia de Larrocha plays Granados";"2";"2973"
"Gonzales";"Solo Piano";"4";"1470"
"Carlos Cipa";"Retronyms";"3";"1972"
"Högni";"Music for Brainwaves";"5";"1208"
"Cotonete";"A.E.I.O.U. (Dimitri From Paris Remix)";"2";"2974"
"CABO VERDE BAND";"Radio Verde (Compiled by Arp Frique & Americo Brito)";"4";"1471"
"Américo Brito";"Radio Verde (Compiled by Arp Frique & Americo Brito)";"3";"1973"
"Cabo Verde Show";"Radio Verde (Compiled by Arp Frique & Americo Brito)";"2";"2975"
"Elisio Vieira";"Radio Verde (Compiled by Arp Frique & Americo Brito)";"2";"2976"
"Vlu";"Radio Verde (Compiled by Arp Frique & Americo Brito)";"2";"2977"
"Matthew Bourne";"Montauk Variations";"3";"1974"
"Erik Satie";"Satie: Avant-dernières pensées (Bonus Track Version)";"4";"1472"
"Dustin O'Halloran";"Piano Solos Vol. 2";"15";"344"
"Penguin Cafe Orchestra";"Preludes, Airs And Yodels (A Penguin Cafe Primer)";"2";"2978"
"Keith Jarrett";"Last Dance";"1";"5643"
"Ólafur Arnalds";"Island Songs";"4";"1473"
"Dustin O'Halloran";"Lion (Original Motion Picture Soundtrack)";"8";"721"
"Ben Lukas Boysen";"Gravity (Special Edition)";"2";"2979"
"Paul Bley";"Memoirs";"2";"2980"
"Light of the World";"Round Trip [Plus Bonus Tracks]";"2";"2981"
"Galaxia 2000";"Radio Verde (Compiled by Arp Frique & Americo Brito)";"1";"5644"
"Mendes & Mendes";"Radio Verde (Compiled by Arp Frique & Americo Brito)";"1";"5645"
"Danny Carvalho";"Radio Verde (Compiled by Arp Frique & Americo Brito)";"1";"5646"
"Mendes";"Radio Verde (Compiled by Arp Frique & Americo Brito)";"1";"5647"
"JOSE CASIMIRO";"Radio Verde (Compiled by Arp Frique & Americo Brito)";"1";"5648"
"Greg Fox";"Contact";"3";"1975"
"Sascha Funke";"Lotos Land";"3";"1976"
"Zeca & Zeze Di Nha Reinalda";"Radio Verde (Compiled by Arp Frique & Americo Brito)";"1";"5649"
"Bullion";"Hula";"1";"5650"
"Surprise Chef";"All News Is Good News";"33";"112"
"Yin Yin";"The Rabbit That Hunts Tigers";"17";"292"
"Omar S";"Side Trakx, Vol, 5";"1";"5651"
"upsammy";"Wild Chamber";"1";"5652"
"Jungle by Night";"Livingstone";"1";"5653"
"Terrapin";"Velvet Desert Music, Vol. 1";"1";"5654"
"The Modernist";"Velvet Desert Music, Vol. 1";"1";"5655"
"burger/ink";"Velvet Desert Music, Vol. 1";"1";"5656"
"The Novotones";"Velvet Desert Music, Vol. 1";"1";"5657"
"COLOGNE TAPE";"Velvet Desert Music, Vol. 1";"1";"5658"
"Locked Groove";"Out Of Orbit";"1";"5659"
"Bill Coday";"The Best Years";"1";"5660"
"P.Cock";"Psychemagik Presents: Magik Sunset, Pt. 1";"1";"5661"
"Martha Wash";"Martha Wash";"2";"2982"
"Jordan Rakei";"Origin";"1";"5662"
"Rose Royce";"Rose Royce III: Strikes Again!";"1";"5663"
"Rob";"Funky Rob Way (Analog Africa Dance Edition No. 2)";"1";"5664"
"Stacey";"AOR Global Sounds, Vol. 3";"1";"5665"
"Bootsy Collins";"Back In The Day: The Best Of Bootsy";"1";"5666"
"Hypnotic Brass Ensemble";"Book of Sound";"1";"5667"
"Gonzales";"Haven't Stopped";"1";"5668"
"Slow Meadow";"Costero";"4";"1474"
"Yann Tiersen";"The Waltz of the Monsters";"2";"2983"
"Max Richter";"The Blue Notebooks (15 Years)";"3";"1977"
"Lubomyr Melnyk";"Fallen Trees";"5";"1209"
"Snorri Hallgrímsson";"Chasing the Present (Original Motion Picture Soundtrack)";"3";"1978"
"Tiny Leaves";"Alone, Not Alone";"6";"1001"
"Jacob Pavek";"Circulation";"4";"1475"
"Ben Frost";"By The Throat";"3";"1979"
"Sophie Hutchings";"A Small Kind Of Revival";"2";"2984"
"Nils Frahm";"Wintermusik";"3";"1980"
"Valgeir Sigurðsson";"Draumalandið";"3";"1981"
"Fantastic Twins";"Obakodomo";"1";"5669"
"Sascha Funke";"Kreidekreis";"3";"1982"
"Skinshape";"Another Day";"1";"5670"
"Sebastian Mullaert";"In The Mist We Appeared";"1";"5671"
"ONIPA";"We No Be Machine: Rewired";"1";"5672"
"Ed Ed";"The Ellcrys";"2";"2985"
"UJI";"Andarele";"1";"5673"
"Oscar Jerome";"Breathe Deep Remixes";"1";"5674"
"kurup";"Joeira";"2";"2986"
"Quixosis";"Micropótamo";"1";"5675"
"Neil Cowley";"She Lives in Golden Sands";"3";"1983"
"Seb Wildblood";"Take Your Time (feat. Deem Spencer)";"1";"5676"
"Hector Plimmer";"Tapeloop (Kidkanevil Remix)";"1";"5677"
"Bonobo";"Heartbreak / 6000 Ft.";"5";"1210"
"Mr Beatnick";"Honeycomb (Hector Plimmer Remix)";"1";"5678"
"Kelpe";"All the Way Round (Photay Remix)";"1";"5679"
"The Notwist";"Where You Find Me";"1";"5680"
"Mei River";"Blue (Kornél Kovács Remix)";"1";"5681"
"Jon Gurd";"The Dream (Max Cooper & Rob Clouth Remix)";"1";"5682"
"HYENAH";"The Message EP";"1";"5683"
"Twenty Committee";"This Town (Kornél Kovács Remix)";"1";"5684"
"Zwanie Jonson";"Hate Is Coming Back (Niklas Wandt Remix)";"1";"5685"
"123 Mixtape";"For a Friend";"4";"1476"
"SLV";"Gizeh EP";"2";"2987"
"Paul Frick";"Neo Biedermeier / Baby Bell";"1";"5686"
"Hieroglyphic Being and The Configurative or Modular ME Trio";"Cosmic Bebop";"2";"2988"
"SELLING";"On Reflection";"2";"2989"
"Marc Bianco";"Girl (Young French Women of N.A.)";"2";"2990"
"George Michael";"Listen Without Prejudice / MTV Unplugged (Deluxe)";"2";"2991"
"Shake";"Lost in Space";"2";"2992"
"Roger Eno";"Mixing Colours";"26";"156"
"Aroop Roy";"Hustle do Brasil";"2";"2993"
"Dan Kye";"Small Moments";"1";"5687"
"El Remolón";"Pantano Lontano";"3";"1984"
"Domenique Dumont";"People on Sunday";"3";"1985"
"Brin";"Soft Gaiden / Featherdrift";"1";"5688"
"The Golden Islands";"In the Hidden Chambers of Caracol";"1";"5689"
"Mary Lattimore";"Sometimes He's In My Dreams";"1";"5690"
"Ana Roxanne";"Because of a Flower";"2";"2994"
"Group Listening";"Clarinet & Piano: Selected Works, Vol. 1";"1";"5691"
"Four Tet";"4T Recordings";"1";"5692"
"K-Lone";"Cape Cira";"1";"5693"
"The Golden Islands";"A Short Story of the Mahale Mountains";"1";"5694"
"Mollis";"Sleeping Beauty";"1";"5695"
"Colleen";"The Golden Morning Breaks";"1";"5696"
"Mort Garson";"Mother Earth's Plantasia";"1";"5697"
"The Golden Islands";"Underwater Temples of Mahabalipuram";"1";"5698"
"Guustavv";"Sova";"1";"5699"
"Arbour";"Sights & Sounds";"1";"5700"
"Alaskan Tapes";"The Ocean No Longer Wants Us";"1";"5701"
"The Hardy Tree";"Through Passages of Time.";"1";"5702"
"Jiony";"Cotorra Serrana Occidental";"1";"5703"
"A Lily";"Sleep Through the Storm";"1";"5704"
"Louie Zong";"greenhouse";"1";"5705"
"NoDes";"Pantano Lontano";"2";"2995"
"Aeromancias";"Auroras";"1";"5706"
"Domenique Dumont";"Comme Ça";"1";"5707"
"Room7";"ROOM7";"1";"5708"
"Jeanette ""Lady"" Day";"Star-Funk, Vol. 5";"6";"1002"
"Various artists (2)";"Afro Edits";"3";"1986"
"Topo Bandido";"Pantano Lontano";"1";"5709"
"Santiago Navas";"Pantano Lontano";"1";"5710"
"H2O";"Pantano Lontano";"2";"2996"
"Montuno";"Pantano Lontano";"1";"5711"
"Mente Orgánica";"Pantano Lontano";"1";"5712"
"H2O";"Soil";"1";"5713"
"Gold Panda";"Half Of Where You Live";"2";"2997"
"Andy Stott";"Faith In Strangers";"2";"2998"
"HTRK";"Over The Rainbow";"1";"5714"
"Bvdub";"A Step In The Dark";"1";"5715"
"Library Tapes";"Air Texture, Vol. II";"1";"5716"
"Hieroglyphic Being";"The Replicant Dream Sequence (Blue Pa14 Series)";"1";"5717"
"Brett Naucke";"SEED";"2";"2999"
"Burial";"Tunes 2011-2019";"1";"5718"
"Brooklyn Raga Massive";"Terry Riley In C";"1";"5719"
"Cédric Stevens";"Hanging in the Wires";"1";"5720"
"Actress";"R.I.P.";"1";"5721"
"Hieroglyphic Being";"The Disco's Of Imhotep";"2";"3000"
"Ludovico Einaudi";"I Giorni";"1";"5722"
"Oliver Coates";"John Luther Adams’ Canticles of the Sky + Three High Places";"3";"1987"
"Felicia Atkinson";"Hand In Hand";"1";"5723"
"Timo Andres";"Thrive on Routine";"1";"5724"
"Sokif";"Affectionate Unselfish";"1";"5725"
"Biosphere";"Substrata + Man with a Movie Camera";"2";"3001"
"Bvdub";"Epilogues for the End of the Sky";"1";"5726"
"Loscil";"Air Texture, Vol. I - Compiled by bvdub and Andrew Thomas";"1";"5727"
"John Metcalfe";"So Clear";"1";"5728"
"Masayoshi Fujita";"Schaum";"1";"5729"
"High Plains";"Cinderland";"1";"5730"
"Blair French";"Through the Blinds";"1";"5731"
"Caroline Shaw";"Caroline Shaw: Orange";"1";"5732"
"Justin Walter";"Unseen Forces";"1";"5733"
"Donato Dozzy";"Plays Bee Mask";"1";"5734"
"The Dead Texan";"The Dead Texan";"1";"5735"
"Dalot";"A Strangely Isolated Place / Europe";"1";"5736"
"Ken Camden";"Dream Memory";"1";"5737"
"Kenneth James Gibson";"The Evening Falls";"1";"5738"
"James K";"PET";"2";"3002"
"Brian Eno";"Small Craft on a Milk Sea";"5";"1211"
"Carlos Niño & Friends";"Flutes, Echoes, It's All Happening!";"1";"5739"
"Konntinent";"Air Texture, Vol. I - Compiled by bvdub and Andrew Thomas";"1";"5740"
"Goldmund";"Sometimes";"1";"5741"
"Lambert";"Inez & Doug & Kira (Original Motion Picture Soundtrack)";"20";"236"
"Tom Zé";"Estudando o samba";"1";"5742"
"Lambert";"Lost Tapes";"28";"135"
"Jockstrap";"Acid";"1";"5743"
"Röyksopp";"Gentle Movement (Lost Tapes)";"1";"5744"
"Fatoumata Diawara";"Nterini (Sparrow & Barbossa Remix)";"1";"5745"
"Get a Room!";"Ecuador / The Reef";"1";"5746"
"Jac the Disco";"Manglik";"2";"3003"
"Woods";"Strange To Explain";"1";"5747"
"The Soft Pink Truth";"Shall We Go On Sinning So That Grace May Increase?";"1";"5748"
"Westerman";"Your Hero Is Not Dead";"1";"5749"
"Keeley Forsyth";"Debris";"1";"5750"
"Fatima Yamaha";"Spontaneous Order";"2";"3004"
"Rupa";"Disco Jazz";"1";"5751"
"Prefab Sprout";"I Trawl the Megahertz";"1";"5752"
"Greg Foat";"Photosynthesis";"3";"1988"
"Devadip Carlos Santana";"Late Night Tales: Khruangbin";"3";"1989"
"Brilliantes del Vuelo";"Late Night Tales: Khruangbin";"3";"1990"
"Kelly Doyle";"Late Night Tales: Khruangbin";"2";"3005"
"Sanullim";"Late Night Tales: Khruangbin";"2";"3006"
"Maxwell Udoh";"Late Night Tales: Khruangbin";"2";"3007"
"David Marez";"Late Night Tales: Khruangbin";"3";"1991"
"Gerald Lee";"Late Night Tales: Khruangbin";"3";"1992"
"Justine & The Victorian Punks";"Late Night Tales: Khruangbin";"2";"3008"
"George Yagani";"Late Night Tales: Khruangbin";"1";"5753"
"Pesniary";"Late Night Tales: Khruangbin";"1";"5754"
"Khruangbin";"Late Night Tales: Khruangbin";"2";"3009"
"Paloma San Basilio";"Late Night Tales: Khruangbin";"2";"3010"
"The Roha Band";"Late Night Tales: Khruangbin";"2";"3011"
"Tierney Malone";"Late Night Tales: Khruangbin";"2";"3012"
"Kruder & Dorfmeister";"1995";"32";"116"
"North Downs";"Dad's Old Tapes";"20";"237"
"North Downs";"Plastic Clouds";"2";"3013"
"Tourist";"Wild";"1";"5755"
"515 Connection";"fabric presents Octo Octa & Eris Drew (Mixed)";"2";"3014"
"Cortex";"Legal Tender";"4";"1477"
"Jon Hassell";"Last Night The Moon Came Dropping Its Clothes In The Street";"4";"1478"
"Meredith Monk";"Meredith Monk: Piano Songs";"3";"1993"
"Håkon Kornstad";"Bremen";"3";"1994"
"Nonkeen";"The Gamble";"3";"1995"
"Harold Budd";"The Pearl";"2";"3015"
"Hans-Joachim Roedelius";"Jardin Au Fou";"2";"3016"
"Martyn Heyne";"Open Lines";"2";"3017"
"Stars of the Lid";"and Their Refinement of the Decline";"2";"3018"
"The Gentleman Losers";"Dustland";"2";"3019"
"Bell Orchestre";"IX: Nature That's It That's All.";"2";"3020"
"Eluvium";"Copia";"3";"1996"
"Nils Frahm";"Fundamental Values";"1";"5756"
"David Darling";"Cello";"1";"5757"
"Thomas Adès";"Enchanted Isle";"1";"5758"
"Nils Frahm";"Tripping with Nils Frahm";"1";"5759"
"Björn Meyer";"Provenance";"2";"3021"
"Arvo Pärt";"Arvo Pärt: De Profundis";"1";"5760"
"David Behrman";"Late Night Tales: Belle and Sebastian, Vol. 2";"2";"3022"
"Christina Vantzou";"No. 2";"2";"3023"
"Eivind Aarset";"Dream Logic";"1";"5761"
"Alice Coltrane";"Ptah The El Daoud";"2";"3024"
"Валентин Васильович Сильвестров";"Bagatellen und Serenaden";"1";"5762"
"Sofie";"Asleep";"1";"5763"
"Mndsgn";"Sofie's SOS Tape";"1";"5764"
"Axel Boman";"Radionova (Essential Mix)";"4";"1479"
"Gianni Brezzo";"New Magic";"13";"418"
"Matthew Halsall";"Into Forever";"1";"5765"
"Julia Holter";"Gold Dust Woman";"1";"5766"
"Mogwai";"Dry Fantasy";"1";"5767"
"Nail";"Cassiopeia";"2";"3025"
"Axel Boman";"Pink Mist";"2";"3026"
"Bing Crosby";"White Christmas";"1";"5768"
"Beth";"Acoustic Christmas Hits";"1";"5769"
"Gregory Oberle";"Yuletide";"1";"5770"
"Stian Jarrell";"Seven Joys Of Mary";"1";"5771"
"Chad Lawson";"A Solo Piano Christmas";"3";"1997"
"Lillith Love";"Where Are You, Christmas?";"2";"3027"
"Wolfgang Hesse";"Wolfgang Hesse";"3";"1998"
"Charles Bolt";"A Peaceful Christmas";"1";"5772"
"Michiko Mullins";"Light The Candles";"2";"3028"
"Hak Huyun Lee";"X-Mas";"5";"1212"
"Manny Heights";"I Heard The Bells On Christmas Day";"3";"1999"
"Sasha Cohn";"Weinachten";"2";"3029"
"Rhett Week";"Happy Xmas";"3";"2000"
"Jules Amaro";"Piano Christmas";"2";"3030"
"Brad Jacobsen";"Deck the Halls ~ Solo Piano Christmas";"1";"5773"
"Ken Dorset";"Sans Day Carol";"1";"5774"
"Pietra Costa";"Navidad";"1";"5775"
"Charles Bolt";"Grown Up Christmas List";"2";"3031"
"Annie Leigh";"Wonderful Christmastime";"1";"5776"
"Milos Foreman";"All I Want For Christmas Is You";"1";"5777"
"Emma Shynes";"Star of Bethlehem";"2";"3032"
"Amy Yeager";"The Joy of Christmas";"1";"5778"
"John Bladh";"Joy Of Christmas";"3";"2001"
"Sabine Moncler";"Soft Christmas";"1";"5779"
"Tony Austero";"Silent Night";"1";"5780"
"Meghan Summers";"Jolly Old Saint Nicholas";"1";"5781"
"Brandon Mills";"Jingle Bells";"1";"5782"
"Damian Syslo";"Blue Christmas";"1";"5783"
"Dave Brubeck";"A Dave Brubeck Christmas";"1";"5784"
"Mira Sorentido";"The Prayer";"2";"3033"
"Kevin Duncan";"Christmas at the Piano";"1";"5785"
"Dana Daoud";"The Holly And The Ivy";"1";"5786"
"Stephan Moccio";"What Child Is This? (arr. Piano) / The Christmas Song (arr. Piano)";"2";"3034"
"Marvin Simmons";"It's Christmas Every Day";"1";"5787"
"Chris Beard";"We Three Kings";"2";"3035"
"Dan Evmark";"Away in a Manger";"1";"5788"
"Ali Farka Touré";"Talking Timbuktu (with Ry Cooder)";"31";"120"
"David Bowie";"Station To Station (2016 Remaster)";"7";"844"
"The Jungle Giants";"In Her Eyes (Kornél Kovacs Remix)";"1";"5789"
"Genevieve Artadi";"Dizzy Strange Summer";"1";"5790"
"Teebs";"Anicca";"15";"345"
"The Kinks";"Arthur (Deluxe Edition)";"6";"1003"
"Bonobo";"Linked";"1";"5791"
"Kornél Kovács";"Radionova (Essential Mix)";"1";"5792"
"Coss";"Machinations";"1";"5793"
"Tulioxi";"The Downside of Being an Asshole EP";"1";"5794"
"Coss";"Casual International EP";"1";"5795"
"Ólafur Arnalds";"some kind of peace";"10";"568"
"Hélène Vogelsinger";"Contemplation";"22";"199"
"Mykola Dmytrovych Leontovych";"Home Alone (Original Motion Picture Soundtrack) [Anniversary Edition]";"1";"5796"
"Eagles";"The Very Best of the Eagles (2013 Remaster)";"1";"5797"
"Tony Deans";"Christmas Magic";"1";"5798"
"Faye Mosley";"Light of the World";"1";"5799"
"Wendy Salisbury";"We Wish You a Merry Christmas";"1";"5800"
"Dana Daoud";"Rockin' Around The Christmas Tree";"1";"5801"
"Amy Soonyoung";"Christmas Time Is Here";"1";"5802"
"Sonny Beckerlee";"Stardust";"1";"5803"
"Various artists (4)";"Christmas Hits";"4";"1480"
"Idina Menzel";"Christmas Wishes";"1";"5804"
"Jason Starman";"Christmas Time Is Here";"1";"5805"
"Lori Mechem";"Christmas Jazz 2";"1";"5806"
"Grayville Trio";"That Christmas Feel";"1";"5807"
"William Chu";"Santa Baby";"1";"5808"
"Charlie James-Walker";"I Saw Three Ships";"1";"5809"
"John Fulford Music";"Holiday Jazz";"1";"5810"
"Denis Solee";"Christmas By Candlelight";"1";"5811"
"Mother's Daughter";"The Secret Of Christmas";"1";"5812"
"The Mayries";"A Very Mayries Christmas";"1";"5813"
"The Barr Brothers";"Dear Mrs. Claus";"1";"5814"
"Wood Star Lane";"Voices of Christmas";"1";"5815"
"Blitzen Trapper";"I'll Stay 'Til After Christmas";"1";"5816"
"Joni Mitchell";"Songs Of A Prairie Girl (US Release)";"1";"5817"
"Boom Forest";"Boom Forest Invites You to a Very Cookie Christmas, Vol. 1";"1";"5818"
"Chilly Gonzales";"A very chilly christmas";"1";"5819"
"Eels";"Useless Trinkets-B Sides, Soundtracks, Rarieties and Unreleased 1996-2006";"1";"5820"
"Andrew Bird";"Holidays Rule";"1";"5821"
"Sufjan Stevens";"Lonely Man of Winter";"1";"5822"
"HAIM";"Hallelujah";"1";"5823"
"Fleet Foxes";"White Winter Hymnal";"1";"5824"
"Kacey Musgraves";"The Kacey Musgraves Christmas Show";"1";"5825"
"Phoebe Bridgers";"Have Yourself a Merry Little Christmas";"1";"5826"
"Khruangbin";"Christmas Time Is Here b/w Christmas Time Is Here (Version Mary)";"1";"5827"
"Andrew Bird";"HARK!";"10";"569"
"Phoebe Bridgers";"Christmas Song";"1";"5828"
"The Shins";"Christmas Rules";"1";"5829"
"This Is the Kit";"Christmas Time Is Here B/W La Peregrinación";"1";"5830"
"The Staves";"Home Alone, Too";"1";"5831"
"Willie J Healey";"Merry Christmas";"1";"5832"
"Feet";"Vegetarian Christmas";"1";"5833"
"Julia Jacklin";"baby jesus is nobody's baby now";"1";"5834"
"Sam Fender";"Winter Song";"1";"5835"
"Marinelli";"Christmas";"1";"5836"
"NÉRIJA";"Blume";"1";"5837"
"Tigran Hamasyan";"The Call Within";"1";"5838"
"Tom & Jerry";"Jungle Hits, Vol. 1";"2";"3036"
"Four Tet";"Parallel";"8";"722"
"Meat Beat Manifesto";"Version Galore";"1";"5839"
"Phil Moffa";"Rareforms";"2";"3037"
"Beny Moré";"Manzanillo (Remastered)";"1";"5840"
"Roni Size";"New Forms";"1";"5841"
"Eden Burns";"Big Beat Manifesto";"2";"3038"
"Frits Wentink";"Double Man";"7";"845"
"Frits Wentink";"Wasted Years of Pumping Iron";"1";"5842"
"Dave DK";"Ahh, So So";"2";"3039"
"Bambounou";"033";"2";"3040"
"Gidge";"New Light";"1";"5843"
"The Avalanches";"We Will Always Love You";"11";"507"
"Geju";"Bird Box";"1";"5844"
"Ulla";"Tumbling Towards A Wall";"1";"5845"
"Rodríguez";"Late Night Tales: Midlake (Sampler)";"1";"5846"
"Rodríguez";"Cold Fact";"11";"508"
"Michael Dues";"I've Never Been to Nashville (Anniversary Edition)";"4";"1481"
"Linda Perhacs";"Parallelograms";"2";"3041"
"Manuel Darquart";"Next Dance";"3";"2002"
"Manuel Darquart";"Wolfep058";"9";"637"
"Little Dragon";"The Other Lover (Little Dragon & Moses Sumney)";"2";"3042"
"Kerri Chandler";"Spiritual Life Music";"1";"5847"
"Benjamin Brunn";"Hello Ammmerika - EP";"2";"3043"
"Burial";"Her Revolution / His Rope";"1";"5848"
"Tyrone Davis";"Original Brunswick Hit Recordings";"1";"5849"
"Andy Shauf";"Living Room";"1";"5850"
"Westerman";"The Line";"1";"5851"
"Tom Ashbrook";"Sensibus";"1";"5852"
"Dal";"Those Days";"1";"5853"
"Seb Wildblood";"The One with the Emoticon";"1";"5854"
"Laura Misch";"Lonely City";"1";"5855"
"Max Pope";"Didn’t I";"1";"5856"
"Szymon";"Blue Coloured Mountain";"7";"846"
"Leisure";"Side A";"1";"5857"
"North Downs";"Nothin'";"1";"5858"
"Tsha";"Sacred";"1";"5859"
"Elder Island";"Small Plastic Heart";"1";"5860"
"Pete Josef";"I Rise With The Birds";"1";"5861"
"Ariana Popal";"Home";"1";"5862"
"Illnoledge";"The Champion (Homegrown Session)";"2";"3044"
"Baby's Berserk";"What I Mean";"1";"5863"
"palazzi d'oriente";"Flux 101";"1";"5864"
"H ZETTRIO";"Never Ending";"2";"3045"
"Yellowjackets";"Jackets XL";"1";"5865"
"NTHNG";"Hypnotherapy";"1";"5866"
"Eddie Chacon";"Pleasure, Joy and Happiness";"1";"5867"
"Daniel Avery";"Dusting For Smoke";"1";"5868"
"Youandewan";"Cola Beach / Dolphin Splash Keyboards";"1";"5869"
"Project Sound";"fabric presents Octo Octa & Eris Drew (Mixed)";"1";"5870"
"RM Project";"fabric presents Octo Octa & Eris Drew (Mixed)";"1";"5871"
"Y U QT";"fabric presents Octo Octa & Eris Drew (Mixed)";"1";"5872"
"CZR";"fabric presents Octo Octa & Eris Drew (Mixed)";"1";"5873"
"D'Menace";"fabric presents Octo Octa & Eris Drew (Mixed)";"1";"5874"
"DHS";"Mind Control EP";"1";"5875"
"Casino Times";"Casino Edits 4";"1";"5876"
"fLako";"Get Lost VI mixed by Totally Enormous Extinct Dinosaurs";"1";"5877"
"Kevin Harrison";"Get Lost VI mixed by Totally Enormous Extinct Dinosaurs";"1";"5878"
"Valentina";"Get Lost VI mixed by Totally Enormous Extinct Dinosaurs";"1";"5879"
"Whatever";"Dancing with Friends";"3";"2003"
"Anna Calvi";"You’re Not God (From ‘Peaky Blinders’ Original Soundtrack)";"1";"5880"
"Axel Boman";"Get Lost VI mixed by Totally Enormous Extinct Dinosaurs";"1";"5881"
"Jorge Velez";"Get Lost VI mixed by Totally Enormous Extinct Dinosaurs";"1";"5882"
"Christophe!";"Get Lost VI mixed by Totally Enormous Extinct Dinosaurs";"1";"5883"
"Matthias Zimmerman";"Get Lost VI mixed by Totally Enormous Extinct Dinosaurs";"1";"5884"
"Dave Aju";"Get Lost VI mixed by Totally Enormous Extinct Dinosaurs";"1";"5885"
"Millenium";"Get Lost VI mixed by Totally Enormous Extinct Dinosaurs";"1";"5886"
"Kenny Glasgow";"Get Lost VI mixed by Totally Enormous Extinct Dinosaurs";"2";"3046"
"Traumprinz";"Get Lost VI mixed by Totally Enormous Extinct Dinosaurs";"1";"5887"
"Pitto";"Get Lost VI mixed by Totally Enormous Extinct Dinosaurs";"1";"5888"
"Kathy Stack";"Psychemagik Presents: Magik Sunset, Pt. 1";"1";"5889"
"Greg Sonnleitner";"Psychemagik Presents: Magik Sunset, Pt. 1";"1";"5890"
"Nathan Perkins Band";"Psychemagik Presents: Magik Sunset, Pt. 1";"1";"5891"
"Crossection";"Psychemagik Presents: Magik Sunset, Pt. 1";"1";"5892"
"3 Winans Brothers";"Dance";"1";"5893"
"City People";"It's All In The Groove";"1";"5894"
"Maurizio";"Ploy";"2";"3047"
"Son Mieux";"Easy";"1";"5895"
"Davorka Poljak";"Radožda";"1";"5896"
"Flavio Apicella";"Variante Alta";"1";"5897"
"Hayden Cargile";"Chapman's Swift";"1";"5898"
"Sophie Ronstadt";"Lost in a Dream";"1";"5899"
"Carrie Lucas";"Dance With You - The Best Of";"1";"5900"
"Gladys Knight & The Pips";"Everybody Needs Love";"1";"5901"
"Jackie Wilson";"Higher and Higher";"1";"5902"
"Jerry Lee Lewis";"The Essential Jerry Lee Lewis [The Sun Sessions]";"1";"5903"
"Leon Bridges";"Coming Home (Deluxe)";"1";"5904"
"The Shirelles";"Because I Said So (Music From And Inspired By The Motion Picture)";"1";"5905"
"Martha Reeves & The Vandellas";"20th Century Masters: The Millennium Collection: Best Of Martha Reeves & The Vandellas";"1";"5906"
"Christina Vantzou";"Late Night Tales: Hot Chip (LNT Mix)";"1";"5907"
"Nazia Hassan";"Late Night Tales: Khruangbin";"2";"3048"
"Gotts Street Park";"Everything";"1";"5908"
"Rhye";"Beautiful";"1";"5909"
"Caribou";"You and I";"1";"5910"
"Caribou";"Suddenly";"1";"5911"
"Westerman";"Blue Comanche";"1";"5912"
"Arlo Parks";"Eugene";"2";"3049"
"The Avalanches";"We Will Always Love You (feat. Blood Orange)";"1";"5913"
"Alice Phoebe Lou";"Dusk";"1";"5914"
"Soulphiction";"24/7 Love Affair VIP Edition";"2";"3050"
"LCD Soundsystem";"45:33 Remixes";"1";"5915"
"Armando";"Downfall";"1";"5916"
"Kurt Harman Project";"From the Vaults : The Definive Sounds of Prescription Records - EP, Vol. 1";"1";"5917"
"Moodymann";"Silentintroduction";"1";"5918"
"Ex-Pylon";"Shakes";"2";"3051"
"Kornél Kovács";"Stockholm Marathon Remixes";"1";"5919"
"Art Alfie";"Reveries Of";"3";"2004"
"Jack Tennis";"Take It To Church";"1";"5920"
"Hugh Masekela";"Early Hugh Masekela";"1";"5921"
"Ronn Matlock";"Love City (Expanded & Remastered)";"1";"5922"
"Dr. Jeffrey Thompson";"Gamma Meditation System 2.0";"1";"5923"
"Barry White";"The Man";"1";"5924"
"Ahmed Fakroun";"Awedny";"1";"5925"
"Green-House";"Chysis";"1";"5926"
"h hunt";"playing piano for dad";"1";"5927"
"Gaussian Curve";"Clouds";"2";"3052"
"Jon Hopkins";"Late Night Tales: Jon Hopkins";"1";"5928"
"Saint Saviour";"Tomorrow Again";"2";"3053"
"Sly5thAve";"Right Here (NYC Edit)";"1";"5929"
"Kiasmos";"Blurred (Sven Helbig Rework)";"1";"5930"
"Steve Spacek";"Houses";"1";"5931"
"Rymden";"Space sailors";"1";"5932"
"Gil Scott-Heron";"Pieces of a Man";"1";"5933"
"For Those I Love";"I Have a Love (Overmono Remix)";"1";"5934"
"Holy Other";"With U";"1";"5935"
"Lapola Kalu";"El Espíritu de la Escalera";"1";"5936"
"Rymden";"Spacesailors";"1";"5937"
"Khotin";"Finds You Well";"1";"5938"
"Pantha du Prince";"Conference of Trees";"28";"136"
"Erik Satie";"Gymnopédie No. 1";"1";"5939"
"Daniel Avery";"Illusion Of Time";"1";"5940"
"Group Listening";"What's A Girl To Do";"1";"5941"
"John Carroll Kirby";"Wind";"1";"5942"
"Patricia Brennan";"Solar";"1";"5943"
"Jon Hassell";"Fearless";"2";"3054"
"Cucina Povera";"Hilja";"1";"5944"
"SQÜRL";"Magic Hour";"1";"5945"
"Ólafur Arnalds";"Loom";"4";"1482"
"Soul Capsule";"Seth Troxler - The Lab 03";"1";"5946"
"Studio Mule";"Carnaval Superpitcher Remixes";"1";"5947"
"Axel Boman";"Black Magic Boman EP";"1";"5948"
"Justo Betancourt";"Funky Sabroso Mix";"1";"5949"
"Jitwam";"enchanté EP";"2";"3055"
"Darkside";"PSYCHIC LIVE JULY 17 2014";"1";"5950"
"Lavan";"Dancing with Friends";"1";"5951"
"Joe Cleen";"Dancing with Friends";"2";"3056"
"Carlo";"Dancing with Friends";"2";"3057"
"Philippa";"Dancing with Friends";"1";"5952"
"Felipe Gordon";"Dancing with Friends";"1";"5953"
"Gayle Adams";"Love Fever";"1";"5954"
"SØNIN";"Swans";"1";"5955"
"Dave DK";"Chicama EP";"1";"5956"
"Pantha du Prince";"Diamond Daze";"1";"5957"
"Kelpe";"Boiling, Steaming and Poaching";"1";"5958"
"Nicolas Jaar";"Pomegranates";"1";"5959"
"Clark";"Daniel Isn’t Real (Expanded Edition)";"1";"5960"
"Pantha du Prince";"Pius in Tacet (Grandbrothers Remix)";"3";"2005"
"Signal";"Philip Glass: Glassworks - Live at (le) Poisson Rouge";"1";"5961"
"Jenny Hval";"The Practice of Love";"1";"5962"
"Dalai Lama";"Inner World";"1";"5963"
"Miguel Atwood-Ferguson";"Library Selection";"1";"5964"
"To Rococo Rot";"The Amateur View";"1";"5965"
"Hainbach";"Assertion";"1";"5966"
"Rival Consoles";"Odyssey / Sonne";"1";"5967"
"Kelpe";"All the Way Round";"1";"5968"
"Dustin O'Halloran";"Marie Antoinette (Original Motion Picture Soundtrack)";"2";"3058"
"Dustin O'Halloran";"Other Lights";"1";"5969"
"Luke Howard";"Sun, Cloud";"1";"5970"
"Philip Glass";"Cities II";"1";"5971"
"Dustin O'Halloran";"The Beauty Inside (Original Film Score)";"1";"5972"
"Niklas Paschburg";"Oceanic";"1";"5973"
"Peter Broderick";"Eyes Closed And Traveling";"1";"5974"
"Akira Kosemura";"Wavering Heart";"1";"5975"
"Luke Howard";"Forgotten Postcards";"1";"5976"
"Chad Lawson";"You Finally Knew";"2";"3059"
"Alexis Ffrench";"Evolution";"1";"5977"
"Philip Glass";"Etudes for Piano Vol 1 No. 1-10";"1";"5978"
"Dustin O'Halloran";"Breathe In (Drake Doremus' Original Motion Picture Soundtrack)";"1";"5979"
"Luke Howard";"Howard: Dappled Light";"1";"5980"
"Eluvium";"Virga I";"1";"5981"
"Dario Marianelli";"Everest (Original Motion Picture Soundtrack)";"1";"5982"
"Alexis Ffrench";"Dreamland";"1";"5983"
"Joep Beving";"The London Session";"1";"5984"
"Max Richter";"Sleep";"1";"5985"
"Dustin O'Halloran";"Ammonite (Original Motion Picture Soundtrack)";"1";"5986"
"Fabrizio Paterlini";"Winter Stories";"1";"5987"
"Ludovico Einaudi";"Seven Days Walking (Day 1)";"1";"5988"
"Luke Howard";"Open";"1";"5989"