Name;Tracks;Scrobbles;Rank
"69";"2";"4";"2883"
"420";"1";"1";"5549"
"1900";"9";"9";"1610"
"3421";"1";"9";"1611"
"Quantic";"77";"607";"1"
"EMEFE";"1";"3";"3401"
"Lone";"6";"76";"166"
"Stippenlift";"1";"1";"5550"
"SASSY 009";"1";"2";"4154"
"Carl Gari";"1";"2";"4155"
"Irreversible Entanglements";"4";"5";"2508"
"Loke Rahbek";"1";"2";"4156"
"Delic";"1";"1";"5551"
"Bennie Maupin";"1";"16";"927"
"Jamila Woods";"1";"1";"5552"
"Steve Reich";"5";"12";"1233"
"Nubya Garcia";"34";"182";"40"
"Vels Trio";"7";"10";"1477"
"Don Philippe";"1";"2";"4157"
"Songhoy Blues";"6";"15";"982"
"Ant Orange";"3";"4";"2884"
"Gernot Bronsert";"1";"3";"3402"
"Wim Mertens";"1";"1";"5553"
"Jadu Heart";"2";"2";"4158"
"Quantum Collage";"4";"8";"1782"
"M.RUX";"26";"98";"117"
"Kundan Lal";"8";"17";"875"
"Tony Allen";"21";"55";"258"
"Art Feynman";"21";"40";"352"
"Akron/Family";"2";"6";"2228"
"Joe Armon-Jones";"55";"302";"15"
"Chelou";"34";"135";"69"
"Juana Molina";"1";"2";"4159"
"Richard Spaven";"6";"19";"765"
"bastien keb";"9";"35";"397"
"Högni";"3";"11";"1345"
"Joon Moon";"1";"4";"2885"
"Reginald Omas Mamode IV";"7";"12";"1234"
"Pete Josef";"5";"6";"2229"
"Shawn Lee's Ping Pong Orchestra";"2";"4";"2886"
"History of Colour";"13";"67";"200"
"U.S. Girls";"30";"144";"61"
"Murcof";"2";"6";"2230"
"Andy Stott";"4";"5";"2509"
"Hodini";"1";"1";"5554"
"TiRon & Ayomari";"5";"9";"1612"
"Christopher Schwarzwälder";"9";"28";"500"
"Rival Consoles";"22";"87";"144"
"Noya Rao";"5";"5";"2510"
"Cotton Jones";"10";"26";"538"
"Polo & Pan";"2";"3";"3403"
"Shigeto";"11";"26";"539"
"Maria Rita Stumpf";"2";"5";"2511"
"My Brightest Diamond";"4";"4";"2887"
"Dreems";"39";"170";"46"
"Josef Leimberg";"5";"7";"1980"
"Nils Frahm";"73";"258";"19"
"Jimmy Whoo";"5";"11";"1346"
"DJ Koze";"51";"134";"71"
"LAAKE";"7";"10";"1478"
"Sly5thAve";"23";"57";"247"
"Ahmad Jamal";"1";"2";"4160"
"Penya";"13";"51";"279"
"Skinny Pelembe";"24";"117";"86"
"Palta";"2";"2";"4161"
"James Blake";"42";"156";"57"
"Jitwam";"42";"131";"73"
"Lost Midas";"2";"3";"3404"
"Pedestrian";"9";"13";"1133"
"Unknown Mortal Orchestra";"11";"28";"501"
"George Fitzgerald";"16";"55";"259"
"Snide Rhythms";"1";"1";"5555"
"andrés oddone";"2";"10";"1479"
"BeGun";"8";"12";"1235"
"Jonwayne";"29";"77";"164"
"Emma-Jean Thackray's WALRUS";"3";"4";"2888"
"Casino Versus Japan";"2";"2";"4162"
"Jono Ma";"1";"2";"4163"
"Colleen";"11";"18";"815"
"Buttering Trio";"14";"76";"167"
"Grandbrothers";"3";"10";"1480"
"Jaja";"12";"42";"331"
"Tim Engelhardt";"3";"3";"3405"
"Shelter";"1";"1";"5556"
"Lords of the Underground";"1";"1";"5557"
"Mr Day";"1";"4";"2889"
"Ambala";"2";"3";"3406"
"Obo Addy";"1";"2";"4164"
"Braxton Cook";"33";"108";"100"
"Hidden Orchestra";"20";"29";"479"
"Peter Broderick";"7";"13";"1134"
"Idris Muhammad";"8";"19";"766"
"Kokoroko";"39";"339";"9"
"Dimlite";"2";"2";"4165"
"KOKOKO!";"16";"30";"464"
"Deerhoof";"1";"1";"5558"
"Kara-Lis Coverdale";"3";"11";"1347"
"GoGo Penguin";"23";"59";"232"
"Lapti";"1";"1";"5559"
"The Survivals";"1";"1";"5560"
"Henry Wu";"7";"16";"928"
"El Búho";"55";"95";"122"
"Project Pablo";"15";"22";"657"
"Chaos in the CBD";"55";"358";"7"
"Suzanne Kraft";"7";"12";"1236"
"Portico Quartet";"23";"39";"361"
"PREQUEL";"6";"10";"1481"
"Gizmo Varillas";"7";"10";"1482"
"Leifur James";"36";"145";"60"
"Coss";"6";"8";"1783"
"The Lot Radio";"1";"1";"5561"
"Dengue Dengue Dengue";"12";"19";"767"
"Cero39";"4";"9";"1613"
"Toro y Moi";"19";"19";"768"
"Kelly Lee Owens";"30";"122";"77"
"Mildlife";"24";"89";"142"
"Dengue Dengue Dengue!";"3";"3";"3407"
"Jon Hopkins";"13";"37";"379"
"Mano Le Tough";"8";"16";"929"
"Sophia Kennedy";"17";"62";"218"
"Soulphiction";"5";"22";"658"
"Erik Truffaz";"1";"1";"5562"
"Sea Moya";"20";"98";"118"
"Matanza";"16";"47";"302"
"Acid Pauli";"31";"53";"266"
"viva sherry";"3";"3";"3408"
"Rejjie Snow";"34";"201";"33"
"Shafiq Husayn";"4";"6";"2231"
"Oumou Sangaré";"16";"22";"659"
"NATUREBOY FLAKO";"6";"9";"1614"
"Moses Boyd";"17";"89";"143"
"Indian Wells";"2";"3";"3409"
"Andy Cato";"2";"5";"2512"
"Flamingods";"12";"19";"769"
"A/T/O/S";"1";"1";"5563"
"WhoMadeWho";"3";"5";"2513"
"Georgia Anne Muldrow";"13";"29";"480"
"Wilma Archer";"10";"13";"1135"
"Move D";"43";"106";"105"
"David Lee Jr.";"1";"1";"5564"
"Olivier St.Louis";"8";"18";"816"
"Milo";"27";"35";"398"
"Frankie Reyes";"5";"9";"1615"
"Maribou State";"40";"256";"20"
"Rokia Traoré";"1";"3";"3410"
"Bajka";"2";"2";"4166"
"Tata Dindin";"1";"3";"3411"
"Jimi Tenor";"12";"17";"876"
"Holy Forest";"1";"1";"5565"
"ElPeche";"1";"1";"5566"
"Iorie";"9";"13";"1136"
"Alphonse Mouzon";"11";"12";"1237"
"Rahsaan Roland Kirk";"14";"15";"983"
"Frank Zappa";"11";"12";"1238"
"Axel Boman";"75";"336";"10"
"Awkwafina";"1";"6";"2232"
"Betty Davis";"1";"2";"4167"
"Michael Kiwanuka";"20";"67";"201"
"Da Cruz";"1";"2";"4168"
"Hello Skinny";"18";"62";"219"
"Sudan Archives";"34";"142";"64"
"Rampa";"8";"15";"984"
"MGMT";"1";"1";"5567"
"Quiet Dawn";"6";"7";"1981"
"⣎⡇ꉺლ༽இ•̛)ྀ◞ ༎ຶ ༽ৣৢ؞ৢ؞ؖ ꉺლ";"19";"87";"145"
"Tunnelvisions";"8";"8";"1784"
"HAAi";"23";"58";"240"
"Sälen";"1";"1";"5568"
"Awate";"6";"6";"2233"
"Kamasi Washington";"25";"33";"421"
"Ben Westbeech";"11";"13";"1137"
"Yellow Days";"23";"41";"341"
"Al-chem";"4";"10";"1483"
"Darwish";"12";"20";"729"
"Babatunde Olatunji";"1";"1";"5569"
"Her";"8";"21";"692"
"Izem";"4";"4";"2890"
"Harts";"1";"4";"2891"
"Kilo Kish";"1";"1";"5570"
"Msafiri Zawose";"1";"1";"5571"
"Colin Stetson";"1";"2";"4169"
"Kalaha";"1";"1";"5572"
"Alex Izenberg";"27";"38";"371"
"Neue Grafik";"8";"19";"770"
"Lokal Affair";"1";"1";"5573"
"Thornato";"7";"19";"771"
"Cumbia Cosmonauts";"1";"2";"4170"
"Mabuta";"8";"8";"1785"
"Ariwo";"10";"13";"1138"
"TSHEGUE";"1";"1";"5574"
"Nicole Willis";"17";"24";"589"
"Jono McCleery";"3";"4";"2892"
"El Michels Affair";"13";"28";"502"
"Everything Is Recorded";"2";"4";"2893"
"Makadem";"3";"6";"2234"
"Lagartijeando";"8";"8";"1786"
"Melanie De Biasio";"2";"15";"985"
"Joomanji";"2";"4";"2894"
"Washed Out";"29";"108";"101"
"Nadah El Shazly";"1";"3";"3412"
"Daymé Arocena";"2";"4";"2895"
"Voilaaa";"5";"10";"1484"
"Sarah Elizabeth Charles";"2";"2";"4171"
"The Orchestra Soledad";"3";"3";"3413"
"Nilüfer Yanya";"3";"4";"2896"
"OKZHARP";"1";"1";"5575"
"E Ruscha V";"7";"196";"34"
"Mr. Mitch";"4";"23";"625"
"K15";"17";"25";"563"
"Ikebe Shakedown";"3";"6";"2235"
"Kutiman";"15";"26";"540"
"KiNK";"3";"4";"2897"
"Boncana Maïga";"4";"11";"1348"
"Maajo";"38";"179";"43"
"Fatima";"4";"6";"2236"
"Das Komplex";"1";"1";"5576"
"The Mauskovic Dance Band";"12";"39";"362"
"Uffe";"6";"18";"817"
"Locust Toybox";"7";"119";"83"
"Makaya McCraven";"53";"93";"131"
"Big Thief";"16";"109";"96"
"Photay";"27";"39";"363"
"Young Fathers";"12";"35";"399"
"Stimming x Lambert";"22";"106";"106"
"Ghostpoet";"24";"35";"400"
"Carol Anne McGowan";"1";"1";"5577"
"Dauwd";"31";"242";"22"
"Emanative";"57";"131";"74"
"STAC";"1";"2";"4172"
"Rosie Brown";"1";"1";"5578"
"Dele Sosimi";"16";"114";"90"
"Paper Tiger";"4";"4";"2898"
"Black Classical";"25";"75";"171"
"Mecca:83";"1";"1";"5579"
"Resonators";"1";"1";"5580"
"Sarathy Korwar";"14";"26";"541"
"Crazy P";"21";"41";"342"
"Yazz Ahmed";"10";"18";"818"
"Julia Biel";"1";"1";"5581"
"Blue States";"3";"3";"3414"
"Plantrae";"1";"1";"5582"
"Elsa Hewitt";"5";"6";"2237"
"Kerem Akdağ";"4";"8";"1787"
"Imarhan";"1";"1";"5583"
"Khruangbin";"64";"122";"78"
"Mala";"3";"9";"1616"
"Randy Weston";"1";"1";"5584"
"Golden Teacher";"8";"19";"772"
"Little Simz";"11";"29";"481"
"Thump";"1";"1";"5585"
"Collocutor";"15";"26";"542"
"Emanative & Earl Zinger & RN9";"1";"1";"5586"
"Kodäma";"4";"7";"1982"
"Slowdive";"2";"2";"4173"
"Larry de Kat";"11";"17";"877"
"Ninze";"5";"6";"2238"
"ÌFÉ";"2";"11";"1349"
"Etherwood";"1";"1";"5587"
"Hector Plimmer";"25";"51";"280"
"Afriquoi";"2";"2";"4174"
"Suplington";"1";"1";"5588"
"Honny & The Bees Band";"1";"6";"2239"
"Gorillaz";"41";"219";"27"
"Alice Russell";"2";"21";"693"
"Dabrye";"18";"50";"286"
"Black Classical meets Sarah Webster Fabio";"2";"2";"4175"
"Yahoos";"1";"1";"5589"
"Oscar Sulley";"1";"1";"5590"
"DAISHO";"2";"4";"2899"
"Sun Ra";"7";"32";"436"
"DJ Sports";"8";"12";"1239"
"Fiium Shaarrk";"5";"7";"1983"
"Group As Salaam";"1";"1";"5591"
"Sam Jones";"1";"1";"5592"
"mugwisa international xylophone group";"3";"10";"1485"
"kurup";"16";"73";"175"
"Magnus P.i";"4";"11";"1350"
"Native Cruise";"16";"43";"325"
"Will Lister";"4";"17";"878"
"Rouge Mécanique";"3";"5";"2514"
"LT";"6";"22";"660"
"Dear earth";"1";"2";"4176"
"Tom Esselle";"2";"15";"986"
"MSSS";"1";"4";"2900"
"SofaTalk";"9";"11";"1351"
"Four Tet";"76";"118";"85"
"Jessy Lanza";"7";"11";"1352"
"The Bones of J.R. Jones";"5";"5";"2515"
"Shiny Objects";"5";"8";"1788"
"Joseph Shabason";"16";"136";"67"
"Shabazz Palaces";"2";"4";"2901"
"PolyNation";"2";"2";"4177"
"Estrada Orchestra";"1";"1";"5593"
"Bicep";"4";"24";"590"
"DJ Nigga Fox";"2";"10";"1486"
"Peggy Gou";"15";"50";"287"
"Sons of Kemet";"5";"11";"1353"
"Shabaka Hutchings";"1";"2";"4178"
"Jameszoo";"1";"3";"3415"
"Evidence";"10";"14";"1042"
"Samiyam";"1";"1";"5594"
"Blue Lab Beats";"12";"28";"503"
"Susso";"11";"58";"241"
"Slime";"1";"1";"5595"
"Worldwide FM";"4";"5";"2516"
"Obongjayar";"2";"5";"2517"
"Mo Kolours";"9";"16";"930"
"Star Slinger";"1";"1";"5596"
"The Seshen";"2";"3";"3416"
"Gwenno";"1";"5";"2518"
"The Mysterons";"1";"1";"5597"
"Richard Houghten";"75";"112";"93"
"Virgil Howe";"1";"6";"2240"
"Michael Gordon";"1";"2";"4179"
"Cornelius";"3";"13";"1139"
"Skinshape";"54";"111";"95"
"Chassol";"13";"16";"931"
"Mr Jukes";"1";"1";"5598"
"Solesides";"1";"1";"5599"
"A Macaca";"2";"18";"819"
"Bill Withers";"3";"3";"3417"
"Maxwell Owin";"6";"20";"730"
"Robag Wruhme";"17";"60";"228"
"Daniel Avery";"24";"56";"251"
"Clever Austin";"9";"10";"1487"
"Mast";"20";"55";"260"
"Sean Khan";"1";"2";"4180"
"Bontan";"1";"1";"5600"
"La Yegros";"1";"1";"5601"
"Traumprinz";"14";"15";"987"
"Totally Enormous Extinct Dinosaurs";"12";"16";"932"
"Amber Mark";"9";"47";"303"
"Principles of Geometry";"1";"3";"3418"
"Midnight Sister";"6";"13";"1140"
"John Talabot";"18";"73";"176"
"Avalon Emerson";"7";"7";"1984"
"Toshio Matsuura Group";"8";"45";"310"
"Jessica Lauren";"1";"4";"2902"
"Grupo X";"1";"1";"5602"
"Kerala Dust";"7";"9";"1617"
"Alma Negra";"5";"16";"933"
"Seb Wildblood";"35";"69";"193"
"Rodrigo Gallardo";"33";"52";"271"
"Ryley Walker";"2";"3";"3419"
"Boards of Canada";"23";"36";"388"
"Kaitlyn Aurelia Smith";"40";"185";"38"
"Prince of Denmark";"4";"4";"2903"
"Majik";"1";"3";"3420"
"C.O.W. 牛";"3";"3";"3421"
"Ross From Friends";"23";"49";"292"
"Ólafur Arnalds";"30";"117";"87"
"Marenn Sukie";"10";"14";"1043"
"Glenn Astro";"18";"94";"124"
"DJ Katapila";"1";"2";"4181"
"Earthboogie";"10";"33";"422"
"Bennis Cletin";"1";"1";"5603"
"Rang'ala";"1";"2";"4182"
"Francis Bebey";"5";"13";"1141"
"Christy Essien";"2";"10";"1488"
"Aby Ngana Diop";"1";"3";"3422"
"Ali Nuur";"1";"2";"4183"
"Maisha";"2";"4";"2904"
"Ezra Collective";"57";"314";"14"
"Theon Cross";"5";"6";"2241"
"Cortex";"6";"7";"1985"
"Oceanvs Orientalis";"30";"72";"178"
"Lutto Lento";"7";"7";"1986"
"Nicola Cruz";"51";"154";"58"
"Gábor Szabó";"20";"91";"135"
"Ali Kuru";"6";"8";"1789"
"Shaluza Max";"1";"6";"2242"
"Leon Vynehall";"32";"59";"233"
"Yaeji";"2";"3";"3423"
"Bawrut";"1";"4";"2905"
"Midland";"5";"10";"1489"
"Mr. Fingers";"5";"5";"2519"
"JD Twitch";"2";"2";"4184"
"Melé";"5";"12";"1240"
"Tale of Us";"2";"4";"2906"
"Yotam Avni";"1";"3";"3424"
"Mr. T.C.";"1";"1";"5604"
"Massimo Vanoni";"1";"1";"5605"
"Baaba Maal";"1";"1";"5606"
"Mr Raoul K";"2";"2";"4185"
"Khidja";"2";"2";"4186"
"Hey Mother Death";"1";"1";"5607"
"Mark Knight";"1";"6";"2243"
"The Emperor Machine";"4";"13";"1142"
"Bob Sinclar";"1";"2";"4187"
"Trikk";"1";"1";"5608"
"Mind Enterprises";"2";"2";"4188"
"Cerrone";"6";"13";"1143"
"Shuggie Otis";"13";"94";"125"
"Norma Tanega";"1";"1";"5609"
"Bepu N'Gali";"1";"1";"5610"
"Mocky";"10";"38";"372"
"Tune-Yards";"1";"1";"5611"
"thomas meinecke";"3";"8";"1790"
"Tenesha The Wordsmith";"10";"52";"272"
"Andréa Daltro";"1";"5";"2520"
"Morrison Kincannon";"16";"34";"410"
"FYI Chris";"3";"3";"3425"
"Koji Ono";"1";"1";"5612"
"Ruby Rushton";"5";"6";"2244"
"Piry Reis";"1";"4";"2907"
"Avant Garde";"1";"1";"5613"
"Nando Carneiro";"1";"6";"2245"
"Cinema";"1";"5";"2521"
"Os Mulheres Negras";"2";"6";"2246"
"Fernando Falcão";"12";"66";"202"
"Anno Luz";"1";"3";"3426"
"Sunwatchers";"6";"6";"2247"
"Che";"10";"22";"661"
"Radio Slave";"2";"6";"2248"
"Tommaso Cappellato";"17";"25";"564"
"Dr. Lonnie Smith";"4";"4";"2908"
"Planet Battagon";"2";"5";"2522"
"Populous";"6";"10";"1490"
"松浦俊夫 presents HEX";"8";"16";"934"
"Umeko Ando";"18";"25";"565"
"Gacha Bakradze";"1";"1";"5614"
"Marc Moulin";"5";"7";"1987"
"Portable Sunsets";"2";"3";"3427"
"San Ignacio";"13";"22";"662"
"Discoshaman";"1";"3";"3428"
"Rio Mira";"1";"1";"5615"
"Jean Grae";"12";"14";"1044"
"Improbeats";"3";"7";"1988"
"Tom Misch";"7";"10";"1491"
"Ekambi Brillant";"1";"7";"1989"
"String Theory";"3";"5";"2523"
"Hailu Mergia";"13";"21";"694"
"Dj Duke";"2";"6";"2249"
"GO DUGONG";"15";"26";"543"
"Romare";"46";"248";"21"
"Chancha Via Circuito";"21";"39";"364"
"Alican";"1";"6";"2250"
"Tuğçe Kurtiş";"1";"2";"4189"
"Shake Stew";"11";"36";"389"
"Massive Attack";"4";"6";"2251"
"Shakarchi & Stranéus";"17";"210";"31"
"The Irresistible Force";"5";"7";"1990"
"Chip Wickham";"9";"27";"518"
"Paul White";"8";"15";"988"
"Wajatta";"8";"13";"1144"
"Manfredas";"9";"12";"1241"
"Blu";"3";"3";"3429"
"Poté";"3";"6";"2252"
"Cecil Taylor";"2";"3";"3430"
"Haley Bonar";"1";"7";"1991"
"Donald Byrd";"1";"1";"5616"
"The Notwist";"9";"14";"1045"
"<Unknown>";"1";"1";"5617"
"Onyx Collective";"16";"19";"773"
"Kamaal Williams";"28";"98";"119"
"Kiasmos";"7";"8";"1791"
"James 'Creole' Thomas";"13";"15";"989"
"Bonobo";"48";"537";"2"
"Nickodemus";"20";"45";"311"
"bleaker";"1";"1";"5618"
"Kelis";"1";"7";"1992"
"Mehmet Aslan";"9";"39";"365"
"Nicola Conte";"33";"120";"82"
"Carsten Erobique Meyer";"3";"9";"1618"
"Alogte Oho & His Sounds of Joy";"2";"13";"1145"
"Clap! Clap!";"19";"73";"177"
"Pletnev";"7";"10";"1492"
"Yør Kultura";"10";"26";"544"
"Musi-O-Tunya";"1";"1";"5619"
"Hippster Trio";"1";"1";"5620"
"Altin Gün";"23";"44";"318"
"Selda Bağcan";"2";"3";"3431"
"Derya Yildirim";"2";"5";"2524"
"Mustafa Özkent";"2";"7";"1993"
"Om Alec Khaoli";"3";"9";"1619"
"Truckers Of Husk";"1";"3";"3432"
"Shabaka And The Ancestors";"8";"16";"935"
"Dead Horse Beats";"2";"8";"1792"
"Auntie Flo";"32";"86";"149"
"Tech Insider";"1";"1";"5621"
"Richard Rossa";"1";"2";"4190"
"Dan Lissvik";"4";"5";"2525"
"José Manuel";"1";"1";"5622"
"Marc Rapson";"1";"1";"5623"
"Black Coffee";"1";"2";"4191"
"Emma-Jean Thackray";"10";"18";"820"
"Mose Robers";"1";"1";"5624"
"Niña Dioz";"1";"1";"5625"
"The Internet";"1";"2";"4192"
"Tsvia Abarbanel";"4";"34";"411"
"The Kutimangoes";"2";"2";"4193"
"Roman Flügel";"9";"19";"774"
"Jordan Rakei";"11";"22";"663"
"Flo Morrissey and Matthew E. White";"4";"6";"2253"
"Bené Fonteles";"1";"2";"4194"
"Carlinhos Santos";"1";"2";"4195"
"Priscilla Ermel";"2";"4";"2909"
"Carioca";"1";"2";"4196"
"Marco Bosco";"2";"5";"2526"
"Maria Rita";"1";"6";"2254"
"Luli e Lucina";"1";"1";"5626"
"Gonzales";"37";"228";"25"
"Lapa";"1";"1";"5627"
"Bronx River Parkway";"1";"1";"5628"
"Twinkie Clark";"1";"4";"2910"
"Ramsey & Co.";"1";"1";"5629"
"MAKENESS";"2";"2";"4197"
"BCUC";"8";"21";"695"
"Selena Gomez";"2";"4";"2911"
"Sebastian Mullaert";"32";"196";"35"
"Sam Weston";"1";"3";"3433"
"Dandara";"8";"20";"731"
"Thomash";"3";"6";"2255"
"Oktoberklubben";"2";"6";"2256"
"Willow";"2";"2";"4198"
"Aron Ottignon";"1";"3";"3434"
"Laurence Guy";"50";"162";"53"
"Dave DK";"4";"18";"821"
"Kornél Kovács";"12";"21";"696"
"Takuya Matsumoto";"1";"1";"5630"
"Wolf Müller & Niklas Wandt";"12";"59";"234"
"Pisces";"1";"3";"3435"
"McDowell";"1";"2";"4199"
"Harry Nilsson";"1";"3";"3436"
"Tom Zé";"2";"10";"1493"
"N. SIMONE";"1";"4";"2912"
"Satchmo";"1";"2";"4200"
"Roberto Musci";"5";"10";"1494"
"Mose Robert";"1";"1";"5631"
"Yazmin Lacey";"11";"27";"519"
"Wolf Müller";"44";"121";"80"
"Beatrice Dillon";"15";"26";"545"
"Blameful Isles";"4";"9";"1620"
"James Holden";"23";"80";"158"
"Bufiman";"20";"28";"504"
"Ströer Duo";"12";"37";"380"
"Dj Duke, Tribal Liberation";"1";"2";"4201"
"Nina Kraviz";"12";"18";"822"
"Moritz von Oswald";"9";"14";"1046"
"Ashley Henry";"34";"189";"37"
"Auk5";"1";"4";"2913"
"Frente Edits III";"10";"10";"1495"
"Moses Sumney";"24";"42";"332"
"Damien Jurado";"1";"5";"2527"
"Olaf Stuut";"2";"2";"4202"
"M.Roux";"1";"1";"5632"
"Nicolas Pera";"1";"6";"2257"
"Henrik Schwarz";"16";"42";"333"
"Kraut";"9";"14";"1047"
"Alexis Taylor";"24";"35";"401"
"Hiromi";"15";"22";"664"
"Luca Musto";"20";"30";"465"
"Andi Otto";"7";"25";"566"
"Jimmy Edgar";"1";"2";"4203"
"Paul Simon";"2";"7";"1994"
"Laraaji";"20";"41";"343"
"Oscar Jerome";"21";"71";"180"
"Henric Claes";"1";"1";"5633"
"Tash Sultana";"3";"6";"2258"
"Athlete Whippet";"1";"2";"4204"
"Honey Dijon";"3";"8";"1793"
"Why?";"9";"15";"990"
"Kapote";"3";"5";"2528"
"Roachford";"1";"3";"3437"
"Rone";"18";"21";"697"
"Agnes Obel";"3";"3";"3438"
"UJI";"12";"29";"482"
"Der Panther";"2";"2";"4205"
"Louis VI";"13";"29";"483"
"JD. Reid";"5";"5";"2529"
"Childish Gambino";"1";"1";"5634"
"Cool Maritime";"13";"135";"70"
"Public Service Broadcasting";"2";"2";"4206"
"Curses";"1";"1";"5635"
"Active Child";"1";"1";"5636"
"marcel vogel";"2";"3";"3439"
"Max Cooper";"38";"74";"172"
"Leonor";"3";"4";"2914"
"Teedra Moses";"1";"3";"3440"
"Carl Craig";"3";"5";"2530"
"Girls of the Internet";"22";"63";"213"
"Circle Sky";"1";"2";"4207"
"Lauhaus";"1";"5";"2531"
"Blindsmyth";"1";"7";"1995"
"Nick Hakim";"9";"20";"732"
"kaleema";"3";"15";"991"
"GuissGuissBouBess";"2";"2";"4208"
"Fresh Air from WHYY";"1";"1";"5637"
"The Sorcerers";"15";"36";"390"
"king garbage";"6";"12";"1242"
"Robert Glasper Experiment";"2";"4";"2915"
"Melo-Zed";"8";"10";"1496"
"Apiento & Co";"1";"4";"2916"
"Ariel Pink";"2";"3";"3441"
"Ashra";"3";"91";"136"
"Heerlens Percussie Ensemble";"1";"6";"2259"
"Massimo Luca";"1";"3";"3442"
"Barbatuques";"2";"11";"1354"
"Stijn Sadée";"3";"5";"2532"
"Ezra";"1";"4";"2917"
"808 State";"1";"1";"5638"
"Camp Inc.";"1";"2";"4209"
"Tom Trago";"1";"1";"5639"
"Young Marco";"10";"30";"466"
"Mariam the Believer";"17";"57";"248"
"Metamatics";"2";"3";"3443"
"Switchdance";"1";"1";"5640"
"Kutcorners";"1";"7";"1996"
"Art In Motion";"2";"2";"4210"
"Theo Croker";"9";"9";"1621"
"FKJ";"5";"11";"1355"
"Mytron & Ofofo";"17";"31";"448"
"Moonlight Benjamin";"1";"1";"5641"
"Retiree";"12";"50";"288"
"Corina Lawrence";"2";"15";"992"
"Daniel Bortz";"2";"3";"3444"
"Alfa Mist";"53";"157";"56"
"tokayo";"6";"11";"1356"
"Lorenzo Dada";"1";"3";"3445"
"Liv.e";"15";"32";"437"
"Baba Sissoko";"1";"1";"5642"
"The Yorkshire Film and Television Orchestra";"1";"1";"5643"
"Al Dobson Jr.";"19";"50";"289"
"Company Flow";"3";"3";"3446"
"LAPS";"1";"1";"5644"
"Jazzanova";"7";"16";"936"
"Dirty Doering";"1";"1";"5645"
"Fernando Milagros";"1";"1";"5646"
"Luca D'Alberto";"1";"3";"3447"
"Tuff City Kids";"1";"2";"4211"
"Neurostate";"1";"1";"5647"
"Parra for Cuva";"2";"11";"1357"
"Palace";"1";"2";"4212"
"Ammer";"1";"1";"5648"
"Nubiyan Twist";"26";"94";"126"
"Ian Simmonds";"3";"3";"3448"
"SMAGGHE & CROSS";"5";"11";"1358"
"Von Spar";"2";"2";"4213"
"Yougene";"1";"1";"5649"
"Kondi Band";"2";"5";"2533"
"San Miguel";"1";"1";"5650"
"Andy Jenkins";"2";"6";"2260"
"Stimming";"13";"16";"937"
"Ghost-Note";"10";"19";"775"
"Ocelote Rojo";"1";"2";"4214"
"Huaira";"5";"24";"591"
"BEATBALL MUSIC";"2";"3";"3449"
"Blood Wine or Honey";"10";"13";"1146"
"Matty";"9";"9";"1622"
"Wen";"7";"9";"1623"
"Spaceslug";"1";"1";"5651"
"Jun Kamoda";"2";"2";"4215"
"Sonnymoon";"2";"11";"1359"
"The Natural Yogurt Band";"8";"30";"467"
"Rodrigo Tavares";"1";"1";"5652"
"Kermesse";"12";"20";"733"
"Pouvoir Magique";"1";"1";"5653"
"Fela Kuti";"6";"11";"1360"
"Shlohmo";"16";"34";"412"
"Yussef Kamaal";"3";"4";"2918"
"Johnson, Hawkins, Tatum & Durr";"1";"2";"4216"
"Joni Mitchell";"2";"2";"4217"
"Erykah Badu";"1";"1";"5654"
"Mr Beatnick";"4";"7";"1997"
"Chemise";"2";"5";"2534"
"Nicolas Jaar";"34";"53";"267"
"Mammal Hands";"23";"56";"252"
"Gwilym Gold";"1";"1";"5655"
"King Gizzard & The Lizard Wizard";"8";"11";"1361"
"Percussions";"3";"3";"3450"
"Ponty Mython";"2";"3";"3451"
"Mitski";"32";"99";"115"
"Fantasma";"1";"1";"5656"
"Pilgrims of the Mind";"2";"7";"1998"
"Sivan Perwer";"1";"1";"5657"
"Athena";"1";"1";"5658"
"Doctr";"2";"2";"4218"
"Loidis";"4";"25";"567"
"디구루(dguru)";"1";"2";"4219"
"서울 콤보 (feat. 하세가와 요오헤이, 차승우)";"1";"1";"5659"
"원피스(1Piece)";"1";"2";"4220"
"Ballaké Sissoko & Vincent Segal";"7";"7";"1999"
"Attwenger";"2";"3";"3452"
"Playboi Carti";"1";"1";"5660"
"Conjunto Costumbrista";"1";"1";"5661"
"David Bowie";"18";"19";"776"
"Queen";"3";"4";"2919"
"God Colony";"1";"7";"2000"
"Academy Garden";"4";"4";"2920"
"David Dor";"1";"1";"5662"
"AHARON AMRAM";"1";"1";"5663"
"Bruxas";"3";"4";"2921"
"Hatis Noit";"3";"3";"3453"
"Qasim Naqvi";"1";"1";"5664"
"A Winged Victory for the Sullen";"8";"30";"468"
"Daniel Thorne";"1";"1";"5665"
"Daniel Brandt";"2";"9";"1624"
"Luca Musto & Loewenthal";"1";"1";"5666"
"MixMag";"3";"4";"2922"
"machaka";"4";"7";"2001"
"Douglas Dare";"11";"36";"391"
"Keith Jarrett";"19";"60";"229"
"Black Flower";"6";"10";"1497"
"Z Lovecraft";"2";"4";"2923"
"Islandman";"55";"323";"12"
"KH015";"1";"1";"5667"
"RED BULL MUSIC ACADEMY";"1";"1";"5668"
"GodWonder";"1";"1";"5669"
"Jess Sah Bi & Peter One";"8";"27";"520"
"MY MAMA SAID TO GET THINGS DONE";"1";"2";"4221"
"prrrrrrr";"1";"1";"5670"
"DJ Shadow";"3";"3";"3454"
"Mercedes Sosa";"1";"1";"5671"
"Souleance";"17";"25";"568"
"The Human League";"2";"2";"4222"
"bathing";"9";"11";"1362"
"Stanley Cowell Trio";"1";"4";"2924"
"Butcher Brown";"47";"119";"84"
"Martin Waslewski & Ole Biege";"1";"2";"4223"
"Mekine U Teksi";"10";"33";"423"
"Chris Annibell";"1";"1";"5672"
"Alsarah & The Nubatones";"2";"2";"4224"
"Loya";"4";"6";"2261"
"Nathan Fake";"4";"10";"1498"
"Overmono";"3";"4";"2925"
"TFGC011";"1";"1";"5673"
"Om Buschman";"4";"18";"823"
"Sanza";"2";"7";"2002"
"Total Art Of Percussion";"1";"8";"1794"
"Argile";"2";"8";"1795"
"Rüdiger Oppermann's Harp Attack";"1";"4";"2926"
"Bob Moses";"1";"4";"2927"
"Ralf Nowy";"1";"4";"2928"
"Trimopen";"1";"4";"2929"
"Kaidi Tatham";"16";"37";"381"
"TCP";"1";"8";"1796"
"Hunts Determination Band";"1";"1";"5674"
"The Daktaris";"2";"3";"3455"
"Urubu Marinka & Gama";"1";"1";"5675"
"A Macaca with Peace & Rojey";"1";"2";"4225"
"Thomash & Osmarino Freitas";"1";"3";"3456"
"Jaku Nã";"1";"1";"5676"
"Toto Chiavetta";"3";"3";"3457"
"DJ Normal 4";"1";"2";"4226"
"Marbert Rocel";"15";"29";"484"
"Vibe Street";"1";"1";"5677"
"Sarah Kreis";"1";"1";"5678"
"Tropical Twista Records";"2";"2";"4227"
"Gunjah";"1";"1";"5679"
"Calico Horse";"1";"3";"3458"
"Tempo Di Roma";"1";"2";"4228"
"Edit Service 10";"1";"2";"4229"
"Crown Ruler Mix #1";"1";"1";"5680"
"DJ Normal 4   Bufiman";"1";"2";"4230"
"Bufiman   DJ Normal 4";"1";"1";"5681"
"Marvin & Guy";"1";"5";"2535"
"Cyro Baptista";"33";"44";"319"
"Danny White";"1";"1";"5682"
"O Terço";"1";"1";"5683"
"LateComer";"4";"9";"1625"
"Pional";"4";"8";"1797"
"Jullian Gomes";"2";"3";"3459"
"Loose Joints";"3";"3";"3460"
"Baka Pygmies";"3";"3";"3461"
"Valentin Stip";"13";"21";"698"
"Mrs Jones";"2";"11";"1363"
"Nicolas Collins";"5";"12";"1243"
"Jonas Hellborg";"6";"6";"2262"
"Medeski, Martin and Wood";"10";"12";"1244"
"Dam~Ru";"1";"1";"5684"
"PREMIERE: Rouge Mécanique";"1";"1";"5685"
"Fruit Merchant";"1";"1";"5686"
"deucio | 613";"1";"1";"5687"
"Dorian Concept";"7";"8";"1798"
"Nikosh";"6";"9";"1626"
"Vakula";"126";"466";"4"
"Dusty Baron";"20";"26";"546"
"GUY ONE";"3";"3";"3462"
"Bileo";"2";"10";"1499"
"Wendo";"1";"2";"4231"
"Energy 52";"1";"3";"3463"
"Electric Wire Hustle";"1";"1";"5688"
"Rhythm";"1";"1";"5689"
"Peven Everett";"4";"9";"1627"
"Bad Jazz Troupe";"1";"1";"5690"
"Rick Poppa Howard";"2";"2";"4232"
"Stone";"2";"5";"2536"
"Fred P";"5";"13";"1147"
"Creative Swing Alliance";"1";"1";"5691"
"Geraldo Pino";"1";"1";"5692"
"Philippe Sarde";"1";"1";"5693"
"Robert Hood";"1";"1";"5694"
"Arts";"1";"1";"5695"
"Motor City Drum Ensemble";"8";"10";"1500"
"Aphex Twin";"9";"21";"699"
"Recloose";"4";"6";"2263"
"Jon and Roy";"1";"1";"5696"
"Bacao Rhythm & Steel Band";"20";"56";"253"
"Willie West";"2";"9";"1628"
"Talos";"2";"3";"3464"
"Franz Ferdinand";"1";"1";"5697"
"Nufrequency";"2";"11";"1364"
"Wildflower";"2";"3";"3465"
"Hercules & Love Affair";"1";"5";"2537"
"Khalab";"23";"52";"273"
"captures";"1";"7";"2003"
"kilchhofer";"5";"8";"1799"
"Chilly Gonzales";"36";"102";"109"
"Knapsack";"1";"1";"5698"
"Silvia Kastel";"2";"2";"4233"
"Martha Van Straaten";"15";"60";"230"
"Jan Schulte";"2";"3";"3466"
"Jantronix Schulte";"2";"4";"2930"
"Scannerfunk";"10";"14";"1048"
"Budakid";"1";"1";"5699"
"Stephen Encinas";"2";"4";"2931"
"Gwen McCrae";"2";"4";"2932"
"Boo Williams";"3";"3";"3467"
"FCL";"1";"1";"5700"
"Steve Spacek";"6";"7";"2004"
"DrumTalk";"2";"6";"2264"
"Lorna";"1";"1";"5701"
"Immaculate Rivombo";"1";"1";"5702"
"Asha Bhosle";"2";"2";"4234"
"Mor Elian";"4";"13";"1148"
"Robot Heart";"1";"1";"5703"
"Kadebostan";"1";"2";"4235"
"Baba Zula";"6";"10";"1501"
"Mike Steva";"1";"3";"3468"
"Actress";"7";"11";"1365"
"Yussef Dayes";"24";"93";"132"
"Solange";"1";"5";"2538"
"DJ Khalab";"10";"71";"181"
"Loft";"2";"2";"4236"
"Me and My Friends";"9";"18";"824"
"Falke";"1";"1";"5704"
"Insight the Truncator";"2";"2";"4237"
"Dirty Projectors";"2";"3";"3469"
"William Florelle";"4";"8";"1800"
"Shye Ben Tzur";"3";"3";"3470"
"The Field";"1";"2";"4238"
"Kiki Gyan";"2";"5";"2539"
"John Coltrane";"4";"4";"2933"
"Let's Eat Grandma";"2";"2";"4239"
"Kamal Keila";"2";"5";"2540"
"Tony Allen & Jeff Mills";"9";"20";"734"
"De Leon";"1";"1";"5705"
"Harmonious Thelonious";"4";"5";"2541"
"Michael Beharie";"3";"3";"3471"
"Le Croque";"1";"3";"3472"
"SHIMZA";"1";"1";"5706"
"Bayta Ag Bay";"1";"1";"5707"
"Abdoulaye Cisse";"1";"1";"5708"
"Sory Bamba";"1";"1";"5709"
"Alèmayèhu Eshèté";"2";"7";"2005"
"Townes Van Zandt";"1";"3";"3473"
"Wallace Collection";"1";"3";"3474"
"Zelia Barbosa";"1";"3";"3475"
"Cleveland";"1";"2";"4240"
"Leila Pinheiro";"1";"5";"2542"
"Rhythm Section INTL";"1";"1";"5710"
"Quixosis";"31";"50";"290"
"Mark Rae";"3";"9";"1629"
"André Melo";"1";"1";"5711"
"A2. L_cio";"1";"1";"5712"
"dekmantel";"6";"9";"1630"
"Karl Hector & The Malcouns";"11";"31";"449"
"Mighty Mo Rodgers";"6";"6";"2265"
"Umeme Afrorave";"1";"1";"5713"
"Tenderlonious";"20";"43";"326"
"Ponzu Island";"1";"3";"3476"
"Ben Hauke";"31";"259";"18"
"Wayne Snow";"11";"29";"485"
"Komon";"5";"11";"1366"
"Harvey Sutherland";"10";"13";"1149"
"Chez Damier";"3";"4";"2934"
"Bobby Mann";"1";"1";"5714"
"Jesse Gould";"1";"1";"5715"
"Hudson People";"1";"23";"626"
"Session Victim";"53";"168";"49"
"Cheops";"1";"2";"4241"
"La Banda de Martin";"1";"2";"4242"
"DENIS MPUNGA & PAUL K.";"1";"6";"2266"
"Martyn";"8";"19";"777"
"Penguin Cafe Orchestra";"7";"27";"521"
"Di Melo";"12";"26";"547"
"Max Graef";"20";"37";"382"
"Tutu Atrash";"7";"21";"700"
"N C C U";"1";"3";"3477"
"Larry Maluma";"1";"5";"2543"
"Creative Arts Ensemble";"1";"1";"5716"
"Wilfred Percussion";"1";"2";"4243"
"Mike Fabulous";"2";"9";"1631"
"Cosmos Universal Band";"1";"2";"4244"
"Los Hermanos";"1";"1";"5717"
"Ezy & Isaac";"1";"3";"3478"
"Kosmik 3";"2";"8";"1801"
"Feladey";"1";"9";"1632"
"Acayouman";"2";"3";"3479"
"J.K. Mandengué";"1";"2";"4245"
"The Staple Singers";"1";"2";"4246"
"Brother Resistance";"2";"12";"1245"
"Legacy";"1";"4";"2935"
"Medlar";"1";"1";"5718"
"Kenny Burrell";"11";"12";"1246"
"Groovestyle";"1";"3";"3480"
"Mindchime Featuring Isi Samuel";"1";"3";"3481"
"The Groove Monster";"1";"2";"4247"
"DJ Tools & Co";"1";"2";"4248"
"Granite";"1";"3";"3482"
"Motor City Drum Ensemble and Jeremy Underground";"1";"2";"4249"
"Mighty Shadow";"1";"1";"5719"
"Kiki Hitomi";"1";"4";"2936"
"Ratgrave";"10";"15";"993"
"Eevee";"1";"1";"5720"
"Djrum";"6";"11";"1367"
"Fat Freddy's Drop";"7";"13";"1150"
"Bastion";"1";"1";"5721"
"The One 'O' Ones";"1";"1";"5722"
"The Clean Hands Group";"1";"1";"5723"
"Metal Voices";"1";"2";"4250"
"Kathy Kosins";"1";"1";"5724"
"Cotonete";"6";"27";"522"
"Kip Hanrahan";"1";"1";"5725"
"Freeez";"1";"1";"5726"
"Velvet Hammer";"1";"3";"3483"
"Paul Johnson";"1";"1";"5727"
"Cro-Magnon";"2";"8";"1802"
"Grooveman Spot";"1";"1";"5728"
"Material";"2";"4";"2937"
"Triforce";"1";"1";"5729"
"Themes For Great Cities";"1";"1";"5730"
"Métron";"1";"1";"5731"
"TFGC015";"1";"1";"5732"
"Nelly Furtado";"1";"1";"5733"
"b";"1";"1";"5734"
"Asa Moto";"1";"2";"4251"
"Devon Russell";"1";"6";"2267"
"Donnacha Costello";"1";"1";"5735"
"Nahawa Doumbia";"2";"6";"2268"
"Bruno Pernadas";"7";"14";"1049"
"bottle tree";"2";"4";"2938"
"Owiny Sigoma Band";"5";"14";"1050"
"Ron Trent";"11";"23";"627"
"Lonnie Liston Smith & The Cosmic Echoes";"8";"8";"1803"
"Django Django";"2";"2";"4252"
"Workdub";"16";"26";"548"
"Michal Turtle";"4";"10";"1502"
"Dub Oven";"3";"3";"3484"
"Vincent";"4";"5";"2544"
"Leon Lowman";"6";"7";"2006"
"Helena Hauff";"4";"5";"2545"
"Das Kraftfuttermischwerk";"1";"1";"5736"
"Christopher";"1";"2";"4253"
"Nostrum Grocers";"10";"14";"1051"
"Orquesta De Las Nubes";"8";"10";"1503"
"O/Y";"20";"71";"182"
"Chaino";"1";"1";"5737"
"Arthur Lyman";"1";"1";"5738"
"Esquivel";"1";"1";"5739"
"Bailey's Nervous Kats";"1";"1";"5740"
"Nicky Roberts";"1";"1";"5741"
"Rhonda Fleming";"1";"1";"5742"
"Yma Sumac";"1";"1";"5743"
"Artie Barsamian";"1";"1";"5744"
"Sam O.B.";"1";"2";"4254"
"Tape Loops";"1";"1";"5745"
"Dee Edwards";"2";"3";"3485"
"Gloria Jay";"2";"2";"4255"
"Linda Jones";"1";"1";"5746"
"Timeless Legend";"1";"6";"2269"
"Syreeta";"1";"1";"5747"
"Roger Damawuzan";"2";"2";"4256"
"Birthday Boy";"1";"1";"5748"
"Death Cab for Cutie";"1";"1";"5749"
"Dita Von Teese";"1";"1";"5750"
"Oliver Koletzki";"2";"3";"3486"
"Sampology";"19";"52";"274"
"Floyd Lavine";"2";"2";"4257"
"Re.You";"1";"2";"4258"
"Susumu Yokota";"33";"108";"102"
"Vincenzo Bellini";"2";"13";"1151"
"Teddy Lasry";"1";"5";"2546"
"Etlan";"1";"1";"5751"
"Stray";"1";"1";"5752"
"Claudia";"1";"3";"3487"
"Kanye West";"1";"1";"5753"
"Log(M)";"1";"1";"5754"
"Amado Maita";"5";"5";"2547"
"King Cats";"1";"1";"5755"
"D.K.";"12";"21";"701"
"Duval Timothy";"15";"24";"592"
"Klaus Johann Grobe";"3";"4";"2939"
"Glue Trip";"6";"9";"1633"
"Herbie Hancock";"19";"31";"450"
"Majid Bekkas";"3";"10";"1504"
"Heerlesn Percussie Ensemble";"1";"1";"5756"
"Jeremy Hyman";"1";"1";"5757"
"Joubert Singers";"1";"2";"4259"
"Marumo";"1";"3";"3488"
"Bosq";"21";"53";"268"
"Joyce";"1";"1";"5758"
"Chain Reaction";"1";"1";"5759"
"Brooklyn Express";"1";"1";"5760"
"Don Armando's Second Avenue Rhumba Band";"1";"1";"5761"
"Gichy Dan";"1";"1";"5762"
"Gino Soccio";"1";"2";"4260"
"Alex M.";"1";"2";"4261"
"Gary's Gang";"1";"1";"5763"
"Kerri Chandler";"4";"5";"2548"
"Roger Thornhill";"1";"2";"4262"
"Pure Energy";"1";"1";"5764"
"Instra:mental";"1";"1";"5765"
"Two Man Sound";"1";"1";"5766"
"G.U.";"1";"1";"5767"
"Susobrino";"4";"6";"2270"
"The Band That Never Met";"1";"2";"4263"
"DJ Sotofett";"2";"2";"4264"
"DJ Sotofett & Jesse";"2";"2";"4265"
"Jeremy Underground";"1";"3";"3489"
"Aaron Arce";"1";"1";"5768"
"Bipo";"1";"1";"5769"
"University Of Love";"1";"1";"5770"
"DJ Trax";"1";"2";"4266"
"NatureBoy";"1";"1";"5771"
"Dose of Paradise";"1";"1";"5772"
"Project Democracy";"1";"1";"5773"
"Level 3";"1";"1";"5774"
"Manhattan Project";"1";"2";"4267"
"Bugge Wesseltoft";"5";"9";"1634"
"Captain Planet";"21";"53";"269"
"Bonga";"51";"70";"187"
"Pele";"1";"6";"2271"
"Yak";"1";"3";"3490"
"Al Doum & The Faryds";"2";"2";"4268"
"Dwig";"1";"2";"4269"
"Alef";"1";"2";"4270"
"Recondite";"2";"2";"4271"
"Romperayo";"4";"4";"2940"
"Tomat Petrella";"2";"2";"4272"
"4TLR";"13";"26";"549"
"Haraket";"1";"1";"5775"
"Reinen";"1";"11";"1368"
"deem spencer";"1";"1";"5776"
"AbJo";"1";"2";"4273"
"Swarvy";"8";"12";"1247"
"Priests";"1";"5";"2549"
"Loona Dae";"1";"2";"4274"
"Frazelle";"2";"3";"3491"
"△▃△▓";"1";"3";"3492"
"Alex Johnson";"3";"18";"825"
"Iasos";"20";"213";"28"
"Yas-Kaz";"2";"10";"1505"
"J.D. Emmanuel";"3";"9";"1635"
"Don Slepian";"5";"182";"41"
"Hot Slot Machine";"1";"10";"1506"
"Adam Port";"8";"30";"469"
"Birds and insects of the Berok River";"1";"1";"5777"
"Archie Shepp";"1";"1";"5778"
"Binker and Moses";"4";"5";"2550"
"Kenny Cox";"1";"2";"4275"
"Yusef Lateef";"4";"6";"2272"
"Laurent Garnier";"6";"17";"879"
"WVR BVBY";"5";"5";"2551"
"Antonin";"1";"2";"4276"
"Landhouse";"10";"20";"735"
"dictaphone";"3";"49";"293"
"The Expansions";"8";"24";"593"
"FaltyDL";"7";"13";"1152"
"Tee Mango";"3";"13";"1153"
"Deadboy";"2";"5";"2552"
"Marquis Hawkes";"3";"5";"2553"
"Nathan Micay";"1";"3";"3493"
"Sei A";"4";"9";"1636"
"Appleblim";"2";"3";"3494"
"Juxta Position";"1";"2";"4277"
"Gerd";"1";"2";"4278"
"Primitive Trust";"1";"2";"4279"
"Pearson Sound";"4";"7";"2007"
"Youandewan";"10";"19";"778"
"Ben Lukas Boysen";"6";"12";"1248"
"Bing & Ruth";"4";"7";"2008"
"Bxentric";"1";"1";"5779"
"Geotic";"1";"1";"5780"
"Agrippa";"1";"1";"5781"
"Deapmash";"1";"1";"5782"
"Burnski";"1";"1";"5783"
"Tenebre";"1";"1";"5784"
"Lusine";"2";"3";"3495"
"Donato Dozzy";"6";"59";"235"
"Batu";"2";"5";"2554"
"Locussolus";"1";"4";"2941"
"Idjut Boys";"1";"8";"1804"
"Rheinzand";"1";"5";"2555"
"The Project Club";"1";"4";"2942"
"DJ Pippi";"2";"16";"938"
"No ID";"1";"3";"3496"
"Gatto Fritto";"1";"3";"3497"
"Eric Duncan";"1";"3";"3498"
"Walton";"2";"4";"2943"
"Kalbata";"3";"7";"2009"
"Freddie Gibbs";"1";"1";"5785"
"Kirk Knight";"1";"1";"5786"
"Scanner";"1";"1";"5787"
"MBONGWANA STAR";"2";"3";"3499"
"Jim-E Stack";"1";"1";"5788"
"Gold Panda";"5";"8";"1805"
"Fatima Yamaha";"5";"14";"1052"
"Hundred Waters";"1";"1";"5789"
"IAMNOBODI";"2";"3";"3500"
"Westerman";"3";"4";"2944"
"Archy Marshall";"1";"1";"5790"
"Mark Pritchard";"15";"34";"413"
"30/70";"10";"24";"594"
"Mount Kimbie";"9";"20";"736"
"Dark Sky";"4";"22";"665"
"Anthony Naples";"14";"25";"569"
"Instupendo";"1";"1";"5791"
"Lord Echo";"36";"93";"133"
"Kadhja Bonet";"6";"28";"505"
"Floating Points";"30";"90";"139"
"Sam Gellaitry";"2";"2";"4280"
"Lars Bartkuhn";"1";"1";"5792"
"Graeme Miller";"1";"1";"5793"
"Tala Vala";"9";"21";"702"
"Otto Totland";"4";"18";"826"
"K-Lone";"8";"23";"628"
"Weedy of 40 Winks";"1";"2";"4281"
"Forest Swords";"13";"26";"550"
"Otzeki";"1";"3";"3501"
"Levon Vincent";"3";"3";"3502"
"Talismann";"1";"1";"5794"
"Barda";"3";"9";"1637"
"Neneh Cherry";"24";"136";"68"
"Third Wave";"1";"1";"5795"
"L'Rain";"23";"121";"81"
"Marijus Aleksa";"5";"58";"242"
"Kingsley Ibeneche";"19";"55";"261"
"ONIPA";"31";"83";"153"
"Barker";"3";"3";"3503"
"Anna Calvi";"18";"100";"112"
"Tolouse Low Trax";"3";"7";"2010"
"Y-Bayani";"1";"1";"5796"
"Great Time";"15";"24";"595"
"Flora";"8";"11";"1369"
"Saib";"4";"4";"2945"
"Geju";"7";"57";"249"
"Per Tjernberg";"9";"21";"703"
"Melt Yourself Down";"2";"2";"4282"
"Jaubi";"5";"26";"551"
"Hunee";"4";"18";"827"
"Basecamp";"1";"1";"5797"
"Jex Opolis";"1";"1";"5798"
"Robohands";"14";"53";"270"
"Jonny Faith";"5";"12";"1249"
"Jamie Isaac";"10";"26";"552"
"Duke Hugh";"23";"131";"75"
"Billy Woods";"9";"15";"994"
"Mark Barrott";"4";"10";"1507"
"Fantaz";"2";"3";"3504"
"felicita";"10";"13";"1154"
"Forma";"1";"1";"5799"
"Lawrence Hart";"3";"6";"2273"
"O'Flynn";"35";"271";"17"
"Sam Gendel";"12";"28";"506"
"Kleintierschaukel";"4";"7";"2011"
"Carlomarco";"1";"3";"3505"
"Hank Jackson";"1";"2";"4283"
"David Mayer";"1";"1";"5800"
"Louie Vega";"4";"8";"1806"
"Blaze";"1";"1";"5801"
"Julien Jabre";"1";"1";"5802"
"Ian Pooley";"4";"9";"1638"
"Quim Manuel O Espirito Santo";"2";"4";"2946"
"Luciano";"1";"1";"5803"
"Jimpster";"2";"3";"3506"
"Joe Corti";"1";"1";"5804"
"Thatmanmonkz";"1";"1";"5805"
"Robert Owens";"2";"3";"3507"
"Joeski";"1";"1";"5806"
"G Club";"1";"1";"5807"
"DJ Gregory";"1";"1";"5808"
"The Stone Roses";"1";"1";"5809"
"Jacob Gurevitsch";"1";"1";"5810"
"The Swan & The Lake";"1";"3";"3508"
"RUF DUG";"3";"7";"2012"
"Al Massrieen";"1";"2";"4284"
"Saul Williams";"1";"2";"4285"
"Nico Stojan";"2";"2";"4286"
"The Comet Is Coming";"6";"13";"1155"
"EARTH BOYS";"9";"20";"737"
"Harold Budd";"10";"30";"470"
"Frank Perry";"1";"7";"2013"
"environments";"7";"78";"162"
"David Casper";"3";"84";"152"
"Joanna Brouk";"5";"27";"523"
"Hidden Spheres";"16";"46";"308"
"Soundspecies & Ache Meyi";"1";"4";"2947"
"Vula Viel";"1";"1";"5811"
"Crewdson";"1";"1";"5812"
"Zun Zun Egui";"1";"2";"4287"
"Sebastian Rochford";"1";"1";"5813"
"Ayani Huni Kuin";"1";"2";"4288"
"Szun Waves";"6";"6";"2274"
"Rejoicer";"5";"12";"1250"
"Werkha";"40";"113";"92"
"GATS";"3";"7";"2014"
"Alban Endlos";"9";"17";"880"
"tomanka";"1";"1";"5814"
"Santi D";"1";"1";"5815"
"Christian Scott aTunde Adjuah";"2";"2";"4289"
"Rob Araujo";"1";"1";"5816"
"Free the Robots";"2";"3";"3509"
"Normanton Street";"1";"1";"5817"
"MIND GAMERS";"2";"2";"4290"
"Tim Maia";"3";"9";"1639"
"Karavan";"14";"25";"570"
"Connan Mockasin";"3";"4";"2948"
"Augustus Pablo";"3";"5";"2556"
"Zazou Bikaye";"2";"2";"4291"
"Big Youth";"2";"2";"4292"
"Malombo";"1";"1";"5818"
"Sublevel 3";"1";"1";"5819"
"Richard Purser Featuring Daniel Double";"1";"1";"5820"
"Dionne";"1";"1";"5821"
"Techno Soul";"1";"1";"5822"
"avroarrow";"1";"2";"4293"
"Man Tear";"1";"4";"2949"
"Lukas Nystrand Von Unge";"2";"6";"2275"
"Off The Meds";"2";"13";"1156"
"Baba Stiltz";"9";"24";"596"
"Adrian Lux";"1";"3";"3510"
"Bella Boo";"24";"76";"168"
"Sofia Kourtesis";"18";"44";"320"
"Al Zanders";"2";"7";"2015"
"Madison McFerrin";"5";"8";"1807"
"Panthera Krause";"8";"16";"939"
"Nhú de Ped'Bia";"1";"2";"4294"
"Pedrinho";"2";"2";"4295"
"Tulipa Negra";"1";"1";"5823"
"Manuel Gomes";"1";"1";"5824"
"Val Xalino";"1";"1";"5825"
"Magnus JJ";"1";"9";"1640"
"Te'Amir";"19";"56";"254"
"Garrett";"3";"3";"3511"
"Scott Xylo";"18";"49";"294"
"Marcus Joseph";"6";"13";"1157"
"Siaubas";"1";"1";"5826"
"Simple Symmetry";"1";"1";"5827"
"A Macaca & Gama";"4";"14";"1053"
"SPIRAL DELUXE";"15";"33";"424"
"Little People";"3";"4";"2950"
"DJ Seinfeld";"4";"23";"629"
"Scott Gilmore";"3";"5";"2557"
"Hanni El Khatib";"1";"2";"4296"
"De Frank Professionals";"1";"2";"4297"
"Kelsey Lu";"1";"1";"5828"
"AMyn";"1";"1";"5829"
"DJ ClicK";"2";"2";"4298"
"VESCE";"1";"1";"5830"
"Gil Scott-Heron";"3";"3";"3512"
"Git";"1";"2";"4299"
"l'éclair";"6";"14";"1054"
"Isabelle Mayereau";"2";"3";"3513"
"Doug Hream Blunt";"1";"1";"5831"
"Pharoah Sanders";"3";"8";"1808"
"Wally Badarou";"1";"1";"5832"
"Lee ""Scratch"" Perry";"1";"1";"5833"
"Ayalew Mesfin";"1";"1";"5834"
"Yamasuki";"1";"2";"4300"
"Sandy B";"3";"8";"1809"
"Tabala";"2";"2";"4301"
"Azymuth";"5";"12";"1251"
"Tartit";"1";"1";"5835"
"Bally Sagoo";"1";"1";"5836"
"Cutty Ranks";"1";"1";"5837"
"The Heptones";"1";"1";"5838"
"Vybz Kartel";"1";"1";"5839"
"Tommy McCook";"2";"2";"4302"
"Black Uhuru";"1";"1";"5840"
"Ata Kak";"1";"1";"5841"
"Dur-Dur Band";"2";"3";"3514"
"Ramuntcho Matta";"1";"1";"5842"
"Basa Basa";"2";"3";"3515"
"Amanaz";"2";"4";"2951"
"Asnaké Gèbrèyès";"1";"1";"5843"
"Dave Liebman";"1";"1";"5844"
"Momo Wandel Soumah";"2";"4";"2952"
"Capital Letters";"1";"1";"5845"
"Matoub Lounès";"1";"1";"5846"
"Johnny Wakelin";"1";"1";"5847"
"? and the Mysterians";"1";"1";"5848"
"Louiz Banks";"1";"2";"4303"
"Carlos Maria";"1";"3";"3516"
"Chaka Demus & Pliers";"1";"1";"5849"
"Antonio Sanches";"1";"4";"2953"
"Adjágas";"1";"1";"5850"
"Tommy Mandel";"2";"2";"4304"
"Talking Heads";"2";"2";"4305"
"Lou Blic";"1";"1";"5851"
"T.P. Orchestre Poly-Rythmo";"2";"2";"4306"
"Roberto Fonseca";"1";"1";"5852"
"Mystica Tribe";"1";"1";"5853"
"Alfio Antico";"1";"1";"5854"
"Pete Beardsworth";"1";"1";"5855"
"Nu Guinea";"13";"30";"471"
"Ground";"1";"1";"5856"
"DWART";"1";"2";"4307"
"Emo Kid";"1";"2";"4308"
"Pitto";"2";"18";"828"
"Kaleido";"7";"59";"236"
"YASUO SUGIBAYASHI";"1";"2";"4309"
"Internal N.Y. Rhythms";"1";"1";"5857"
"moonilena";"1";"1";"5858"
"Paradise Alley";"1";"3";"3517"
"Pedrodollar";"1";"1";"5859"
"Superpitcher";"30";"91";"137"
"Whispers Beirut";"1";"1";"5860"
"Torolf Stendik";"1";"1";"5861"
"Thomas & Jonas";"1";"1";"5862"
"Qaadir Howard";"1";"5";"2558"
"Lucius";"1";"1";"5863"
"The Flaming Lips";"1";"1";"5864"
"Rapossa";"19";"57";"250"
"Ranno Vollman";"1";"1";"5865"
"Jackson Lewis";"1";"1";"5866"
"Christos Fourkis";"1";"1";"5867"
"Lemurian";"1";"1";"5868"
"Omerar Nanda";"1";"1";"5869"
"Yohoros";"1";"1";"5870"
"Tevo Howard";"2";"8";"1810"
"Seven Davis Jr.";"1";"1";"5871"
"Aybee";"1";"2";"4310"
"Hieroglyphic Being";"6";"11";"1370"
"Kassem Mosse";"2";"4";"2954"
"Frangie";"1";"3";"3518"
"K&F";"1";"2";"4311"
"Lana Del Rey";"2";"7";"2016"
"Chicano Batman";"3";"5";"2559"
"Brzzvll";"6";"8";"1811"
"Noname";"11";"11";"1371"
"Akua Naru";"1";"1";"5872"
"soundspecies";"9";"14";"1055"
"Shinichi Atobe";"2";"2";"4312"
"DJ Call Me";"1";"1";"5873"
"Errorsmith";"2";"3";"3519"
"Grupo Controle Digital";"1";"2";"4313"
"Bullion";"7";"29";"486"
"Costa & Chyps";"1";"2";"4314"
"ɹǝqüɟdoʞkopfüber";"2";"3";"3520"
"LIVE im salon_286831970";"1";"1";"5874"
"Landikhan";"1";"1";"5875"
"Roberto Rodriguez";"1";"3";"3521"
"Street Corner Symphony";"1";"2";"4315"
"Bernardo";"1";"1";"5876"
"Red Axes";"7";"28";"507"
"Doc Severinsen";"2";"2";"4316"
"RUNE LINDBÆK";"1";"1";"5877"
"BLUE CAMERA";"1";"1";"5878"
"Ron Rinaldi";"1";"2";"4317"
"Nucleus";"1";"2";"4318"
"Al Wilson";"1";"2";"4319"
"Maureen Bailey";"1";"2";"4320"
"Fein";"1";"2";"4321"
"June Evans";"1";"2";"4322"
"Starcrost";"1";"1";"5879"
"Aldous Harding";"4";"19";"779"
"Just Emma";"1";"1";"5880"
"Foreign Guest";"1";"1";"5881"
"Ameli Paul";"1";"1";"5882"
"Bedouin";"2";"5";"2560"
"Y. Gershovsky";"1";"2";"4323"
"The Lyman Woodard Organization";"1";"1";"5883"
"Stevie Wonder";"6";"7";"2017"
"Groove Committee";"1";"3";"3522"
"Agua Re";"1";"1";"5884"
"Terrence Parker";"3";"3";"3523"
"B.T. Express";"1";"1";"5885"
"Robson Jorge & Lincoln Olivetti";"1";"1";"5886"
"Teddy Pendergrass";"2";"2";"4324"
"Agrupacion Ilegal Los Imparciales";"4";"9";"1641"
"Jonny Drop";"13";"60";"231"
"Your Planet Is Next";"3";"6";"2276"
"Julien Dyne";"34";"77";"165"
"Christian Löffler";"19";"25";"571"
"Aera";"15";"23";"630"
"Jonny Nash";"6";"13";"1158"
"Lowbrow";"1";"1";"5887"
"Pastor T.L. Barrett and The Youth for Christ Choir";"1";"2";"4325"
"Autumn";"1";"1";"5888"
"Madman Jaga";"1";"3";"3524"
"Bernard bonnier";"1";"1";"5889"
"Peter Power";"18";"31";"451"
"Supermax";"1";"1";"5890"
"Siriusmo";"1";"1";"5891"
"Bernard Estardy";"1";"2";"4326"
"Joe Meek & The Blue Men";"1";"6";"2277"
"CLAUDE PERRAUDIN";"1";"1";"5892"
"Shadow";"7";"20";"738"
"Robin Gibb";"1";"1";"5893"
"Prince";"5";"7";"2018"
"Rex Rabanye";"1";"1";"5894"
"Jorge Reyes";"7";"32";"438"
"Raphael Toiné";"1";"1";"5895"
"Joe Gray";"1";"2";"4327"
"Cottam";"1";"2";"4328"
"Jabru";"1";"2";"4329"
"Lrusse";"1";"2";"4330"
"Will Saul";"4";"7";"2019"
"Axel Boman / CLOSE";"1";"2";"4331"
"October";"1";"2";"4332"
"David Clement";"2";"3";"3525"
"Legowelt";"1";"2";"4333"
"Gerry Read";"5";"16";"940"
"E:scape";"1";"2";"4334"
"Segun Adewale";"1";"2";"4335"
"Róisín Murphy";"42";"180";"42"
"Kusht";"19";"28";"508"
"HOMESHAKE";"5";"6";"2278"
"Chris Cohen";"1";"1";"5896"
"Yadava";"4";"6";"2279"
"Freda Payne";"1";"1";"5897"
"OONGA";"1";"2";"4336"
"YAM Records";"1";"1";"5898"
"Tillmann Ostendarp, O/Y";"1";"1";"5899"
"Murphy Jax";"1";"2";"4337"
"Billy Caso";"1";"1";"5900"
"Puhdys";"1";"2";"4338"
"Bill Evans";"14";"47";"304"
"Jon Hassell";"6";"15";"995"
"Ray Lynch";"1";"6";"2280"
"Lambert";"127";"532";"3"
"Emancipator";"7";"11";"1372"
"Addison Groove";"1";"2";"4339"
"Arutani";"4";"8";"1812"
"Psilosamples";"1";"3";"3526"
"Hadi Zeidan";"1";"1";"5901"
"M.I.A.";"1";"1";"5902"
"SCHNTZL";"1";"1";"5903"
"2 Times Nothing";"1";"1";"5904"
"LABtrio";"1";"1";"5905"
"Glass Museum";"1";"1";"5906"
"Steiger";"1";"1";"5907"
"De Beren Gieren";"1";"1";"5908"
"Commander Spoon";"1";"2";"4340"
"Stuff.";"6";"8";"1813"
"Compro Oro";"2";"3";"3527"
"Jascha Hagen & Martha van Straaten";"1";"1";"5909"
"Joy O";"6";"11";"1373"
"Stimela";"1";"2";"4341"
"Princesa";"1";"1";"5910"
"Jean du Voyage";"4";"8";"1814"
"Gerra G";"1";"1";"5911"
"LamatUuc";"1";"1";"5912"
"Scott Blair";"1";"3";"3528"
"Software";"1";"5";"2561"
"Peter Nothnagle";"1";"4";"2955"
"Armen Miran";"1";"1";"5913"
"Yuma";"1";"9";"1642"
"Umoja";"15";"22";"666"
"Chaka Khan";"1";"3";"3529"
"MARTHA VAN STRAATEN 'Ayu' (edit)";"1";"1";"5914"
"Crussen";"3";"5";"2562"
"Johannes Klingebiel";"15";"64";"208"
"Derryl Parsons";"1";"11";"1374"
"Multi Culti";"16";"23";"631"
"Pauline Anna Strom";"21";"398";"5"
"Slow Machete";"11";"69";"194"
"Aleksandır";"4";"16";"941"
"Lion Sphere";"1";"1";"5915"
"Ensemble Entendu";"2";"4";"2956"
"Afterclapp";"17";"66";"203"
"Trans-Millenia Consort";"1";"1";"5916"
"Steve Hillage";"2";"2";"4342"
"Dirk Barkemeijer de Wit";"1";"1";"5917"
"Kareem Lotfy";"1";"3";"3530"
"Bob Holroyd";"2";"18";"829"
"Hans-Joachim Roedelius";"9";"17";"881"
"Ka Baird";"1";"2";"4343"
"Vegyn";"3";"87";"146"
"The Bermuda Triangle";"1";"2";"4344"
"Brian Eno";"56";"169";"47"
"Ojard";"4";"17";"882"
"Nicola Noir";"3";"8";"1815"
"AmuAmu";"1";"3";"3531"
"Dolly Dream";"1";"1";"5918"
"Andrew Bird";"41";"105";"108"
"Newen Afrobeat";"3";"3";"3532"
"Baba Commandant and the Mandingo Band";"2";"2";"4345"
"Jordan De La Sierra";"5";"16";"942"
"Peter Kardas";"2";"8";"1816"
"Simian Mobile Disco";"2";"3";"3533"
"Jon Keliehor";"1";"2";"4346"
"Pariah";"4";"61";"223"
"Carl Stone";"1";"61";"224"
"Astarius";"2";"2";"4347"
"Yves Tumor";"1";"5";"2563"
"Tonstartssbandht";"2";"2";"4348"
"Albrecht La'Brooy";"6";"9";"1643"
"B12";"1";"1";"5919"
"K. Leimer";"9";"65";"205"
"Dolphins Into the Future";"2";"4";"2957"
"Harald Grosskopf";"1";"2";"4349"
"Cut Copy";"1";"2";"4350"
"Bree Tranter";"12";"90";"140"
"Elder Island";"6";"7";"2020"
"Mother Funk";"1";"2";"4351"
"Ragz Nordset";"1";"2";"4352"
"Angus & Julia Stone";"3";"5";"2564"
"Almunia";"3";"4";"2958"
"Luiz Henrique";"1";"9";"1644"
"L'Impératrice";"1";"1";"5920"
"C.A.R.";"15";"63";"214"
"Parcels";"2";"6";"2281"
"Monolink";"11";"22";"667"
"PillowTalk";"1";"1";"5921"
"Manoo";"1";"1";"5922"
"World Champion";"1";"1";"5923"
"Michel Degen";"1";"1";"5924"
"Amy Shark";"1";"1";"5925"
"Kandiafa";"14";"21";"704"
"Coma";"2";"5";"2565"
"Stavroz";"5";"8";"1817"
"Miel De Montagne";"1";"1";"5926"
"SANTÉ";"1";"1";"5927"
"jPattersson";"3";"3";"3534"
"La Fine Equipe";"4";"8";"1818"
"Bilderbuch";"1";"1";"5928"
"Junior A";"1";"1";"5929"
"Here Is Why";"1";"1";"5930"
"Alba";"1";"1";"5931"
"Josienne Clarke And Ben Walker";"1";"1";"5932"
"Twinset";"1";"1";"5933"
"Norman Weber";"1";"1";"5934"
"Hindi Zahra";"1";"2";"4353"
"Dhafer Youssef";"1";"2";"4354"
"Roc Marciano";"1";"6";"2282"
"Elve";"11";"161";"54"
"Deniece Williams";"2";"6";"2283"
"Kwes.";"1";"4";"2959"
"Dorothy Ashby";"7";"18";"830"
"Miles Davis";"4";"9";"1645"
"Joe Henderson";"2";"7";"2021"
"Desolate";"1";"5";"2566"
"Gang Colours";"1";"1";"5935"
"JINKU";"2";"3";"3535"
"Chino Amobi";"1";"1";"5936"
"Arp";"4";"11";"1375"
"Alessandro Cortini";"2";"7";"2022"
"Michael Stearns";"1";"1";"5937"
"Ian William Craig";"2";"3";"3536"
"Miyako Koda";"1";"2";"4355"
"Ola Szmidt";"1";"3";"3537"
"Hove";"1";"3";"3538"
"Matthewdavid’s Mindflight";"2";"4";"2960"
"Nova Nova";"1";"2";"4356"
"Art of Noise";"12";"27";"524"
"Nusrat Fateh Ali Khan";"1";"2";"4357"
"Todd Rundgren";"1";"2";"4358"
"Stu Mindeman";"8";"17";"883"
"Drugdealer";"1";"1";"5938"
"Good Morning";"1";"1";"5939"
"The Equatics";"1";"1";"5940"
"LOVING";"1";"1";"5941"
"Paul McCartney";"4";"6";"2284"
"Sharon Jones and the Dap-Kings";"2";"2";"4359"
"Perera Elsewhere";"2";"5";"2567"
"Fjaak";"1";"1";"5942"
"Tirzah";"8";"15";"996"
"Leben Und Arbeiten";"1";"1";"5943"
"Biogen";"1";"2";"4360"
"Suso Saiz";"3";"5";"2568"
"Yialmelic Frequencies";"1";"1";"5944"
"Ami Shavit";"1";"1";"5945"
"Rezzett";"1";"1";"5946"
"Akira Rabelais";"1";"2";"4361"
"Nu";"9";"16";"943"
"Patrice Bäumel";"1";"1";"5947"
"Jose Padilla";"1";"4";"2961"
"Eitan Reiter";"12";"19";"780"
"Tobias";"1";"3";"3539"
"Don't Problem";"4";"5";"2569"
"Ljudbilden & Piloten";"1";"8";"1819"
"José González";"23";"169";"48"
"Sigrid";"1";"1";"5948"
"Guida De Palma";"1";"1";"5949"
"Cluster";"3";"64";"209"
"veranda culture";"1";"2";"4362"
"Panda Bear";"1";"1";"5950"
"Lido Pimienta";"2";"2";"4363"
"Kike Pinto";"1";"1";"5951"
"Bukahara";"1";"1";"5952"
"Deela";"1";"1";"5953"
"Sango";"1";"1";"5954"
"Mr. YT";"1";"1";"5955"
"Martin Glass";"3";"7";"2023"
"Matt Karmil";"10";"26";"553"
"Felicia Atkinson";"3";"6";"2285"
"Leyland Kirby";"1";"2";"4364"
"Isolée";"3";"4";"2962"
"Happy Meals";"3";"4";"2963"
"Martyn Heyne";"4";"13";"1159"
"Sarah Davachi";"6";"9";"1646"
"Mark Renner";"1";"4";"2964"
"Para One";"3";"6";"2286"
"Isao Tomita";"1";"1";"5956"
"Wareika Hill Sounds";"1";"3";"3540"
"Melanie Velarde";"1";"1";"5957"
"Andrés";"6";"9";"1647"
"Blludd Relations";"9";"11";"1376"
"Heatsick";"1";"2";"4365"
"Francesco Tristano";"1";"8";"1820"
"HNNY";"26";"86";"150"
"The Four Freshmen";"1";"4";"2965"
"Tycho";"28";"64";"210"
"Gustavo Santaolalla";"4";"8";"1821"
"TM Juke";"5";"33";"425"
"Kozmonaut";"1";"59";"237"
"Pan•American";"1";"2";"4366"
"Yamaneko";"2";"4";"2966"
"00110100 01010100";"3";"11";"1377"
"Analogue Dear";"1";"2";"4367"
"Ernest Ranglin";"3";"11";"1378"
"Marvin Horsch";"1";"3";"3541"
"Arthur Russell";"4";"6";"2287"
"Jonathan Kaspar";"4";"7";"2024"
"J.B. Banfi";"1";"1";"5958"
"Michael Garrison";"1";"1";"5959"
"Carl Matthews";"1";"1";"5960"
"Tim Blake";"1";"1";"5961"
"Rue Royale";"6";"6";"2288"
"Fort Romeau";"2";"2";"4368"
"Fake Mood";"2";"2";"4369"
"Makossa & Megablast";"1";"6";"2289"
"Behrellips";"1";"1";"5962"
"The Babe Rainbow (AUS)";"1";"5";"2570"
"St Germain";"25";"47";"305"
"Sabo";"2";"2";"4370"
"Bona Fide & Johnny Leoni";"1";"1";"5963"
"La Maison Tellier";"1";"2";"4371"
"Argento Dust";"1";"2";"4372"
"Vangelis";"1";"3";"3542"
"Pantha du Prince & The Bell Laboratory";"1";"1";"5964"
"Sage Caswell";"1";"3";"3543"
"Jason Kolàr";"10";"79";"160"
"Ekkehard Ehlers";"2";"10";"1508"
"Haruka Nakamura";"1";"5";"2571"
"Zongamin";"8";"18";"831"
"Mayra Andrade";"1";"1";"5965"
"Josa Peit";"8";"16";"944"
"tajima hal";"1";"4";"2967"
"Federico Durand";"28";"100";"113"
"Visible Cloaks";"7";"64";"211"
"Connie Constance";"1";"8";"1822"
"Joey Pecoraro";"15";"41";"344"
"Denai Moore";"1";"8";"1823"
"Jaco Pastorius";"1";"3";"3544"
"Contact Play";"8";"22";"668"
"Max Richter";"122";"343";"8"
"Koss";"1";"2";"4373"
"F.S. Blumm";"12";"14";"1056"
"Ryuichi Sakamoto";"4";"10";"1509"
"Ebo Taylor";"12";"22";"669"
"47 Soul";"1";"1";"5966"
"Bibio";"6";"8";"1824"
"Norrland";"1";"1";"5967"
"Porn Sword Tobacco";"1";"3";"3545"
"Helm";"3";"9";"1648"
"Thor Rixon";"2";"2";"4374"
"Bill Callahan";"2";"2";"4375"
"Allen Ginsberg";"1";"1";"5968"
"Machinefabriek";"1";"2";"4376"
"Odessey And Oracle";"1";"2";"4377"
"Tom Rogerson";"13";"43";"327"
"Aso";"4";"12";"1252"
"Two Inch Punch";"1";"3";"3546"
"Billy Cobham";"2";"8";"1825"
"Marcos Valle";"3";"6";"2290"
"Sampha";"1";"2";"4378"
"Alice Coltrane";"9";"25";"572"
"Stas";"2";"3";"3547"
"Turtle";"3";"4";"2968"
"Abrão";"6";"13";"1160"
"Cluster & Brian Eno";"1";"36";"392"
"Commodo";"2";"2";"4379"
"Dorisburg";"22";"31";"452"
"David Lord";"10";"11";"1379"
"Sampa the Great";"43";"153";"59"
"Hunrosa";"2";"5";"2572"
"Victor Démé";"1";"5";"2573"
"Terry Hall & Mushtaq";"1";"3";"3548"
"John Cage";"1";"7";"2025"
"Georgs Pelēcis";"2";"2";"4380"
"Claude Debussy";"4";"12";"1253"
"Philip Glass";"9";"14";"1057"
"Hans Zimmer";"1";"2";"4381"
"Nick Cave";"1";"1";"5969"
"Nick Cave & Warren Ellis";"1";"1";"5970"
"Micachu";"1";"2";"4382"
"Toto";"1";"2";"4383"
"Ramin Djawadi";"1";"1";"5971"
"Clint Mansell";"1";"1";"5972"
"Frédéric Chopin";"14";"14";"1058"
"Ludwig van Beethoven";"30";"52";"275"
"Franz Liszt";"4";"5";"2574"
"Caffee Concerto";"1";"2";"4384"
"Max Bruch";"1";"1";"5973"
"Eagle Lake";"1";"1";"5974"
"Ana Olgica";"2";"2";"4385"
"Lo Mimieux";"1";"1";"5975"
"Sigríður";"2";"4";"2969"
"Agni Bjark";"1";"1";"5976"
"Hultana";"1";"1";"5977"
"Hushed";"1";"1";"5978"
"Steven Windhaug";"1";"1";"5979"
"Strange Imagining";"1";"1";"5980"
"Rand Aldo";"1";"1";"5981"
"Erki Pärnoja";"2";"4";"2970"
"RJ Malcolm";"1";"1";"5982"
"Dorothy Laddland";"1";"1";"5983"
"Luchs";"1";"1";"5984"
"Silver Maple";"1";"1";"5985"
"John Henriksson";"1";"1";"5986"
"Lake Geneva";"1";"1";"5987"
"Enzo Electronic";"1";"1";"5988"
"Trevor Kowalski";"1";"1";"5989"
"Pergélisol";"1";"1";"5990"
"Regina Mira";"2";"2";"4386"
"Be One";"1";"1";"5991"
"Peter Sandberg";"9";"11";"1380"
"Aaron Lansing";"3";"4";"2971"
"Sleeping at Last";"1";"1";"5992"
"Ivy Rue";"1";"1";"5993"
"Arden Forest";"1";"1";"5994"
"Gabriel Parker";"2";"2";"4387"
"Reversible";"1";"1";"5995"
"Dakota Suite";"1";"1";"5996"
"Burnt Friedman";"2";"4";"2972"
"Christian Naujoks";"1";"1";"5997"
"Ligovskoï";"1";"1";"5998"
"Tenniscoats";"1";"2";"4388"
"John Luther Adams";"1";"1";"5999"
"A Macaca & Peter Power";"1";"4";"2973"
"Arutani, Steffen Kirchhoff";"1";"1";"6000"
"Lena Willikens";"1";"7";"2026"
"Lucas Croon & Carsten Dämbkes";"1";"2";"4389"
"Lucas Croon";"1";"1";"6001"
"Sonido Gallo Negro";"8";"18";"832"
"Noblesse Oblige";"2";"3";"3549"
"Dollskabeat";"1";"1";"6002"
"Vakula & Kuniyuki";"5";"17";"884"
"Karen Gwyer";"7";"13";"1161"
"Eris Drew";"19";"42";"334"
"Marquis Hill";"1";"1";"6003"
"Octo Octa";"19";"62";"220"
"Rina";"1";"1";"6004"
"Fit of Body";"11";"29";"487"
"Hecq";"1";"1";"6005"
"Neil Cowley Trio";"20";"99";"116"
"Johanna Knutsson";"1";"2";"4390"
"Mathew Jonson";"5";"23";"632"
"Charlotte dos Santos";"4";"4";"2974"
"Sivu";"4";"10";"1510"
"Darling";"10";"11";"1381"
"Os Originais Do Samba";"1";"1";"6006"
"P.r.Λ.Λ.H";"1";"1";"6007"
"Peter Gregson";"13";"14";"1059"
"dominik marz";"1";"1";"6008"
"Alan Braufman";"2";"2";"4391"
"Akala";"1";"1";"6009"
"Ego Ella May";"16";"42";"335"
"Volo";"3";"7";"2027"
"Hejira";"2";"9";"1649"
"Faodail";"1";"2";"4392"
"Tor";"6";"11";"1382"
"SubLab";"1";"1";"6010"
"David Holmes";"3";"5";"2575"
"Michel Redolfi";"1";"2";"4393"
"Gigi Masin";"8";"16";"945"
"Oliver Coates";"5";"8";"1826"
"june11";"1";"8";"1827"
"Roy Montgomery";"1";"2";"4394"
"Lou Ragland";"1";"2";"4395"
"Le Stim";"1";"1";"6011"
"Osmar Milito";"1";"1";"6012"
"Trio Ternura";"1";"6";"2291"
"Joyce/Part. Esp.: Gilson Peranzzetta Gentilmente Cedido Pela Vison";"1";"1";"6013"
"Oluko Imo";"2";"8";"1828"
"Nat King Cole";"5";"7";"2028"
"The Waitresses";"1";"1";"6014"
"The Darkness";"1";"2";"4396"
"John Denver";"2";"2";"4397"
"Bruce Springsteen";"1";"4";"2975"
"Jona Lewie";"2";"3";"3550"
"Andy Williams";"2";"4";"2976"
"The Pretenders";"1";"1";"6015"
"Wham!";"2";"4";"2977"
"Leona Lewis";"1";"2";"4398"
"Mariah Carey";"1";"5";"2576"
"Shakin' Stevens";"2";"6";"2292"
"Steps";"1";"1";"6016"
"Daryl Hall & John Oates";"1";"3";"3551"
"The Crystals";"2";"2";"4399"
"Brenda Lee";"2";"5";"2577"
"Darlene Love";"2";"5";"2578"
"The Jackson 5";"3";"4";"2978"
"Little Mix";"1";"1";"6017"
"Noddy Holder";"1";"1";"6018"
"John Lennon";"2";"5";"2579"
"Kylie Minogue";"2";"3";"3552"
"Idina Menzel";"1";"2";"4400"
"Carly Rae Jepsen";"1";"1";"6019"
"Mud";"1";"1";"6020"
"Band Aid";"1";"3";"3553"
"The Pogues";"2";"3";"3554"
"Kelly Clarkson";"3";"4";"2979"
"Elton John";"3";"5";"2580"
"Wizzard";"1";"1";"6021"
"Michael Bublé";"4";"7";"2029"
"Boney M.";"1";"2";"4401"
"The Wombats";"1";"1";"6022"
"Miley Cyrus";"1";"2";"4402"
"R. Kelly";"1";"1";"6023"
"Clementine Duo";"2";"2";"4403"
"Gabrielle Aplin";"1";"1";"6024"
"Olga Chung";"1";"2";"4404"
"Mindy Gledhill";"1";"1";"6025"
"Josh Garrels";"1";"1";"6026"
"Handsome and Gretyl";"2";"2";"4405"
"Tyrone Wells";"2";"2";"4406"
"Jillian Edwards";"1";"1";"6027"
"Adam Christopher";"1";"1";"6028"
"Caroline Pennell";"2";"2";"4407"
"Johnnyswim";"2";"2";"4408"
"Jack Johnson";"1";"2";"4409"
"Amber Leigh Irish";"1";"1";"6029"
"Tore Bojsten";"2";"2";"4410"
"Jason Mraz";"2";"2";"4411"
"Missy & Blonde";"1";"1";"6030"
"Catherine Feeny";"1";"2";"4412"
"Lydia Liza";"1";"2";"4413"
"Karizma Duo";"1";"1";"6031"
"Daniela Andrade";"2";"4";"2980"
"Jaymay";"1";"1";"6032"
"Cœur de Pirate";"1";"1";"6033"
"Jon McLaughlin";"1";"1";"6034"
"Sara Farell";"1";"1";"6035"
"Darlene Zschech";"1";"1";"6036"
"Cody Simpson";"1";"1";"6037"
"Mason Jennings";"1";"1";"6038"
"First Aid Kit";"1";"1";"6039"
"Sovereign Grace Music";"1";"1";"6040"
"Eric Lugosch";"1";"2";"4414"
"Keston Cobblers Club";"1";"2";"4415"
"Ron Sexsmith";"1";"1";"6041"
"Dundas";"1";"1";"6042"
"Bright Eyes";"1";"1";"6043"
"Dan Berk";"1";"1";"6044"
"Meiko";"1";"1";"6045"
"Bailey Jehl";"1";"1";"6046"
"Rose Cousins";"1";"1";"6047"
"Andreas Weise";"1";"2";"4416"
"Brad Paisley";"1";"1";"6048"
"Perry Como";"3";"8";"1829"
"Elvis Presley";"4";"6";"2293"
"John Williams";"2";"2";"4417"
"Johnny Mathis";"1";"2";"4418"
"Run–D.M.C.";"2";"2";"4419"
"Nightmares on Wax";"46";"94";"127"
"Mazzy Star";"1";"3";"3555"
"Sirens Of Lesbos";"2";"10";"1511"
"Johnny Moore";"1";"2";"4420"
"Danilo & Pablo";"1";"1";"6049"
"salvador araguaya";"2";"2";"4421"
"Gappy Ranks";"1";"1";"6050"
"Cuthead";"1";"1";"6051"
"Intimate Disco";"1";"1";"6052"
"Psalms";"1";"1";"6053"
"Yvonne Gray";"1";"1";"6054"
"Bobby Hebb";"1";"1";"6055"
"Bill Laurance";"3";"5";"2581"
"Jimmy Smith";"8";"10";"1512"
"Johann Sebastian Bach";"145";"238";"24"
"Patti Austin";"1";"2";"4422"
"Leon Thomas";"2";"5";"2582"
"Prins Thomas";"33";"112";"94"
"Klein";"1";"1";"6056"
"son.sine";"1";"3";"3556"
"Haley";"24";"144";"62"
"Peter Thomas";"1";"3";"3557"
"Güero";"8";"9";"1650"
"Bruce Antoine";"1";"1";"6057"
"Annie Leigh";"2";"2";"4423"
"Paul Williams";"1";"1";"6058"
"Pyotr Ilyich Tchaikovsky";"5";"5";"2583"
"Arthur Mass";"1";"2";"4424"
"Leroy Anderson";"1";"2";"4425"
"Dana Daoud";"3";"3";"3558"
"Philip Watts";"2";"3";"3559"
"Christmas Piano Players";"1";"1";"6059"
"Mila Crowell";"3";"3";"3560"
"Oscar Peterson Trio";"2";"5";"2584"
"Antonio Vivaldi";"6";"6";"2294"
"Randol Alan Bass";"1";"1";"6060"
"Felix Mendelssohn";"4";"4";"2981"
"Hector Berlioz";"1";"1";"6061"
"Giacomo Puccini";"1";"1";"6062"
"Sergei Rachmaninoff";"6";"21";"705"
"Osunlade";"9";"61";"225"
"Blutch";"7";"7";"2030"
"Dan Romer";"6";"6";"2295"
"Wayward";"4";"5";"2585"
"FlowerPowder";"1";"1";"6063"
"Isaac Soto";"22";"39";"366"
"Amaro Freitas";"12";"31";"453"
"Lnrdcroy";"4";"5";"2586"
"Leo Pol";"9";"18";"833"
"Schacke";"1";"1";"6064"
"Henri Texier";"2";"4";"2982"
"Anthony Shakir";"1";"2";"4426"
"DJ HEURE";"1";"1";"6065"
"La-Le-Lu";"1";"1";"6066"
"Szare";"1";"4";"2983"
"BLAKK EARTH";"1";"1";"6067"
"Traversable Wormhole";"1";"1";"6068"
"DJ Slip";"1";"1";"6069"
"Birth Of Frequency";"1";"1";"6070"
"Mark Broom";"3";"4";"2984"
"Radial";"1";"1";"6071"
"Steve Stoll";"1";"1";"6072"
"Lewis Fautzi";"1";"1";"6073"
"Ellie Goulding";"1";"1";"6074"
"Surgeon";"2";"2";"4427"
"2000 and One";"1";"1";"6075"
"Matthew Dear";"1";"4";"2985"
"DJ Emerson";"1";"3";"3561"
"TJ Kong";"1";"1";"6076"
"Woo York";"1";"1";"6077"
"Heiko Laux";"1";"1";"6078"
"System 01";"1";"1";"6079"
"Drexciya";"3";"9";"1651"
"Dax J";"1";"1";"6080"
"Antigone";"1";"1";"6081"
"Basic Channel";"1";"1";"6082"
"Huerco S.";"7";"22";"670"
"El Búho";"1";"1";"6083"
"s a r a s a r a";"1";"1";"6084"
"Special Request";"2";"2";"4428"
"ODESZA";"1";"1";"6085"
"Giraffi Dog";"1";"1";"6086"
"Kez YM";"2";"6";"2296"
"The Screenshots";"17";"24";"597"
"Fila Brazillia";"5";"7";"2031"
"MJ Lallo";"1";"1";"6087"
"XOA";"17";"70";"188"
"Jan Turkenburg";"2";"2";"4429"
"Art Tatum";"2";"2";"4430"
"Kay Starr";"2";"2";"4431"
"Johnny Hodges";"1";"1";"6088"
"Thad Jones";"1";"1";"6089"
"Claude Thornhill & His Orchestra";"1";"1";"6090"
"Niccolò Paganini";"1";"1";"6091"
"Weather Report";"1";"1";"6092"
"Ana Moura";"2";"2";"4432"
"The Dave Brubeck Quartet";"1";"2";"4433"
"Gonzalo Rubalcaba";"7";"11";"1383"
"Dieter Klöcker";"1";"2";"4434"
"Earl Sweatshirt";"2";"2";"4435"
"Shuta Hasunuma";"1";"1";"6093"
"Sultan Shakes";"1";"3";"3562"
"Melodiesinfonie";"19";"45";"312"
"Mariah";"1";"1";"6094"
"Jazz Dialogue";"1";"2";"4436"
"knowmadic";"1";"1";"6095"
"Damu The Fudgemunk";"1";"1";"6096"
"CoryaYo";"5";"12";"1254"
"Shaqdi";"1";"1";"6097"
"$oudière";"1";"4";"2986"
"Matthew Halsall";"8";"14";"1060"
"Tenesha The Wordsmith feat.DJ Khalab";"2";"7";"2032"
"Bassekou Kouyate";"11";"56";"255"
"Uniting Of Opposites";"4";"14";"1061"
"INTINAHUAL";"4";"5";"2587"
"The Deli";"1";"1";"6098"
"Nujabes";"1";"1";"6099"
"Tangerine Dream";"1";"1";"6100"
"Soulchef";"2";"2";"4437"
"momü";"2";"2";"4438"
"FloFilz";"7";"11";"1384"
"DJ YUNG VAMP";"2";"3";"3563"
"SwuM";"1";"1";"6101"
"A Tribe Called Quest";"5";"7";"2033"
"Kupla";"4";"5";"2588"
"Kenji";"1";"1";"6102"
"Ryan Peña";"1";"2";"4439"
"Slight";"1";"3";"3564"
"P. Adrix";"1";"1";"6103"
"Talaboman";"18";"94";"128"
"LAKEY INSPIRED";"1";"1";"6104"
"C Y G N";"1";"1";"6105"
"Shamana";"1";"2";"4440"
"Home";"1";"1";"6106"
"Freddie Joachim";"1";"1";"6107"
"Handbook";"1";"1";"6108"
"9th Wonder";"1";"1";"6109"
"Stan Forebee";"4";"8";"1830"
"Derek Michael";"1";"4";"2987"
"Sam Dees";"1";"1";"6110"
"Charlie Haden";"2";"3";"3565"
"Horace Silver";"4";"6";"2297"
"Eric Dolphy";"1";"1";"6111"
"Blossom Dearie";"1";"1";"6112"
"The Nat King Cole Trio";"1";"1";"6113"
"Louis Moreau Gottschalk";"1";"1";"6114"
"James Carter";"1";"1";"6115"
"Eddie Harris";"2";"4";"2988"
"Mily Balakirev";"1";"1";"6116"
"Andy Sheppard";"1";"1";"6117"
"McCoy Tyner Trio";"1";"1";"6118"
"Horace Silver Quintet";"2";"2";"4441"
"Lennie Niehaus";"1";"1";"6119"
"Volker Kriegel";"1";"4";"2989"
"Don Ellis Band";"1";"3";"3566"
"China Moses";"8";"27";"525"
"George Duke";"2";"3";"3567"
"Elvin Jones Jazz Machine";"1";"2";"4442"
"Sascha Funke";"11";"29";"488"
"Flamingo Pier";"4";"11";"1385"
"Viken Arman";"25";"161";"55"
"Weval";"30";"78";"163"
"Twerking Class Heroes";"2";"5";"2589"
"Brigade";"3";"8";"1831"
"The Outer Limits";"1";"1";"6120"
"Dave Brubeck";"8";"8";"1832"
"Igor Stravinsky";"1";"1";"6121"
"Hampton Hawes Trio";"1";"1";"6122"
"Sarah Vaughan";"1";"1";"6123"
"Lee Konitz";"1";"1";"6124"
"Henry Purcell";"1";"1";"6125"
"Billie Holiday";"1";"1";"6126"
"Selaelo Selota";"1";"1";"6127"
"Hank Jones";"1";"1";"6128"
"Baldassare Galuppi";"3";"4";"2990"
"Cedar Walton";"1";"1";"6129"
"Lennie Tristano";"1";"1";"6130"
"Melody Gardot";"1";"1";"6131"
"All in One";"4";"4";"2991"
"Baby Ford";"1";"1";"6132"
"Brian Keane featuring Omar Faruk Tekbilek, Dinçer Dalkiliç, Emin Gündüz";"7";"7";"2034"
"Cocteau Twins";"3";"3";"3568"
"Eric B. & Rakim";"3";"3";"3569"
"Benjamin Fröhlich";"2";"2";"4443"
"Fern Kinney";"1";"2";"4444"
"Bruce Haack";"2";"3";"3570"
"Turns";"1";"1";"6133"
"Brian Bennett Band";"1";"1";"6134"
"Claude Speeed";"1";"1";"6135"
"Sun Araw";"1";"1";"6136"
"Richard Schneider JR.";"1";"1";"6137"
"The Durian Brothers";"1";"1";"6138"
"Joel Graham";"1";"1";"6139"
"Interstellar Funk";"1";"1";"6140"
"Kyle Hall";"3";"3";"3571"
"Casually Here";"2";"2";"4445"
"Lucrecia Dalt";"3";"11";"1386"
"Schrecken & Bernhard Bauch";"9";"18";"834"
"Caroline Rose";"12";"14";"1062"
"Louis Cole";"2";"3";"3572"
"Ben Hayes";"5";"19";"781"
"Dexter Story";"28";"108";"103"
"Beatrice Dillon & Kassem Mosse";"2";"3";"3573"
"Vedagor";"7";"14";"1063"
"Phaserboys";"4";"15";"997"
"V (24)";"24";"30";"472"
"Kid Koala";"16";"16";"946"
"Vedomir";"11";"23";"633"
"Audion";"1";"1";"6141"
"Dionigi";"2";"2";"4446"
"Atom TM";"5";"6";"2298"
"DJ Nature & Kuniyuki";"3";"13";"1162"
"K15 & Kuniyuki";"1";"3";"3574"
"Kuniyuki & Jimpster";"2";"6";"2299"
"The War on Drugs";"1";"1";"6142"
"Die Orangen";"5";"11";"1387"
"Rick Cuevas";"1";"1";"6143"
"Medeski, Martin & Wood";"5";"11";"1388"
"Coro Qom Chelaalapi";"2";"2";"4447"
"Tommy Galento";"2";"2";"4448"
"Beans";"1";"1";"6144"
"Opio";"1";"1";"6145"
"Marlowe";"3";"4";"2992"
"Hilmar Jensson";"1";"1";"6146"
"David August";"11";"14";"1064"
"Tapes";"9";"22";"671"
"Illa J";"1";"1";"6147"
"nkisi";"2";"2";"4449"
"Kuniyuki";"10";"11";"1389"
"Catastrophe";"2";"2";"4450"
"Aaron Parks";"1";"1";"6148"
"Wilma Vritra";"16";"41";"345"
"Rene Schier";"1";"1";"6149"
"Will Dimaggio";"8";"31";"454"
"De Pikles";"1";"1";"6150"
"David Stout";"1";"1";"6151"
"Phyllyp Vernacular";"1";"1";"6152"
"Pinty";"8";"30";"473"
"Ibu Selva";"11";"13";"1163"
"azul-revolto";"1";"1";"6153"
"Oberst & Buchner";"2";"2";"4451"
"Dan Croll";"1";"1";"6154"
"kalupke";"5";"14";"1065"
"William Arcane";"4";"10";"1513"
"Birdhouse";"12";"43";"328"
"Genius of Time";"6";"10";"1514"
"Moonstarr";"2";"5";"2590"
"The Jet Age of Tomorrow";"8";"8";"1833"
"Jet Age of Tomorrow";"2";"2";"4452"
"Nomade Records";"3";"3";"3575"
"Tommy Guerrero";"21";"31";"455"
"The Elder Statesman";"1";"1";"6155"
"Catching Flies";"20";"52";"276"
"Jean-Luc Ponty";"2";"3";"3576"
"Kuniyuki Takahashi";"12";"15";"998"
"Hendrick Valera";"1";"1";"6156"
"Vernal Equinox";"2";"11";"1390"
"Biralo";"2";"2";"4453"
"Yellow Shoots";"4";"17";"885"
"Anchorsong";"13";"45";"313"
"BRANKO";"11";"20";"739"
"KH";"1";"2";"4454"
"Alex Kassian";"5";"17";"886"
"âme";"1";"4";"2993"
"Durante";"1";"4";"2994"
"Harry Charles";"2";"5";"2591"
"Ian Ewing";"1";"1";"6157"
"Olsen";"1";"3";"3577"
"Lee Ritenour";"1";"1";"6158"
"Chasman";"1";"1";"6159"
"Sony Enang";"1";"2";"4455"
"Steve Marshall";"1";"1";"6160"
"Janus Rasmussen";"13";"68";"197"
"Caribou";"6";"8";"1834"
"Debora Ipekel";"1";"1";"6161"
"Colin Matthews";"1";"1";"6162"
"d'Voxx";"1";"1";"6163"
"Jay Glass Dubs";"6";"6";"2300"
"Ensemble Economique";"1";"1";"6164"
"Waak Waak Djungi";"1";"1";"6165"
"Sonny Sharrock";"1";"2";"4456"
"Sly & Robbie";"1";"5";"2592"
"Lijadu Sisters";"2";"8";"1835"
"LA Priest";"3";"19";"782"
"moscoman";"4";"5";"2593"
"Saâda Bonaire";"4";"5";"2594"
"Jill Kroesen";"1";"1";"6166"
"Midori Takada";"3";"3";"3578"
"Urfali Babi";"1";"1";"6167"
"Finis Africae";"1";"1";"6168"
"Waipod Phetsuphan";"1";"1";"6169"
"Orchestra Baobab";"1";"1";"6170"
"Tempel Rytmik";"1";"3";"3579"
"Lawrence le doux";"1";"42";"336"
"Pedro Vian";"1";"1";"6171"
"Pye Corner Audio";"6";"8";"1836"
"Sir Victor Uwaifo";"1";"8";"1837"
"Aroop Roy";"6";"31";"456"
"young wolf";"2";"4";"2995"
"Bombino";"1";"1";"6172"
"Holly Walker";"9";"21";"706"
"Zapatilla";"3";"8";"1838"
"Neil Cowley";"38";"239";"23"
"MAST (4)";"1";"1";"6173"
"Jeremy Spellacey";"1";"1";"6174"
"DJs Pareja";"1";"1";"6175"
"Gesaffelstein";"1";"1";"6176"
"The Chemical Brothers";"2";"2";"4457"
"Maxmillion Dunbar";"2";"4";"2996"
"Armando";"2";"2";"4458"
"Firma Do Txiga";"1";"1";"6177"
"Üdytü Ützeltürk And His Male Harem";"1";"1";"6178"
"Jennifer Lara";"2";"8";"1839"
"Arthur Miles";"1";"2";"4459"
"Fantastic Mr Fox";"1";"2";"4460"
"Frits Wentink";"6";"26";"554"
"Space Invadas";"12";"35";"402"
"Mitú";"2";"3";"3580"
"SLG";"1";"3";"3581"
"Qtier";"1";"3";"3582"
"Nadine Shah";"1";"2";"4461"
"Luiz Bonfá";"8";"15";"999"
"Etta Bond";"1";"3";"3583"
"La Lupe";"1";"1";"6179"
"Jon Wesseltoft";"1";"2";"4462"
"Harmonia";"1";"3";"3584"
"Peter Power & Psilosamples";"1";"3";"3585"
"Leonidas Jancidakis, Mauricio Sprovieri & Renato Nassif";"1";"1";"6180"
"Peter Power & Bronze Savage";"1";"2";"4463"
"Jlin";"3";"5";"2595"
"Bèzuayènè Zègèyè";"1";"2";"4464"
"Gregory Isaacs";"1";"1";"6181"
"Teta Lando";"1";"3";"3586"
"Sir Shina Peters";"1";"3";"3587"
"Delicious Inc.";"1";"3";"3588"
"Nastro";"1";"1";"6182"
"Vakula:Kez YMV";"1";"1";"6183"
"Rob";"2";"3";"3589"
"Morcheeba";"4";"7";"2035"
"Iñigo Vontier";"3";"3";"3590"
"Footshooter";"10";"25";"573"
"Dreem Lion";"1";"1";"6184"
"Alexis Le-Fan";"1";"1";"6185"
"Pulo Ndj";"15";"22";"672"
"LOVE, PEACE & TRANCE";"1";"1";"6186"
"Laurel Halo";"2";"3";"3591"
"Stallone The Reducer";"1";"2";"4465"
"Parris";"2";"8";"1840"
"Rrose";"1";"2";"4466"
"Machine Woman";"1";"2";"4467"
"Mittagsjournal (30.03.2019) by ORF Radio Ö1";"1";"2";"4468"
"Siti Muharam";"1";"1";"6187"
"Love";"10";"12";"1255"
"Matanza;Maywa";"1";"1";"6188"
"Time Wharp";"3";"4";"2997"
"Journal um 5 (31.03.2019) by ORF Radio Ö1";"1";"1";"6189"
"Abendjournal um 18 (02.04.2019) by ORF Radio Ö1";"1";"1";"6190"
"Jiony";"22";"36";"393"
"RELAÉN";"4";"9";"1652"
"Wu-Lu";"5";"8";"1841"
"Scrimshire";"10";"26";"555"
"Benjamin Brunn";"3";"4";"2998"
"African Vibration";"1";"7";"2036"
"Slow Nomaden";"2";"2";"4469"
"Boogat";"1";"6";"2301"
"Shimshon Miel";"2";"3";"3592"
"Andi Theke";"1";"1";"6191"
"Khaled Kurbeh";"4";"14";"1066"
"Admin";"4";"5";"2596"
"Ciel";"2";"3";"3593"
"Mulatu Astatke";"9";"20";"740"
"Samo DJ";"2";"8";"1842"
"Tornado Wallace";"5";"11";"1391"
"Don't Dj";"2";"7";"2037"
"Daphne";"3";"9";"1653"
"Second Language";"2";"6";"2302"
"Tiago";"2";"6";"2303"
"Karamika";"2";"7";"2038"
"The Sun God";"2";"5";"2597"
"Powder";"11";"23";"634"
"Vertigo Inc";"2";"4";"2999"
"K-Line";"2";"4";"3000"
"Kettenkarussell";"3";"9";"1654"
"jules etienne";"2";"3";"3594"
"Lord of the Isles";"7";"20";"741"
"COS/MES";"4";"4";"3001"
"AkizzBeatzz";"1";"1";"6192"
"Marie Davidson";"5";"19";"783"
"Theo Parrish";"8";"18";"835"
"Call Super";"27";"68";"198"
"Sylvan Esso";"1";"1";"6193"
"Maceo & The Macks";"1";"1";"6194"
"Lamb";"1";"1";"6195"
"James Alexander Bright";"1";"1";"6196"
"Masked Man";"1";"1";"6197"
"JrD.";"1";"1";"6198"
"Charlie Megira";"1";"1";"6199"
"Ernesto Djédjé";"1";"1";"6200"
"Timmy Thomas";"1";"4";"3002"
"R. D. Burman";"1";"1";"6201"
"Letta Mbulu";"8";"71";"183"
"George McCrae";"1";"5";"2598"
"Can";"3";"6";"2304"
"Kaada";"2";"5";"2599"
"Desmond Dekker";"1";"5";"2600"
"D.R. Hooker";"1";"1";"6202"
"Dan Bay";"6";"12";"1256"
"The Durutti Column";"5";"14";"1067"
"Eddie Warner";"1";"1";"6203"
"CHIEMI ERI";"1";"1";"6204"
"The People Star";"1";"1";"6205"
"The Apostles";"1";"3";"3595"
"STEVE MONITE";"2";"11";"1392"
"Sweet Talks";"1";"1";"6206"
"Lidaju Sisters";"1";"1";"6207"
"Voodoohop";"2";"2";"4470"
"Shina Williams & His African Percussionists";"2";"5";"2601"
"SPACE INVADAS;Guilty Simpson";"1";"1";"6208"
"Daboa";"1";"1";"6209"
"Gnonnas Pédro";"1";"7";"2039"
"Hany Mehanna";"1";"1";"6210"
"Miriam Makeba";"1";"2";"4471"
"Tenor Saw";"1";"8";"1843"
"Sizike";"1";"3";"3596"
"Orange Juice";"1";"1";"6211"
"France Gall";"1";"1";"6212"
"Harmonic Sounds Band";"1";"1";"6213"
"Quiet Storm";"1";"1";"6214"
"The Time";"1";"1";"6215"
"Cheryl Lynn";"1";"1";"6216"
"Lord Rhaburn";"1";"1";"6217"
"Sons Of The Kingdom";"1";"1";"6218"
"Atomic Forest";"1";"1";"6219"
"Los Aragon";"1";"1";"6220"
"Jack Bruce";"1";"1";"6221"
"A Made Up Sound";"1";"1";"6222"
"Wolf MÃ¼ller meets the Nile Project";"4";"4";"3003"
"Y-Bayani and Baby Naa & their Band of Enlightenment Reason and Love";"1";"1";"6223"
"Lee Dodou";"1";"1";"6224"
"Y-Bayani & His Band of Enlightenment Reason and Love";"1";"4";"3004"
"The Polyversal Souls";"2";"7";"2040"
"Richard Bone";"1";"1";"6225"
"Aparde";"2";"2";"4472"
"Benedikt Frey";"2";"6";"2305"
"Josin";"2";"2";"4473"
"Leonidas Jancidakis";"1";"1";"6226"
"Sam Irl";"1";"1";"6227"
"Jesse Futerman";"5";"11";"1393"
"Igor Jadranin";"1";"1";"6228"
"Poirier";"2";"3";"3597"
"Smbd";"1";"2";"4474"
"Eric Lau";"1";"1";"6229"
"13th Amendment";"1";"1";"6230"
"Elijah & The Ebonites";"1";"2";"4475"
"Young Senators";"1";"3";"3598"
"Nathan Britton";"2";"2";"4476"
"EVM 128 Edit";"1";"1";"6231"
"Clutchy Hopkins";"3";"3";"3599"
"Liquid Pegasus";"1";"2";"4477"
"Colm K Edit";"1";"1";"6232"
"Dr. Mad";"1";"1";"6233"
"KenLo Craqnuques";"1";"1";"6234"
"Victim Rebirth";"1";"1";"6235"
"Wolf Müller; Niklas Wandt";"3";"3";"3600"
"Uku Kuut";"12";"15";"1000"
"DJ Chap";"1";"1";"6236"
"Aluna";"1";"1";"6237"
"Pauline Anna Storm";"1";"1";"6238"
"One and Poli";"1";"1";"6239"
"Thomass Jackson";"3";"3";"3601"
"Ströer Duo & Howard Fine";"2";"2";"4478"
"Kay Suzuki";"1";"1";"6240"
"02Albums";"2";"2";"4479"
"mgun";"1";"1";"6241"
"OKZharp & Manthe Ribane";"1";"1";"6242"
"Vladislav Delay";"1";"1";"6243"
"Pendant";"1";"1";"6244"
"Jeff Mills";"2";"2";"4480"
"Joe Goddard";"3";"3";"3602"
"Duke";"1";"1";"6245"
"Shelly Manne";"1";"1";"6246"
"Matrixxman";"1";"1";"6247"
"Peak Time Boys";"1";"3";"3603"
"Diskoking Burnhart McKoolski";"3";"6";"2306"
"Bussi Man";"1";"3";"3604"
"Nuri";"9";"35";"403"
"Africaine 808";"1";"1";"6248"
"Telespazio";"1";"1";"6249"
"Bambooman";"9";"18";"836"
"Jon Kabat-Zinn";"1";"1";"6250"
"Dandara, Arutani";"1";"1";"6251"
"Chouk Bwa";"2";"2";"4481"
"Efdemin";"12";"24";"598"
"Goofy Man";"1";"2";"4482"
"Underground Resistance";"3";"3";"3605"
"Sophie";"2";"2";"4483"
"Larry Maluma & Kalimba";"1";"1";"6252"
"George McGregor & The Bronzettes";"1";"2";"4484"
"Strata-Gemma";"3";"4";"3005"
"Smith";"1";"2";"4485"
"Mittagsjournal (17.05.2019) by ORF Radio Ö1";"1";"1";"6253"
"Madlaks";"1";"2";"4486"
"Sweely";"2";"11";"1394"
"Kalaha Moon";"1";"1";"6254"
"Alton Ellis";"3";"4";"3006"
"Sola Rosa";"1";"4";"3007"
"Slightly Stoopid";"4";"9";"1655"
"Nostalgia 77";"4";"22";"673"
"Jain";"1";"1";"6255"
"Ini Kamoze";"1";"2";"4487"
"Rae & Christian";"2";"4";"3008"
"Tinariwen";"3";"4";"3009"
"Bremer/McCoy";"26";"69";"195"
"Apparat";"2";"3";"3606"
"Absolutely Free";"1";"2";"4488"
"DJ Yoda";"1";"1";"6256"
"Franco F. & Marika Lenny";"1";"1";"6257"
"Mattmosphere";"3";"3";"3607"
"Go Yama";"1";"1";"6258"
"Solar Quest";"5";"100";"114"
"Gilb'R";"3";"10";"1515"
"Dazion";"1";"1";"6259"
"Max abysmal";"3";"5";"2602"
"Mutado Pintado Presents Sworn Virgins";"1";"2";"4489"
"Franco F.";"1";"2";"4490"
"Klein & M.B.O.";"1";"1";"6260"
"Waffles";"1";"1";"6261"
"Pépé Bradock";"14";"22";"674"
"Rise of the Moon";"1";"1";"6262"
"Brian Eno & David Byrne";"1";"1";"6263"
"Renegade Soundwave";"1";"1";"6264"
"Don Carlos";"3";"4";"3010"
"Antoine Kogut";"1";"1";"6265"
"Darkside";"19";"31";"457"
"Black Jazz Consortium";"3";"9";"1656"
"JAN KINČL";"1";"1";"6266"
"Emmanuel Jal";"1";"9";"1657"
"Tora Vinter";"1";"3";"3608"
"Justus Köhncke";"1";"1";"6267"
"Franco F. Simulation Lab";"1";"3";"3609"
"Mixhell";"2";"2";"4491"
"Nashil Pichen";"1";"1";"6268"
"Stepwise Records";"1";"1";"6269"
"Penny Penny";"1";"1";"6270"
"Sandy Harless";"1";"2";"4492"
"Cracky";"1";"1";"6271"
"Kiefer";"31";"106";"107"
"L'Orange";"1";"1";"6272"
"Mounika.";"6";"9";"1658"
"Acid Arab";"2";"2";"4493"
"Shackleton";"1";"2";"4494"
"Knautic";"1";"3";"3610"
"axelboman";"10";"21";"707"
"Amselcom";"1";"1";"6273"
"Kasper Bjørke";"1";"2";"4495"
"Congi";"14";"32";"439"
"STL";"11";"14";"1068"
"Ahmoudou Madassane";"3";"6";"2307"
"Deena Abdelwahed";"2";"6";"2308"
"Jus' Us";"1";"1";"6274"
"Jimmy Cliff";"1";"2";"4496"
"Harmony Four";"1";"1";"6275"
"Country Comfort";"1";"1";"6276"
"Esa";"2";"5";"2603"
"Hakobune";"2";"2";"4497"
"Steel Pulse";"2";"2";"4498"
"Cultiz";"1";"1";"6277"
"Rob Galbraith";"1";"3";"3611"
"Lost Souls Of Saturn";"3";"4";"3011"
"ynfnd";"2";"2";"4499"
"URUBU Marinka";"2";"2";"4500"
"NÔMADE MUSIC";"1";"4";"3012"
"Luke Abbott";"8";"23";"635"
"The Cinematic Orchestra";"9";"19";"784"
"Jacob Karlzon";"1";"1";"6278"
"Jack Garratt";"1";"1";"6279"
"Julian Waterfall Pollack";"2";"2";"4501"
"Ben Khan";"1";"1";"6280"
"Late of the Pier";"1";"1";"6281"
"leveldva";"2";"5";"2604"
"Inverted Audio";"1";"1";"6282"
"Ladino Romance";"1";"1";"6283"
"Moullinex";"2";"6";"2309"
"Ralph Falcon";"1";"2";"4502"
"Zulu";"1";"1";"6284"
"Lord Kitchener";"1";"1";"6285"
"Thapporn Petchubon";"1";"1";"6286"
"Autocreation";"5";"5";"2605"
"Ron Korb";"1";"2";"4503"
"Flying Lotus";"47";"63";"215"
"Tomaga";"7";"14";"1069"
"Sven Libaek";"1";"1";"6287"
"Hoshina Anniversary";"2";"4";"3013"
"Isaac Sasson";"7";"24";"599"
"Àbáse";"22";"81";"156"
"FUNKY FRENCH LEAGUE";"1";"1";"6288"
"Biosphere";"3";"4";"3014"
"The Holy Spirit of Nothing";"2";"2";"4504"
"Moodymann";"17";"65";"206"
"Los Imperials";"1";"1";"6289"
"Alice Clark";"4";"4";"3015"
"Ogoya Nengo and The Dodo Women’s Group";"1";"1";"6290"
"Laurie Spiegel";"9";"70";"189"
"Loscil";"5";"9";"1659"
"LayFullStop";"1";"3";"3612"
"Lord Tusk";"1";"3";"3613"
"Kojey Radical";"6";"7";"2041"
"=CoN+KwAkE=";"1";"2";"4505"
"Mubashira Mataali Group";"1";"1";"6291"
"Abstract Orchestra";"1";"1";"6292"
"Becky Severson";"1";"1";"6293"
"Roudoudou";"1";"3";"3614"
"Don Laka";"2";"4";"3016"
"Blak Beat Niks";"2";"13";"1164"
"Ezra Furman";"1";"1";"6294"
"Tusks";"2";"2";"4506"
"Robert Rich";"6";"21";"708"
"Angel Romero;Academy of St. Martin in the Fields;Pepe Romero;Iona Brown";"1";"1";"6295"
"Academy of St. Martin in the Fields;Iona Brown;Celin Romero";"1";"1";"6296"
"Angel Romero;Academy of St. Martin in the Fields;Iona Brown";"1";"1";"6297"
"Paul Horn";"2";"4";"3017"
"Russill Paul";"2";"11";"1395"
"London Symphony Orchestra;Sir Colin Davis";"1";"1";"6298"
"The United States Coast Guard Band";"1";"1";"6299"
"St. Petersburg Chamber Choir";"1";"1";"6300"
"Dawn Upshaw;London Sinfonietta;David Zinman";"1";"1";"6301"
"Ancestral Elephants";"3";"4";"3018"
"Laraaji & Jonathan Goldman";"1";"2";"4507"
"Soname";"1";"1";"6302"
"Shantala";"1";"1";"6303"
"Guide";"7";"9";"1660"
"Roland Kirk Quartet";"7";"7";"2042"
"Daniel Masson";"1";"1";"6304"
"Matize";"5";"8";"1844"
"Radioactive Orchestra";"1";"1";"6305"
"Ada";"4";"52";"277"
"ishmael ensemble";"18";"98";"120"
"川井憲次";"2";"2";"4508"
"Tigersushi Records";"1";"1";"6306"
"RollOverMilano";"1";"1";"6307"
"Kelpe / DRUT Recordings";"4";"4";"3019"
"Abstrakce Records";"1";"1";"6308"
"Die Falschen Freunde";"1";"1";"6309"
"bassso";"1";"2";"4509"
"Nature Sounds";"2";"2";"4510"
"Captain Sensible";"1";"1";"6310"
"Robosonic";"2";"16";"947"
"AWAY Music";"1";"1";"6311"
"Heimlich Knüller";"3";"6";"2310"
"Pete Brandt's Method";"1";"2";"4511"
"Domenique Dumont";"17";"40";"353"
"Shintaro Sakamoto";"1";"1";"6312"
"Nosaj Thing";"5";"12";"1257"
"Klanger";"1";"1";"6313"
"IMYRMIND";"1";"1";"6314"
"Endurance";"1";"1";"6315"
"Bjørn Torske";"7";"13";"1165"
"Carmen Villain";"3";"8";"1845"
"Lindstrøm";"9";"14";"1070"
"Tarjei Nygård";"1";"1";"6316"
"Donovan";"1";"1";"6317"
"Beacon";"3";"4";"3020"
"Passarani";"3";"3";"3615"
"Karen Dalton";"1";"1";"6318"
"Rodney Jones";"1";"1";"6319"
"The Mighty Imperials";"1";"1";"6320"
"Empire of the Sun";"1";"1";"6321"
"Buena Vista Social Club";"1";"2";"4512"
"Fellini Félin";"3";"3";"3616"
"António Dos Santos";"2";"7";"2043"
"Oasis";"1";"1";"6322"
"Circle Of Live";"2";"4";"3021"
"Alan Hovhaness";"1";"2";"4513"
"Phil France";"1";"1";"6323"
"Penguin Cafe";"12";"17";"887"
"Noema";"2";"2";"4514"
"Natural Sugars";"1";"1";"6324"
"DJ Nu-Mark";"3";"4";"3022"
"Raiza Biza";"3";"7";"2044"
"King Krule";"5";"8";"1846"
"Trentemøller";"1";"1";"6325"
"Sonny & The Sunsets";"1";"2";"4515"
"Ghost Against Ghost";"1";"1";"6326"
"Lancelot Layne";"1";"3";"3617"
"Jim Croce";"1";"1";"6327"
"Femi Kuti";"1";"3";"3618"
"Vis À Vis";"1";"2";"4516"
"Bob Moses/Billy Martin";"1";"1";"6328"
"POPP";"2";"2";"4517"
"Ronin Arkestra";"4";"6";"2311"
"Laurence Pike";"2";"2";"4518"
"Edmony Krater";"2";"8";"1847"
"Thievery Corporation";"6";"6";"2312"
"Köhncke";"1";"51";"281"
"Vladimir";"1";"1";"6329"
"haft";"1";"6";"2313"
"GONNO × MASUMURA";"1";"3";"3619"
"Les Filles De Illighadad";"4";"8";"1848"
"Aim";"1";"2";"4519"
"Mock & Toof";"1";"1";"6330"
"Chicco";"1";"5";"2606"
"Atom™";"1";"2";"4520"
"Mop Mop";"17";"29";"489"
"Hildegard Knef";"1";"1";"6331"
"Marcello Giordani";"1";"1";"6332"
"Kollektiv Turmstrasse";"3";"4";"3023"
"Låpsley";"1";"1";"6333"
"Etienne de Crécy";"3";"6";"2314"
"Kyrill & Redford";"1";"1";"6334"
"Dennis Cruz";"1";"1";"6335"
"Bas Amro";"1";"1";"6336"
"DJ Marky";"2";"2";"4521"
"Richie Havens";"1";"1";"6337"
"Tullio De Piscopo";"1";"1";"6338"
"DJ Fitchie";"1";"1";"6339"
"Kourosh Yaghmaei";"1";"1";"6340"
"Look Like";"1";"1";"6341"
"Canu";"1";"1";"6342"
"Nina Simone";"8";"18";"837"
"Rodney Hunter";"1";"1";"6343"
"Them";"1";"1";"6344"
"Mattafix";"1";"1";"6345"
"Lamont Dozier";"1";"1";"6346"
"Waldeck";"2";"4";"3024"
"Yse Saint Laur'ant";"1";"1";"6347"
"Simakov";"1";"1";"6348"
"Digital Afrika";"14";"24";"600"
"Kiko Navarro";"1";"1";"6349"
"Randomized Coffee";"1";"1";"6350"
"Scott nice";"2";"2";"4522"
"August Artier";"1";"1";"6351"
"Ali Farka Touré";"19";"87";"147"
"Van Stee";"2";"12";"1258"
"William Onyeabor";"2";"2";"4523"
"Jackie Mittoo";"2";"2";"4524"
"Gloria Ann Taylor";"3";"6";"2315"
"ESG";"3";"3";"3620"
"Darondo";"2";"2";"4525"
"Brokenchord";"9";"16";"948"
"Jimi Hendrix";"8";"8";"1849"
"Paul Traeumer";"3";"5";"2607"
"Soul Keita";"3";"12";"1259"
"Oval Space / The Pickle Factory";"1";"2";"4526"
"The Beatles";"2";"2";"4527"
"Curtis Mayfield";"1";"3";"3621"
"Creedence Clearwater Revival";"1";"1";"6352"
"The Karminsky Experience Inc.";"2";"5";"2608"
"Thierry David";"1";"1";"6353"
"Extremely Bad Man";"1";"2";"4528"
"Marlena Shaw";"1";"1";"6354"
"Commodores";"1";"1";"6355"
"Whitney";"1";"1";"6356"
"CROWN RULER";"3";"3";"3622"
"Tendts";"1";"1";"6357"
"Dionisio Maio";"1";"2";"4529"
"JOSE CASIMIRO";"2";"3";"3623"
"Bana";"1";"2";"4530"
"Corbo";"1";"1";"6358"
"Edmoon Records";"1";"2";"4531"
"Modern Obscure Music";"1";"1";"6359"
"THE DIABOLICAL LIBERTIES";"4";"4";"3025"
"Timbuktu";"2";"5";"2609"
"May East";"1";"1";"6360"
"Dequinha e Zaba";"1";"1";"6361"
"Oharaska";"1";"1";"6362"
"Fausto Fawcett";"1";"1";"6363"
"Manu Delago";"10";"13";"1166"
"Mathias Eick";"1";"1";"6364"
"Nookala Chinna Satyanarayana";"1";"1";"6365"
"Gene Harris";"12";"26";"556"
"The Invisible";"2";"3";"3624"
"Mndsgn";"7";"9";"1661"
"Håkan Hellström";"1";"1";"6366"
"Veronica Maggio";"1";"1";"6367"
"Silvana Imam";"1";"1";"6368"
"Jonti";"1";"1";"6369"
"Jacques";"1";"1";"6370"
"Abro";"1";"1";"6371"
"Compost";"1";"2";"4532"
"Rahhh";"1";"1";"6372"
"Spacetime Continuum";"1";"3";"3625"
"Pegasus";"1";"4";"3026"
"Sly And Lovechild";"1";"1";"6373"
"Hiver";"1";"1";"6374"
"Batang Frisco";"1";"2";"4533"
"Joji Yuasa";"1";"3";"3626"
"Wilburn Burchette";"1";"3";"3627"
"Guem";"1";"1";"6375"
"SHIKA SHIKA";"3";"5";"2610"
"Späk";"1";"1";"6376"
"Black Pumas";"20";"172";"45"
"Seanie T";"1";"3";"3628"
"Cleve Pozar";"1";"1";"6377"
"Bodega";"1";"1";"6378"
"Dino & The Deltones";"1";"1";"6379"
"The Friendly Seven feat. Betty Thompson";"1";"2";"4534"
"Yo La Tengo";"8";"10";"1516"
"Clark";"7";"27";"526"
"Jake Milliner";"2";"4";"3027"
"Derrok";"1";"1";"6380"
"Uakti";"1";"1";"6381"
"Salon - Zur wilden Renate";"1";"1";"6382"
"Barbara Moore";"1";"1";"6383"
"inflo";"2";"2";"4535"
"Merle";"1";"1";"6384"
"Manuel Darquart";"12";"24";"601"
"The Marias";"1";"1";"6385"
"Sam Evian";"1";"1";"6386"
"BADBADNOTGOOD";"24";"36";"394"
"Jungle";"14";"30";"474"
"Mansur Brown";"12";"38";"373"
"The Flying Stars Of Brooklyn NY";"1";"1";"6387"
"Sault";"25";"56";"256"
"Paul Cherry";"1";"1";"6388"
"Lil Pump";"1";"1";"6389"
"Charlotte Adigéry";"15";"166";"50"
"Cypress Hill";"2";"2";"4536"
"Slumberville";"1";"1";"6390"
"The Small Circle";"1";"1";"6391"
"Joaquín Cornejo";"4";"6";"2316"
"Tawiah";"9";"79";"161"
"Area Code 615";"1";"3";"3629"
"Crue-l Grand Orchestra";"1";"3";"3630"
"Glissandro 70";"1";"3";"3631"
"Holger Czukay";"1";"2";"4537"
"Rey De Copás";"1";"2";"4538"
"The Mole";"1";"2";"4539"
"The Electric South";"1";"13";"1167"
"Carlos Hernandez";"1";"3";"3632"
"Finzy Kontini";"1";"3";"3633"
"Musique";"1";"3";"3634"
"Soylent Green";"1";"2";"4540"
"Tsha";"5";"6";"2317"
"Titeknots";"2";"3";"3635"
"Dan Kye";"12";"82";"155"
"Barakas";"1";"2";"4541"
"R. Lyle";"1";"2";"4542"
"Throwing Snow";"2";"3";"3636"
"Nepa Allstar";"1";"2";"4543"
"Earth Trax";"10";"17";"888"
"John Beltran";"9";"31";"458"
"Georges Rey Ensemble";"1";"2";"4544"
"NATURAL LATERAL";"4";"4";"3028"
"Santi";"2";"10";"1517"
"Meitei";"23";"52";"278"
"DAMA DAMA";"1";"1";"6392"
"Jonas Sá";"1";"1";"6393"
"HouseWork";"1";"1";"6394"
"Budgie";"3";"9";"1662"
"MinaeMinae";"10";"10";"1518"
"Arms and Sleepers";"7";"40";"354"
"Josephine Wiggs";"5";"5";"2611"
"Marcus Hamblett";"7";"22";"675"
"Niklas Wandt";"8";"14";"1071"
"Ralph Heidel";"5";"9";"1663"
"Keope";"2";"3";"3637"
"Karaba";"1";"9";"1664"
"David Nesselhauf";"1";"3";"3638"
"Sissi Rada";"1";"2";"4545"
"Andromeda Mega Express Orchestra";"1";"2";"4546"
"Oracles";"1";"1";"6395"
"Onom Agemo";"1";"1";"6396"
"Torben Unit";"1";"1";"6397"
"JJ Whitefield";"6";"19";"785"
"Yacht";"4";"12";"1260"
"Salomea";"1";"1";"6398"
"Matana Roberts";"3";"6";"2318"
"Karnaval Blues";"2";"2";"4547"
"Barney Artist";"2";"2";"4548"
"Shellac";"1";"2";"4549"
"Steve Moore";"5";"5";"2612"
"Benita";"1";"1";"6399"
"Dusky";"1";"1";"6400"
"Peter Abdul";"1";"1";"6401"
"Ami Dang";"1";"3";"3639"
"DJ Python";"3";"11";"1396"
"Leafcutter John";"1";"6";"2319"
"Antoine Berjeaut";"1";"2";"4550"
"Angel Bat Dawid";"7";"17";"889"
"Rev Harvey Gates";"1";"3";"3640"
"Batsumi";"1";"1";"6402"
"DJ Cam";"24";"71";"184"
"Oso Leone";"4";"19";"786"
"Ferg";"1";"1";"6403"
"Crac";"3";"6";"2320"
"Kali Malone";"3";"13";"1168"
"ras";"2";"6";"2321"
"Rozi Plain";"3";"7";"2045"
"Beverly Glenn-Copeland";"1";"1";"6404"
"Pat Thomas";"3";"8";"1850"
"Meara O'Reilly";"1";"1";"6405"
"Hans Hass";"1";"1";"6406"
"RVDS";"1";"2";"4551"
"Horizont";"1";"1";"6407"
"JRBB";"1";"1";"6408"
"Little Dragon";"24";"206";"32"
"Jad & The";"5";"15";"1001"
"The Quiet Ones";"1";"4";"3029"
"Leif";"2";"4";"3030"
"Camila Costa";"1";"4";"3031"
"Svínhunder";"1";"3";"3641"
"Yu Su";"12";"20";"742"
"Amerigo Gazaway";"1";"2";"4552"
"Carlos Niño & Friends";"4";"7";"2046"
"David Walters";"26";"173";"44"
"Kanot";"1";"1";"6409"
"Okain";"1";"1";"6410"
"Contact";"1";"1";"6411"
"Sinoptik Music";"1";"2";"4553"
"WaWuWe";"1";"1";"6412"
"The Frightnrs";"4";"7";"2047"
"The Gladiators";"1";"2";"4554"
"Toots and The Maytals";"1";"1";"6413"
"John Brown's Body";"1";"2";"4555"
"The Vernons";"1";"1";"6414"
"The Jamaicans";"1";"1";"6415"
"Sublime";"1";"2";"4556"
"Desmond Cheese";"7";"15";"1002"
"Bob Marley & The Wailers";"1";"2";"4557"
"Treugol'nyy Son";"1";"1";"6416"
"Astro Nautico";"1";"1";"6417"
"Naxatras";"1";"3";"3642"
"Ziggy Marley";"1";"1";"6418"
"Muno";"1";"1";"6419"
"Batu Ozer";"1";"1";"6420"
"Niju";"1";"1";"6421"
"Jacob Groening";"3";"16";"949"
"Loewenthal";"1";"1";"6422"
"ōme";"3";"3";"3643"
"DaniT";"1";"1";"6423"
"Prins Emanuel";"12";"20";"743"
"Aaron Taylor";"2";"2";"4558"
"Serafina Steer";"1";"3";"3644"
"Brainstory";"6";"11";"1397"
"Mark de Clive-Lowe";"14";"22";"676"
"Frank Sinatra";"5";"6";"2322"
"Matt Terry";"1";"1";"6424"
"Gwen Stefani";"2";"3";"3645"
"Sia";"3";"4";"3032"
"98º";"1";"1";"6425"
"Coldplay";"1";"2";"4559"
"Destiny's Child";"1";"2";"4560"
"Britney Spears";"1";"1";"6426"
"The Vamps";"1";"1";"6427"
"Sam Smith";"1";"1";"6428"
"Ariana Grande";"2";"4";"3033"
"Bing Crosby";"7";"10";"1519"
"Chris Rea";"2";"4";"3034"
"Meghan Trainor";"1";"2";"4561"
"FEATHERED SUN";"2";"4";"3035"
"The Colours That Rise";"4";"13";"1169"
"Santilli";"1";"2";"4562"
"Pole";"3";"16";"950"
"The Midnight Hour";"1";"2";"4563"
"Sam Prekop";"6";"16";"951"
"Andras";"11";"42";"337"
"Max Clouth Clan";"1";"1";"6429"
"Pacific Coliseum";"4";"5";"2613"
"Family Time";"2";"8";"1851"
"Micatone";"11";"14";"1072"
"Aporia";"4";"7";"2048"
"Thibault Renou";"1";"2";"4564"
"Kevin Morby";"1";"4";"3036"
"Peaking Lights";"15";"31";"459"
"❖UMOJA";"6";"6";"2323"
"midub";"1";"1";"6430"
"Detroit Swindle";"1";"1";"6431"
"Space Ghost";"15";"38";"374"
"Kasper Marott";"2";"5";"2614"
"Verner";"1";"2";"4565"
"DIRK 81";"2";"6";"2324"
"S. N. Goenka";"1";"1";"6432"
"Bété";"6";"12";"1261"
"Sick Puppies";"1";"1";"6433"
"Clarence Carter";"1";"3";"3646"
"Slow Attack Ensemble";"2";"5";"2615"
"Holy Fuck";"4";"9";"1665"
"Nautiluss";"1";"1";"6434"
"Violetta Parisini";"7";"17";"890"
"Meetsysteem";"1";"3";"3647"
"Billy Ocean";"1";"3";"3648"
"Yoshinori Hayashi";"1";"1";"6435"
"Cowboy Rhythmbox";"1";"2";"4566"
"Ichisan";"1";"3";"3649"
"Edwin Starr";"1";"1";"6436"
"Dervish";"1";"42";"338"
"Ana Roxanne";"8";"23";"636"
"Mary Lattimore";"5";"66";"204"
"Shyamal Sinha";"1";"12";"1262"
"Liquid Youth";"2";"3";"3650"
"Deep House Vancouver";"1";"1";"6437"
"Blusher";"1";"1";"6438"
"Tina Malia";"2";"5";"2616"
"Mapstation";"4";"4";"3037"
"Nihiloxica";"4";"11";"1398"
"Pigmalião";"9";"33";"426"
"Robert Stillman";"1";"3";"3651"
"Gal Gracen";"10";"74";"173"
"HÆLOS";"1";"1";"6439"
"gillespeterson";"2";"3";"3652"
"Jac the Disco";"2";"14";"1073"
"Fagaru Evolution";"2";"8";"1852"
"Cito Jarvis";"1";"9";"1666"
"Arrow";"2";"3";"3653"
"Sebastian Böhm";"1";"5";"2617"
"Peter Britto";"1";"1";"6440"
"*D* Ivan";"1";"2";"4567"
"Adonijah";"1";"2";"4568"
"Levi John";"1";"10";"1520"
"The Millers";"1";"2";"4569"
"Mohjah";"1";"1";"6441"
"Spiking";"1";"2";"4570"
"Lewlewal de Podor";"2";"5";"2618"
"Roger Bain";"1";"1";"6442"
"Juno D";"1";"1";"6443"
"Andre Tanker";"1";"2";"4571"
"Colin Jackman";"1";"14";"1074"
"Touch";"1";"1";"6444"
"Bill Campbell";"1";"3";"3654"
"D' Rebel Band";"1";"2";"4572"
"Barrio Lindo";"9";"14";"1075"
"Traditional";"5";"7";"2049"
"Thomas Fehlmann";"7";"12";"1263"
"Zuco 103";"2";"2";"4573"
"The Sabres of Paradise";"1";"1";"6445"
"Nadia Nair";"2";"2";"4574"
"John Hopkins Uni";"1";"1";"6446"
"Abba Gargando";"2";"6";"2325"
"Alkibar Gignor";"1";"2";"4575"
"Intriya Ag Babo";"1";"4";"3038"
"Children in Djounhan";"1";"2";"4576"
"Amanar";"1";"2";"4577"
"Pingipung";"1";"2";"4578"
"King Aus";"1";"1";"6447"
"Mary Clark";"1";"19";"787"
"Quantic;Los Miticos Del Ritmo";"1";"1";"6448"
"Horostar de Tonka";"1";"2";"4579"
"Nelson Of The East";"6";"15";"1003"
"Kohra";"1";"1";"6449"
"baiuca";"1";"4";"3039"
"IYAKUH";"1";"1";"6450"
"Sangeet";"1";"1";"6451"
"Nomadic";"1";"1";"6452"
"Fany Havest";"1";"1";"6453"
"Quirino Do Canto";"1";"1";"6454"
"Tchiss Lopes";"1";"3";"3655"
"João Cirilo";"1";"2";"4580"
"Abel Lima";"1";"1";"6455"
"Os Apolos";"1";"1";"6456"
"Américo Brito";"2";"4";"3040"
"Elisio Vieira";"2";"3";"3656"
"Modha";"4";"7";"2050"
"Tidiane Thiam";"2";"3";"3657"
"Nicolas Godin";"5";"13";"1170"
"JuJu Rogers";"6";"9";"1667"
"Trippin Jaguar";"4";"6";"2326"
"Nasty P.";"1";"1";"6457"
"Feyyaz Yigit";"2";"2";"4581"
"Jacques Renault";"3";"7";"2051"
"Robag_fm";"3";"5";"2619"
"Philippe Cohen Solal";"2";"3";"3658"
"Hamlet Minassian";"1";"10";"1521"
"Jungle by Night";"7";"12";"1264"
"Karl Berger";"1";"1";"6458"
"Awesome Tapes from Africa";"1";"1";"6459"
"Horatio Luna";"12";"27";"527"
"Jacques Palminger";"1";"13";"1171"
"Bochum Welt";"2";"3";"3659"
"Lifted";"5";"5";"2620"
"Jay Daniel";"7";"12";"1265"
"Robert Loyson";"1";"1";"6460"
"Tom Of England";"1";"1";"6461"
"Zara McFarlane";"1";"1";"6462"
"Jack Kornfield";"2";"2";"4582"
"Gam̈a͇";"1";"1";"6463"
"DA IGUANA";"2";"2";"4583"
"Steffen Ki";"1";"1";"6464"
"Intiche";"1";"1";"6465"
"Maracuyá";"1";"1";"6466"
"Marcelo Berges";"2";"2";"4584"
"Alaix Pulse";"1";"1";"6467"
"Maugli";"1";"1";"6468"
"Dark but Gray";"1";"1";"6469"
"Nillo";"1";"1";"6470"
"Sarrelangue";"1";"1";"6471"
"Victor Norman";"3";"6";"2327"
"Numa Gama";"7";"7";"2052"
"East Forest";"2";"2";"4585"
"Vermont";"13";"59";"238"
"Andreas Söderström";"1";"2";"4586"
"Stelvio Cipriani";"1";"5";"2621"
"Pachanga Boys";"1";"1";"6472"
"Unspecified";"3";"4";"3041"
"Vajk Kobza";"1";"9";"1668"
"North Downs";"7";"45";"314"
"Risco Connection";"2";"19";"788"
"Supersempfft";"1";"4";"3042"
"Oriyin";"2";"3";"3660"
"Botany";"1";"3";"3661"
"FKA twigs";"1";"1";"6473"
"Jake Hottell";"6";"6";"2328"
"Resident Advisor";"10";"21";"709"
"Persian Empire";"6";"19";"789"
"Baden Powell & Vinicius de Moraes";"1";"2";"4587"
"Sam Cooke vs. Kalabrese";"1";"2";"4588"
"Stephen Steinbrink & ∆";"1";"2";"4589"
"Marina Gallardo";"1";"2";"4590"
"Iona Fortune";"2";"3";"3662"
"Equiknoxx";"2";"6";"2329"
"Blackpocket";"1";"2";"4591"
"Vernon Maytone";"1";"2";"4592"
"Tiger";"1";"2";"4593"
"DJ Nervoso";"1";"2";"4594"
"Andreya Triana";"1";"2";"4595"
"Emílio Santiago";"3";"4";"3043"
"Rosa Maria";"1";"2";"4596"
"Laurel Aitken";"1";"3";"3663"
"Antibalas";"1";"2";"4597"
"Natural Self";"2";"3";"3664"
"Dobie";"1";"2";"4598"
"Mr. Scruff";"8";"19";"790"
"Ding Dong";"1";"2";"4599"
"Fats Comet";"1";"2";"4600"
"Paddy Steer";"1";"5";"2622"
"Andy Ash";"2";"8";"1853"
"Alexander Robotnick";"2";"3";"3665"
"Hashim";"1";"2";"4601"
"Bumcello";"1";"2";"4602"
"Archie Pelago";"1";"2";"4603"
"La Decadanse";"1";"1";"6474"
"NBHAP";"1";"1";"6475"
"Lanu";"13";"61";"226"
"Space Captain";"1";"1";"6476"
"Jesse Fischer";"1";"1";"6477"
"Hint";"1";"1";"6478"
"J-Felix";"2";"2";"4604"
"Village Of The Sun";"4";"7";"2053"
"Olsen and the Hurley Sea";"1";"1";"6479"
"Sicker Man";"1";"1";"6480"
"Nicola Conte & Spiritual Galaxy";"12";"12";"1266"
"Seiji";"1";"5";"2623"
"Snowboy and The Latin Section";"1";"1";"6481"
"Drymbago";"1";"1";"6482"
"Harald Kindseth";"1";"1";"6483"
"Kelela & Asmara";"1";"1";"6484"
"Leonidas";"1";"12";"1267"
"Helene Roche";"1";"2";"4605"
"Bionda van der Ham";"1";"1";"6485"
"Snow In April";"1";"1";"6486"
"Julius Aston";"1";"3";"3666"
"Ruben Galloway";"1";"1";"6487"
"Peter Cavallo";"2";"3";"3667"
"Leslie Miles";"1";"2";"4606"
"Elder Lockhart";"1";"3";"3668"
"Aron Edwards";"2";"2";"4607"
"Rebour";"1";"1";"6488"
"Joep Beving";"11";"32";"440"
"Christopher Dicker";"2";"3";"3669"
"Ragnar Seaholm";"1";"1";"6489"
"Johannes Bornlöf";"3";"4";"3044"
"Alec Windt";"1";"2";"4608"
"Rebecca Leonard";"1";"2";"4609"
"Renato Luigi";"1";"1";"6490"
"Oneke";"2";"4";"3045"
"Olivia Belli";"4";"4";"3046"
"Dominique Charpentier";"1";"2";"4610"
"Robin Bennich";"2";"2";"4611"
"Dominique Marais";"2";"3";"3670"
"Oskar Schuster";"1";"2";"4612"
"Mauro Cangemi";"1";"1";"6491"
"Milo Edale";"1";"1";"6492"
"Juan Maria Solare";"1";"2";"4613"
"Tristan Eckerson";"1";"2";"4614"
"Muriël Bostdorp";"1";"3";"3671"
"Sarah Spring";"1";"2";"4615"
"Sergio Díaz De Rojas";"2";"3";"3672"
"Martin Greenbaum";"1";"1";"6493"
"Dagmar Collier";"1";"1";"6494"
"Roman Jensen";"1";"2";"4616"
"Max Swan";"2";"2";"4617"
"Daigo Hanada";"1";"1";"6495"
"Tosh Møller";"2";"2";"4618"
"Csizmazia Etel";"2";"2";"4619"
"Karin Borg";"3";"3";"3673"
"Amy-Leigh Williamson";"1";"1";"6496"
"Sufi Ellman";"1";"2";"4620"
"Heike Blau";"2";"2";"4621"
"Rhiannon Bannenberg";"1";"1";"6497"
"Moy Finneas";"1";"2";"4622"
"Aleksy Wysocki";"1";"1";"6498"
"Sigimund";"1";"2";"4623"
"Eamonn Watt";"3";"4";"3047"
"Leroy Bolander";"2";"3";"3674"
"Zachary Patel";"1";"2";"4624"
"Moux";"2";"2";"4625"
"Clara Nishimoto";"1";"1";"6499"
"Bodor Vencel";"1";"2";"4626"
"Gavin Luke";"9";"9";"1669"
"Massimo Natali [IT]";"1";"2";"4627"
"Annebelle Coenraad";"1";"2";"4628"
"Quinn MacKenzie";"1";"2";"4629"
"Akira Kosemura";"5";"10";"1522"
"Kozue Ojima";"1";"2";"4630"
"Sam Eber";"1";"3";"3675"
"Klaus Weissmuller";"1";"1";"6500"
"Kaja Voll";"1";"1";"6501"
"Santo Trevisani";"2";"3";"3676"
"Arabella Memdouh";"1";"1";"6502"
"1BTN";"1";"1";"6503"
"Lorem Ipsum";"1";"1";"6504"
"Joy Orbison";"7";"10";"1523"
"Romaal Kultan";"5";"7";"2054"
"Jpye";"1";"1";"6505"
"Kurt Adam";"1";"1";"6506"
"Lee Fields & The Expressions";"5";"5";"2624"
"Folamour";"40";"143";"63"
"44th Move";"4";"7";"2055"
"Manu Dibango";"6";"15";"1004"
"thool";"1";"2";"4631"
"Happa.";"5";"9";"1670"
"Charlotte Funke";"1";"1";"6507"
"Jaidy Thissen";"1";"1";"6508"
"Zemfira Mironova";"1";"2";"4632"
"Adam Fincher";"2";"2";"4633"
"Falerina Paquet";"2";"2";"4634"
"Joel Lyssarides";"2";"3";"3677"
"Francie Stooge";"1";"2";"4635"
"Tomasz Kraal";"2";"4";"3048"
"Bela Nemeth";"1";"1";"6509"
"Lennon McKenna";"1";"2";"4636"
"Elizabeth Bouknight";"1";"1";"6510"
"Eline Neteland";"1";"2";"4637"
"Józef Gatysik";"1";"2";"4638"
"Ever So Blue";"4";"4";"3049"
"Way Beyond";"1";"1";"6511"
"Fioretta Rizzo";"2";"3";"3678"
"Jitka Kubr";"1";"1";"6512"
"Maya Åström";"1";"1";"6513"
"Jef Martens";"2";"2";"4639"
"Valbona Ceferin";"1";"1";"6514"
"Joseph Caleb";"1";"1";"6515"
"Matti Bye";"2";"12";"1268"
"Nicola conti";"1";"2";"4640"
"Minnie Scolanti";"1";"2";"4641"
"Kolorascze";"1";"1";"6516"
"Denise Billingsley";"1";"1";"6517"
"Charles Bolt";"5";"7";"2056"
"Réka Ioescu";"2";"3";"3679"
"Thomasine Robinson";"1";"2";"4642"
"Alida Sørby";"1";"2";"4643"
"PIANO NOVEL";"1";"1";"6518"
"Germain Lesage";"1";"2";"4644"
"Justin Withers";"1";"2";"4645"
"Henrietta Kuipers";"1";"2";"4646"
"Léon Branche";"1";"1";"6519"
"Leyton Stills";"1";"2";"4647"
"Alexandra Streliski";"1";"1";"6520"
"Jim Perkins";"1";"2";"4648"
"Sigrid Vass";"1";"2";"4649"
"Borghild Wenn";"1";"1";"6521"
"Ricki Westberg";"1";"2";"4650"
"Heinz Goldblatt";"1";"2";"4651"
"Frano Stanić";"1";"1";"6522"
"Alexis Ffrench";"6";"6";"2330"
"Luke Faulkner";"1";"1";"6523"
"Jensine Fleischer";"2";"2";"4652"
"Jordane Tumarinson";"1";"1";"6524"
"Davorka Poljak";"3";"4";"3050"
"Kendra Logozar";"2";"2";"4653"
"Kyran Martin";"1";"1";"6525"
"AlixPerez";"1";"1";"6526"
"José Marquez";"1";"1";"6527"
"Darkstar";"3";"10";"1524"
"Alejandro Mosso";"17";"30";"475"
"S.A. Karl";"1";"1";"6528"
"Ezequiel Johnson";"1";"2";"4654"
"Elliot Ziegler";"2";"4";"3051"
"Darrell Vitagliano";"1";"2";"4655"
"Zwera";"2";"2";"4656"
"Petra Birgisdóttir";"1";"2";"4657"
"Hayden Cargile";"3";"4";"3052"
"Novo Talos";"1";"2";"4658"
"Riccardo Lettiere";"1";"1";"6529"
"Sufi Sheman";"1";"1";"6530"
"Federico Montoya";"1";"2";"4659"
"Hermann";"1";"1";"6531"
"Mewael Yemane";"1";"1";"6532"
"Floriscope";"1";"2";"4660"
"Emanuel Fremont";"1";"1";"6533"
"Haru Kitamura";"1";"1";"6534"
"Domenico Cattaneo";"1";"1";"6535"
"Florence Bellefeuille";"1";"2";"4661"
"Doris Casella";"1";"1";"6536"
"S.J Morgan";"1";"2";"4662"
"Jacob LaVallee";"2";"3";"3680"
"Jan Thiel";"2";"2";"4663"
"Juliet Moss";"1";"1";"6537"
"Berlioz";"8";"13";"1172"
"Maria Marble";"1";"1";"6538"
"Céline Aubin";"1";"2";"4664"
"Eric Cadogan";"1";"1";"6539"
"Hiroko Murakami";"1";"2";"4665"
"Teodor Wolgers";"1";"1";"6540"
"Romaine LaGrande";"2";"2";"4666"
"Otto Wahl";"1";"1";"6541"
"Una Luna";"1";"1";"6542"
"Amity Fall";"1";"1";"6543"
"Biba Dupont";"1";"1";"6544"
"Anthony Sullivan";"1";"1";"6545"
"GÅEL";"1";"2";"4667"
"Piotr Miteska";"1";"1";"6546"
"Aenor";"1";"2";"4668"
"Darrell Boxman";"1";"1";"6547"
"Olivier Mournier";"1";"1";"6548"
"Isaac Nash";"1";"1";"6549"
"Manana Cuba";"1";"1";"6550"
"Odin Sørlie";"1";"1";"6551"
"Zygmunt Czarnecki";"1";"2";"4669"
"Samuel Lindon";"2";"3";"3681"
"Jase Moran";"1";"1";"6552"
"Saeko Seki";"1";"1";"6553"
"SYML";"1";"1";"6554"
"Jan Kubec";"1";"2";"4670"
"Gabríel Ólafs";"2";"2";"4671"
"Vala Capon";"1";"1";"6555"
"Jesse Brown";"1";"1";"6556"
"Mark Souzek";"1";"1";"6557"
"Ray Hutchcraft";"1";"2";"4672"
"Eric Badanti";"1";"1";"6558"
"Isotope 217";"1";"1";"6559"
"Satoshi Ashikawa";"1";"1";"6560"
"Melanie Adler";"2";"2";"4673"
"Juultje Berben";"1";"1";"6561"
"Lummus Park";"1";"2";"4674"
"Sumsar";"1";"2";"4675"
"Haakon Stange";"1";"1";"6562"
"Vail Bizier";"1";"1";"6563"
"Lucas Vendrai";"1";"1";"6564"
"Patrizio Pisani";"1";"1";"6565"
"Piotr Wiese";"1";"2";"4676"
"Franz Gordon";"1";"1";"6566"
"Arelius";"1";"1";"6567"
"Camilla Selezneva";"1";"1";"6568"
"The Gardens of Babylon";"1";"1";"6569"
"Pete Drake";"1";"1";"6570"
"Delroy Edwards";"1";"1";"6571"
"Monster Rally";"5";"12";"1269"
"Cleaners From Venus";"2";"3";"3682"
"Robert Mitchum";"1";"1";"6572"
"Kit Sebastian";"6";"19";"791"
"Devin the Dude";"1";"1";"6573"
"Patrick Cowley";"3";"5";"2625"
"Keinemusik";"7";"9";"1671"
"Arnie Love & the Lovettes";"1";"1";"6574"
"Slick Rick";"1";"2";"4677"
"Yellow Magic Orchestra";"1";"3";"3683"
"Gratitude";"1";"1";"6575"
"Pan Amsterdam";"4";"5";"2626"
"Cassio Ware";"1";"1";"6576"
"I:Cube";"3";"7";"2057"
"Brandt Brauer Frick";"2";"12";"1270"
"Space Dimension Controller";"4";"9";"1672"
"NUfrequency;Ben Onono";"1";"1";"6577"
"Payfone";"11";"51";"282"
"Supreme Jubilees";"1";"3";"3684"
"Channel Tres";"3";"3";"3685"
"Benny Sings";"3";"8";"1854"
"Dennis Brown";"2";"2";"4678"
"Nu-Matic";"1";"1";"6578"
"Chessie";"1";"1";"6579"
"Kid Loco";"1";"1";"6580"
"Pender Street Steppers";"4";"16";"952"
"Apiento";"2";"6";"2331"
"Les Yeux Orange";"2";"2";"4679"
"Lopal";"1";"1";"6581"
"Teste";"1";"1";"6582"
"Jah Shaka";"1";"1";"6583"
"Anna Domino";"1";"2";"4680"
"Dean Blunt";"1";"1";"6584"
"Jan Jelinek";"3";"5";"2627"
"USG";"1";"2";"4681"
"Decora";"1";"2";"4682"
"Cass McCombs";"1";"1";"6585"
"Lama";"1";"2";"4683"
"40 Thieves";"3";"13";"1173"
"Rammellzee";"1";"2";"4684"
"Vincent Ahehehinnou";"1";"1";"6586"
"Nico";"1";"1";"6587"
"Becker & Mukai";"7";"27";"528"
"Aril Brikha";"2";"3";"3686"
"Mickey Moonlight";"2";"3";"3687"
"Circuit Breaker";"1";"1";"6588"
"Mood II Swing";"1";"2";"4685"
"Legowelt Official";"1";"1";"6589"
"Little Jinder´s Unreleased Romance";"1";"2";"4686"
"Basement Jaxx";"1";"1";"6590"
"Aleksi Perälä";"2";"2";"4687"
"International Music System";"1";"2";"4688"
"Sean Nicholas Savage";"1";"1";"6591"
"Louis Hardin";"2";"2";"4689"
"Muddy Monk";"1";"2";"4690"
"The In Crowd";"1";"2";"4691"
"Duke Reid's All Stars";"1";"2";"4692"
"Hug Records";"1";"1";"6592"
"Breakfast Of Champions";"1";"1";"6593"
"Jacob Desvarieux";"1";"1";"6594"
"Karriem Riggins";"35";"49";"295"
"Ike Turner & The Kings Of Rhythm";"1";"1";"6595"
"SWV";"1";"1";"6596"
"Felix da Housecat";"1";"1";"6597"
"LF58";"3";"3";"3688"
"John Wizards";"3";"3";"3689"
"Mac-Talla Nan Creag";"2";"4";"3053"
"Verinda";"1";"1";"6598"
"Mae Ji-Yoon";"1";"1";"6599"
"Patricia Sevin";"1";"1";"6600"
"Albert Riqueti";"1";"1";"6601"
"Patrick Buote";"1";"1";"6602"
"Élise Aucoin";"1";"1";"6603"
"Minik Jakobsen";"1";"1";"6604"
"Evelyn Stein";"1";"1";"6605"
"Leonardo Cupelli";"1";"1";"6606"
"Lexdray";"1";"3";"3690"
"Padang Food Tigers";"15";"32";"441"
"Matthias Meyer";"1";"1";"6607"
"Saint Etienne";"1";"1";"6608"
"Galaxy 2 Galaxy";"2";"2";"4693"
"Harold Melvin & The Blue Notes";"1";"1";"6609"
"Labi Siffre";"1";"1";"6610"
"The Apples in Stereo";"1";"1";"6611"
"Big Hard Excellent Fish";"1";"1";"6612"
"air space ark";"3";"3";"3691"
"Songwriters' Forum";"1";"1";"6613"
"Lotte Ahoi";"1";"1";"6614"
"Mensch Meier (Berlin)";"1";"1";"6615"
"Kid Creole And The Coconuts";"1";"2";"4694"
"Richard Ulh";"1";"1";"6616"
"rRoxymore";"2";"4";"3054"
"Christina Galisatus";"1";"2";"4695"
"Photek";"3";"8";"1855"
"Nate Young";"1";"2";"4696"
"Gabriel Garzón-Montano";"1";"1";"6617"
"Monoton";"1";"1";"6618"
"Record Makers";"1";"1";"6619"
"RAMBALKOSHE";"2";"7";"2058"
"Jimi Jules";"1";"1";"6620"
"Deep & Disco";"1";"4";"3055"
"Miss Kittin";"1";"1";"6621"
"Rabii Harnoune";"6";"7";"2059"
"JOYFULTALK";"3";"7";"2060"
"Onward International";"1";"1";"6622"
"Trances";"2";"3";"3692"
"Schirmchendrink";"1";"8";"1856"
"10 Mark DJ Team";"1";"2";"4697"
"Dream Cycle";"1";"3";"3693"
"Saloli";"2";"2";"4698"
"Miracle Mobsters ॐ";"1";"3";"3694"
"Verjault";"1";"1";"6623"
"frollein smilla";"1";"3";"3695"
"Rippps";"1";"1";"6624"
"Planetary Assault Systems";"2";"2";"4699"
"Hi & Saberhägen";"1";"1";"6625"
"The Barry Sisters";"1";"10";"1525"
"Edward Sharpe & The Magnetic Zeros";"1";"7";"2061"
"Claude Nougaro";"1";"2";"4700"
"George T";"1";"1";"6626"
"Oni Ayhun";"2";"8";"1857"
"Gary Bartz";"2";"2";"4701"
"Keleketla!";"2";"6";"2332"
"KOTA The Friend";"3";"3";"3696"
"Alela Diane";"1";"5";"2628"
"Sadhu Sensi";"1";"3";"3697"
"Katharina Ernst";"1";"1";"6627"
"slowrider2020";"2";"3";"3698"
"EOB";"2";"6";"2333"
"Maria Bethânia";"1";"1";"6628"
"The Art of Noise";"5";"47";"306"
"Alter Ego Amsterdam";"1";"1";"6629"
"Boiler Room";"2";"2";"4702"
"Gaijin Blues";"2";"2";"4703"
"Green-House";"19";"223";"26"
"Golden Bug";"9";"14";"1076"
"187 Lockdown";"1";"2";"4704"
"Philou Louzolo";"3";"3";"3699"
"So Inagawa";"1";"2";"4705"
"Helium Robots";"1";"1";"6630"
"The Grid";"1";"1";"6631"
"Monticule Festival";"1";"1";"6632"
"Radio Campus France";"1";"1";"6633"
"Luis Perez";"1";"1";"6634"
"reple";"1";"1";"6635"
"Ketiov";"1";"3";"3700"
"Moods";"4";"25";"574"
"DJ Cam Quartet";"7";"15";"1005"
"7apes";"1";"1";"6636"
"Guts";"7";"40";"355"
"Gotan Project";"1";"1";"6637"
"DLJ";"1";"1";"6638"
"Kazam";"2";"2";"4706"
"The Breed";"3";"6";"2334"
"Burrito Brown";"2";"3";"3701"
"4th Sign";"6";"23";"637"
"Monika Kruse";"1";"2";"4707"
"Neuquén Groove";"1";"1";"6639"
"Oskar Skarp";"1";"7";"2062"
"Federico Estevez";"10";"13";"1174"
"Awkward Corners";"1";"1";"6640"
"Fuel Fandango";"1";"10";"1526"
"Amtrac";"2";"3";"3702"
"Ikaru";"1";"1";"6641"
"Ex-Pylon";"3";"22";"677"
"Mustafa Ahmed";"4";"5";"2629"
"Jaga Jazzist";"1";"1";"6642"
"Flume";"1";"1";"6643"
"Kartell";"1";"4";"3056"
"Gianni Brezzo";"20";"35";"404"
"EMS Synthi 100";"1";"1";"6644"
"Aphty Khéa";"1";"1";"6645"
"Genevieve Artadi";"2";"9";"1673"
"Mike Slott";"1";"1";"6646"
"Daniel Aged";"1";"1";"6647"
"Waaju";"2";"25";"575"
"Rick Wade";"6";"14";"1077"
"James Last";"1";"2";"4708"
"Afrosideral";"1";"2";"4709"
"Donny Benét";"1";"1";"6648"
"Resavoir";"8";"22";"678"
"Muriel Grossmann";"1";"1";"6649"
"Laurent Bardainne";"6";"12";"1271"
"Mac Quayle";"1";"1";"6650"
"DJ CAM & DJ CAM QUARTET(official)";"1";"1";"6651"
"Bruce Brubaker";"6";"9";"1674"
"Rancido";"1";"1";"6652"
"Mental Overdrive";"1";"1";"6653"
"Deluxe";"1";"1";"6654"
"Rob Moss Wilson";"1";"1";"6655"
"Tryo";"1";"1";"6656"
"Brigitte Bardot";"1";"1";"6657"
"Purple Disco Machine";"1";"1";"6658"
"Flo Morrissey";"8";"10";"1527"
"L.A. Salami";"14";"28";"509"
"Spacebomb House Band";"1";"1";"6659"
"Angelica Garcia";"1";"1";"6660"
"Laura Veirs";"1";"1";"6661"
"The Waterboys";"1";"1";"6662"
"Sleepwalkers";"1";"1";"6663"
"Jackie Cohen";"1";"1";"6664"
"Cocoon";"1";"1";"6665"
"Tim Heidecker";"1";"1";"6666"
"Trey Pollard";"1";"1";"6667"
"Cameron Ralston";"1";"1";"6668"
"Landon Elliott";"1";"1";"6669"
"Karl Blau";"1";"1";"6670"
"Good Dog Nigel";"1";"1";"6671"
"Charlie Fink";"1";"1";"6672"
"LEX AMOR";"2";"4";"3057"
"Earth, Wind & Fire";"2";"2";"4710"
"L VE M TEL";"1";"2";"4711"
"Shire Tea";"3";"8";"1858"
"Helado Negro";"2";"2";"4712"
"Julianna Barwick";"8";"12";"1272"
"Maurice Fulton";"1";"1";"6673"
"Drugface";"1";"3";"3703"
"Matthew Halsall & The Gondwana Orchestra";"1";"3";"3704"
"Bonaparte";"2";"7";"2063"
"Ill Considered";"3";"5";"2630"
"Levitation Orchestra";"1";"3";"3705"
"hiatt db";"1";"5";"2631"
"Sepalot";"2";"2";"4713"
"WOOM";"2";"2";"4714"
"Big Wild";"1";"6";"2335"
"Lukas Endhardt";"1";"1";"6674"
"I Am Oak";"1";"1";"6675"
"Cosmic Bridge";"1";"1";"6676"
"Laut & Luise";"1";"1";"6677"
"Liebe";"1";"1";"6678"
"Bastard Jazz";"1";"1";"6679"
"Amateur Exotic";"1";"1";"6680"
"Jyoti";"1";"1";"6681"
"Hannah James";"10";"10";"1528"
"feines Tier";"3";"5";"2632"
"Tripolar";"1";"2";"4715"
"Kousto";"1";"1";"6682"
"Rose Avenue";"1";"5";"2633"
"Mosley Jr";"8";"28";"510"
"Clive From Accounts";"5";"14";"1078"
"Tracey";"1";"1";"6683"
"Unhappybirthday";"1";"1";"6684"
"Andrew Ashong";"3";"5";"2634"
"Omar S";"5";"6";"2336"
"Akasha System";"7";"8";"1859"
"Molero";"7";"19";"792"
"Bandé-Gamboa";"1";"1";"6685"
"Global Communication";"1";"1";"6686"
"Seahawks";"1";"2";"4716"
"Moondog";"1";"1";"6687"
"The Heliocentrics";"6";"13";"1175"
"Avishai Cohen";"3";"9";"1675"
"J Lloyd";"6";"12";"1273"
"Howie B";"2";"3";"3706"
"CFCF";"1";"4";"3058"
"Sessa";"23";"140";"65"
"Pantha du Prince";"37";"166";"51"
"Galcher Lustwerk";"9";"18";"838"
"Barney McAll";"1";"1";"6688"
"Febueder";"2";"3";"3707"
"Surv";"1";"6";"2337"
"Snazzback";"3";"4";"3059"
"Los Days";"4";"12";"1274"
"Blonde Koala";"1";"1";"6689"
"Julian Stetter";"1";"2";"4717"
"Moon Duo";"5";"7";"2064"
"Oma";"3";"10";"1529"
"Glows";"1";"2";"4718"
"Petter Eldh";"3";"9";"1676"
"B.J. Smith";"3";"8";"1860"
"Felipe Granda";"1";"2";"4719"
"Wolfsmond";"1";"1";"6690"
"Käptn Peng";"1";"3";"3708"
"Blockhead";"4";"4";"3060"
"Red Hot Chili Peppers";"14";"18";"839"
"Sol Seppy";"1";"5";"2635"
"MC Palakata";"1";"2";"4720"
"Sunken Cages";"1";"1";"6691"
"Hedrun";"4";"12";"1275"
"Radiohead";"4";"4";"3061"
"Quin Kirchner";"1";"1";"6692"
"Tommy James & The Shondells";"1";"4";"3062"
"Jaakko Eino Kalevi";"3";"12";"1276"
"Edgar Rothermich";"1";"1";"6693"
"Lesley Gore";"1";"1";"6694"
"Daphni";"5";"15";"1006"
"Pusha T";"1";"2";"4721"
"Eddie Kendricks";"2";"2";"4722"
"Joanie Sommers";"1";"1";"6695"
"Benge";"2";"2";"4723"
"Tracy Chapman";"1";"1";"6696"
"Studio Deep";"1";"4";"3063"
"Gonzalo Bolla";"1";"1";"6697"
"Asha Puthli";"17";"31";"460"
"Danika Smith";"1";"5";"2636"
"Funkadelic";"3";"6";"2338"
"Sad City";"1";"1";"6698"
"Sixty";"1";"1";"6699"
"Boozoo Bajou";"11";"18";"840"
"somni";"1";"1";"6700"
"Wilson Tanner";"6";"17";"891"
"David Marston";"1";"1";"6701"
"Shire T";"11";"27";"529"
"Floco Floco";"1";"1";"6702"
"New Jackson";"2";"2";"4724"
"Witch";"1";"5";"2637"
"Daft Punk";"5";"5";"2638"
"walterwarm";"1";"1";"6703"
"Sofie";"6";"30";"476"
"Sweatson Klank";"16";"25";"576"
"Barış Manço";"1";"1";"6704"
"Myd";"3";"4";"3064"
"fleet.dreams";"1";"2";"4725"
"Super Mama Djombo";"1";"3";"3709"
"Aguas Ardientes";"1";"2";"4726"
"Rhodri Parry";"1";"2";"4727"
"GLOWE";"1";"1";"6705"
"KAYTRANADA";"3";"4";"3065"
"Jai Paul";"2";"2";"4728"
"Shelley Thomas";"1";"1";"6706"
"Kendrick Lamar";"15";"58";"243"
"Onra";"3";"9";"1677"
"Shanti Celeste";"5";"8";"1861"
"The Bacao Rhythm & Steel Band";"1";"1";"6707"
"Räubermukke";"1";"1";"6708"
"Mirko Loko";"4";"38";"375"
"FEATER";"5";"12";"1277"
"Sergie Rezza";"1";"10";"1530"
"Still";"1";"8";"1862"
"Takuya Yamashita";"3";"9";"1678"
"Eduardo de la Calle";"2";"7";"2065"
"Scott Ferguson";"1";"7";"2066"
"Atish";"3";"4";"3066"
"Serge Perzh";"1";"1";"6709"
"Mabel";"1";"1";"6710"
"Wincent Kunth";"2";"8";"1863"
"Rhi";"5";"11";"1399"
"Moonchild";"1";"2";"4729"
"Teeth Agency";"11";"63";"216"
"The Webb People";"1";"1";"6711"
"Aphrodite's Child";"1";"1";"6712"
"Roy Davis Jr.";"4";"10";"1531"
"Moomin";"8";"23";"638"
"Mark Slee";"1";"1";"6713"
"Pata de perro";"1";"1";"6714"
"Kevin Saunderson";"1";"4";"3067"
"Dave Aju";"2";"4";"3068"
"Green Velvet";"1";"2";"4730"
"Miracle Tones";"2";"3";"3710"
"Asa Tone";"8";"17";"892"
"Richi M";"1";"1";"6715"
"Young Franco";"5";"9";"1679"
"Cristian Monak";"1";"1";"6716"
"Maarlem";"1";"1";"6717"
"Santi De";"2";"4";"3069"
"SheBeKeke";"7";"15";"1007"
"Sir Was";"27";"91";"138"
"Lukas Lauermann";"1";"1";"6718"
"Azu Tiwaline";"5";"9";"1680"
"DNGDNGDNG";"1";"2";"4731"
"Celer";"1";"1";"6719"
"Béliz";"7";"8";"1864"
"Bside";"1";"1";"6720"
"Tiawa";"2";"2";"4732"
"Sefi Zisling";"2";"12";"1278"
"sUb_modU";"1";"1";"6721"
"Pieces of a Man";"1";"1";"6722"
"Terror Danjah";"1";"1";"6723"
"Nikitch";"17";"83";"154"
"Gawd Status";"1";"2";"4733"
"Bryony Jarman-Pinto";"32";"165";"52"
"The Alvaret Ensemble";"1";"3";"3711"
"Victoria Santa Cruz";"1";"1";"6724"
"Dj Havaiana";"1";"1";"6725"
"Master Chivero";"1";"1";"6726"
"CK Mann + Carousel 7";"1";"1";"6727"
"Soul Brothers";"1";"1";"6728"
"WheelUP";"10";"27";"530"
"Flowdan";"1";"2";"4734"
"NoNames";"1";"1";"6729"
"Hot 8 Brass Band";"1";"1";"6730"
"Marlene";"1";"1";"6731"
"Octave One";"1";"1";"6732"
"Bmg";"1";"1";"6733"
"Claude VonStroke";"1";"1";"6734"
"Delano Smith";"2";"2";"4735"
"Mr. G";"3";"5";"2639"
"Ataxia";"1";"1";"6735"
"Felbm";"10";"37";"383"
"Haruomi Hosono";"2";"12";"1279"
"Two Lone Swordsmen";"2";"4";"3070"
"Solgior";"1";"3";"3712"
"Soulful Abstraction";"1";"1";"6736"
"Kido Sheep";"1";"1";"6737"
"Skylab";"1";"4";"3071"
"The Vernon Spring";"3";"10";"1532"
"DJ Yenchy";"1";"1";"6738"
"Elkka";"15";"42";"339"
"Malin Genie";"2";"3";"3713"
"KerenDun";"1";"1";"6739"
"The Quiet Temple";"1";"1";"6740"
"Vex Ruffin";"1";"4";"3072"
"Caroline";"1";"2";"4736"
"Tamdara";"1";"1";"6741"
"Earth's Seed";"1";"1";"6742"
"Byron the Aquarius";"7";"18";"841"
"TheGrimmer";"1";"1";"6743"
"Damian Lazarus";"1";"1";"6744"
"Celeste Gomez Machado";"1";"1";"6745"
"YellowStraps";"1";"1";"6746"
"Schmieds Puls";"2";"5";"2640"
"Mumford & Sons";"5";"5";"2641"
"Ben Howard";"1";"1";"6747"
"Gisbert zu Knyphausen";"1";"1";"6748"
"Bon Iver";"4";"5";"2642"
"Mine";"2";"2";"4737"
"AnnenMayKantereit";"2";"2";"4738"
"Alicia Edelweiss";"9";"10";"1533"
"Lisa Hannigan";"11";"24";"602"
"Moby";"3";"4";"3073"
"Hologram Teen";"3";"14";"1079"
"Martin Green";"1";"1";"6749"
"Gaye Su Akyol";"1";"1";"6750"
"Viktor Marek";"1";"8";"1865"
"Sun Ra Arkestra";"1";"1";"6751"
"Afriqua";"1";"1";"6752"
"Luke Vibert";"4";"7";"2067"
"Arvo Pärt";"3";"5";"2643"
"trndmsk";"3";"3";"3714"
"Skee Mask";"1";"1";"6753"
"Shida Shahabi";"3";"17";"893"
"Coladera";"8";"9";"1681"
"Aquiles Navarro";"1";"6";"2339"
"Amir Bresler";"2";"3";"3715"
"Steve Hiett";"3";"5";"2644"
"79.5";"2";"3";"3716"
"The Orb";"2";"2";"4739"
"Absolute.";"1";"1";"6754"
"Swamimillion";"1";"1";"6755"
"Corben";"1";"1";"6756"
"Machinedrum";"1";"1";"6757"
"Giuseppe Martucci";"2";"9";"1682"
"Johannes Brahms";"7";"29";"490"
"Qnete";"1";"5";"2645"
"Brijean";"5";"14";"1080"
"Iron Curtis";"2";"5";"2646"
"The Gaslamp Killer";"20";"37";"384"
"Rob Mazurek";"1";"2";"4740"
"Kush Jones";"1";"5";"2647"
"Beatprods";"1";"2";"4741"
"Mark Hawkins";"3";"8";"1866"
"Bjarki";"3";"5";"2648"
"Ultraísta";"2";"7";"2068"
"Janko Nilovic";"6";"14";"1081"
"Bantey";"1";"1";"6758"
"Dougie Stu";"3";"3";"3717"
"Dan Shake";"2";"7";"2069"
"Local Artist";"3";"8";"1867"
"Sol Monk";"1";"3";"3718"
"Kahil El'Zabar";"5";"10";"1534"
"STR4TA";"3";"7";"2070"
"Evelyn ""Champagne"" King";"1";"6";"2340"
"Charles Webster";"2";"23";"639"
"arp Frique";"6";"45";"315"
"Kraak & Smaak";"7";"11";"1400"
"Lee Mcdonald";"1";"11";"1401"
"Porij";"3";"6";"2341"
"Yin Yin";"16";"44";"321"
"Black Nile";"1";"1";"6759"
"Adult Fiction";"1";"1";"6760"
"Kelly Moran";"2";"3";"3719"
"okvsho";"31";"278";"16"
"Forest Drive West";"1";"2";"4742"
"Minor Science";"1";"1";"6761"
"Maya Jane Coles";"1";"1";"6762"
"Ronald Langestraat";"11";"24";"603"
"Linkwood Family";"1";"18";"842"
"Xique-Xique";"12";"39";"367"
"Alton McClain & Destiny";"1";"4";"3074"
"Dodô Da Bahia & As Virgens De Porto Seguro";"1";"4";"3075"
"Linkwood";"9";"19";"793"
"SPAZA";"2";"3";"3720"
"Kate NV";"1";"12";"1280"
"Musclecars";"14";"70";"190"
"AceMoMa";"1";"1";"6763"
"Malka Tuti";"1";"1";"6764"
"Mixed Signals";"1";"3";"3721"
"H.Takahashi";"4";"5";"2649"
"Fabrizio Paterlini";"16";"23";"640"
"&lez";"1";"2";"4743"
"Jeff Parker";"11";"13";"1176"
"Girls in Airports";"6";"15";"1008"
"Henri Guédon";"9";"9";"1683"
"A Grape Dope";"1";"2";"4744"
"TRANS-4M";"1";"1";"6765"
"Fudge Fingas";"2";"7";"2071"
"The Complainers";"1";"1";"6766"
"The Gap Band";"2";"4";"3076"
"Four Hands";"1";"1";"6767"
"The Velvet Circle";"1";"4";"3077"
"Mount Obsidian";"2";"7";"2072"
"Rebolledo";"1";"3";"3722"
"Fantastic Twins";"2";"5";"2650"
"Gen Pop";"1";"3";"3723"
"Paulor";"2";"5";"2651"
"Lake Turner";"1";"2";"4745"
"The Novotones";"2";"5";"2652"
"Pluramon";"1";"2";"4746"
"Cesária Évora";"2";"3";"3724"
"Rainbow Team";"2";"4";"3078"
"Odyssey";"1";"5";"2653"
"Eko";"1";"4";"3079"
"Banda Black Rio";"3";"24";"604"
"Greg Fox";"4";"4";"3080"
"Afrik Bawantu";"2";"2";"4747"
"Delight";"1";"2";"4748"
"Uptown Funk Empire";"1";"5";"2654"
"Potatohead People";"5";"12";"1281"
"Katerine";"1";"1";"6768"
"The 9th Creation";"1";"1";"6769"
"B.B. & Q. Band";"1";"1";"6770"
"Leo Brouwer";"1";"1";"6771"
"Kimosabe";"1";"1";"6772"
"Kalabrese";"2";"10";"1535"
"Evgeny KoTT";"1";"1";"6773"
"Michael Mayer";"3";"6";"2342"
"Bato Bato";"10";"10";"1536"
"Michael Price";"1";"8";"1868"
"David Allred";"2";"19";"794"
"Thelonious Monk";"23";"30";"477"
"Jan Johansson";"2";"10";"1537"
"Niklas Paschburg";"5";"54";"263"
"Greg Haines";"1";"4";"3081"
"Anouar Brahem";"1";"8";"1869"
"坂本龍一";"9";"16";"953"
"Goldmund";"4";"20";"744"
"Hania Rani";"14";"44";"322"
"Anne Müller";"2";"5";"2655"
"Valeska Rautenberg";"2";"23";"641"
"Deaf Center";"3";"17";"894"
"Balmorhea";"2";"24";"605"
"Jacob Pavek";"2";"15";"1009"
"Federico Albanese";"4";"13";"1177"
"Khyaam Haque";"1";"4";"3082"
"Meredith Monk";"2";"7";"2073"
"Brambles";"2";"9";"1684"
"Oded Tzur";"1";"5";"2656"
"Eluvium";"4";"9";"1685"
"Luke Howard";"6";"14";"1082"
"Mal Waldron";"2";"17";"895"
"Jóhann Jóhannsson";"8";"18";"843"
"Alice Baldwin";"1";"4";"3083"
"Frances Shelley";"1";"7";"2074"
"Alva Noto";"2";"5";"2657"
"Roedelius";"3";"16";"954"
"Malakoff Kowalski";"2";"14";"1083"
"Rachel Grimes";"1";"7";"2075"
"Alexandra Hamilton-Ayres";"2";"25";"577"
"Ketil Bjørnstad";"1";"8";"1870"
"Tigran Hamasyan";"2";"15";"1010"
"Enrique Granados";"1";"4";"3084"
"Carlos Cipa";"5";"10";"1538"
"CABO VERDE BAND";"1";"4";"3085"
"Cabo Verde Show";"1";"2";"4749"
"Vlu";"1";"2";"4750"
"Matthew Bourne";"1";"5";"2658"
"Erik Satie";"2";"7";"2076"
"Dustin O'Halloran";"21";"69";"196"
"Paul Bley";"1";"3";"3725"
"Beats In Space";"1";"2";"4751"
"Light of the World";"4";"8";"1871"
"Galaxia 2000";"1";"1";"6774"
"Mendes & Mendes";"1";"3";"3726"
"Danny Carvalho";"1";"1";"6775"
"Mendes";"1";"1";"6776"
"Zeca & Zeze Di Nha Reinalda";"1";"1";"6777"
"Surprise Chef";"22";"96";"121"
"upsammy";"2";"7";"2077"
"Terrapin";"1";"2";"4752"
"The Modernist";"1";"7";"2078"
"burger/ink";"1";"2";"4753"
"COLOGNE TAPE";"1";"3";"3727"
"Moon Roq";"1";"1";"6778"
"Locked Groove";"1";"1";"6779"
"Bill Coday";"1";"1";"6780"
"P.Cock";"1";"1";"6781"
"Martha Wash";"1";"4";"3086"
"Rose Royce";"1";"1";"6782"
"Stacey";"1";"1";"6783"
"Bootsy Collins";"1";"1";"6784"
"Hypnotic Brass Ensemble";"4";"8";"1872"
"Slow Meadow";"4";"18";"844"
"Yann Tiersen";"2";"4";"3087"
"Lubomyr Melnyk";"2";"8";"1873"
"Snorri Hallgrímsson";"1";"6";"2343"
"Tiny Leaves";"1";"16";"955"
"Ben Frost";"1";"4";"3088"
"Sophie Hutchings";"1";"3";"3728"
"Valgeir Sigurðsson";"1";"3";"3729"
"Ed Ed";"1";"2";"4754"
"Kelpe";"3";"3";"3730"
"Mei River";"1";"1";"6785"
"Jon Gurd";"1";"1";"6786"
"HYENAH";"1";"1";"6787"
"Twenty Committee";"1";"1";"6788"
"Zwanie Jonson";"1";"1";"6789"
"123 Mixtape";"1";"4";"3089"
"SLV";"1";"2";"4755"
"Paul Frick";"1";"1";"6790"
"Hieroglyphic Being and The Configurative or Modular ME Trio";"1";"2";"4756"
"SELLING";"1";"2";"4757"
"Marc Bianco";"2";"10";"1539"
"George Michael";"1";"2";"4758"
"Shake";"2";"5";"2659"
"Roger Eno";"27";"397";"6"
"El Remolón";"2";"6";"2344"
"Brin";"1";"1";"6791"
"The Golden Islands";"3";"4";"3090"
"Group Listening";"3";"10";"1540"
"Mollis";"1";"1";"6792"
"Mort Garson";"1";"1";"6793"
"Guustavv";"1";"1";"6794"
"Arbour";"1";"1";"6795"
"Alaskan Tapes";"1";"1";"6796"
"The Hardy Tree";"1";"1";"6797"
"A Lily";"1";"1";"6798"
"Louie Zong";"1";"1";"6799"
"NoDes";"1";"2";"4759"
"Aeromancias";"1";"2";"4760"
"Room7";"1";"1";"6800"
"Jeanette ""Lady"" Day";"1";"6";"2345"
"Uppers Chapter 2";"1";"6";"2346"
"Topo Bandido";"1";"1";"6801"
"Santiago Navas";"1";"1";"6802"
"H2O";"2";"3";"3731"
"Montuno";"1";"1";"6803"
"Mente Orgánica";"2";"2";"4761"
"HTRK";"3";"5";"2660"
"Wa Wu We";"1";"1";"6804"
"Bvdub";"2";"2";"4762"
"Library Tapes";"1";"1";"6805"
"Brett Naucke";"1";"2";"4763"
"Burial";"4";"23";"642"
"Brooklyn Raga Massive";"1";"1";"6806"
"Cédric Stevens";"1";"1";"6807"
"Ludovico Einaudi";"3";"4";"3091"
"Timo Andres";"1";"1";"6808"
"Sokif";"1";"1";"6809"
"John Metcalfe";"1";"1";"6810"
"Masayoshi Fujita";"4";"6";"2347"
"High Plains";"1";"1";"6811"
"Blair French";"1";"1";"6812"
"Caroline Shaw";"1";"1";"6813"
"Justin Walter";"1";"1";"6814"
"The Dead Texan";"1";"1";"6815"
"Dalot";"1";"1";"6816"
"Ken Camden";"1";"1";"6817"
"Kenneth James Gibson";"1";"1";"6818"
"James K";"2";"3";"3732"
"Konntinent";"1";"1";"6819"
"Mayan Warrior";"1";"8";"1874"
"Jockstrap";"1";"1";"6820"
"Röyksopp";"1";"1";"6821"
"Fatoumata Diawara";"2";"6";"2348"
"Get a Room!";"1";"1";"6822"
"Woods";"1";"2";"4764"
"The Soft Pink Truth";"17";"34";"414"
"Keeley Forsyth";"1";"1";"6823"
"Rupa";"1";"3";"3733"
"Prefab Sprout";"1";"1";"6824"
"Greg Foat";"14";"24";"606"
"Devadip Carlos Santana";"1";"5";"2661"
"Brilliantes del Vuelo";"1";"16";"956"
"Kelly Doyle";"1";"11";"1402"
"Sanullim";"1";"4";"3092"
"Maxwell Udoh";"1";"3";"3734"
"David Marez";"1";"3";"3735"
"Gerald Lee";"1";"3";"3736"
"Justine & The Victorian Punks";"1";"2";"4765"
"George Yagani";"1";"1";"6825"
"Pesniary";"1";"1";"6826"
"Paloma San Basilio";"1";"2";"4766"
"The Roha Band";"1";"7";"2079"
"Tierney Malone";"1";"18";"845"
"Kruder & Dorfmeister";"19";"70";"191"
"Tourist";"1";"1";"6827"
"515 Connection";"2";"3";"3737"
"Håkon Kornstad";"1";"4";"3093"
"Nonkeen";"3";"12";"1282"
"Stars of the Lid";"2";"3";"3738"
"The Gentleman Losers";"2";"3";"3739"
"Bell Orchestre";"2";"3";"3740"
"David Darling";"1";"1";"6828"
"Thomas Adès";"1";"1";"6829"
"Björn Meyer";"1";"2";"4767"
"David Behrman";"1";"2";"4768"
"Christina Vantzou";"3";"4";"3094"
"Eivind Aarset";"1";"1";"6830"
"Валентин Васильович Сильвестров";"1";"1";"6831"
"Julia Holter";"1";"1";"6832"
"Mogwai";"1";"1";"6833"
"Nail";"1";"21";"710"
"Beth";"1";"1";"6834"
"Gregory Oberle";"1";"1";"6835"
"Stian Jarrell";"1";"1";"6836"
"Chad Lawson";"4";"6";"2349"
"Lillith Love";"1";"2";"4769"
"Wolfgang Hesse";"2";"3";"3741"
"Michiko Mullins";"2";"2";"4770"
"Hak Huyun Lee";"2";"5";"2662"
"Manny Heights";"2";"3";"3742"
"Sasha Cohn";"1";"2";"4771"
"Rhett Week";"2";"3";"3743"
"Jules Amaro";"2";"2";"4772"
"Brad Jacobsen";"1";"1";"6837"
"Ken Dorset";"1";"1";"6838"
"Pietra Costa";"1";"1";"6839"
"Milos Foreman";"1";"1";"6840"
"Emma Shynes";"1";"2";"4773"
"Amy Yeager";"1";"1";"6841"
"John Bladh";"3";"3";"3744"
"Sabine Moncler";"1";"1";"6842"
"Tony Austero";"1";"1";"6843"
"Meghan Summers";"1";"1";"6844"
"Brandon Mills";"1";"1";"6845"
"Damian Syslo";"1";"1";"6846"
"Mira Sorentido";"1";"2";"4774"
"Kevin Duncan";"1";"1";"6847"
"Stephan Moccio";"7";"8";"1875"
"Marvin Simmons";"1";"1";"6848"
"Chris Beard";"1";"2";"4775"
"Dan Evmark";"1";"1";"6849"
"The Jungle Giants";"1";"1";"6850"
"Teebs";"15";"48";"299"
"The Kinks";"7";"7";"2080"
"Tulioxi";"1";"1";"6851"
"Hélène Vogelsinger";"13";"33";"427"
"Mykola Dmytrovych Leontovych";"2";"3";"3745"
"Eagles";"1";"3";"3746"
"Tony Deans";"1";"1";"6852"
"Faye Mosley";"1";"1";"6853"
"Wendy Salisbury";"1";"1";"6854"
"Amy Soonyoung";"1";"1";"6855"
"Sonny Beckerlee";"1";"1";"6856"
"Jason Starman";"1";"1";"6857"
"Lori Mechem";"1";"1";"6858"
"Grayville Trio";"1";"1";"6859"
"William Chu";"1";"1";"6860"
"Charlie James-Walker";"1";"1";"6861"
"John Fulford Music";"1";"1";"6862"
"Denis Solee";"1";"1";"6863"
"Mother's Daughter";"1";"1";"6864"
"The Mayries";"1";"1";"6865"
"The Barr Brothers";"1";"1";"6866"
"Wood Star Lane";"1";"1";"6867"
"Blitzen Trapper";"1";"1";"6868"
"Boom Forest";"1";"1";"6869"
"Eels";"1";"1";"6870"
"Sufjan Stevens";"2";"2";"4776"
"HAIM";"1";"1";"6871"
"Fleet Foxes";"1";"1";"6872"
"Kacey Musgraves";"1";"1";"6873"
"Phoebe Bridgers";"2";"2";"4777"
"The Shins";"1";"1";"6874"
"This Is the Kit";"2";"2";"4778"
"The Staves";"1";"1";"6875"
"Willie J Healey";"1";"1";"6876"
"Feet";"1";"1";"6877"
"Julia Jacklin";"1";"1";"6878"
"Sam Fender";"1";"1";"6879"
"Marinelli";"1";"1";"6880"
"Red Bull Studios Paris";"1";"5";"2663"
"NÉRIJA";"1";"1";"6881"
"Fact Magazine";"3";"3";"3747"
"Tom & Jerry";"1";"18";"846"
"Eg";"2";"6";"2350"
"Meat Beat Manifesto";"1";"11";"1403"
"Phil Moffa";"1";"10";"1541"
"Beny Moré";"1";"9";"1686"
"Roni Size";"2";"3";"3748"
"Eden Burns";"1";"17";"896"
"Bambounou";"1";"13";"1178"
"Gidge";"5";"9";"1687"
"The Avalanches";"10";"13";"1179"
"Clubcruise Music";"1";"1";"6882"
"Ransom Note";"2";"9";"1688"
"AIAIAI.AUDIO";"2";"3";"3749"
"Bolting Bits";"1";"6";"2351"
"Ulla";"1";"1";"6883"
"Rodríguez";"9";"29";"491"
"Michael Dues";"3";"17";"897"
"Linda Perhacs";"1";"19";"795"
"Rare Affair";"1";"1";"6884"
"Tyrone Davis";"1";"1";"6885"
"Andy Shauf";"2";"2";"4779"
"Tal der Verwirrung";"3";"3";"3750"
"Heimlich Musik";"2";"2";"4780"
"Tom Ashbrook";"1";"1";"6886"
"Dal";"3";"8";"1876"
"Laura Misch";"12";"33";"428"
"Max Pope";"1";"1";"6887"
"Szymon";"7";"38";"376"
"Leisure";"2";"21";"711"
"Ariana Popal";"1";"1";"6888"
"Illnoledge";"3";"8";"1877"
"Baby's Berserk";"2";"3";"3751"
"palazzi d'oriente";"1";"1";"6889"
"H ZETTRIO";"1";"2";"4781"
"Yellowjackets";"1";"1";"6890"
"NTHNG";"2";"18";"847"
"Eddie Chacon";"9";"22";"679"
"Project Sound";"2";"2";"4782"
"RM Project";"2";"2";"4783"
"Y U QT";"2";"2";"4784"
"CZR";"2";"2";"4785"
"D'Menace";"2";"2";"4786"
"DHS";"1";"1";"6891"
"Casino Times";"1";"1";"6892"
"fLako";"2";"4";"3095"
"Kevin Harrison";"1";"2";"4787"
"Valentina";"1";"2";"4788"
"Whatever";"1";"3";"3752"
"Jorge Velez";"1";"1";"6893"
"Christophe!";"1";"1";"6894"
"Matthias Zimmerman";"1";"1";"6895"
"Kill Emil";"9";"11";"1404"
"Millenium";"1";"1";"6896"
"Kenny Glasgow";"1";"3";"3753"
"Kathy Stack";"1";"1";"6897"
"Greg Sonnleitner";"1";"1";"6898"
"Nathan Perkins Band";"1";"1";"6899"
"Crossection";"1";"1";"6900"
"3 Winans Brothers";"1";"12";"1283"
"City People";"1";"1";"6901"
"Maurizio";"2";"4";"3096"
"Son Mieux";"1";"1";"6902"
"Flavio Apicella";"1";"1";"6903"
"Sophie Ronstadt";"1";"1";"6904"
"Carrie Lucas";"1";"1";"6905"
"Gladys Knight & The Pips";"2";"2";"4789"
"Jackie Wilson";"1";"2";"4790"
"Jerry Lee Lewis";"1";"1";"6906"
"Leon Bridges";"2";"3";"3754"
"The Shirelles";"1";"2";"4791"
"Martha Reeves & The Vandellas";"1";"1";"6907"
"Nazia Hassan";"1";"4";"3097"
"Gotts Street Park";"5";"17";"898"
"Rhye";"2";"3";"3755"
"Arlo Parks";"1";"2";"4792"
"Alice Phoebe Lou";"1";"2";"4793"
"LCD Soundsystem";"2";"2";"4794"
"Kurt Harman Project";"1";"1";"6908"
"Art Alfie";"3";"14";"1084"
"Jack Tennis";"1";"1";"6909"
"Hugh Masekela";"1";"1";"6910"
"Ronn Matlock";"1";"1";"6911"
"Dr. Jeffrey Thompson";"1";"2";"4795"
"Barry White";"1";"1";"6912"
"Ahmed Fakroun";"1";"1";"6913"
"h hunt";"6";"16";"957"
"Gaussian Curve";"6";"11";"1405"
"Saint Saviour";"1";"3";"3756"
"Rymden";"1";"19";"796"
"For Those I Love";"1";"7";"2081"
"Holy Other";"3";"10";"1542"
"Lapola Kalu";"1";"1";"6914"
"Khotin";"10";"24";"607"
"John Carroll Kirby";"14";"20";"745"
"Patricia Brennan";"1";"1";"6915"
"Cucina Povera";"1";"36";"395"
"SQÜRL";"1";"1";"6916"
"Junction 2";"1";"1";"6917"
"Soul Capsule";"1";"16";"958"
"Studio Mule";"1";"12";"1284"
"Justo Betancourt";"1";"3";"3757"
"Lavan";"1";"1";"6918"
"Joe Cleen";"1";"2";"4796"
"Carlo";"2";"3";"3758"
"Philippa";"2";"6";"2352"
"Felipe Gordon";"28";"101";"110"
"Gayle Adams";"1";"1";"6919"
"SØNIN";"1";"1";"6920"
"Signal";"2";"5";"2664"
"Jenny Hval";"1";"1";"6921"
"Dalai Lama";"1";"2";"4797"
"Miguel Atwood-Ferguson";"10";"18";"848"
"To Rococo Rot";"1";"3";"3759"
"Hainbach";"1";"1";"6922"
"Dario Marianelli";"1";"1";"6923"
"Luke Slater";"1";"9";"1689"
"L.B. Dub Corp";"1";"1";"6924"
"Valerie Allington";"1";"15";"1011"
"Lime";"1";"2";"4798"
"Yazoo";"1";"1";"6925"
"Electric Mind";"1";"1";"6926"
"SYCUM";"1";"6";"2353"
"Rufus";"1";"4";"3098"
"Lost Village";"1";"3";"3760"
"Baxter Dury";"2";"3";"3761"
"Keimzelle Blau";"1";"1";"6927"
"ADMAS";"3";"33";"429"
"Alabaster Deplume";"8";"19";"797"
"The Sweet Enoughs";"7";"24";"608"
"Godtet";"10";"25";"578"
"Holy Hive";"6";"25";"579"
"Andrew Wasylyk";"4";"7";"2082"
"Orions Belte";"13";"39";"368"
"El Rego";"1";"4";"3099"
"Barulinho";"4";"4";"3100"
"Ghonnas Pedro And His Dadjes Band";"1";"3";"3762"
"Ours Samplus";"66";"324";"11"
"The Cancel";"4";"13";"1180"
"Boogie Belgique";"5";"5";"2665"
"El Jazzy Chavo";"1";"1";"6928"
"Poldoore";"4";"4";"3101"
"Moderator";"4";"16";"959"
"The Architect";"11";"76";"169"
"Ancient Astronauts";"9";"15";"1012"
"Degiheugi";"4";"6";"2354"
"Hugo Kant";"3";"4";"3102"
"Smokedbeat";"1";"1";"6929"
"Mononome";"2";"2";"4799"
"Eddie Floyd";"1";"1";"6930"
"Roy Orbison";"1";"1";"6931"
"Otis Redding";"2";"2";"4800"
"The Beach Boys";"4";"4";"3103"
"The Silhouettes";"1";"1";"6932"
"Ray Charles";"2";"2";"4801"
"The Isley Brothers";"1";"1";"6933"
"The Impressions";"1";"1";"6934"
"Fats Domino";"1";"1";"6935"
"Sam Cooke";"1";"1";"6936"
"Clarence ""Frogman"" Henry";"1";"1";"6937"
"Little Richard";"1";"1";"6938"
"Smokey Robinson and The Miracles";"1";"1";"6939"
"Shannon and the Clams";"1";"1";"6940"
"Teddy Mike";"1";"1";"6941"
"Pink Rhythm";"1";"1";"6942"
"Golden Retriever";"2";"3";"3763"
"James Heather";"2";"2";"4802"
"Solomon Grey";"1";"2";"4803"
"Jon Brion";"1";"2";"4804"
"Paradise Cinema";"7";"12";"1285"
"Monte";"3";"4";"3104"
"De Juepuchas";"1";"2";"4805"
"The Garifuna Collective";"1";"4";"3105"
"Terror/Cactus";"1";"1";"6943"
"Coco";"3";"17";"899"
"Morgan Dope";"1";"1";"6944"
"LeVold";"1";"1";"6945"
"Deep Ändi";"1";"1";"6946"
"Xaman";"1";"1";"6947"
"RASAR";"1";"1";"6948"
"Skúli Sverrisson";"3";"24";"609"
"Sarah Tandy";"1";"1";"6949"
"Bobby Wright";"1";"2";"4806"
"Sordid Sound System";"1";"1";"6950"
"Kate Tempest";"1";"1";"6951"
"Jack Essek Project";"1";"1";"6952"
"CC:DISCO!";"2";"2";"4807"
"KIMCHI records";"1";"1";"6953"
"Lemon Jelly";"1";"1";"6954"
"Mark McGuire";"15";"70";"192"
"Jefre Cantu-Ledesma";"2";"2";"4808"
"Catrin Finch";"7";"20";"746"
"OG Keemo";"26";"51";"283"
"Peter Richard";"2";"18";"849"
"Lipps, Inc.";"1";"2";"4809"
"Arrangement";"3";"13";"1181"
"Masumi Hara";"1";"1";"6955"
"Ascending Wave";"2";"13";"1182"
"Yoshio Ojima";"1";"2";"4810"
"Grouper";"2";"4";"3106"
"Satoshi & Makoto";"3";"8";"1878"
"Aaaron";"1";"1";"6956"
"Elliot Adamson";"1";"3";"3764"
"Vladimir Dubyshkin";"1";"2";"4811"
"Pilou";"1";"1";"6957"
"Dominik Eulberg";"1";"1";"6958"
"JUANITA'S NYC";"1";"1";"6959"
"Emerson Kitamura";"2";"5";"2666"
"jane fitz";"1";"1";"6960"
"A.R.T. Wilson";"7";"15";"1013"
"Deep House Moscow";"1";"1";"6961"
"Sweet Music";"1";"1";"6962"
"Dance in Chaos";"2";"3";"3765"
"Fine Young Cannibals";"1";"2";"4812"
"Schatrax";"1";"4";"3107"
"Vicky Montefusco";"1";"4";"3108"
"Novalima";"6";"17";"900"
"Biomigrant";"5";"19";"798"
"Honcho";"1";"2";"4813"
"THE TAKE VIBE E.P.";"1";"2";"4814"
"Mette Henriette";"1";"1";"6963"
"Wandl";"1";"1";"6964"
"Hikaru Hayashi";"1";"1";"6965"
"Praktika";"1";"17";"901"
"SlothBoogie";"1";"1";"6966"
"Serenity Music Zone";"1";"1";"6967"
"Soukouss Ta: African Drums and Music";"1";"1";"6968"
"The Bobby Hamilton Quintet Unlimited";"1";"1";"6969"
"Florence + the Machine";"1";"1";"6970"
"Romy";"2";"2";"4815"
"Underspreche";"1";"1";"6971"
"Angus MacRae";"2";"3";"3766"
"Helios";"1";"1";"6972"
"Matt Stewart-Evans";"1";"1";"6973"
"Ola Gjeilo";"1";"1";"6974"
"Dirk Maassen";"1";"1";"6975"
"Patrick Watson";"3";"3";"3767"
"Sophie Hunger";"1";"1";"6976"
"Erlend Øye";"2";"2";"4816"
"Sébastien Tellier";"2";"3";"3768"
"Flavien Berger";"3";"15";"1014"
"Feu! Chatterton";"1";"1";"6977"
"Limonadier";"1";"1";"6978"
"Midnight City";"1";"1";"6979"
"Mark E";"2";"11";"1406"
"A Certain Ratio";"1";"2";"4817"
"Rudi Stöher";"3";"12";"1286"
"Myele Manzanza";"4";"14";"1085"
"Anna Ternheim";"1";"1";"6980"
"BLVK INFINITE";"1";"1";"6981"
"Ftp";"1";"1";"6982"
"Mawimbi";"1";"1";"6983"
"Balamii";"6";"13";"1183"
"Pat Metheny Group";"1";"1";"6984"
"TRAX MAGAZINE";"1";"2";"4818"
"P'tit Belliveau";"1";"11";"1407"
"Disclosure";"4";"17";"902"
"Adrian Younge";"10";"17";"903"
"Hermanos Gutierrez";"4";"6";"2355"
"Rainer Scheurenbrand";"1";"1";"6985"
"Day Fly";"1";"2";"4819"
"Daniel Casimir";"1";"1";"6986"
"Jungle Kitchen";"1";"1";"6987"
"Matthew E. White";"5";"16";"960"
"Fumio Itabashi";"1";"12";"1287"
"Castello Branco";"10";"23";"643"
"Chick Corea";"1";"18";"850"
"Valentin Silvestrov";"1";"13";"1184"
"Mary Lou Williams";"6";"33";"430"
"Maurice Ravel";"3";"21";"712"
"Anna Phoebe";"1";"12";"1288"
"Dmitry Evgrafov";"1";"12";"1289"
"Jan Garbarek";"1";"14";"1086"
"Mal Waldron Trio";"1";"12";"1290"
"Thomas Bartlett";"1";"11";"1408"
"Vijay Iyer";"1";"10";"1543"
"Büşra Kayıkçı";"1";"10";"1544"
"Gary Burton";"1";"14";"1087"
"Carla Bley";"1";"9";"1690"
"Makiko Hirabayashi";"1";"7";"2083"
"Ceeys";"1";"11";"1409"
"Hélène Grimaud";"1";"8";"1879"
"Illuminine";"2";"9";"1691"
"Toshiko Akiyoshi";"4";"28";"511"
"Wolfgang Amadeus Mozart";"39";"114";"91"
"Jean-Philippe Rameau";"1";"8";"1880"
"Paul Bley Trio";"1";"7";"2084"
"Kapiton Neklyudov";"1";"8";"1881"
"Paula Präktig";"1";"9";"1692"
"Robert Schumann";"1";"7";"2085"
"Grace Ferguson";"1";"14";"1088"
"avem";"11";"28";"512"
"Wide Awake";"2";"5";"2667"
"Johannes Ton";"1";"1";"6988"
"Ape Chimba";"2";"16";"961"
"tebra";"3";"3";"3769"
"Groove Armada";"2";"4";"3109"
"ELAINE & ELLEN";"1";"1";"6989"
"Ahzumjot";"1";"2";"4820"
"Perdurabo";"1";"21";"713"
"Zukunft";"1";"1";"6990"
"Digitonal";"1";"1";"6991"
"Marconi Union";"1";"1";"6992"
"Luca Longobardi";"1";"1";"6993"
"Dear Gravity";"1";"1";"6994"
"Rob Lewis";"1";"1";"6995"
"Chris Coco";"1";"1";"6996"
"Odeko";"1";"1";"6997"
"Joe Alexander Shepherd";"1";"1";"6998"
"Francisco Sonur";"1";"1";"6999"
"nami sato";"1";"1";"7000"
"Jonathan S Griff";"1";"1";"7001"
"Still-Life";"1";"1";"7002"
"The Ambient Zone";"1";"1";"7003"
"Shamanic Catharsis";"1";"1";"7004"
"Golden Panda";"1";"1";"7005"
"LFO";"1";"1";"7006"
"Albinos";"1";"1";"7007"
"Asa-Chang & 巡礼";"1";"1";"7008"
"Deutsche Wertarbeit";"1";"1";"7009"
"Richard H. Kirk";"2";"8";"1882"
"Visnadi";"2";"2";"4821"
"BeYond Collective";"1";"1";"7010"
"Fuego 77";"1";"2";"4822"
"Frankie Dante Cerda";"1";"1";"7011"
"GROOVE Magazin";"1";"1";"7012"
"Joe Bataan";"4";"4";"3110"
"Ray Barretto";"2";"2";"4823"
"Jungle Fire";"2";"2";"4824"
"whiskey barons";"1";"1";"7013"
"Víkingur Ólafsson";"2";"11";"1410"
"Joel Pike";"1";"7";"2086"
"Muhal Richard Abrams";"2";"25";"580"
"Morton Feldman";"1";"9";"1693"
"Tord Gustavsen Trio";"1";"10";"1545"
"Lil Hardin Armstrong";"1";"11";"1411"
"Naoko Sakata";"1";"7";"2087"
"Esbjörn Svensson Trio";"1";"11";"1412"
"Denial";"1";"9";"1694"
"William Orbit";"1";"7";"2088"
"Sassy J";"1";"1";"7014"
"Minitel";"1";"1";"7015"
"Drew Gragg";"1";"6";"2356"
"Josey Rebelle";"1";"1";"7016"
"DJ Marcelle";"1";"2";"4825"
"AFRODEUTSCHE";"1";"2";"4826"
"Fotomachine";"1";"2";"4827"
"Brassfoot";"1";"2";"4828"
"Automation";"1";"2";"4829"
"Reggie Dokes";"1";"1";"7017"
"Herr Jan";"1";"1";"7018"
"Pastor Leumund";"1";"1";"7019"
"Falle Nioke";"9";"62";"221"
"JUNIOR EXECUTIVE";"1";"2";"4830"
"Mickey Hart";"1";"18";"851"
"Gman";"1";"2";"4831"
"Foremost Poets";"1";"1";"7020"
"Popnoname";"1";"2";"4832"
"Midnight Magic";"2";"35";"405"
"Mathias Modica";"3";"3";"3770"
"Afterhour Sounds";"1";"2";"4833"
"Mr. Turner";"1";"1";"7021"
"Dave Clarke";"1";"1";"7022"
"Nasty Habits";"1";"1";"7023"
"Humate";"1";"1";"7024"
"LSB";"1";"1";"7025"
"Plunky";"1";"12";"1291"
"Nana Adjoa";"1";"1";"7026"
"Krishna Das";"1";"2";"4834"
"Deuter";"1";"1";"7027"
"Craig Pruess and Ananda";"2";"2";"4835"
"MC Yogi";"1";"2";"4836"
"Wah!";"1";"2";"4837"
"Sacred Earth";"1";"1";"7028"
"Jane Winther";"1";"1";"7029"
"Ty Burhoe";"1";"1";"7030"
"Meditative Mind";"1";"1";"7031"
"Ajeet";"1";"1";"7032"
"Matteo Silva";"1";"1";"7033"
"Todd Norian";"1";"1";"7034"
"Jai Uttal";"1";"1";"7035"
"Giselle World";"1";"17";"904"
"Charlie Hunter";"2";"2";"4838"
"Cinnaman";"5";"7";"2089"
"Uschi Classen";"1";"1";"7036"
"Qrion";"1";"2";"4839"
"Erosion Flow";"1";"1";"7037"
"Lianne La Havas";"1";"1";"7038"
"Sandra Bernardo";"3";"4";"3111"
"The Limiñanas";"1";"1";"7039"
"The Polish Ambassador";"1";"1";"7040"
"João Donato";"1";"1";"7041"
"Viggo Dyst";"1";"1";"7042"
"Two Another";"2";"4";"3112"
"Bronson";"2";"4";"3113"
"Gregor Salto";"1";"1";"7043"
"Keith Kirchoff";"1";"1";"7044"
"Aged in Harmony";"5";"19";"799"
"Glass Beams";"10";"47";"307"
"Atmosfear";"2";"5";"2668"
"Universal Togetherness Band";"4";"15";"1015"
"Royale";"1";"1";"7045"
"Don Blackman";"2";"4";"3114"
"Aeroplane";"1";"22";"680"
"Gümix";"1";"1";"7046"
"Mustard";"1";"9";"1695"
"Sotomayor";"1";"17";"905"
"Anka Foh";"4";"32";"442"
"DGTL";"1";"3";"3771"
"Long Island Sound";"8";"32";"443"
"Colors In Waves";"1";"1";"7047"
"Västlänken";"1";"10";"1546"
"Jose Neil Gomes";"1";"2";"4840"
"Pascal Schumacher";"1";"1";"7048"
"･ ･－･ ･－ ･･･ ･ －･･";"1";"1";"7049"
"Gregoire Maret";"1";"1";"7050"
"Mali Music";"16";"71";"185"
"Seba Campos";"2";"5";"2669"
"DJ Motion";"1";"5";"2670"
"Teleplasmiste";"1";"1";"7051"
"Montoya";"5";"18";"852"
"&ME";"10";"51";"284"
"Yelfris Valdés";"1";"1";"7052"
"Marteria";"1";"5";"2671"
"Robert Lamm";"1";"1";"7053"
"Pete Rock";"3";"10";"1547"
"Guy Gerber";"1";"1";"7054"
"Hoogen";"1";"1";"7055"
"invrs";"7";"7";"2090"
"Pagany";"1";"1";"7056"
"X-101";"1";"2";"4841"
"Circoloco";"1";"3";"3772"
"Teaspoon";"1";"2";"4842"
"Slauson Malone";"1";"3";"3773"
"Ry Cooder";"1";"1";"7057"
"Kosheen";"1";"1";"7058"
"Aaron Diehl";"1";"1";"7059"
"Gabriels";"3";"21";"714"
"Martin Kohlstedt";"1";"1";"7060"
"Dario Lessing";"1";"1";"7061"
"The Black Dog";"2";"23";"644"
"Rhythm & Sound";"4";"12";"1292"
"Chris Hyson";"2";"3";"3774"
"Joanne Forman";"1";"1";"7062"
"Zonderling";"1";"12";"1293"
"Scuba Z";"1";"1";"7063"
"Aucel";"1";"2";"4843"
"Queen Yahna";"1";"14";"1089"
"Bobby Womack";"1";"1";"7064"
"Angelo De Augustine";"1";"11";"1413"
"Michael White";"1";"1";"7065"
"Donny Hathaway";"2";"2";"4844"
"Metronomy";"3";"15";"1016"
"Damon Locks";"2";"5";"2672"
"Les Mamans du Congo";"12";"40";"356"
"Christine Salem";"2";"4";"3115"
"Baltra";"2";"14";"1090"
"Glen Brown";"1";"8";"1883"
"Batida apresenta: IKOQWE";"1";"15";"1017"
"Nuyorican Soul";"5";"5";"2673"
"Köni";"1";"3";"3775"
"Bliz Nochi";"1";"1";"7066"
"The Oddness";"2";"3";"3776"
"Nat Barrera";"1";"2";"4845"
"Palms Trax";"2";"4";"3116"
"Uabos";"1";"13";"1185"
"Bushwacka!";"1";"4";"3117"
"Aukai";"2";"3";"3777"
"Gerard Cousins";"1";"1";"7067"
"Moff & Tarkin";"1";"10";"1548"
"Gesloten Cirkel";"1";"6";"2357"
"Collins";"1";"13";"1186"
"Tober & Tober";"1";"11";"1414"
"LOKD";"1";"1";"7068"
"deep dimension";"1";"1";"7069"
"martha fun straaten";"1";"2";"4846"
"zmeyev";"3";"3";"3778"
"Radio Citizen";"2";"28";"513"
"Phlocalyst";"1";"1";"7070"
"Slipfunc";"1";"1";"7071"
"The Doors";"1";"1";"7072"
"Nu Genea";"5";"7";"2091"
"Hippie Dance";"1";"1";"7073"
"Cloudchord";"1";"1";"7074"
"Hoffy Beats";"1";"1";"7075"
"R.E.M.";"1";"1";"7076"
"The Cure";"1";"1";"7077"
"Janis Joplin";"2";"2";"4847"
"Naty Seres";"1";"1";"7078"
"Damon Albarn";"18";"64";"212"
"Reverie";"1";"1";"7079"
"Beak>";"1";"1";"7080"
"My Morning Jacket";"1";"3";"3779"
"Tranquility Bass";"1";"12";"1294"
"Janax Pacha";"1";"16";"962"
"Tiefe Wasser Berlin";"1";"1";"7081"
"Lakou Mizik";"2";"12";"1295"
"Lucio Battisti";"1";"1";"7082"
"João Gilberto";"1";"2";"4848"
"Italo Brutalo";"1";"1";"7083"
"ntombi ndaba";"1";"13";"1187"
"Themba";"1";"1";"7084"
"SONNS";"1";"11";"1415"
"Oracle Sisters";"2";"2";"4849"
"Seckou Keita";"6";"12";"1296"
"ᗰᗩᖇIEᑌ";"1";"1";"7085"
"David Rausch";"2";"2";"4850"
"Goat Girl";"1";"1";"7086"
"Jane Weaver";"1";"1";"7087"
"Thom Yorke";"1";"1";"7088"
"She Drew the Gun";"1";"1";"7089"
"Karen O";"1";"1";"7090"
"Kae Tempest";"4";"4";"3118"
"JO BISSA";"1";"1";"7091"
"El Michels Affair meets Liam Bailey";"12";"58";"244"
"Vaughan Mason";"1";"1";"7092"
"Tonbruket";"5";"6";"2358"
"Erland Cooper";"3";"7";"2092"
"Kenny Wheeler";"1";"2";"4851"
"RIDDIM CHANGO RECORDS";"1";"1";"7093"
"Koreless";"5";"7";"2093"
"Jacob Haage";"1";"1";"7094"
"Astrid Sonne";"2";"2";"4852"
"Yasuaki Shimizu";"1";"2";"4853"
"Space Afrika";"2";"2";"4854"
"Skalpel";"2";"5";"2674"
"Quasimoto";"1";"1";"7095"
"Nitty Gritty® Store Hours";"1";"1";"7096"
"RINse FM";"1";"1";"7097"
"Dogger";"1";"1";"7098"
"Shy FX";"1";"1";"7099"
"Mòo & Jo";"1";"1";"7100"
"Ilian Tape";"1";"1";"7101"
"Tom Wienland (Sound Voyage ,7 Samurai, panOptikum)";"1";"4";"3119"
"Stones Throw Records";"1";"1";"7102"
"Rogue D";"1";"1";"7103"
"Flow Music";"1";"1";"7104"
"Caleesi & Sarah Kreis";"1";"1";"7105"
"Molly Lewis";"3";"6";"2359"
"ChairmanK";"1";"2";"4855"
"Takuya Kuroda";"2";"12";"1297"
"Mellow";"1";"1";"7106"
"UDM";"1";"1";"7107"
"Maga Bo";"1";"10";"1549"
"HaHa Sounds Collective";"1";"1";"7108"
"Waldo's Gift";"2";"2";"4856"
"Menahan Street Band";"4";"18";"853"
"John Lurie";"1";"21";"715"
"Dadawah";"1";"1";"7109"
"Web Web";"25";"109";"97"
"The Still Brothers";"1";"2";"4857"
"Janelle Monáe";"1";"2";"4858"
"Don Cherry";"6";"12";"1298"
"Annette Peacock";"1";"1";"7110"
"Terry Riley";"1";"1";"7111"
"Farhot";"2";"2";"4859"
"Balkan Taksim";"1";"1";"7112"
"Faithless";"1";"1";"7113"
"Délicieuse Musique";"1";"3";"3780"
"D.DAN";"1";"1";"7114"
"Nils Wülker";"2";"3";"3781"
"Zebra Centauri";"1";"4";"3120"
"les enfants sauvages";"1";"1";"7115"
"SPANDAU20";"1";"1";"7116"
"Ìxtahuele";"1";"1";"7117"
"Mahmoud Guinia";"3";"4";"3121"
"Erik von Spreckelsen";"1";"2";"4860"
"18 Rays";"2";"3";"3782"
"Dream Stars";"1";"1";"7118"
"Sedibus";"1";"1";"7119"
"G.B. Beckers";"1";"1";"7120"
"Ninja Tune";"1";"1";"7121"
"Fusion Groove Orchestra";"1";"3";"3783"
"Nikolaïevitch";"1";"1";"7122"
"Sarah Neufeld";"1";"2";"4861"
"Dürerstuben";"1";"1";"7123"
"Deer";"1";"1";"7124"
"Nutia";"1";"1";"7125"
"lokke";"1";"1";"7126"
"Fran & Flora";"1";"1";"7127"
"Johanna Burnheart";"1";"1";"7128"
"Esteble";"1";"1";"7129"
"Tepeme Música";"3";"5";"2675"
"Prince Fatty";"2";"4";"3122"
"Sven Wunder";"11";"23";"645"
"Jon Kennedy";"11";"61";"227"
"Phil Stroud";"1";"6";"2360"
"Chapelier Fou";"2";"8";"1884"
"Chris Merrick Hughes";"1";"1";"7130"
"ishi vu";"1";"10";"1550"
"Mama";"1";"14";"1091"
"Mabe Fratti";"1";"4";"3123"
"Alyson McNamara";"1";"8";"1885"
"Ghost Funk Orchestra";"3";"6";"2361"
"Yppah";"1";"2";"4862"
"Patrick Pulsinger";"1";"1";"7131"
"Motte Edits";"2";"3";"3784"
"David Rojas";"1";"1";"7132"
"Sun Palace";"1";"1";"7133"
"Function";"1";"7";"2094"
"Cihangir Aslan";"1";"18";"854"
"Rosie Lowe";"7";"15";"1018"
"The KBCS";"1";"1";"7134"
"brother portrait";"1";"1";"7135"
"Mom";"2";"2";"4863"
"Josiah Steinbrick";"6";"11";"1416"
"Ulises Conti";"1";"1";"7136"
"Glenn Gould";"1";"1";"7137"
"algarhythms";"1";"3";"3785"
"80’s Child";"1";"1";"7138"
"Yasmin Williams";"1";"2";"4864"
"Vanishing Twin";"4";"9";"1696"
"Arooj Aftab";"4";"19";"800"
"Alain Goraguer";"1";"1";"7139"
"Leslie Winer";"1";"1";"7140"
"Haiku Salut";"1";"16";"963"
"Nailah Hunter";"2";"13";"1188"
"TALsounds";"1";"1";"7141"
"Carm";"1";"1";"7142"
"Thomash (Pollinations)";"1";"2";"4865"
"Diego Alejandro Silva";"1";"1";"7143"
"Karen y Los Remedios";"2";"4";"3124"
"Ronald Christoph";"1";"2";"4866"
"NEU/BODY";"1";"1";"7144"
"CircoLoco Records";"1";"1";"7145"
"Steffen Kirchhoff";"1";"10";"1551"
"Fergie";"1";"10";"1552"
"Cro";"2";"2";"4867"
"Alivenique";"1";"1";"7146"
"Drames Rurals";"2";"8";"1886"
"Skiifall";"1";"2";"4868"
"Ol' Burger Beats";"2";"14";"1092"
"Silky Drip";"2";"2";"4869"
"Jacana People";"3";"3";"3786"
"diantonie";"1";"1";"7147"
"-M-";"3";"3";"3787"
"Tsegue-Maryam Guebrou";"1";"4";"3125"
"Arthur Verocai";"1";"3";"3788"
"Foehn Trio";"2";"3";"3789"
"Kairo";"2";"2";"4870"
"Tara Clerkin Trio";"4";"9";"1697"
"monki";"2";"3";"3790"
"Gonz Cabrera";"1";"2";"4871"
"Galactic Funk";"1";"1";"7148"
"Whypeopledance";"1";"1";"7149"
"Colin Vallon";"1";"2";"4872"
"Evamuss";"1";"1";"7150"
"Filippo Moscatello";"1";"1";"7151"
"Chris Stath";"1";"1";"7152"
"Phish";"1";"1";"7153"
"Dylevn";"1";"1";"7154"
"Peter Luedemann";"1";"1";"7155"
"Zug der Liebe";"1";"1";"7156"
"thebunkerny";"1";"5";"2676"
"Warmth";"1";"3";"3791"
"Emeka Ogboh";"1";"14";"1093"
"Arjuna Oakes";"15";"50";"291"
"Minoru Muraoka";"1";"22";"681"
"SMERZ";"2";"9";"1698"
"Phase Phorce";"1";"5";"2677"
"Adryan";"1";"5";"2678"
"GILB";"1";"5";"2679"
"Bel-Air Ltd";"1";"5";"2680"
"The Prince of Dance Music";"1";"5";"2681"
"Jared Wilson";"1";"4";"3126"
"The Godson";"1";"4";"3127"
"Lady B";"1";"4";"3128"
"Bluestaeb";"5";"6";"2362"
"Mike Servito";"1";"1";"7157"
"Live At Robert Johnson";"1";"3";"3792"
"Koffee";"1";"16";"964"
"Wig Wam";"1";"10";"1553"
"Bang Camaro";"1";"11";"1417"
"Phonica Records";"1";"1";"7158"
"IsBurning";"1";"3";"3793"
"Otis Sandsjö";"5";"6";"2363"
"TheSorryEntertainer";"1";"1";"7159"
"Philipp Fein";"1";"2";"4873"
"DJ Fog Puma";"1";"1";"7160"
"Dumbo Gets Mad";"1";"1";"7161"
"Alma Linda";"3";"5";"2682"
"Sound Earth Legacy";"1";"2";"4874"
"Maxim Lany";"1";"2";"4875"
"Gab Ferreira";"1";"2";"4876"
"Fabulous/Arabia";"1";"1";"7162"
"Valerie June";"1";"1";"7163"
"Alain Bellaïche";"2";"5";"2683"
"Inwards";"1";"16";"965"
"The Poets of Rhythm";"3";"9";"1699"
"Let Your Hair Down";"1";"1";"7164"
"Doctor Flake";"5";"25";"581"
"Clem Beatz";"3";"6";"2364"
"The Geek x Vrv";"4";"6";"2365"
"brass.beats";"1";"1";"7165"
"Dafuniks";"3";"11";"1418"
"Downtown Owl";"2";"5";"2684"
"Novvel";"1";"2";"4877"
"Lemeria";"1";"1";"7166"
"JK Soul";"1";"1";"7167"
"Bequem";"1";"2";"4878"
"Logic1000";"4";"13";"1189"
"Jacques Greene";"2";"2";"4879"
"Cascadeur";"1";"1";"7168"
"Christina Higham";"1";"3";"3794"
"Hideyuki Hashimoto";"2";"3";"3795"
"Sofia Nystrand";"1";"1";"7169"
"Rob Burger";"1";"2";"4880"
"Carlo Boscolli";"1";"3";"3796"
"William Cas";"2";"2";"4881"
"Dennis Korn";"1";"2";"4882"
"Sofiane Pamart";"1";"1";"7170"
"Asfar Hussain";"1";"1";"7171"
"Bobby Hutcherson";"1";"1";"7172"
"Cal Tjader";"1";"1";"7173"
"Quarter to Africa";"1";"2";"4883"
"Mira (Berlin)";"1";"15";"1019"
"New Age Doom";"1";"1";"7174"
"Craig Leon";"1";"1";"7175"
"µ-Ziq";"2";"2";"4884"
"Tristan Arp";"3";"3";"3797"
"Riyoon";"2";"2";"4885"
"Hrag Mikkel";"1";"1";"7176"
"Lee Clarke";"2";"8";"1887"
"The Smile";"20";"32";"444"
"gouranga";"1";"1";"7177"
"Los Bitchos";"8";"23";"646"
"Dargz";"10";"31";"461"
"Fleetwood Mac";"13";"59";"239"
"In Aeternam Vale";"1";"2";"4886"
"Shlømo";"1";"2";"4887"
"EKSERD";"1";"1";"7178"
"Mishka";"1";"1";"7179"
"General Elektriks";"1";"1";"7180"
"Agoria";"2";"3";"3798"
"Spaniol";"10";"10";"1554"
"10cc";"2";"2";"4888"
"Carole King";"1";"1";"7181"
"Joe Walsh";"1";"1";"7182"
"Robert Palmer";"2";"2";"4889"
"Supertramp";"1";"1";"7183"
"Boz Scaggs";"1";"1";"7184"
"America";"1";"1";"7185"
"The Police";"1";"1";"7186"
"The Band";"1";"1";"7187"
"Van Morrison";"1";"1";"7188"
"Raffy Bushman";"2";"2";"4890"
"Diana Ross";"1";"1";"7189"
"Sam & Dave";"1";"1";"7190"
"Bastille";"1";"1";"7191"
"The O'Jays";"1";"1";"7192"
"The Doobie Brothers";"1";"1";"7193"
"Antonín Dvořák";"2";"2";"4891"
"George Frideric Handel";"15";"15";"1020"
"Franz Joseph Haydn";"3";"3";"3799"
"Edvard Grieg";"3";"3";"3800"
"Franz Schubert";"2";"2";"4892"
"Georges Bizet";"2";"2";"4893"
"Jacques Blanc";"1";"2";"4894"
"Iñaki García";"1";"1";"7194"
"Vetle Nærø";"1";"2";"4895"
"Nadia Oak";"1";"1";"7195"
"Areni Agbabian";"1";"1";"7196"
"Arash SaneE";"1";"3";"3801"
"Alice In Winter";"1";"1";"7197"
"Jørg Sorensen";"1";"2";"4896"
"Flóki";"1";"1";"7198"
"Music Lab Collective";"1";"2";"4897"
"Poppy Ackroyd";"1";"1";"7199"
"Eik Octobre";"1";"1";"7200"
"Wide Eyed";"1";"1";"7201"
"Mahan Farzad";"1";"1";"7202"
"John Glacier";"2";"17";"906"
"Kedr Livanskiy";"1";"1";"7203"
"Hamburg Spinners";"1";"5";"2685"
"Eiji Nakayama";"1";"1";"7204"
"_by.ALEXANDER";"3";"5";"2686"
"Nala Sinephro";"3";"8";"1888"
"Mindy Meng Wang 王萌";"3";"11";"1419"
"Scion";"8";"9";"1700"
"Jean Carn";"2";"4";"3129"
"Jianbo";"1";"1";"7205"
"Fred again..";"5";"12";"1299"
"Hubbabubbaklubb";"2";"7";"2095"
"Huw Marc Bennett";"11";"35";"406"
"Move 78";"19";"101";"111"
"Zeitgeist Freedom Energy Exchange";"22";"109";"98"
"Plaid";"1";"4";"3130"
"Silent Poets";"2";"3";"3802"
"Luca Lozano";"1";"6";"2366"
"Luca De-Santo";"1";"7";"2096"
"Oki";"2";"4";"3131"
"Apifera";"6";"20";"747"
"Aurora Dee Raynes";"1";"1";"7206"
"Rose Riebl";"1";"1";"7207"
"Doug Thomas";"1";"1";"7208"
"Caoimhín Ó Raghallaigh";"1";"1";"7209"
"Ola Claësson";"1";"1";"7210"
"Franz Becker";"1";"1";"7211"
"Jess Gillam";"1";"1";"7212"
"Otto A Totland";"1";"1";"7213"
"Jelly Cleaver";"1";"2";"4898"
"Tarwater";"2";"4";"3132"
"Sebastian Plano";"1";"1";"7214"
"Suricata";"1";"1";"7215"
"Cornelius Doctor";"1";"7";"2097"
"Markoza";"1";"1";"7216"
"Mind End";"1";"1";"7217"
"Svaneborg Kardyb";"16";"44";"323"
"Herbert";"21";"94";"129"
"Sibusile Xaba";"1";"1";"7218"
"박혜진 Park Hye Jin";"2";"9";"1701"
"Lady Blackbird";"3";"7";"2098"
"Ballaké Sissoko";"5";"19";"801"
"Fuubutsushi";"1";"1";"7219"
"Vivian Roost";"1";"1";"7220"
"Kimbra";"1";"1";"7221"
"Sound Of Mint";"1";"1";"7222"
"Lee Jones";"1";"1";"7223"
"WYS";"2";"3";"3803"
"Gotye";"1";"1";"7224"
"KYONGPAUL";"4";"22";"682"
"Bitchin Bajas";"7";"9";"1702"
"Dave Okumu";"1";"1";"7225"
"Ben Marc";"14";"90";"141"
"Rogér Fakhr";"5";"12";"1300"
"Koki Nakano";"2";"2";"4899"
"Meduza";"1";"1";"7226"
"Deepend";"1";"1";"7227"
"Kalipo";"1";"7";"2099"
"Charles Mingus";"1";"2";"4900"
"Simon Lovermann";"2";"6";"2367"
"LI YILEI";"3";"11";"1420"
"Gene Lawrence";"1";"1";"7228"
"Yom";"13";"17";"907"
"Rosinha de Valença";"1";"12";"1301"
"Blundetto";"6";"15";"1021"
"Galt Macdermot";"1";"1";"7229"
"Hardkandy";"2";"2";"4901"
"Boris Garbiner Happening";"1";"1";"7230"
"Gil Scott-Heron & Brian Jackson";"1";"15";"1022"
"Girma Bèyènè";"2";"4";"3133"
"Baba Ali";"1";"3";"3804"
"Supergombo";"11";"71";"186"
"Dana Gavanski";"1";"2";"4902"
"e.vax";"2";"4";"3134"
"All Day Breakfast Cafe";"2";"13";"1190"
"pijama land";"1";"2";"4903"
"The KLF";"2";"14";"1094"
"Voyou";"1";"1";"7231"
"Lonely Guest";"2";"2";"4904"
"Alina Bzhezhinska";"13";"62";"222"
"Vega Trails";"4";"9";"1703"
"Harry Mudie";"3";"15";"1023"
"Extra Golden";"2";"2";"4905"
"Say She She";"27";"132";"72"
"Marisa Anderson";"1";"1";"7232"
"Gitkin";"7";"25";"582"
"Le Parody";"1";"1";"7233"
"Happyness";"1";"2";"4906"
"Eli & Fur";"1";"1";"7234"
"Larry Goldings";"1";"8";"1889"
"Jeremiah Chiu";"6";"22";"683"
"The Scorpions";"2";"13";"1191"
"Pyramid Project";"1";"7";"2100"
"Bananagun";"11";"40";"357"
"Fred Pallem";"1";"12";"1302"
"Cochemea";"6";"24";"610"
"Maria Chiara Argirò";"3";"6";"2368"
"1000 Beasts";"1";"1";"7235"
"Ted Lucas";"9";"21";"716"
"Minnie Riperton";"1";"14";"1095"
"Daniel Herskedal";"1";"1";"7236"
"Moon Diagrams";"2";"3";"3805"
"Arushi Jain";"1";"1";"7237"
"Houston & Dorsey";"1";"5";"2687"
"Joe Emerson";"2";"2";"4907"
"Moritz von Oswald Trio";"11";"23";"647"
"Richie Hawtin";"1";"3";"3806"
"Dub Syndicate";"8";"8";"1890"
"Roderic";"1";"18";"855"
"The Herbaliser";"8";"20";"748"
"Backini";"1";"1";"7238"
"Protassov";"1";"1";"7239"
"The Spy from Cairo";"2";"2";"4908"
"Scratch Bandits Crew";"1";"1";"7240"
"Marco Kleebauer";"1";"1";"7241"
"Da Break";"2";"5";"2688"
"Deepside Ludovic Navarre";"2";"8";"1891"
"Wet Leg";"1";"3";"3807"
"The Maccabees";"1";"1";"7242"
"Miret";"1";"11";"1421"
"Girma Hadgu";"1";"2";"4909"
"Robbie Basho";"1";"2";"4910"
"Leo Nocentelli";"1";"2";"4911"
"Yukicito";"1";"1";"7243"
"Seed Ensemble";"1";"1";"7244"
"Olof Dreijer";"4";"11";"1422"
"Taylor McFerrin";"4";"7";"2101"
"Grupo Bahia";"1";"2";"4912"
"Ms. Lauryn Hill";"1";"2";"4913"
"Melanie Charles";"12";"22";"684"
"Orchestre Tout Puissant Marcel Duchamp";"5";"8";"1892"
"Sexy Lazer";"3";"9";"1704"
"Sawako";"1";"1";"7245"
"Omni Gardens";"4";"8";"1893"
"Skrillex";"1";"1";"7246"
"Endel";"7";"7";"2102"
"Bolis Pupul";"12";"44";"324"
"Lonnie Holley";"1";"8";"1894"
"Warpaint";"10";"49";"296"
"Common Saints";"9";"12";"1303"
"Anthony Joseph";"2";"3";"3808"
"Pasteur Lappe";"2";"4";"3135"
"Lauren Ritter";"2";"3";"3809"
"Sofie Royer";"1";"11";"1423"
"Shabaka";"10";"16";"966"
"Donald's House";"2";"4";"3136"
"Kimyan Law";"1";"2";"4914"
"Haiyti";"1";"1";"7247"
"Dj Divo";"1";"7";"2103"
"Chloé (Thévenin)";"1";"1";"7248"
"Bonfante";"1";"1";"7249"
"Barry Can't Swim";"32";"213";"29"
"Heinrich Kobberling";"7";"8";"1895"
"Lady Zu";"2";"9";"1705"
"Carlinhos Trompete";"2";"7";"2104"
"Luís Vagner";"2";"7";"2105"
"Tony Bizarro";"2";"8";"1896"
"Toni Tornado";"2";"7";"2106"
"Name UL";"1";"1";"7250"
"King Ghazi Presents Abu Sayah";"1";"1";"7251"
"SEBASTIEN CASANOVA";"2";"6";"2369"
"Y E L A G U A";"1";"1";"7252"
"Elektro Hafız";"1";"16";"967"
"Loli Molina";"5";"16";"968"
"Paulo Coração";"1";"1";"7253"
"Junior Mendes";"1";"1";"7254"
"Serginho Meriti";"1";"1";"7255"
"Anacy Arcanjo";"1";"1";"7256"
"Felix Laband";"12";"17";"908"
"Dope Lemon";"1";"1";"7257"
"Kenneth Bager";"1";"24";"611"
"MILJON";"1";"1";"7258"
"Solomun";"2";"6";"2370"
"Katalyst";"8";"20";"749"
"Phoebe Killdeer and the Short Straws";"1";"1";"7259"
"Brock Berrigan";"1";"1";"7260"
"Hooverphonic";"1";"1";"7261"
"I Monster";"2";"4";"3137"
"Hedflux";"1";"1";"7262"
"Gramatik";"1";"1";"7263"
"Still Corners";"1";"2";"4915"
"Santi & Tuğçe";"2";"2";"4916"
"Monkey Marc";"1";"1";"7264"
"Michael Nau";"2";"24";"612"
"Trinity FM";"1";"1";"7265"
"Benoît Pioulard";"1";"1";"7266"
"The Bongo Hop";"11";"14";"1096"
"Ólöf Arnalds";"1";"1";"7267"
"DJ Double";"1";"1";"7268"
"01001101";"1";"1";"7269"
"Ricardo Villalobos";"3";"17";"909"
"Cesar Merveille";"1";"2";"4917"
"Reboot";"1";"1";"7270"
"Rhadoo";"1";"2";"4918"
"Up, Bustle and Out";"2";"17";"910"
"Brandon Coleman";"17";"33";"431"
"Batbait";"1";"4";"3138"
"Zé Roberto";"1";"1";"7271"
"Louis Armstrong";"1";"1";"7272"
"Axel Thesleff";"1";"1";"7273"
"Tame Impala";"2";"4";"3139"
"Frankey & Sandrino";"1";"3";"3810"
"Fka Mash";"1";"9";"1706"
"Akofa Akoussah";"3";"9";"1707"
"Anushka";"1";"1";"7274"
"Brittany Howard";"1";"1";"7275"
"Stringtronics";"1";"1";"7276"
"Mamman Sani";"3";"6";"2371"
"Makers";"1";"4";"3140"
"Aldorande";"1";"4";"3141"
"Philip Ackowsky";"1";"2";"4919"
"Kronotrope";"1";"1";"7277"
"Stephen Disario";"1";"2";"4920"
"SW.";"2";"2";"4921"
"Jason Peters";"2";"5";"2689"
"Massimiliano Pagliara";"2";"4";"3142"
"Rage Against the Machine";"3";"3";"3811"
"Daniel Kehlmann";"1";"1";"7278"
"Martín Buscaglia";"1";"1";"7279"
"Aca Seca Trio";"1";"1";"7280"
"Tour-Maubourg";"36";"94";"130"
"The Detroit Escalator Co.";"1";"1";"7281"
"Blanka";"2";"6";"2372"
"Don Melody Club";"3";"6";"2373"
"Space Farm";"1";"1";"7282"
"Fred und Luna";"1";"9";"1708"
"La Chica";"1";"2";"4922"
"Yalnayak";"1";"11";"1424"
"Bloom Bat";"2";"4";"3143"
"QUINQUIS";"1";"1";"7283"
"Marengo";"1";"1";"7284"
"Ibeyi";"1";"1";"7285"
"John Roberts";"1";"1";"7286"
"space echo";"1";"1";"7287"
"Jaded";"2";"9";"1709"
"The Diasonics";"6";"6";"2374"
"McCoy Tyner";"1";"1";"7288"
"YokoO";"1";"7";"2107"
"Francis Harris";"12";"34";"415"
"Kate Simko";"1";"2";"4923"
"Triorität";"2";"3";"3812"
"Ghetto Priest";"2";"9";"1710"
"Rosinha De Valencia";"1";"1";"7289"
"Immersion";"1";"1";"7290"
"Conclave";"13";"45";"316"
"Akasha";"2";"11";"1425"
"Freestyle Man";"3";"23";"648"
"Klangkarussell";"1";"1";"7291"
"Ruby Goon";"1";"5";"2690"
"Wau Wau Collectif";"18";"31";"462"
"Lucien Johnson";"1";"1";"7292"
"Elijah Minnelli";"1";"1";"7293"
"Eduardo Castillo";"1";"11";"1426"
"Paula Tape";"2";"12";"1304"
"Pale Jay";"6";"11";"1427"
"Facta";"1";"2";"4924"
"Derya Yıldırım & Grup Şimşek";"4";"20";"750"
"Guy Contact";"1";"2";"4925"
"Greentea Peng";"23";"34";"416"
"Prefuse 73";"2";"9";"1711"
"Matt Berry";"1";"1";"7294"
"Eric Hilton";"3";"5";"2691"
"Etran de L'AÏr";"2";"2";"4926"
"Astrid Engberg";"3";"8";"1897"
"Crimewave";"1";"4";"3144"
"Bright & Findlay";"2";"3";"3813"
"Mar Seck";"1";"1";"7295"
"You'll Never Get to Heaven";"1";"1";"7296"
"Barbara Keith";"1";"3";"3814"
"Wu-Tang Clan";"1";"1";"7297"
"Peppe Nastri";"1";"2";"4927"
"The Cactus Channel";"1";"1";"7298"
"Channo";"2";"5";"2692"
"Shute";"1";"1";"7299"
"Tōth";"3";"4";"3145"
"mindchatter";"14";"32";"445"
"Marcoca";"2";"2";"4928"
"Neil Frances";"13";"29";"492"
"Freak Slug";"1";"1";"7300"
"Saint Jude";"2";"2";"4929"
"Hector Gachan";"1";"1";"7301"
"Blue Material";"1";"1";"7302"
"Will Van Horn";"1";"1";"7303"
"Model Man";"1";"1";"7304"
"Jazzbois";"9";"26";"557"
"Ebi Soda";"10";"21";"717"
"Nduduzo Makhathini";"1";"1";"7305"
"Amanda Whiting";"8";"19";"802"
"Immanuel Wilkins";"7";"27";"531"
"Inner Wave";"1";"1";"7306"
"Quelle Chris";"1";"2";"4930"
"Carthnage";"2";"2";"4931"
"Kek'star";"2";"11";"1428"
"Shay Hazan";"11";"36";"396"
"Tosca";"10";"33";"432"
"CRÁNEO";"1";"3";"3815"
"Funki Porcini";"8";"41";"346"
"Cookiee Kawaii";"1";"1";"7307"
"Inji";"1";"1";"7308"
"Ark Patrol";"1";"1";"7309"
"Madonna";"1";"1";"7310"
"Docx";"1";"1";"7311"
"Athletic Progression";"27";"137";"66"
"Yaya Bey";"7";"16";"969"
"40 Winks";"7";"12";"1305"
"Jonny Trunk";"1";"1";"7312"
"Roy of the Ravers";"1";"1";"7313"
"Butch Cassidy Sound System";"1";"2";"4932"
"Kibrom Birhane";"11";"211";"30"
"A. Billi Free";"4";"19";"803"
"Kyoto Jazz Massive";"1";"3";"3816"
"International Soleil Band";"1";"12";"1306"
"Knowsum";"5";"9";"1712"
"Remulak";"1";"1";"7314"
"Joe Corfield";"2";"2";"4933"
"Glass Animals";"1";"1";"7315"
"Suzanne Ciani";"9";"13";"1192"
"Jean Sibelius";"1";"1";"7316"
"Eraan";"1";"1";"7317"
"NeTam";"1";"3";"3817"
"SPARKLE DIVISION";"1";"1";"7318"
"The Deadbeats";"2";"6";"2375"
"Pachyman";"3";"17";"911"
"Eva Geist";"1";"1";"7319"
"Sofie Birch";"1";"7";"2108"
"Tstewart";"2";"7";"2109"
"Jesper Ryom";"3";"21";"718"
"Deadbeat";"1";"6";"2376"
"Monophonics";"1";"9";"1713"
"Hannah Holland";"1";"3";"3818"
"Mkwaju Ensemble";"1";"2";"4934"
"Damiano von Erckert";"2";"7";"2110"
"Neue Grafik Ensemble";"1";"1";"7320"
"Charles Stepney";"3";"9";"1714"
"Magdy Al Hussainy";"1";"5";"2693"
"Vieux Farka Touré";"8";"20";"751"
"Saint Petersburg Disco Spin Club & Lipelis";"2";"21";"719"
"BALTHVS";"4";"13";"1193"
"Bobby Oroza";"4";"7";"2111"
"Timbaland";"1";"1";"7321"
"Prince Jammy";"1";"1";"7322"
"Rezident";"2";"12";"1307"
"Nomas";"1";"2";"4935"
"Ko Shin Moon";"10";"35";"407"
"Brian Tyler";"1";"1";"7323"
"Ahmed Malek";"3";"16";"970"
"Ranil";"3";"7";"2112"
"Dombrance";"1";"1";"7324"
"Fyfe";"1";"1";"7325"
"Mr. Ho";"1";"4";"3146"
"Echt!";"1";"1";"7326"
"Round";"3";"3";"3819"
"Pavel Dovgal";"3";"7";"2113"
"Modica";"1";"1";"7327"
"Illum Sphere";"1";"1";"7328"
"Retromigration";"7";"10";"1555"
"Connie Han";"1";"1";"7329"
"Robben Ford";"1";"1";"7330"
"Jean-Pierre Como";"1";"1";"7331"
"Glimlip";"1";"1";"7332"
"Swindle";"1";"1";"7333"
"Kansas Smitty's";"1";"8";"1898"
"Walt Weiskopf";"1";"1";"7334"
"June Chikuma";"1";"1";"7335"
"Steven Cooper";"3";"6";"2377"
"Upper Astral";"6";"12";"1308"
"Peter Winnipeg";"3";"5";"2694"
"Goldwash";"1";"1";"7336"
"clayjay";"1";"1";"7337"
"Fhin";"1";"1";"7338"
"Brothers Of My Uncle";"1";"2";"4936"
"Kinkajous";"1";"2";"4937"
"Marcos Resende";"1";"1";"7339"
"Anna Butterss";"3";"5";"2695"
"Melissa Aldana";"1";"1";"7340"
"Bonus Points";"1";"4";"3147"
"The Zenmenn";"4";"9";"1715"
"Kifu Mitsuhashi";"1";"2";"4938"
"Skeleten";"1";"3";"3820"
"Daniel Ögren";"3";"11";"1429"
"AcidSlop";"8";"23";"649"
"Slow Rotation Inc";"4";"22";"685"
"Deantoni Parks";"1";"2";"4939"
"Kikagaku Moyo";"13";"26";"558"
"Harold Al Souk";"1";"9";"1716"
"Jack J";"16";"40";"358"
"COUSIN KULA";"8";"15";"1024"
"Pachakuti";"3";"8";"1899"
"Javier Santiago";"6";"9";"1717"
"Plastikman";"1";"5";"2696"
"Train";"1";"1";"7341"
"Lipphead";"7";"7";"2114"
"Ezéchiel Pailhès";"3";"11";"1430"
"The Detroit Experiment";"2";"13";"1194"
"MadOne";"1";"1";"7342"
"Klein Zage";"3";"17";"912"
"Moonfish";"1";"1";"7343"
"The Movers";"5";"24";"613"
"KMRU";"2";"2";"4940"
"Orlando Weeks";"1";"2";"4941"
"Stella Chiweshe";"1";"2";"4942"
"Lion's Drums";"1";"1";"7344"
"Anderson .Paak";"8";"8";"1900"
"United Freedom Collective";"30";"183";"39"
"The Suffers";"1";"14";"1097"
"Second Storey";"1";"1";"7345"
"Soccer96";"3";"14";"1098"
"Booka Shade";"17";"95";"123"
"Metro Area";"13";"29";"493"
"Branko Mataja";"1";"19";"804"
"Tony Palkovic";"1";"3";"3821"
"Robert Slap";"9";"63";"217"
"Mim Suleiman";"2";"7";"2115"
"Charbonneau / Amato";"1";"1";"7346"
"Elmiene";"1";"1";"7347"
"Eiko Ishibashi";"2";"2";"4943"
"Chevals";"2";"2";"4944"
"Jack Chrysalis";"1";"1";"7348"
"Ernest Hood";"1";"1";"7349"
"Sterling Grove";"2";"2";"4945"
"BongBeck";"1";"1";"7350"
"Ben Böhmer";"1";"2";"4946"
"Duke Boara";"1";"1";"7351"
"Sau Poler";"2";"25";"583"
"Brutalist";"1";"1";"7352"
"Loure";"8";"22";"686"
"Stereoclip";"1";"1";"7353"
"Sunflwr";"6";"16";"971"
"Free Nationals";"4";"5";"2697"
"Ginny Reilly";"6";"13";"1195"
"Mukhtar Ramadan Idii";"1";"2";"4947"
"United Future Organization";"1";"2";"4948"
"Flanger";"3";"5";"2698"
"Moin";"3";"5";"2699"
"Kapitan";"1";"1";"7354"
"Dam Swindle";"5";"23";"650"
"Charlotte Day Wilson";"1";"1";"7355"
"column";"1";"1";"7356"
"Buddy Love";"1";"1";"7357"
"Pépe";"2";"7";"2116"
"A Mountain of One";"1";"6";"2378"
"John Haycock";"2";"2";"4949"
"yeyts.";"4";"7";"2117"
"VBND";"1";"2";"4950"
"Mothra";"2";"6";"2379"
"Boztown";"2";"3";"3822"
"Frenic";"2";"2";"4951"
"Blood Orange";"1";"1";"7358"
"Maple Syrup";"1";"7";"2118"
"Suff Daddy";"2";"4";"3148"
"Spaze Windu";"1";"3";"3823"
"DJ Harrison";"15";"24";"614"
"S. Fidelity";"16";"108";"104"
"Duan Wasi";"2";"2";"4952"
"AJMW";"4";"5";"2700"
"Figub Brazlevic";"1";"8";"1901"
"Raul Lovisoni";"2";"6";"2380"
"Eddie C";"8";"41";"347"
"Brooke Nils";"1";"1";"7359"
"Carrtoons";"3";"28";"514"
"K, Le Maestro";"1";"1";"7360"
"Konteks";"2";"4";"3149"
"Die Antwoord";"1";"2";"4953"
"Sagans";"2";"11";"1431"
"Alvin Curran";"1";"1";"7361"
"Simina Grigoriu";"1";"1";"7362"
"N O R M a L";"1";"1";"7363"
"Telemakus";"1";"1";"7364"
"Hugo";"2";"6";"2381"
"Matt Quentin";"1";"1";"7365"
"Koralle";"1";"2";"4954"
"halfpastseven";"2";"4";"3150"
"9 Lazy 9";"4";"15";"1025"
"London Grammar";"1";"2";"4955"
"LP Giobbi";"3";"5";"2701"
"The Quantic Soul Orchestra";"1";"7";"2119"
"Iugou";"1";"2";"4956"
"Sam Wilkes";"4";"7";"2120"
"Les Loups";"1";"1";"7366"
"Lemongrass";"5";"7";"2121"
"Terence Etc.";"2";"2";"4957"
"Fresh Pepper";"2";"3";"3824"
"Quinn Oulton";"1";"1";"7367"
"Lil Silva";"11";"29";"494"
"Jerome Thomas";"3";"3";"3825"
"Lionel Boy";"1";"1";"7368"
"Rosa Cecilia";"1";"1";"7369"
"Misha";"1";"1";"7370"
"Kabwasa";"1";"1";"7371"
"Satchy";"1";"1";"7372"
"Harrison Lipton";"1";"1";"7373"
"Björk";"24";"24";"615"
"PVA";"1";"1";"7374"
"Coucou Chloe";"1";"1";"7375"
"Beth Orton";"2";"2";"4958"
"Biig Piig";"2";"3";"3826"
"Joesef";"2";"2";"4959"
"Mereba";"2";"2";"4960"
"duendita";"2";"8";"1902"
"TOPS";"11";"32";"446"
"Wes Montgomery Trio";"1";"1";"7376"
"Elmo Hope";"1";"1";"7377"
"Charlie Parker Quartet";"1";"1";"7378"
"Frivolous";"1";"2";"4961"
"Moderat";"1";"1";"7379"
"The Brkn Record";"2";"3";"3827"
"Pearl & the Oysters";"1";"1";"7380"
"Eats Everything";"1";"5";"2702"
"YUNGMORPHEUS";"1";"3";"3828"
"tyroneisaacstuart";"1";"1";"7381"
"NEU!";"1";"1";"7382"
"Cybe";"3";"7";"2122"
"Justin Martin";"2";"3";"3829"
"Dumbo Tracks";"5";"25";"584"
"The Collective";"1";"1";"7383"
"Maarja Nuut";"1";"1";"7384"
"Grandamme";"1";"2";"4962"
"Budjerah";"1";"1";"7385"
"A Forest Mighty Black";"4";"6";"2382"
"The Dining Rooms";"9";"28";"515"
"Minus 8";"5";"5";"2703"
"Lord";"4";"8";"1903"
"Shazz";"1";"1";"7386"
"Gerardo Frisina";"9";"13";"1196"
"Barrio Jazz Gang";"1";"2";"4963"
"Σtella";"10";"54";"264"
"HEMAI";"1";"1";"7387"
"Trüby Trio";"1";"3";"3830"
"Greyboy";"4";"11";"1432"
"The Bahama Soul Club";"1";"2";"4964"
"Kevin Yost";"4";"26";"559"
"Dzihan & Kamien";"1";"2";"4965"
"Clear Path Ensemble";"3";"4";"3151"
"Jamiroquai";"1";"1";"7388"
"Bomb the Bass";"1";"1";"7389"
"Coldcut";"1";"1";"7390"
"DJ Vadim";"3";"3";"3831"
"Redeyes";"1";"1";"7391"
"The Kount";"1";"2";"4966"
"MA/SA";"1";"1";"7392"
"Cristobal Tapia de Veer";"11";"11";"1433"
"Cid Rim";"1";"1";"7393"
"Animali";"1";"1";"7394"
"Salamanda";"5";"37";"385"
"Les McCann";"1";"20";"752"
"Kaelin Ellis";"2";"3";"3832"
"Unc D";"2";"2";"4967"
"The Sure Fire Soul Ensemble";"1";"2";"4968"
"Otis McDonald";"1";"2";"4969"
"New Cool Collective";"1";"1";"7395"
"Yarni";"2";"14";"1099"
"DJ Psychiatre";"2";"11";"1434"
"Reuben Vaun Smith";"5";"23";"651"
"Tristan De Liege";"3";"4";"3152"
"Asy";"1";"1";"7396"
"Tilman";"1";"4";"3153"
"Denyl Brook";"3";"5";"2704"
"Cinthie";"1";"2";"4970"
"Romeo Louisa";"1";"2";"4971"
"Interstate";"2";"3";"3833"
"Delinquent Habits";"1";"20";"753"
"Gravediggaz";"1";"1";"7397"
"House of Pain";"1";"1";"7398"
"Artifacts";"1";"1";"7399"
"Apathy";"1";"1";"7400"
"Snoop Dogg";"1";"1";"7401"
"Gasoline";"2";"2";"4972"
"Jeru the Damaja";"1";"1";"7402"
"Max Romeo";"1";"1";"7403"
"Awon";"1";"1";"7404"
"GZA/Genius";"1";"1";"7405"
"Group Home";"1";"1";"7406"
"Chelsea Carmichael";"2";"4";"3154"
"David Sylvian";"1";"1";"7407"
"Chihei Hatakeyama";"2";"3";"3834"
"Tim Hecker";"2";"2";"4973"
"William Basinski";"4";"4";"3155"
"Igluu";"1";"5";"2705"
"Harry Mack";"2";"3";"3835"
"Traumer";"1";"5";"2706"
"Vril";"9";"16";"972"
"DJ Krush";"2";"7";"2123"
"Jazz Liberatorz";"2";"5";"2707"
"Emapea";"3";"8";"1904"
"Karmawin";"2";"6";"2383"
"Mioclono";"2";"7";"2124"
"DJ AMIGA";"1";"1";"7408"
"Vince Guaraldi Trio";"2";"2";"4974"
"Dean Martin";"5";"7";"2125"
"Tony Bennett";"2";"2";"4975"
"Judy Garland";"1";"1";"7409"
"Gene Autry";"1";"2";"4976"
"Eartha Kitt";"2";"2";"4977"
"The Ronettes";"1";"2";"4978"
"Ella Fitzgerald";"2";"2";"4979"
"Harry Belafonte";"1";"1";"7410"
"José Feliciano";"1";"3";"3836"
"Etta James";"1";"1";"7411"
"Peggy Lee";"1";"1";"7412"
"Shawn Mendes";"1";"1";"7413"
"Fluffy";"1";"1";"7414"
"Alessia Cara";"1";"1";"7415"
"Beloved Melodies";"2";"2";"4980"
"David Schultz";"27";"30";"478"
"Espen Gjelstad Gundersen";"2";"2";"4981"
"Henry Smith";"3";"3";"3837"
"Goldbæk";"1";"1";"7416"
"Adolphe Adam";"1";"2";"4982"
"Elin Porsinger";"5";"5";"2708"
"Michael Forster";"1";"1";"7417"
"Chloe Flower";"1";"1";"7418"
"Three Good Reasons";"1";"1";"7419"
"Martin Doepke";"1";"1";"7420"
"The Hated";"2";"2";"4983"
"Mike Franklyn";"1";"1";"7421"
"The Paradox";"8";"9";"1718"
"Adrian Quesada";"15";"42";"340"
"80purppp";"1";"1";"7422"
"Post Malone";"1";"1";"7423"
"Lofi Temptation";"1";"1";"7424"
"Clément Matrat";"1";"1";"7425"
"Ouska";"2";"2";"4984"
"a s t r o";"1";"1";"7426"
"Noflik";"1";"2";"4985"
"Wax Tailor";"2";"2";"4986"
"Q Funktion";"1";"1";"7427"
"Pueblo Vista";"1";"1";"7428"
"Blazo";"1";"1";"7429"
"Gyvus";"1";"1";"7430"
"mujo";"1";"1";"7431"
"Morena";"1";"1";"7432"
"In Flagranti";"1";"1";"7433"
"Akkan";"1";"1";"7434"
"Middle Sky Boom";"1";"1";"7435"
"Youkounkoun";"1";"1";"7436"
"Niv Ast";"1";"1";"7437"
"DESTIINO";"1";"1";"7438"
"Ozzy";"1";"1";"7439"
"Sebastopol";"1";"1";"7440"
"Fort Knox Five";"2";"2";"4987"
"Lack of Afro";"1";"1";"7441"
"Nuages";"1";"1";"7442"
"jamesjamesjames";"1";"1";"7443"
"Marc Brauner";"1";"1";"7444"
"Conor Harris";"1";"1";"7445"
"Riohv";"1";"1";"7446"
"Platania & Del Pra";"1";"1";"7447"
"Echo Tanker";"1";"1";"7448"
"FA.ded.AF";"7";"7";"2126"
"Ismab Adis";"1";"1";"7449"
"Mr. Norman";"1";"1";"7450"
"Lana Boleyn";"1";"1";"7451"
"Tyree";"1";"1";"7452"
"Dinozone";"1";"1";"7453"
"Gene Six";"1";"1";"7454"
"Gym Tavo Magnum";"1";"1";"7455"
"Gean Ryon";"1";"1";"7456"
"Juri Tognazzi";"1";"1";"7457"
"DIGITAL HOPKINS";"1";"1";"7458"
"Priori";"2";"4";"3156"
"Luzzardi & Torosani";"1";"1";"7459"
"Patrice Scott";"3";"3";"3838"
"Posthumanscape";"1";"1";"7460"
"Russo & Fornara";"1";"1";"7461"
"Trey Awong";"1";"1";"7462"
"Hotaru Naru";"1";"1";"7463"
"Kamiji";"1";"1";"7464"
"Scott Grain";"1";"1";"7465"
"Enhanced Culture";"1";"1";"7466"
"Jimin Bayden";"1";"1";"7467"
"Peach";"1";"1";"7468"
"Sanya Rucker";"1";"1";"7469"
"Scardicchio & Ceo";"1";"1";"7470"
"Leeland Brunet";"1";"1";"7471"
"Norm Talley";"1";"1";"7472"
"KIM HUA";"1";"1";"7473"
"Basilisk Matador";"1";"1";"7474"
"Mister Cypha";"1";"1";"7475"
"Char Carr";"1";"1";"7476"
"Donadi & Laboudallon";"1";"1";"7477"
"Johnny D";"1";"1";"7478"
"Marcial Prine";"1";"1";"7479"
"Galactic";"1";"1";"7480"
"Mazzoleni & Praderi";"1";"1";"7481"
"Shakeelrazu";"1";"1";"7482"
"ETAL";"1";"1";"7483"
"Sny321";"1";"1";"7484"
"Mistee Stevens";"1";"1";"7485"
"Top Inner Circle";"1";"1";"7486"
"Gerard Penister PhD";"1";"1";"7487"
"Sun Shrine";"1";"1";"7488"
"acossa";"1";"1";"7489"
"Clotop";"1";"1";"7490"
"CCC DAO";"1";"1";"7491"
"Dream 2 Science";"2";"3";"3839"
"Pezzaioli & Tarnassi";"1";"1";"7492"
"Pmpboy";"1";"1";"7493"
"Murano & Platania";"1";"1";"7494"
"Drinkolino";"1";"1";"7495"
"WarnedAndHistory";"1";"1";"7496"
"Dj Spastastikus";"1";"1";"7497"
"Yovavh";"1";"1";"7498"
"Ozed Half";"1";"1";"7499"
"Dehboubi";"1";"1";"7500"
"Bonez MC";"1";"1";"7501"
"Amon Tobin";"1";"2";"4988"
"Guru Griff";"4";"4";"3157"
"The moon";"1";"1";"7502"
"Jaeden Camstra";"2";"2";"4989"
"miscél";"1";"1";"7503"
"Billy Hammer";"1";"1";"7504"
"mt. fujitive";"1";"1";"7505"
".clouds";"2";"2";"4990"
"Kuranes";"1";"1";"7506"
"J.Folk";"1";"1";"7507"
"isaintjames";"1";"1";"7508"
"twit one";"17";"48";"300"
"Staysea";"1";"2";"4991"
"Enfant Sauvage";"1";"1";"7509"
"Rasco";"1";"9";"1719"
"Kev Brown";"1";"10";"1556"
"Bronze Nazareth";"1";"10";"1557"
"DJ Premier";"13";"85";"151"
"Infamous Mobb";"1";"6";"2384"
"Axel Boman Live at Secret Sessions Sedona 2.12.22_1285127779";"1";"1";"7510"
"Misled Children";"1";"2";"4992"
"J. Rawls";"2";"5";"2709"
"Large Professor";"2";"10";"1558"
"O.C.";"3";"14";"1100"
"Masta Killa";"1";"8";"1905"
"AZ";"3";"21";"720"
"Lord Finesse";"3";"19";"805"
"Blaq Poet";"1";"3";"3840"
"Mobb Deep";"1";"7";"2127"
"Panik";"1";"5";"2710"
"Diamond D";"4";"21";"721"
"Sadat X";"1";"8";"1906"
"Statik Selektah";"2";"14";"1101"
"Marley Marl";"1";"7";"2128"
"Nas";"11";"17";"913"
"Black Moon";"3";"14";"1102"
"Kool G Rap";"1";"5";"2711"
"The Notorious B.I.G.";"1";"6";"2385"
"Supernatural";"1";"4";"3158"
"Royce da 5'9""";"1";"5";"2712"
"Cormega";"2";"12";"1309"
"Mic Geronimo";"2";"9";"1720"
"Grand Puba";"1";"3";"3841"
"50 Cent";"1";"6";"2386"
"Mood";"1";"5";"2713"
"EPMD";"1";"5";"2714"
"Erick Sermon";"2";"10";"1559"
"KRS-One";"1";"3";"3842"
"Smif-n-Wessun";"1";"5";"2715"
"Showbiz & A.G.";"1";"4";"3159"
"Sean Price";"1";"6";"2387"
"Snowgoons";"1";"7";"2129"
"Marco Polo";"1";"6";"2388"
"MF DOOM";"1";"4";"3160"
"Rockwilder";"1";"6";"2389"
"Will Sessions";"1";"4";"3161"
"Souls of Mischief";"1";"4";"3162"
"M.A.N.D.Y.";"1";"1";"7511"
"Paul Kalkbrenner";"1";"1";"7512"
"Bailey";"1";"1";"7513"
"Dynamic Syncopation";"1";"2";"4993"
"Wildcookie";"5";"14";"1103"
"Ladi6";"1";"1";"7514"
"Danilo Plessow";"1";"1";"7515"
"Major Force Productions";"1";"1";"7516"
"Cathetus b";"2";"2";"4994"
"Joy";"2";"12";"1310"
"Vladimir Rokovic";"1";"3";"3843"
"Capt. Raelene Gibbard";"1";"3";"3844"
"Venus the Viper";"1";"1";"7517"
"Tickles the Turkey";"1";"2";"4995"
"Klubbheads";"1";"1";"7518"
"Watcher Vulcan";"1";"1";"7519"
"Harper Williams";"1";"1";"7520"
"Aqualite";"1";"1";"7521"
"COEO";"5";"23";"652"
"dreamcastmoe";"6";"9";"1721"
"Dabeull";"1";"3";"3845"
"Stimulator Jones";"4";"5";"2716"
"Ivan Conti";"2";"6";"2390"
"Les Sins";"1";"3";"3846"
"Salami Rose Joe Louis";"8";"15";"1026"
"mar-feliz";"1";"1";"7522"
"Mista Savona";"1";"1";"7523"
"Papi Churro";"1";"14";"1104"
"Mademoiselle Sabah";"4";"13";"1197"
"N-Gynn";"1";"15";"1027"
"Bay Ledges";"3";"4";"3163"
"Guohan";"18";"34";"417"
"Beanfield";"3";"4";"3164"
"Mozez";"1";"1";"7524"
"daste.";"1";"1";"7525"
"Kenny Beats";"2";"2";"4996"
"Duñe";"2";"6";"2391"
"FACESOUL";"5";"6";"2392"
"St. Panther";"1";"1";"7526"
"izy";"2";"5";"2717"
"Kirby";"1";"19";"806"
"Tep No";"1";"2";"4997"
"cero ismael";"1";"1";"7527"
"Palm Skin Productions";"1";"3";"3847"
"Jones";"1";"1";"7528"
"GAIDAA";"1";"2";"4998"
"Collard";"1";"1";"7529"
"Aaron London";"1";"1";"7530"
"Ella Grace";"11";"23";"653"
"okaywill";"1";"2";"4999"
"Joshua Idehen";"2";"15";"1028"
"David Naegele";"5";"80";"159"
"Tom Doolie";"1";"1";"7531"
"Sidibe";"1";"1";"7532"
"Underground Canopy";"7";"16";"973"
"Greg Spero";"8";"16";"974"
"MXXWLL";"1";"1";"7533"
"Sam Wills";"1";"1";"7534"
"Flwr Chyld";"1";"1";"7535"
"Michael Benedikt";"2";"8";"1907"
"Marcus Strickland";"1";"1";"7536"
"Anomalie";"1";"1";"7537"
"Bongeziwe Mabandla";"1";"2";"5000"
"Morgan Szymanski";"1";"1";"7538"
"John D. Curnow";"1";"2";"5001"
"Contour";"2";"9";"1722"
"Cktrl";"4";"9";"1723"
"Lexx";"2";"7";"2130"
"Silvan Strauss";"4";"12";"1311"
"Dego";"1";"1";"7539"
"Patrick Hunt";"1";"1";"7540"
"Holy Hydrogen";"1";"1";"7541"
"Deepspace";"1";"2";"5002"
"Rayana Jay";"1";"1";"7542"
"King Canyon";"1";"1";"7543"
"Tora";"1";"1";"7544"
"Chet Faker";"1";"1";"7545"
"Flow Sadico";"1";"2";"5003"
"Les Amazones d'Afrique";"1";"2";"5004"
"Krak In Dub";"1";"2";"5005"
"Andrea Benini";"12";"13";"1198"
"Estrada Poznańska";"1";"1";"7546"
"The Rural Alberta Advantage";"1";"1";"7547"
"Evan Klar";"1";"1";"7548"
"Moglii";"1";"1";"7549"
"The Wiseguys";"1";"1";"7550"
"Leroy Hutson";"6";"27";"532"
"Willie Wright";"1";"1";"7551"
"Joan Bibiloni";"2";"6";"2393"
"Willie Bobo";"7";"21";"722"
"Fatback Band";"4";"8";"1908"
"La Tromba";"1";"1";"7552"
"Cloud One";"1";"2";"5006"
"Sharon Revoal";"1";"4";"3165"
"Split Decision Band";"1";"3";"3848"
"Nohelani Cypriano";"1";"4";"3166"
"Archie Whitewater";"1";"1";"7553"
"Barbara St Clair";"1";"2";"5007"
"Zammuto";"1";"12";"1312"
"Dizzy Gillespie";"1";"2";"5008"
"Gene Ammons";"1";"2";"5009"
"Johnny Pate";"2";"2";"5010"
"Hampton Hawes";"1";"1";"7554"
"Mongo Santamaria";"3";"3";"3849"
"Ray Parker Jr.";"1";"1";"7555"
"Tania Maria";"1";"1";"7556"
"Michel Sardaby";"1";"1";"7557"
"The Beginning Of The End";"2";"2";"5011"
"Tom Scott & The L.A. Express";"1";"1";"7558"
"Catalyst";"1";"1";"7559"
"Candido";"1";"1";"7560"
"Young-Holt Unlimited";"1";"1";"7561"
"Johnny Lytle";"1";"1";"7562"
"Jon Lucien";"1";"8";"1909"
"Nabihah Iqbal";"13";"76";"170"
"Pure X";"1";"1";"7563"
"Automatic";"1";"1";"7564"
"Laura Groves";"1";"1";"7565"
"Jasper Tygner";"3";"3";"3850"
"Drama";"1";"1";"7566"
"Obli";"2";"2";"5012"
"Duskus";"1";"18";"856"
"Franc Moody";"5";"11";"1435"
"Everything But the Girl";"1";"1";"7567"
"Sound Quelle";"1";"1";"7568"
"Khazali";"1";"1";"7569"
"Gilligan Moss";"2";"2";"5013"
"Mild Minds";"2";"2";"5014"
"Angelo Ferreri";"1";"1";"7570"
"Francis James";"1";"3";"3851"
"James Brown";"2";"4";"3167"
"Sunbear";"1";"1";"7571"
"Cymande";"4";"6";"2394"
"Chocolate Milk";"2";"3";"3852"
"Roy Ayers Ubiquity";"3";"8";"1910"
"Jerry Blacksheer";"1";"1";"7572"
"Billy Paul";"2";"2";"5015"
"Wizdom";"1";"2";"5016"
"The Reality Band and Show";"1";"1";"7573"
"Pamoja";"1";"3";"3853"
"Oro";"1";"14";"1105"
"A Brief Encounter";"1";"3";"3854"
"Womack & Womack";"2";"3";"3855"
"Sarah Webster Fabio";"1";"3";"3856"
"Average White Band";"1";"2";"5017"
"Patti Jo";"1";"2";"5018"
"James Mason";"1";"2";"5019"
"Samuel Jonathan Johnson";"1";"2";"5020"
"African Music Machine";"1";"1";"7574"
"Usje Sukatma";"1";"2";"5021"
"Mark Capanni";"1";"2";"5022"
"Jaki Whitren";"1";"1";"7575"
"Jim Spencer";"1";"1";"7576"
"Deep Heat";"1";"1";"7577"
"Milton Wright";"3";"5";"2718"
"94 East";"1";"2";"5023"
"Connie Laverne";"1";"1";"7578"
"Stevens & Fosters";"1";"1";"7579"
"Kalima";"1";"3";"3857"
"Millie Jackson";"1";"2";"5024"
"Sisters Love";"1";"1";"7580"
"Rotary Connection";"1";"1";"7581"
"The Edge Of Daybreak";"1";"1";"7582"
"Tommy Mcgee";"1";"1";"7583"
"Aaron Broomfield";"1";"2";"5025"
"The Willow Band";"1";"1";"7584"
"Raw Soul Express";"1";"1";"7585"
"Jack Jacobs";"1";"1";"7586"
"Fred Aucagos";"1";"1";"7587"
"Imagination";"1";"1";"7588"
"Patrick Holland";"10";"14";"1106"
"Daniela La Luz";"1";"10";"1560"
"Dukwa";"1";"1";"7589"
"Tell";"5";"14";"1107"
"p-rallel";"2";"2";"5026"
"Marvin Gaye";"2";"3";"3858"
"Blue Mitchell";"8";"34";"418"
"Roy Ayers";"2";"2";"5027"
"Kellee Patterson";"1";"1";"7590"
"Harry Mosco";"1";"1";"7591"
"3 Pieces";"1";"2";"5028"
"Tee Mac";"1";"1";"7592"
"camerøn";"1";"1";"7593"
"The Salsoul Orchestra";"1";"1";"7594"
"24 Carat Black";"1";"1";"7595"
"Julie Fogany";"1";"1";"7596"
"Zo!";"3";"5";"2719"
"João Deogracias";"1";"1";"7597"
"Diggs Duke";"2";"3";"3859"
"Eliza Rose";"1";"3";"3860"
"Paradise presents Afrikali";"1";"10";"1561"
"Snarky Puppy";"1";"1";"7598"
"The Teskey Brothers";"1";"1";"7599"
"Slowly Rolling Camera";"2";"8";"1911"
"Z-Formation";"1";"8";"1912"
"Turntable Terror Trax";"1";"8";"1913"
"Hanna";"3";"9";"1724"
"Ronin";"1";"9";"1725"
"Chris Brann";"1";"7";"2131"
"Miquifaye";"1";"7";"2132"
"Raymond Castoldi";"1";"6";"2395"
"Psychedelic Research Lab";"2";"8";"1914"
"Deep Sided";"1";"5";"2720"
"Joshua";"1";"7";"2133"
"The Element";"1";"5";"2721"
"Byron Burke Presents Komputer Kidz";"1";"6";"2396"
"Dana Kelley aka Dr. Pompeii";"1";"5";"2722"
"Brothers Of The Undergound";"1";"11";"1436"
"The Logic Box";"1";"5";"2723"
"Juzu a.k.a. Moochy";"1";"8";"1915"
"Morada";"1";"4";"3168"
"Box Clever";"1";"4";"3169"
"sound clash republic";"2";"13";"1199"
"JD Hall";"1";"4";"3170"
"Fantastic Man";"2";"4";"3171"
"Jon Sable";"6";"14";"1108"
"Yeshua Hedley";"2";"2";"5029"
"Da Real Edward";"1";"1";"7600"
"Playin' 4 the City";"5";"12";"1313"
"DJ SUNSO";"1";"1";"7601"
"Black Loops";"2";"2";"5030"
"Pom Dérignon";"1";"1";"7602"
"The Angel Owls";"1";"1";"7603"
"Urulu";"1";"1";"7604"
"Crystal Waters";"1";"1";"7605"
"One Man Mills";"1";"1";"7606"
"One Zillion Cats";"1";"1";"7607"
"mimetic64";"1";"1";"7608"
"Ceriali & Celia";"1";"1";"7609"
"Sailing Dolls";"1";"1";"7610"
"Towel Attack";"1";"1";"7611"
"My LIght";"1";"1";"7612"
"Arkadii Kaplan";"1";"1";"7613"
"Jamal Olson";"1";"1";"7614"
"Monkyee";"1";"1";"7615"
"Rihanna Murillo";"1";"1";"7616"
"Lee Rodriguez";"2";"6";"2397"
"gs angel";"1";"1";"7617"
"Alexander Mattnz";"1";"1";"7618"
"Lynda Dawn";"3";"3";"3861"
"Cruza";"2";"2";"5031"
"Anna Wise";"2";"2";"5032"
"Terrace Martin";"1";"1";"7619"
"April + VISTA";"8";"41";"348"
"James Tillman";"2";"10";"1562"
"The Growth Eternal";"6";"8";"1916"
"B. Cool-Aid";"2";"2";"5033"
"keiyaA";"3";"3";"3862"
"MMYYKK";"2";"2";"5034"
"Pink Siifu";"1";"1";"7620"
"George Riley";"3";"4";"3172"
"Demae";"2";"2";"5035"
"Jamael Dean";"1";"1";"7621"
"Cleo Sol";"1";"1";"7622"
"Anaiis";"4";"7";"2134"
"Peyton";"1";"1";"7623"
"mejiwahn";"2";"2";"5036"
"Hiatus Kaiyote";"3";"5";"2724"
"Standing On The Corner";"1";"1";"7624"
"Allysha Joy";"8";"17";"914"
"Brous One";"1";"1";"7625"
"Rioleval";"1";"1";"7626"
"The Weepies";"1";"9";"1726"
"Ondatrópica";"15";"49";"297"
"Raúl Monsalve y los Forajidos";"4";"13";"1200"
"Calypso Rose";"1";"1";"7627"
"Balvina Ramos";"1";"1";"7628"
"Guazú";"1";"1";"7629"
"Nación Ekeko";"1";"1";"7630"
"CUMBIASOUND";"1";"1";"7631"
"Mystery Wind";"1";"1";"7632"
"Be Svendsen";"4";"6";"2398"
"Sahalé";"8";"24";"616"
"Glen Velez";"1";"1";"7633"
"yeahman";"1";"1";"7634"
"Walther";"1";"6";"2399"
"Samarana";"1";"1";"7635"
"Nato (FR)";"1";"1";"7636"
"S-Tone Inc.";"1";"2";"5037"
"Chris Dave and the Drumhedz";"1";"1";"7637"
"Baril";"1";"1";"7638"
"AKRMX";"1";"1";"7639"
"Anthonius";"1";"1";"7640"
"Pahua";"1";"1";"7641"
"Just a Band";"1";"1";"7642"
"Malphino";"1";"1";"7643"
"Lorenzo Morresi";"3";"6";"2400"
"Nacho Maldonado";"3";"19";"807"
"Mos Def";"3";"4";"3173"
"Quakers";"1";"3";"3863"
"B Selekt";"1";"12";"1314"
"Dalton";"1";"1";"7644"
"System Olympia";"5";"11";"1437"
"Sebra Cruz";"11";"27";"533"
"Joseph Haydn";"5";"9";"1727"
"Sunpalace";"1";"12";"1315"
"Penny Goodwin";"1";"2";"5038"
"Guess What";"2";"8";"1917"
"Air";"4";"15";"1029"
"Carlos Niño";"4";"9";"1728"
"Misha Panfilov";"4";"12";"1316"
"Spirit Of Sundaze Ensemble";"1";"8";"1918"
"Pablo Fierro";"1";"5";"2725"
"Placebo";"2";"4";"3174"
"Joris Voorn";"1";"1";"7645"
"Aja Monet";"14";"27";"534"
"Rebles";"1";"3";"3864"
"Mr Twin Sister";"1";"2";"5039"
"Calibre";"14";"14";"1109"
"Gilles Peterson";"1";"1";"7646"
"The Jazzual Suspects";"1";"1";"7647"
"Bendik Giske";"1";"1";"7648"
"Against All Logic";"2";"2";"5040"
"Colloboh";"2";"7";"2135"
"Jassbusters";"1";"4";"3175"
"Sunbörn";"2";"24";"617"
"Elkin & Nelson";"9";"25";"585"
"Idrissa Soumaoro";"4";"18";"857"
"Jaimie Branch";"1";"4";"3176"
"Mid Ground";"1";"4";"3177"
"Asta Hiroki";"2";"8";"1919"
"Pino Palladino";"3";"17";"915"
"Muito Kaballa";"11";"37";"386"
"La Bellini";"1";"9";"1729"
"Earth Girl Helen Brown";"5";"9";"1730"
"Jembaa Groove";"4";"20";"754"
"Kuzich";"2";"20";"755"
"Naima Bock";"7";"22";"687"
"Daniel Villarreal";"5";"15";"1030"
"Der Räuber und der Prinz";"1";"7";"2136"
"Camilla George";"3";"7";"2137"
"||||||||||||||||||||";"4";"13";"1201"
"Isis";"1";"3";"3865"
"BLO";"1";"3";"3866"
"Saine";"1";"11";"1438"
"Akusmi";"4";"14";"1110"
"The Rwenzori's";"1";"11";"1439"
"Animanz";"1";"3";"3867"
"Pierre Daven-Keller";"1";"14";"1111"
"Idris Ackamoor";"3";"16";"975"
"flatpocket";"9";"11";"1440"
"Joe Dukie";"1";"2";"5041"
"Marxist Love Disco Ensemble";"2";"7";"2138"
"Kiyoshi Yamaya";"2";"3";"3868"
"Rogê";"2";"4";"3178"
"muva of Earth";"3";"11";"1441"
"Underground System";"3";"11";"1442"
"Stefano Torossi";"1";"1";"7649"
"Orgone";"2";"3";"3869"
"Gabriel Gifford";"2";"3";"3870"
"Duke Pearson";"1";"2";"5042"
"Tex";"1";"15";"1031"
"The Fantasy";"1";"2";"5043"
"DāM-FunK";"2";"4";"3179"
"Hanah";"1";"2";"5044"
"Magic Source";"1";"9";"1731"
"Dos Santos";"1";"2";"5045"
"Leland Whitty";"1";"1";"7650"
"Felix Raphael";"1";"2";"5046"
"EABS";"10";"22";"688"
"Fridge";"1";"1";"7651"
"Me & George";"1";"1";"7652"
"Joel Holmes";"3";"5";"2726"
"Angelo Cruzman";"2";"2";"5047"
"Das Ende der Liebe";"1";"1";"7653"
"M. D. PALLAVI";"4";"13";"1202"
"The Free Label";"1";"1";"7654"
"Niji";"2";"8";"1920"
"Ouhana";"2";"2";"5048"
"Barnt";"1";"1";"7655"
"Portugal. The Man";"1";"1";"7656"
"ASICS EMEA";"1";"1";"7657"
"Elaine Howley";"2";"9";"1732"
"TARA LILY";"2";"2";"5049"
"Junior Delahaye";"1";"1";"7658"
"Waan";"1";"1";"7659"
"Şatellites";"2";"2";"5050"
"Nicholas Britell";"6";"6";"2401"
"Bob Dylan";"2";"2";"5051"
"Al Hudson And The Partners";"1";"6";"2402"
"DJ PETER G.";"1";"1";"7660"
"Woolfy";"1";"6";"2403"
"Hans Ole Thers";"1";"1";"7661"
"Thomas de Pourquery";"2";"13";"1203"
"J.Lamotta";"1";"2";"5052"
"pool boy";"3";"7";"2139"
"Parquet Courts";"1";"2";"5053"
"Thepporn Petchubon";"1";"3";"3871"
"César Camargo Mariano";"1";"2";"5054"
"Ait Meslayene";"1";"2";"5055"
"Rokia Koné";"10";"39";"369"
"Nico Mauskovic";"1";"2";"5056"
"Lewis Taylor";"1";"3";"3872"
"Fantasy 15";"1";"2";"5057"
"Ian Finkelstein";"2";"6";"2404"
"One Blood";"2";"14";"1112"
"Союз";"4";"9";"1733"
"Shelton Kilby";"1";"1";"7662"
"Beastie Boys";"1";"1";"7663"
"pølaroit";"1";"7";"2140"
"Gboyega Adelaja";"1";"1";"7664"
"Priya Ragu";"1";"6";"2405"
"STAPLES JR. SINGERS";"1";"1";"7665"
"Zeb";"1";"8";"1921"
"The Heshoo Beshoo Group";"1";"1";"7666"
"The Ogyatanaa Show Band";"1";"3";"3873"
"gabriel da rosa";"2";"3";"3874"
"Anadol";"2";"4";"3180"
"Telefís";"1";"1";"7667"
"K.O.G";"2";"3";"3875"
"Mário Rui Silva";"2";"11";"1443"
"coco maria";"1";"4";"3181"
"Joan as Police Woman";"1";"2";"5058"
"Floating World Pictures";"1";"2";"5059"
"Tim Bernardes";"1";"1";"7668"
"SOIL & “PIMP” SESSIONS";"1";"1";"7669"
"Jorge Ben";"1";"2";"5060"
"Caterina Barbieri";"1";"2";"5061"
"Miho Hatori";"1";"10";"1563"
"Fai Baba";"1";"2";"5062"
"Ignacio Maria Gomez";"10";"93";"134"
"Sai Galaxy";"1";"4";"3182"
"Beirut";"1";"4";"3183"
"Cinnamon Soulettes";"1";"2";"5063"
"Camarão Orkestra";"1";"4";"3184"
"Wax Machine";"3";"13";"1204"
"Manuel Göttsching";"1";"3";"3876"
"Rose Juam";"1";"3";"3877"
"Rahill";"2";"7";"2141"
"Anteloper";"1";"2";"5064"
"The Free Music";"1";"3";"3878"
"Native Soul";"1";"1";"7670"
"Léa Sen";"1";"2";"5065"
"Lady Wray";"2";"7";"2142"
"Ben Lamar Gay";"3";"7";"2143"
"Sign Libra";"7";"26";"560"
"Bembeya Jazz National";"1";"1";"7671"
"Curtis Harding";"2";"3";"3879"
"Zakir Hussain";"1";"2";"5066"
"Anna";"2";"4";"3185"
"Ash Walker";"5";"17";"916"
"Georg Friedrich Händel";"3";"3";"3880"
"Giovanni Girolamo Kapsberger";"1";"1";"7672"
"Hans Werner Henze";"1";"1";"7673"
"Desire Marea";"1";"2";"5067"
"Moiré";"1";"2";"5068"
"Underworld";"2";"4";"3186"
"General Ehi Duncan";"1";"1";"7674"
"Dawuna";"2";"4";"3187"
"Tone";"1";"1";"7675"
"Kolinga";"2";"4";"3188"
"Family Choice";"1";"2";"5069"
"Meshell Ndegeocello";"2";"3";"3881"
"Piero Umiliani";"4";"11";"1444"
"Capinera";"2";"2";"5070"
"João Selva";"2";"5";"2727"
"afrodesia";"1";"1";"7676"
"Tomu DJ";"1";"9";"1734"
"Matthew Shipp";"1";"1";"7677"
"Amazones de Guinee";"1";"1";"7678"
"Evinha";"1";"1";"7679"
"Neno Exporta Som";"1";"1";"7680"
"Alípio Martins";"1";"1";"7681"
"Lemos e Debétio";"1";"1";"7682"
"Barbosa";"1";"1";"7683"
"Sameed";"2";"11";"1445"
"tapioca";"12";"38";"377"
"Wild Fire";"1";"1";"7684"
"Raz & Afla";"1";"1";"7685"
"Angel Rada";"1";"4";"3189"
"Miso Extra";"1";"10";"1564"
"Ibibio Sound Machine";"3";"11";"1446"
"Willie Griffin";"1";"10";"1565"
"Cujo";"1";"5";"2728"
"Fernanda Abreu";"1";"3";"3882"
"bad tuner";"22";"123";"76"
"Chronixx";"1";"5";"2729"
"Ela Minus";"1";"4";"3190"
"Yoni Mayraz";"2";"7";"2144"
"Thoma";"8";"23";"654"
"Teaspoon & the Waves";"1";"8";"1922"
"Nico Gomez And His Afro Percussion Inc.";"1";"9";"1735"
"Geoffrey Landers";"2";"6";"2406"
"Yvonne Archer";"1";"4";"3191"
"ERA C";"1";"1";"7686"
"Lean Low";"2";"13";"1205"
"Jason Hersco";"2";"2";"5071"
"Inkswel";"3";"3";"3883"
"Ten City";"1";"1";"7687"
"Boston Bun";"1";"1";"7688"
"Desire";"1";"1";"7689"
"Feiertag";"20";"56";"257"
"Andras Fox";"1";"2";"5072"
"Keith & Tex";"1";"1";"7690"
"Bob Andy";"1";"1";"7691"
"Hollie Cook";"2";"2";"5073"
"Susan Cadogan";"1";"2";"5074"
"Cecile Campbell";"1";"1";"7692"
"Junior Murvin";"1";"1";"7693"
"Carlton & The Shoes";"1";"2";"5075"
"Joya Landis";"1";"1";"7694"
"Astrud Gilberto";"1";"1";"7695"
"Stranger Cole";"1";"1";"7696"
"Lloyd Charmers";"1";"1";"7697"
"Johnny Osbourne";"1";"1";"7698"
"Al Barry";"1";"1";"7699"
"Soul Revivers";"2";"8";"1923"
"Nora Dean";"1";"2";"5076"
"Derun";"1";"2";"5077"
"Shabason & Krgovich";"2";"6";"2407"
"tony njoku";"4";"7";"2145"
"T-Power vs. MK Ultra";"1";"2";"5078"
"Afro Cult Foundation";"1";"2";"5079"
"Jasmine Myra";"9";"18";"858"
"Albertine Sarges";"1";"3";"3884"
"Hampshire & Foat";"3";"7";"2146"
"Gilberto Gil";"1";"2";"5080"
"Not Waving";"1";"1";"7700"
"Spencer Cullum";"1";"2";"5081"
"Au Suisse";"1";"4";"3192"
"Mato";"1";"10";"1566"
"Brain Damage";"1";"1";"7701"
"Dawn Penn";"2";"2";"5082"
"Erasmo Carlos";"1";"1";"7702"
"Mashti";"1";"2";"5083"
"PAAX (Tulum)";"2";"4";"3193"
"SONYA SPENCE";"1";"10";"1567"
"The Hempolics";"1";"1";"7703"
"Passion Coco";"1";"1";"7704"
"Lyn Christopher";"1";"1";"7705"
"The Eternals";"1";"1";"7706"
"Hraach";"2";"2";"5084"
"Jenny Lewis";"11";"11";"1447"
"Jim";"2";"3";"3885"
"Soul Supreme";"2";"5";"2730"
"Bodikhuu";"3";"13";"1206"
"African Head Charge";"13";"29";"495"
"The Soul Surfers";"3";"5";"2731"
"Fallon Jennings";"1";"1";"7707"
"The Greg Foat Group";"1";"1";"7708"
"Kieran Hebden";"1";"3";"3886"
"Al Charles";"1";"1";"7709"
"Orquestra E Coro Som Livre";"1";"2";"5085"
"GODriguez";"1";"2";"5086"
"Alek Lee";"1";"1";"7710"
"Typesun";"1";"4";"3194"
"4hero";"1";"1";"7711"
"Jack Essek";"1";"1";"7712"
"Kai Campos";"1";"1";"7713"
"Sven Väth";"1";"1";"7714"
"DunDunDun";"3";"6";"2408"
"KOLUMBO";"1";"2";"5087"
"DOUAA";"1";"2";"5088"
"Roméo Poirier";"4";"5";"2732"
"Love Joys";"1";"2";"5089"
"Nongoma";"1";"2";"5090"
"Cain";"1";"2";"5091"
"Peter King";"1";"1";"7715"
"Muchos Plus";"1";"1";"7716"
"Takeshi's Cashew";"2";"3";"3887"
"Mangabey";"1";"1";"7717"
"Whoarei";"1";"1";"7718"
"Lucas Santtana";"1";"2";"5092"
"Conroy Smith";"1";"1";"7719"
"citron citron";"1";"1";"7720"
"LX72";"1";"3";"3888"
"José Carlos Schwarz & Le Cobiana Djazz";"1";"1";"7721"
"Dip In The Dub";"1";"1";"7722"
"Haich Ber Na";"1";"1";"7723"
"Limousine";"2";"11";"1448"
"Luther davis";"1";"1";"7724"
"Lynn Avery";"4";"13";"1207"
"Santaka";"1";"1";"7725"
"St Francis Hotel";"2";"7";"2147"
"Kenny Segal";"1";"1";"7726"
"Van Hai";"1";"1";"7727"
"Shirley Nanette";"1";"2";"5093"
"Horace Andy";"1";"1";"7728"
"Okonski";"8";"34";"419"
"Men I Trust";"3";"3";"3889"
"Sababa 5";"11";"26";"561"
"The MFA";"2";"7";"2148"
"Meta.83";"1";"4";"3195"
"Jake Fairley";"1";"4";"3196"
"Zeta Reticula";"2";"3";"3890"
"Petter";"1";"2";"5094"
"Baby Ford & The Ifach Collective";"1";"2";"5095"
"Avus";"1";"1";"7729"
"DJ ESP";"1";"1";"7730"
"Jase From Outta Space";"1";"1";"7731"
"Travis Biggs";"7";"13";"1208"
"N'Gou Bagayoko";"10";"15";"1032"
"Wagon Christ";"1";"2";"5096"
"Phairo";"1";"2";"5097"
"Born At Midnite";"1";"2";"5098"
"Capitol 1212";"1";"2";"5099"
"Raghd";"1";"2";"5100"
"Joss Moog";"4";"13";"1209"
"Datassette";"4";"24";"618"
"Phil Kieran";"1";"2";"5101"
"Congotronics International";"1";"2";"5102"
"Oan Kim";"1";"2";"5103"
"Loris";"1";"2";"5104"
"Cornershop";"1";"2";"5105"
"foshe";"8";"22";"689"
"Headache";"3";"18";"859"
"Arc De Soleil";"6";"9";"1736"
"Keith Hudson";"1";"2";"5106"
"Flaer";"4";"10";"1568"
"jura soundsystem";"2";"7";"2149"
"Luis Navidad";"1";"2";"5107"
"Nat Home";"1";"2";"5108"
"Alan Tew";"1";"2";"5109"
"Speakers Corner Quartet";"37";"49";"298"
"Kyle McEvoy";"8";"10";"1569"
"Minihi";"1";"1";"7732"
"Soul Sugar";"1";"3";"3891"
"79rs Gang";"1";"2";"5110"
"Simon Farintosh";"1";"2";"5111"
"Savana Funk";"5";"19";"808"
"Kham Meslien";"9";"12";"1317"
"Masahiro Takahashi";"1";"2";"5112"
"I Am An Instrument";"3";"19";"809"
"Kassa Overall";"3";"6";"2409"
"Bunker Buster";"1";"3";"3892"
"Grupo Algo Nuevo";"1";"4";"3197"
"Hysear Don Walker";"1";"2";"5113"
"Neil Janke";"4";"11";"1449"
"Tigerbalm";"9";"19";"810"
"Fabiano do Nascimento";"7";"15";"1033"
"Rolrolrol";"1";"4";"3198"
"Fresh & Low";"1";"2";"5114"
"Soul Groove (UK)";"1";"2";"5115"
"Soul Wun";"9";"31";"463"
"Romanthony";"2";"3";"3893"
"KRYPTOGRAM";"6";"12";"1318"
"Daniel Leseman";"1";"2";"5116"
"see other";"1";"2";"5117"
"Eli Escobar";"54";"315";"13"
"Mike Sharon";"1";"2";"5118"
"Borrowed Identity";"1";"2";"5119"
"Alex Agore";"1";"3";"3894"
"Gregory Dub";"1";"2";"5120"
"Lukas Lyrestam";"1";"2";"5121"
"Joe Vanditti";"1";"6";"2410"
"Lentos";"1";"9";"1737"
"Parallelle";"2";"15";"1034"
"DJ Kemit & Luke Austin present The Lounge Lizards";"1";"2";"5122"
"Adana Twins";"1";"2";"5123"
"Nanis Weed";"1";"5";"2733"
"One Way";"1";"5";"2734"
"Blake Jarrell";"1";"1";"7733"
"Progressence";"1";"2";"5124"
"The Blaxploited Orchestra";"1";"2";"5125"
"Meditative Drift";"1";"1";"7734"
"Miryam Solomon";"3";"9";"1738"
"Human Race";"1";"3";"3895"
"Michel Banabila";"2";"5";"2735"
"Senyaka";"1";"3";"3896"
"The Kimba Unit";"2";"11";"1450"
"Nana Benz du Togo";"2";"21";"723"
"Qendresa";"1";"2";"5126"
"Nia Archives";"1";"3";"3897"
"Baque Luar";"1";"3";"3898"
"Amaria Hamadalher";"1";"13";"1210"
"The Fabulous Three";"2";"9";"1739"
"Adriana Vasques";"1";"3";"3899"
"yes/and";"1";"4";"3199"
"Erobique";"1";"7";"2150"
"Aston 'Family Man' Barrett";"1";"2";"5127"
"Mdou Moctar";"2";"4";"3200"
"Scotty";"1";"1";"7735"
"Carla dal Forno";"2";"7";"2151"
"Adiga Music Band";"1";"2";"5128"
"Lee Fields";"1";"1";"7736"
"Gordon Matthew Sumner";"1";"2";"5129"
"DJ Deller";"1";"3";"3900"
"Blackstone";"1";"3";"3901"
"Quintus Project";"2";"13";"1211"
"PPJ";"1";"9";"1740"
"Pinky Perzelle";"2";"9";"1741"
"Sharon Forrester";"1";"7";"2152"
"Bruise";"6";"10";"1570"
"Ohma";"8";"38";"378"
"Jantra";"1";"4";"3201"
"Pigeon";"2";"11";"1451"
"Takuya Nakamura";"1";"2";"5130"
"Derrick Cross";"1";"3";"3902"
"Alien Alien";"1";"3";"3903"
"Ruthven";"1";"3";"3904"
"Jimetta Rose";"1";"2";"5131"
"Immy Owusu";"12";"40";"359"
"Mave & Dave";"1";"4";"3202"
"Tim Shiel";"1";"3";"3905"
"Begin";"1";"3";"3906"
"Horsey";"1";"3";"3907"
"Florence Adooni";"2";"15";"1035"
"Erick Cosaque";"1";"3";"3908"
"Sulah Jordan";"2";"7";"2153"
"Laura Michele";"1";"2";"5132"
"Ironsides";"2";"4";"3203"
"Brian Jackson";"2";"9";"1742"
"De'Sean Jones";"5";"13";"1212"
"Mystic Jungle";"3";"6";"2411"
"The Lahaar";"3";"4";"3204"
"Olefonken";"1";"3";"3909"
"Donald Lee Roland II";"2";"5";"2736"
"Meftah";"2";"5";"2737"
"Specter";"5";"17";"917"
"Deon Jamar";"2";"5";"2738"
"John C";"2";"5";"2739"
"MBtheLIGHT";"2";"4";"3205"
"Raybone Jones";"2";"4";"3206"
"Jon Dixon";"2";"4";"3207"
"Whodat";"1";"3";"3910"
"kesswa";"2";"4";"3208"
"Raj Mahal";"2";"4";"3209"
"Jason Hogans";"2";"4";"3210"
"H-Fusion";"2";"3";"3911"
"Sterling Toles";"2";"3";"3912"
"De'Sean Jones & Ideeyah";"1";"2";"5133"
"Whodat & Sophiyah.e";"1";"1";"7737"
"Drumetrics";"1";"4";"3211"
"Get the Blessing";"4";"10";"1571"
"Nikita Quasim";"1";"4";"3212"
"Fluxion";"2";"5";"2740"
"C'mon Tigre";"2";"8";"1924"
"Smith & Mudd";"1";"3";"3913"
"Hugo Santini";"1";"3";"3914"
"Pete Jolly";"3";"14";"1113"
"ANZ";"1";"3";"3915"
"Walter Astral";"2";"9";"1743"
"Pulshar";"1";"3";"3916"
"Nicolini";"2";"5";"2741"
"Jeremy Talon";"1";"4";"3213"
"KOFFIE";"2";"10";"1572"
"P. Morris";"1";"3";"3917"
"Raz Olsher";"1";"3";"3918"
"Urb";"1";"4";"3214"
"Valentina Magaletti";"2";"7";"2154"
"Gabriele Poso";"3";"5";"2742"
"Aili";"3";"8";"1925"
"Ramzi";"2";"5";"2743"
"Missy Elliott";"3";"4";"3215"
"FLO";"1";"1";"7738"
"Ole Morten Vågan";"1";"1";"7739"
"Aiden Ayers";"1";"7";"2155"
"David Versace";"12";"41";"349"
"Chet Baker";"1";"6";"2412"
"Os Flippers";"1";"6";"2413"
"Summer-Pearl";"13";"55";"262"
"Cécile McLorin Salvant";"1";"9";"1744"
"Brién";"1";"12";"1319"
"A Vision of Panorama";"3";"19";"811"
"Moondiver";"2";"12";"1320"
"Thandii";"2";"15";"1036"
"serebii";"4";"10";"1573"
"Supertaste";"1";"9";"1745"
"Cody Currie";"24";"109";"99"
"Siraba";"1";"7";"2156"
"Bentley";"1";"9";"1746"
"Akalé Wubé";"1";"7";"2157"
"The Offline";"6";"14";"1114"
"Express Rising";"1";"1";"7740"
"Courtney Barnett";"1";"1";"7741"
"Wolfmother";"1";"2";"5134"
"Micah Heathwood";"1";"7";"2158"
"Princess Nokia";"5";"18";"860"
"CHAI";"1";"3";"3919"
"Maral";"3";"10";"1574"
"Kwame Yeboah";"1";"9";"1747"
"Another Chemical Love Story";"8";"24";"619"
"Klara Kristin";"1";"5";"2744"
"Moon Mullins";"1";"5";"2745"
"Emile Londonien";"5";"12";"1321"
"Pejzaż";"2";"10";"1575"
"Fulu Miziki";"2";"6";"2414"
"The Rugged Nuggets";"2";"9";"1748"
"TLIM SHUG";"1";"6";"2415"
"Maxime Denuc";"3";"16";"976"
"SHOLTO";"5";"19";"812"
"Acopia";"2";"8";"1926"
"Alex Figueira";"12";"28";"516"
"Belief";"2";"9";"1749"
"Nusantara Beat";"2";"12";"1322"
"Paul Prier";"2";"29";"496"
"Abunai";"3";"9";"1750"
"Gwairoch";"1";"7";"2159"
"el delpha";"1";"1";"7742"
"Alexander Flood";"13";"72";"179"
"Groundislava";"1";"1";"7743"
"Dionysos";"1";"1";"7744"
"Raphaël Pannier";"1";"1";"7745"
"Credit 00";"5";"6";"2416"
"Allan Shotter";"1";"1";"7746"
"Viilonyu";"1";"1";"7747"
"Konx";"1";"1";"7748"
"Pedro Ricardo";"11";"46";"309"
"Alle";"3";"13";"1213"
"V/Z";"3";"9";"1751"
"absent music";"3";"10";"1576"
"Bruno Berle";"1";"2";"5135"
"Psyché";"9";"18";"861"
"Woo";"4";"13";"1214"
"Lee Tracy";"1";"2";"5136"
"Born Under A Rhyming Planet";"1";"4";"3216"
"Baalti";"2";"3";"3920"
"GAYANCE";"11";"33";"433"
"Ashaye";"1";"2";"5137"
"Bokoya";"2";"6";"2417"
"Total Refreshment Centre";"2";"3";"3921"
"Simon Mavin";"2";"4";"3217"
"700 Feel";"3";"12";"1323"
"Kosmo Sound";"1";"2";"5138"
"Pablo's Eye";"3";"5";"2746"
"Saskia";"1";"1";"7749"
"Kareem Ali";"14";"40";"360"
"J. Albert";"1";"3";"3922"
"Popcorn";"1";"1";"7750"
"Khun Narin";"1";"1";"7751"
"Ancient Infinity Orchestra";"1";"6";"2418"
"Azzurro 80";"1";"2";"5139"
"Trees Speak";"1";"1";"7752"
"Dwight Sykes";"1";"2";"5140"
"TSVI";"1";"1";"7753"
"BOT1500";"1";"2";"5141"
"Alex Goose";"1";"2";"5142"
"Dali Muru & the Polyphonic Swarm";"1";"1";"7754"
"Money Lang";"1";"2";"5143"
"PAL";"1";"1";"7755"
"White Light";"1";"2";"5144"
"Ganavya";"2";"9";"1752"
"Whodamanny";"1";"2";"5145"
"Perko";"1";"1";"7756"
"Brandee Younger";"4";"8";"1927"
"Winter";"1";"2";"5146"
"Karate Boogaloo";"6";"14";"1115"
"Ranking Ann";"1";"3";"3923"
"Josh Johnson";"1";"2";"5147"
"Spectrum";"1";"1";"7757"
"Carl Philipp Emanuel Bach";"1";"1";"7758"
"Domenico Cimarosa";"2";"2";"5148"
"Weils";"1";"1";"7759"
"Löwenzahnhonig";"4";"16";"977"
"Andrew Pekler";"1";"3";"3924"
"Time Cow";"1";"3";"3925"
"Stella";"2";"10";"1577"
"Sinj Clarke";"7";"12";"1324"
"Rachael Dadd";"1";"5";"2747"
"Piezo";"1";"7";"2160"
"13th Ward Social Club";"11";"35";"408"
"Ideophone";"1";"6";"2419"
"Assaf Spector";"6";"13";"1215"
"Death and Vanilla";"1";"5";"2748"
"Léon Phal";"2";"8";"1928"
"The Outer Worlds Jazz Ensemble";"1";"5";"2749"
"Rizomagic";"2";"8";"1929"
"Beni Life";"1";"4";"3218"
"Dans Dans";"1";"5";"2750"
"Espen Horne";"3";"13";"1216"
"Troubleman";"1";"4";"3219"
"Lone Mesa";"1";"5";"2751"
"Batavia Collective";"1";"3";"3926"
"LANDER & ADRIAAN";"1";"3";"3927"
"Psychic Temple";"15";"39";"370"
"London Brew";"1";"5";"2752"
"Show Me the Body";"1";"2";"5149"
"Hayden James";"1";"1";"7760"
"Bliss";"1";"1";"7761"
"Tindersticks";"1";"1";"7762"
"Asynchrone";"2";"4";"3220"
"David Snell";"1";"4";"3221"
"Brontez Purnell";"1";"5";"2753"
"Whatitdo Archive Group";"1";"11";"1452"
"Minami Deutsch";"3";"9";"1753"
"Vanilla Wish";"1";"4";"3222"
"Moses Yoofee Trio";"3";"13";"1217"
"Saul";"1";"4";"3223"
"Marti Caine";"1";"2";"5150"
"JSPHYNX";"10";"24";"620"
"Yoofee";"1";"2";"5151"
"Gleasdusz";"2";"5";"2754"
"Renee";"1";"2";"5152"
"Willie Lindo";"1";"3";"3928"
"Zerosen";"1";"3";"3929"
"Djosa";"1";"3";"3930"
"LoliLiq";"1";"3";"3931"
"Gerald Bailey";"2";"5";"2755"
"Great Area";"1";"3";"3932"
"Saint Abdullah";"1";"3";"3933"
"Solomon Ilori";"1";"2";"5153"
"Il Mago del Gelato";"2";"6";"2420"
"The Pro-Teens";"2";"12";"1325"
"Jamma-Dee";"1";"6";"2421"
"Jared Mattson";"2";"7";"2161"
"Lilacs & Champagne";"1";"18";"862"
"Tom VR";"1";"3";"3934"
"Bex Burch";"3";"12";"1326"
"Donkeychote";"2";"7";"2162"
"Salin";"3";"14";"1116"
"Pierre Cavalli";"1";"4";"3224"
"Niobe";"2";"7";"2163"
"Enji";"2";"8";"1930"
"Aazz Bhens";"1";"4";"3225"
"Legrilloneur";"1";"4";"3226"
"Bullant";"1";"6";"2422"
"Cos";"1";"4";"3227"
"Harry Paradise";"2";"17";"918"
"EnRa";"1";"1";"7763"
"Yasumu";"3";"4";"3228"
"Tibeauthetraveler";"6";"9";"1754"
"Raimu";"2";"2";"5154"
"Slowburn";"4";"5";"2756"
"Mondo Loops";"4";"6";"2423"
"Tin.";"3";"4";"3229"
"kainbeats";"5";"7";"2164"
"luv pug";"1";"1";"7764"
"HOKØ";"3";"4";"3230"
"Nadav Cohen";"3";"4";"3231"
"C4C";"1";"1";"7765"
"squeeda";"1";"1";"7766"
"Kanisan";"1";"1";"7767"
"IDYLLA";"1";"1";"7768"
"bluntone";"1";"1";"7769"
"i-sef u-sef";"1";"12";"1327"
"The Circling Sun";"9";"32";"447"
"hi jude";"1";"1";"7770"
"Jhove";"2";"2";"5155"
"L'outlander";"1";"1";"7771"
"Jay-Lounge";"1";"1";"7772"
"DaniSogen";"1";"1";"7773"
"Osaki";"1";"1";"7774"
"MindeliQ";"1";"1";"7775"
"S N U G";"2";"2";"5156"
"hoogway";"3";"3";"3935"
"Tenno";"1";"1";"7776"
"cocabona";"1";"1";"7777"
"mell-ø";"1";"1";"7778"
"bCalm";"1";"1";"7779"
"Kinissue";"1";"1";"7780"
"Dontcry";"1";"1";"7781"
"Casiio";"2";"2";"5157"
"Kalaido";"1";"1";"7782"
"Sátyr";"3";"3";"3936"
"Monma";"1";"1";"7783"
"Lawrence Walther";"1";"1";"7784"
"Lesky";"1";"1";"7785"
"Gcoope";"1";"1";"7786"
"Maiso Linua";"1";"1";"7787"
"Dimension 32";"2";"2";"5158"
"Softy";"1";"1";"7788"
"Project AER";"2";"2";"5159"
"Sleepermane";"1";"1";"7789"
"drkmnd";"1";"1";"7790"
"Living Room";"1";"1";"7791"
"dosi";"1";"1";"7792"
"Nvmb.";"1";"1";"7793"
"Lilac";"1";"1";"7794"
"goson";"2";"2";"5160"
"Elior";"1";"1";"7795"
"nothingtosay";"1";"1";"7796"
"Sebastian Kamae";"1";"1";"7797"
"Chau Sara";"2";"2";"5161"
"Tatami Construct";"1";"1";"7798"
"Amies";"1";"1";"7799"
"Laffey";"1";"1";"7800"
"Xander.";"1";"1";"7801"
"Yestalgia";"1";"1";"7802"
"Nuver";"1";"1";"7803"
"kyu";"1";"1";"7804"
"Kudo";"1";"1";"7805"
"eugenio izzi";"1";"1";"7806"
"MAU";"1";"1";"7807"
"BVG";"1";"1";"7808"
"maya ongaku";"8";"41";"350"
"Chunk";"1";"5";"2757"
"Fennec";"1";"7";"2165"
"Skarbø Skulekorps";"2";"4";"3232"
"Operating Theatre";"1";"4";"3233"
"Ikonika";"1";"4";"3234"
"Pavel Milyakov";"2";"9";"1755"
"Howie Lee";"1";"3";"3937"
"Ibrahim Hesnawi";"1";"5";"2758"
"The Memphis Mustangs";"1";"4";"3235"
"Nev Cottee";"1";"6";"2424"
"Airhead";"2";"6";"2425"
"Hiroshi Yoshimura";"1";"4";"3236"
"Dylan Henner";"3";"7";"2166"
"KAU";"1";"3";"3938"
"Arima Ederra";"1";"4";"3237"
"Joey Mercedes";"1";"4";"3238"
"Ghost Power";"9";"27";"535"
"Don Glori";"11";"45";"317"
"Gonubie";"1";"8";"1931"
"Kirk Barley";"1";"7";"2167"
"shane cooper";"1";"5";"2759"
"The Breathing Effect";"1";"6";"2426"
"Khukzuk Zendogiu";"2";"7";"2168"
"corto.alto";"14";"65";"207"
"BnnyHunna";"1";"5";"2760"
"Tibi Dabo";"1";"18";"863"
"Eliza";"4";"14";"1117"
"Daedelus";"2";"26";"562"
"Ocote Soul Sounds";"12";"34";"420"
"Eje Eje";"12";"58";"245"
"Denny Guy";"1";"4";"3239"
"Christoph El Truento";"10";"81";"157"
"TRIBEZ.";"1";"6";"2427"
"Noori & His Dorpa Band";"1";"5";"2761"
"Bibi Tanga & The Selenites";"2";"8";"1932"
"Ohia Lehua";"2";"9";"1756"
"tristaño";"1";"7";"2169"
"Mom Tudie";"2";"10";"1578"
"The Seven Ups";"2";"10";"1579"
"Giuliano Sorgini";"1";"4";"3240"
"Henri Salvador";"1";"10";"1580"
"Jacco Gardner";"1";"6";"2428"
"Hildegard";"1";"7";"2170"
"pigbaby";"1";"7";"2171"
"Ludo Gastolfi";"1";"7";"2172"
"Bala Desejo";"1";"17";"919"
"K.F.T.B.";"1";"23";"655"
"Lewsberg";"1";"21";"724"
"Marinero";"1";"3";"3939"
"Oren Ambarchi";"1";"7";"2173"
"Red Robyn";"1";"5";"2762"
"Charif Megarbane";"2";"12";"1328"
"Letherette";"1";"6";"2429"
"PWNT";"1";"5";"2763"
"Jump Source";"3";"3";"3940"
"Super Yamba Band";"1";"1";"7809"
"Polyphonic Exophilia";"6";"20";"756"
"Witch Prophet";"1";"4";"3241"
"Cassowary";"1";"3";"3941"
"Decisive Pink";"1";"4";"3242"
"Josef Akin";"2";"7";"2174"
"Mito y Comadre";"1";"25";"586"
"Nora Stanley";"1";"2";"5162"
"Lagos Thugs";"1";"4";"3243"
"Joshua Moshe";"1";"3";"3942"
"Mitchum Yacoub";"10";"192";"36"
"BLUE Divers";"1";"2";"5163"
"Clarissa Connelly";"1";"13";"1218"
"Cousin";"2";"5";"2764"
"Ella Thompson";"2";"5";"2765"
"Alexander IV";"1";"2";"5164"
"Freak Heat Waves";"3";"9";"1757"
"Dettinger";"1";"3";"3943"
"Reinhard Voigt";"2";"7";"2175"
"Mike Ink";"1";"2";"5165"
"Schaeben & Voss";"1";"2";"5166"
"M:I:5";"1";"2";"5167"
"Hug";"1";"2";"5168"
"Wassermann";"1";"2";"5169"
"John Tejada";"2";"6";"2430"
"Gas";"1";"2";"5170"
"Triola";"1";"1";"7810"
"Stepan Konicek";"1";"1";"7811"
"Frankie Goes to Hollywood";"1";"1";"7812"
"Helene Fischer";"1";"1";"7813"
"Hugh Martin";"1";"1";"7814"
"Slade";"1";"2";"5171"
"Tom Petty and The Heartbreakers";"1";"1";"7815"
"The Drifters";"1";"1";"7816"
"Burl Ives";"1";"1";"7817"
"Mel Tormé";"1";"1";"7818"
"Melanie Thornton";"1";"1";"7819"
"Charles Brown";"1";"1";"7820"
"Michael Jackson";"1";"1";"7821"
"Cliff Richard";"1";"1";"7822"
"Johnny Cash";"1";"1";"7823"
"Art Garfunkel";"1";"1";"7824"
"Bobby Helms";"1";"1";"7825"
"Natalie Cole";"1";"1";"7826"
"Sammy Davis, Jr.";"1";"1";"7827"
"King Curtis";"1";"1";"7828"
"Bryan Adams";"1";"2";"5172"
"Rolf Zuckowski";"1";"1";"7829"
"Henry John Gauntlett";"1";"1";"7830"
"Philip Stopford";"1";"1";"7831"
"William J. Kirkpatrick";"1";"1";"7832"
"Academy of St Martin in the Fields Chorus";"1";"1";"7833"
"Este'S Psalter, 1592";"1";"1";"7834"
"Bob Chilcott";"1";"1";"7835"
"Franz Xaver Gruber";"1";"1";"7836"
"Howard Blake";"1";"1";"7837"
"John Rutter";"3";"3";"3944"
"The City of Prague Philharmonic Orchestra";"1";"1";"7838"
"James Lord Pierpont";"1";"1";"7839"
"Sabrina Carpenter";"2";"2";"5173"
"Anonymous";"2";"2";"5174"
"Morten Lauridsen";"1";"1";"7840"
"John Goss";"1";"1";"7841"
"Rufus Wainwright";"1";"1";"7842"
"Harold Darke";"1";"1";"7843"
"V V Brown";"11";"11";"1453"
"Taylor Haskins";"1";"2";"5175"
"Dry Cleaning";"1";"5";"2766"
"Ron Everett";"1";"2";"5176"
"Matthias Vogt";"7";"10";"1581"
"Michel Portal";"2";"18";"864"
"Perfect Angels";"1";"3";"3945"
"Fazer";"3";"5";"2767"
"Baby Cool";"1";"7";"2176"
"Bowes Road Band";"1";"2";"5177"
"Pecas";"1";"17";"920"
"Lolina";"1";"3";"3946"
"New Composers";"2";"3";"3947"
"Błoto";"1";"2";"5178"
"Traffik Island";"1";"2";"5179"
"Freya Roy";"1";"2";"5180"
"LA LOM";"2";"4";"3244"
"Maston";"2";"15";"1037"
"Ilyich";"1";"8";"1933"
"Dana and Alden";"1";"10";"1582"
"La marche bleue";"2";"25";"587"
"Keshavara";"9";"37";"387"
"Bel Cobain";"2";"11";"1454"
"Barry Walker Jr.";"1";"10";"1583"
"Uto";"2";"10";"1584"
"Carbeau";"1";"8";"1934"
"Natural Wonder Beauty Concept";"2";"11";"1455"
"Donna Thompson";"1";"7";"2177"
"Hether";"2";"13";"1219"
"Cabrita";"1";"5";"2768"
"BEA1991";"1";"7";"2178"
"hermanito";"1";"9";"1758"
"Maayan Nidam";"1";"12";"1329"
"Summer Vee";"1";"16";"978"
"Qwalia";"4";"24";"621"
"Lapgan";"1";"9";"1759"
"Conic Rose";"2";"8";"1935"
"Louis Fontaine";"1";"6";"2431"
"Niecy Blues";"1";"7";"2179"
"33.3";"1";"11";"1456"
"Stephen Shannon";"1";"4";"3245"
"Zeb Samuels";"1";"5";"2769"
"Raquel Martins";"2";"10";"1585"
"Macadam Crocodile";"1";"9";"1760"
"LPTHERAPPER";"1";"5";"2770"
"Phi-Psonics";"1";"6";"2432"
"Polygonia";"2";"10";"1586"
"Rudi Creswick";"1";"4";"3246"
"Sofia Grant";"2";"4";"3247"
"Black Jesus Experience";"1";"4";"3248"
"Emahoy Tsege Mariam Gebru";"1";"4";"3249"
"Lauren Auder";"1";"3";"3948"
"Pedro Mizutani";"4";"14";"1118"
"ML Buch";"2";"13";"1220"
"JazzZ";"2";"20";"757"
"Fuz";"1";"3";"3949"
"Pale Blue";"1";"4";"3250"
"Mia Doi Todd";"1";"13";"1221"
"Chocolate Hills";"1";"4";"3251"
"Vincent Gericke";"1";"10";"1587"
"V.C.R";"1";"1";"7844"
"Balimaya Project";"1";"3";"3950"
"Bassline";"1";"3";"3951"
"Hannah Miette";"1";"8";"1936"
"Alice Smith";"1";"2";"5181"
"Kansado";"1";"2";"5182"
"Azamiah";"5";"11";"1457"
"Jonathan Fitoussi";"1";"4";"3252"
"Vincent Jäger";"1";"12";"1330"
"Roy Nathanson";"1";"1";"7845"
"Don Leisure";"2";"4";"3253"
"Framix";"1";"2";"5183"
"Tom Skinner";"1";"2";"5184"
"Jonnine";"2";"5";"2771"
"Y La Bamba";"1";"2";"5185"
"The Park";"1";"2";"5186"
"Discovery Zone";"2";"5";"2772"
"Sally Oldfield";"1";"1";"7846"
"Λένα Πλάτωνος";"1";"2";"5187"
"Nick Walters";"1";"2";"5188"
"Jamie Leeming";"1";"1";"7847"
"Andrew Underberg";"4";"9";"1761"
"Blake Roman";"2";"3";"3952"
"DJ Oil";"7";"9";"1762"
"Tanhai Collective";"3";"4";"3254"
"Parbleu";"3";"3";"3953"
"Yan Tregger";"1";"1";"7848"
"Hiro Ama";"5";"10";"1588"
"Lect Drecs";"1";"4";"3255"
"NATE08";"5";"11";"1458"
"John Stammers";"1";"1";"7849"
"Thandi Ntuli";"1";"2";"5189"
"Ariel Kalma";"1";"1";"7850"
"Nice Girl";"2";"2";"5190"
"Tuulikki Bartosik";"1";"3";"3954"
"Dan Hastie";"2";"7";"2180"
"Buscabulla";"1";"3";"3955"
"ddwy";"2";"7";"2181"
"Matt Wilde";"2";"5";"2773"
"Labelle";"1";"4";"3256"
"Via Mardot";"1";"3";"3956"
"Ed Mount";"1";"3";"3957"
"Degrees of Freedom";"1";"2";"5191"
"Loraine James";"1";"3";"3958"
"Ciao Ciao Marigold";"4";"17";"921"
"Clément Froissart";"2";"10";"1589"
"Louis Carnell";"1";"1";"7851"
"Daylight Robbery!";"13";"27";"536"
"ALAASKA";"2";"13";"1222"
"The Stance Brothers";"2";"9";"1763"
"Smith & Mighty";"1";"1";"7852"
"Los Mirlos";"2";"2";"5192"
"Juaneco y su Combo";"1";"1";"7853"
"Los Destellos";"2";"2";"5193"
"Los Diablos Rojos";"1";"1";"7854"
"Azmari";"2";"5";"2774"
"Rome Sithammarat";"1";"5";"2775"
"Achtung Wunst";"1";"5";"2776"
"Mykki Blanco";"1";"4";"3257"
"Demuja";"1";"8";"1937"
"Arthur Liory";"1";"4";"3258"
"Purelink";"1";"3";"3959"
"Tremendous Aron";"5";"11";"1459"
"Duffy x Uhlmann";"2";"11";"1460"
"Nathalie Joachim";"1";"4";"3259"
"Mathieu Pelletier-Gagnon";"1";"2";"5194"
"Mezerg";"3";"11";"1461"
"Anne Paceo";"2";"17";"922"
"Traditional Bulgarian";"1";"8";"1938"
"Mirabai Ceiba";"1";"6";"2433"
"Mama Oliver";"1";"2";"5195"
"Scone Cash Players";"1";"4";"3260"
"Khiliath";"1";"2";"5196"
"Lefto Early Bird";"3";"8";"1939"
"First Beige";"1";"7";"2182"
"Sulkhan Tsintsadze";"1";"1";"7855"
"Béla Bartók";"2";"2";"5197"
"Randal Fisher";"12";"48";"301"
"Louise Farrenc";"59";"68";"199"
"Hinako Omori";"2";"3";"3960"
"Jacob Slade";"1";"4";"3261"
"Pekka Pohjola";"1";"2";"5198"
"Weste";"1";"11";"1462"
"Konkolo Orchestra";"8";"29";"497"
"Claudio Suriano";"1";"5";"2777"
"Lucas Arruda";"1";"2";"5199"
"Malena Zavala";"1";"15";"1038"
"Edmondson";"3";"8";"1940"
"Malcolm Strachan";"1";"14";"1119"
"E. Lundquist";"2";"5";"2778"
"Scribble";"1";"7";"2183"
"Peter Somuah";"13";"27";"537"
"Philipp Johann Thimm";"2";"4";"3262"
"Dina Ögon";"2";"11";"1463"
"Kluztunk";"1";"3";"3961"
"Cole Pulice";"1";"2";"5200"
"oreglo";"2";"8";"1941"
"Hauschka";"1";"3";"3962"
"Kofi Flexxx";"1";"2";"5201"
"Energy Exchange Ensemble";"7";"43";"329"
"Vusi Mahlasela";"1";"2";"5202"
"Bernard Fevre";"1";"3";"3963"
"Origāmi";"1";"4";"3263"
"Will Connell";"1";"2";"5203"
"Suedejazz Collective";"1";"2";"5204"
"Opez";"2";"3";"3964"
"Kay Slice";"1";"4";"3264"
"Forever Pavot";"1";"5";"2779"
"Frank Harris";"1";"2";"5205"
"Shaka Lion";"1";"3";"3965"
"Błażej Malinowski";"1";"1";"7856"
"Karsten Houmark Quartet";"1";"7";"2184"
"Sonzeira";"11";"20";"758"
"AshK";"1";"4";"3265"
"U-Zhaan";"2";"5";"2780"
"Daisy Rickman";"1";"4";"3266"
"Magic In Threes";"4";"9";"1764"
"Quantic and his Combo Bárbaro";"12";"87";"148"
"Mazie";"1";"1";"7857"
"Tutankhamun";"3";"5";"2781"
"Anna B Savage";"6";"15";"1039"
"Uiss Kherte";"1";"4";"3267"
"Skuas";"1";"2";"5206"
"Scientist";"1";"2";"5207"
"Moogroove";"1";"2";"5208"
"Jeroen Vink";"1";"2";"5209"
"Proxyan";"1";"2";"5210"
"Basic-Variation";"1";"2";"5211"
"Hypnobeat";"1";"2";"5212"
"Cabaret Voltaire";"1";"2";"5213"
"The Order";"1";"2";"5214"
"The Other People Place";"2";"7";"2185"
"$tinkworx";"1";"2";"5215"
"Jonny L";"1";"2";"5216"
"Logue";"1";"2";"5217"
"A²";"1";"2";"5218"
"Sansibar";"1";"2";"5219"
"Family Unit";"1";"2";"5220"
"Iridium";"1";"2";"5221"
"Jean-Claude Petit";"1";"2";"5222"
"John Kongos";"1";"1";"7858"
"Paris Green";"1";"1";"7859"
"Akira Ishikawa & Count Buffaloes";"1";"2";"5223"
"memory of jane";"2";"6";"2434"
"Proc Fiskal";"1";"3";"3966"
"Miki Hirayama";"1";"2";"5224"
"SSIEGE";"1";"2";"5225"
"Gene Sikora";"1";"1";"7860"
"Coby Sey";"2";"4";"3268"
"Hector Morlet";"1";"3";"3967"
"David Darling & the Wulu Bunun";"1";"4";"3269"
"Stanford Lin";"1";"2";"5226"
"Fatima Al Qadiri";"1";"3";"3968"
"Dadamnphreaknoizphunk";"1";"1";"7861"
"Inventions";"1";"2";"5227"
"Ustad Noor Bakhsh";"1";"8";"1942"
"Nick Warren";"1";"10";"1590"
"abacothozi";"1";"1";"7862"
"Roger Webb";"1";"4";"3270"
"Robert Vanderbilt";"1";"3";"3969"
"Dominique Lawalrée";"1";"4";"3271"
"Sonar Kollektiv Orchester";"1";"4";"3272"
"Judie Tzuke";"1";"3";"3970"
"Les Hommes";"1";"3";"3971"
"Ludwig A.F.";"2";"4";"3273"
"Peace Flag Ensemble";"1";"3";"3972"
"Jakob Apelian";"1";"12";"1331"
"The PutBacks";"1";"3";"3973"
"The Boogie Man";"1";"2";"5228"
"Jas Kayser";"1";"2";"5229"
"Munir Hossn";"2";"4";"3274"
"Lawrence";"2";"3";"3974"
"Theodor";"14";"115";"88"
"J Majik";"1";"2";"5230"
"Dezron Douglas";"2";"7";"2186"
"Volta Jazz";"1";"2";"5231"
"Frantz Casseus";"1";"4";"3275"
"Dream Sitch";"1";"4";"3276"
"Sávila";"2";"4";"3277"
"Yuuf";"2";"5";"2782"
"Ebony Steel Band";"1";"2";"5232"
"The Lounge Lizards";"1";"2";"5233"
"Blue Lake";"1";"3";"3975"
"Dreamscapes";"1";"4";"3278"
"Dungen";"1";"4";"3279"
"sahra";"1";"2";"5234"
"Emil Amos";"1";"4";"3280"
"Clats Pesmygz";"1";"2";"5235"
"Arawak";"1";"3";"3976"
"Craven Faults";"1";"2";"5236"
"Bobby ""Blue"" Bland";"10";"20";"759"
"Petite Noir";"1";"1";"7863"
"Synapson";"1";"4";"3281"
"Bernard Lavilliers";"1";"1";"7864"
"Gaël Faye";"1";"1";"7865"
"Plutonio";"1";"1";"7866"
"Tess Hirst";"1";"2";"5237"
"Giovanni Venosta";"1";"2";"5238"
"Juan Atkins";"7";"8";"1943"
"Le Cri du Caire";"1";"2";"5239"
"Sūn Byrd";"1";"1";"7867"
"Angelo Outlaw";"2";"3";"3977"
"Lloyd Miller";"1";"1";"7868"
"KATZROAR";"11";"21";"725"
"David Storrs";"1";"1";"7869"
"Omertà";"1";"1";"7870"
"BRAHJA";"3";"4";"3282"
"Antibalas Afrobeat Orchestra";"2";"2";"5240"
"Grand Blanc";"1";"2";"5241"
"Granfergo";"1";"4";"3283"
"The Diddys";"1";"5";"2783"
"Pure Colors";"1";"4";"3284"
"Nicolas Michaux";"1";"5";"2784"
"Harry McNally";"1";"6";"2435"
"DJ Rodriguez";"1";"2";"5242"
"Cavolo Nero";"2";"18";"865"
"Oko Ebombo";"1";"3";"3978"
"The Brothers Nylon";"1";"5";"2785"
"Detroit Rising";"2";"4";"3285"
"Ace of Base";"3";"5";"2786"
"Ëda Diaz";"10";"29";"498"
"Roufaida";"1";"14";"1120"
"Ahtrioh";"1";"4";"3286"
"Niclas Knudsen";"1";"3";"3979"
"Blick Bassy";"2";"4";"3287"
"Isaac Birituro & The Rail Abandon";"1";"1";"7871"
"Claudio Olachea";"1";"2";"5243"
"Cold Diamond & Mink";"1";"3";"3980"
"Black Sea Dahu";"1";"3";"3981"
"Vincent Gallo";"1";"4";"3288"
"Adi Oasis";"22";"74";"174"
"Carrie Cleveland";"1";"3";"3982"
"Steve Gunn";"1";"4";"3289"
"Eddie Okwedy";"1";"2";"5244"
"Kaya Thomas-Dyke";"1";"2";"5245"
"Amara Touré";"5";"8";"1944"
"Torch Song";"1";"2";"5246"
"Jolly Mare";"1";"2";"5247"
"Simeon ten Holt";"1";"1";"7872"
"Colman Brothers";"1";"1";"7873"
"East-West";"1";"2";"5248"
"Omri Smadar";"1";"2";"5249"
"Pelada";"1";"2";"5250"
"Uk Electro";"1";"2";"5251"
"Dan Curtin";"1";"2";"5252"
"Carli";"1";"2";"5253"
"Jensen Interceptor";"1";"2";"5254"
"Surusinghe";"1";"2";"5255"
"Anna Wall";"1";"2";"5256"
"Hodge";"1";"2";"5257"
"Jeigo";"1";"2";"5258"
"Villager";"1";"1";"7874"
"Breaka";"1";"1";"7875"
"Patty Waters";"1";"1";"7876"
"PS5";"1";"1";"7877"
"Benedek";"2";"3";"3983"
"Gyedu-Blay Ambolley";"3";"6";"2436"
"John Zorn";"2";"2";"5259"
"Age Of Love";"1";"5";"2787"
"The Good Ones";"1";"4";"3290"
"Caoilfhionn Rose";"3";"8";"1945"
"ROOBY JEANTAL";"1";"5";"2788"
"Al Quetz";"1";"4";"3291"
"Migra";"1";"1";"7878"
"Chairman Maf";"1";"1";"7879"
"Argatu'";"1";"1";"7880"
"Antaares";"1";"1";"7881"
"Waxlife";"1";"1";"7882"
"Fab Beat";"1";"1";"7883"
"Whilk & Misky";"1";"1";"7884"
"Addict Ameba";"1";"3";"3984"
"Samantha Lindo";"1";"8";"1946"
"BIG LEAF";"2";"5";"2789"
"Cassie Kinoshi";"1";"4";"3292"
"Pellegrino";"2";"5";"2790"
"Nino Nardini";"2";"10";"1591"
"Miranda Joan";"2";"5";"2791"
"DivineAngel";"1";"4";"3293"
"Rexy";"1";"3";"3985"
"Eurythmics";"1";"1";"7885"
"Anak Anak Abu";"1";"4";"3294"
"Madlib";"1";"4";"3295"
"Elori Saxl";"1";"4";"3296"
"Mad Honey";"2";"10";"1592"
"Samba Touré";"1";"4";"3297"
"I Marc 4";"1";"4";"3298"
"DjeuhDjoah";"2";"7";"2187"
"Ras G";"1";"6";"2437"
"Peter Zummo";"2";"9";"1765"
"Jin Yerei";"1";"4";"3299"
"Jazztronik";"1";"3";"3986"
"Baahdeas";"1";"6";"2438"
"Camille Yarbrough";"1";"1";"7886"
"A.C. Band";"1";"3";"3987"
"Steven Bamidele";"2";"3";"3988"
"Fruit Distro Collective";"1";"2";"5260"
"Los Brito";"1";"3";"3989"
"Furio di Castri";"1";"2";"5261"
"Squidgenini";"1";"4";"3300"
"Close Counters";"7";"10";"1593"
"SilentJay";"2";"6";"2439"
"Setwun";"8";"11";"1464"
"Kuzco";"5";"7";"2188"
"special Feelings";"10";"14";"1121"
"Rob LFO";"8";"13";"1223"
"Totek";"2";"7";"2189"
"Ziggy Zeitgeist";"2";"7";"2190"
"Gétatchèw Mèkurya";"1";"1";"7887"
"H31R";"4";"11";"1465"
"Chiminyo";"5";"6";"2440"
"DJ Food";"1";"1";"7888"
"Marla Kether";"2";"14";"1122"
"SHAH MARG";"1";"1";"7889"
"Alma De La Selva";"1";"2";"5262"
"Badge Époque Ensemble";"1";"2";"5263"
"Jahari Massamba Unit";"2";"3";"3990"
"Altrice";"1";"2";"5264"
"E-Swerve";"1";"2";"5265"
"Daniel Joshua";"1";"1";"7890"
"Dufresne";"1";"5";"2792"
"Audrey Powne";"3";"6";"2441"
"Laneous";"1";"3";"3991"
"Sestetto Dino Piana & Oscar Valdambrini";"1";"5";"2793"
"Christine Lewin";"1";"5";"2794"
"Ife Ogunjobi";"1";"5";"2795"
"Hokuto Sato";"1";"9";"1766"
"KuNa Maze";"5";"10";"1594"
"7FO";"1";"3";"3992"
"The Advisory Circle";"1";"1";"7891"
"Kx9000";"1";"5";"2796"
"Family Company";"1";"4";"3301"
"Trus'me";"2";"9";"1767"
"Izzy Wise";"1";"4";"3302"
"Ex Generation";"2";"9";"1768"
"Clara Hill";"1";"4";"3303"
"Black Grass";"1";"4";"3304"
"Gaby Hernandez";"2";"5";"2797"
"Visti's Vinyl Collective";"1";"8";"1947"
"Jairus Mozee";"1";"3";"3993"
"Claudja Barry";"1";"4";"3305"
"Justice Der";"1";"4";"3306"
"Mikey Enwright";"1";"6";"2442"
"Duran y Garcia";"1";"4";"3307"
"Ted Jasper";"1";"8";"1948"
"Pedro Campos";"1";"5";"2798"
"Vanessa Daou";"1";"4";"3308"
"Brian Nasty";"11";"18";"866"
"Igloo";"1";"4";"3309"
"Daniel Stark";"1";"7";"2191"
"Sunny Reyne";"1";"5";"2799"
"Jah One";"1";"12";"1332"
"Gotir Pestthumb";"1";"4";"3310"
"TC & the Groove Family";"3";"14";"1123"
"Ashnikko";"1";"1";"7892"
"Crihan";"1";"2";"5266"
"Waajeed";"2";"3";"3994"
"Jennifer Loveless";"1";"2";"5267"
"Gallegos";"3";"8";"1949"
"Social Lovers";"2";"8";"1950"
"Loz Goddard";"2";"4";"3311"
"Kai Alcé";"2";"4";"3312"
"Soichi Terada";"2";"3";"3995"
"James Bangura";"1";"1";"7893"
"Martin Georgi";"1";"3";"3996"
"ASH LAURYN";"1";"1";"7894"
"AceMo";"1";"1";"7895"
"High John";"1";"1";"7896"
"Aroma Pitch";"1";"1";"7897"
"J Boogie's Dubtronic Science";"2";"2";"5268"
"_Tillus";"1";"9";"1769"
"Klaus Layer";"1";"1";"7898"
"goodmood";"1";"1";"7899"
"Peace Orchestra";"9";"13";"1224"
"Sensorama";"1";"2";"5269"
"Quetzal";"1";"3";"3997"
"Alan Hawkshaw";"1";"4";"3313"
"Moonshine";"1";"3";"3998"
"Magugu";"1";"4";"3314"
"DJ Merci";"1";"1";"7900"
"Any Other";"1";"3";"3999"
"Kessoncoda";"2";"5";"2800"
"Abdullah Ibrahim";"1";"2";"5270"
"Simrit";"1";"1";"7901"
"Ami Warning";"1";"1";"7902"
"Satori";"1";"5";"2801"
"Food-Spotter";"1";"1";"7903"
"Depart";"1";"4";"3315"
"Gobi Desert Collective";"1";"5";"2802"
"Amentia";"1";"4";"3316"
"Ampermut";"2";"5";"2803"
"Lisandro (Ar)";"1";"4";"3317"
"Tuba Twooz";"1";"4";"3318"
"Zuma Dionys";"1";"4";"3319"
"Pandhora";"1";"3";"4000"
"Uone";"1";"3";"4001"
"Yemanjo";"1";"3";"4002"
"Kalaman";"1";"3";"4003"
"Ben & Vincent";"1";"3";"4004"
"Cafe De Anatolia";"2";"4";"3320"
"Kyong Sono";"1";"3";"4005"
"Nhii";"2";"4";"3321"
"VHOOR";"1";"2";"5271"
"Marehemu George Mukabi";"1";"1";"7904"
"Arthur Prysock";"1";"1";"7905"
"Baro Sura";"1";"1";"7906"
"Lau Ro";"1";"4";"3322"
"Joyful Joyful";"1";"3";"4006"
"Astrocolor";"16";"54";"265"
"ELWD";"1";"2";"5272"
"Swooping";"1";"2";"5273"
"opek";"1";"3";"4007"
"OAKK";"1";"3";"4008"
"Ultraflex";"1";"2";"5274"
"Tom Caruana";"1";"3";"4009"
"sumohair";"1";"4";"3323"
"Tropics";"1";"2";"5275"
"RIP SWIRL";"2";"4";"3324"
"KAYYAK";"2";"4";"3325"
"Thes One";"1";"3";"4010"
"POLLENA";"1";"6";"2443"
"drwncvnt";"1";"3";"4011"
"OSQUELLO";"1";"4";"3326"
"Flabaire";"1";"2";"5276"
"Marek Hunhap";"1";"1";"7907"
"Bloom";"1";"1";"7908"
"anut";"1";"1";"7909"
"Ibelisse Guardia Ferragutti";"1";"2";"5277"
"Tukan";"1";"6";"2444"
"Lugo";"1";"4";"3327"
"BugigangaZ";"1";"5";"2804"
"Zephyr Wilder";"1";"6";"2445"
"DJ Drez";"16";"41";"351"
"Dj Counselling";"1";"4";"3328"
"Dennis.";"1";"3";"4012"
"Feed LA";"2";"10";"1595"
"Suki Sou";"1";"3";"4013"
"Shawn Lee";"1";"3";"4014"
"DJ Raff";"1";"4";"3329"
"Small World";"1";"2";"5278"
"Tango";"1";"1";"7910"
"The Labrats";"1";"1";"7911"
"Statik Sound System";"1";"1";"7912"
"jmj";"1";"1";"7913"
"Aquasky";"1";"1";"7914"
"James Bong";"1";"1";"7915"
"Hardfloor";"1";"1";"7916"
"Sapien";"1";"1";"7917"
"Shantel";"1";"1";"7918"
"Karma";"1";"1";"7919"
"Showroom Recordings";"1";"1";"7920"
"Jarl Flamar";"1";"5";"2805"
"Isobel Campbell";"13";"33";"434"
"The Expert";"1";"6";"2446"
"5K HD";"1";"10";"1596"
"Mixmaster Morris";"1";"5";"2806"
"Frank & Tony";"3";"7";"2192"
"Anf";"1";"8";"1951"
"Pat & Pats";"1";"6";"2447"
"NRMNT";"1";"6";"2448"
"Slackwax";"1";"5";"2807"
"Corker Conboy";"1";"6";"2449"
"Ạoris";"1";"5";"2808"
"Offthewally";"3";"8";"1952"
"Miki Ikhifa";"3";"24";"622"
"Antonio Zepeda";"1";"1";"7921"
"Incognito";"1";"1";"7922"
"Nathan Melja";"1";"1";"7923"
"Joaquin ""Joe"" Claussell";"2";"3";"4015"
"OJ Son";"1";"1";"7924"
"Even Kicks";"1";"1";"7925"
"Esbe";"2";"2";"5279"
"Dirty Art Club";"2";"3";"4016"
"Tomasz Guiddo";"2";"20";"760"
"Claude Hirst";"1";"11";"1466"
"Waterworld";"1";"11";"1467"
"Japanese Television";"1";"8";"1953"
"Secret Tween";"1";"11";"1468"
"r mccarthy";"1";"8";"1954"
"helen island";"1";"10";"1597"
"Black Decelerant";"1";"8";"1955"
"Bluewerks";"6";"18";"867"
"Mike Midnight";"1";"16";"979"
"Eye";"2";"7";"2193"
"A.P.E.";"1";"7";"2194"
"Siddha-Funk";"1";"7";"2195"
"Koma Saxo";"1";"8";"1956"
"Sagor & Swing";"3";"15";"1040"
"Sim Nagai";"1";"19";"813"
"Red Hot Org";"1";"10";"1598"
"Eleven 76";"1";"21";"726"
"Equatoriale";"1";"23";"656"
"James Wyatt Crosby";"1";"7";"2196"
"SUN ATLAS";"2";"18";"868"
"Dariush";"1";"8";"1957"
"The Zawose Queens";"1";"20";"761"
"Hubert Daviz";"8";"14";"1124"
"Joash";"1";"7";"2197"
"The Regime";"1";"6";"2450"
"Belleruche";"1";"5";"2809"
"Cedric Freeman";"1";"4";"3330"
"Fredfades";"2";"13";"1225"
"Don Couto";"1";"6";"2451"
"oro azul";"1";"6";"2452"
"Yav";"1";"6";"2453"
"Raw Instinct";"1";"8";"1958"
"Marie Lung";"4";"13";"1226"
"boostive";"10";"25";"588"
"2LOT";"1";"6";"2454"
"Malombo Jazz Makers";"1";"5";"2810"
"Johnathan Hulett";"1";"5";"2811"
"Joshua Woolf";"1";"5";"2812"
"Marley Angel";"1";"5";"2813"
"Factoino Ganori";"1";"6";"2455"
"Cris Pop New";"1";"2";"5280"
"Floreana";"1";"5";"2814"
"Rod Modell";"1";"3";"4017"
"Nikosf.";"1";"5";"2815"
"Gianni Oddi";"1";"5";"2816"
"Alexander Sowinski";"1";"5";"2817"
"AAKASH";"1";"5";"2818"
"Siegfried Hart";"1";"5";"2819"
"Flammer Dance Band";"2";"9";"1770"
"Nenor";"1";"5";"2820"
"quibo";"1";"6";"2456"
"Francesca Heart";"1";"6";"2457"
"Rouge Rouge";"1";"5";"2821"
"Afar";"10";"22";"690"
"Sandals";"1";"5";"2822"
"Red Snapper";"1";"5";"2823"
"George Bloomfield";"1";"4";"3331"
"High Pulp";"2";"6";"2458"
"Earthtones";"11";"12";"1333"
"Harpsichord Canvas";"1";"3";"4018"
"Karin Krog";"1";"4";"3332"
"Avis";"1";"12";"1334"
"Optometry";"1";"2";"5281"
"Richard Dorfmeister";"2";"3";"4019"
"Osvaldo";"1";"2";"5282"
"Monaqee";"1";"2";"5283"
"Boundary";"1";"3";"4020"
"Eparapo";"2";"7";"2198"
"Earthling";"1";"2";"5284"
"Chris Joss";"1";"2";"5285"
"Why Kai";"1";"1";"7926"
"Felix Rösch";"1";"1";"7927"
"Redinho";"1";"13";"1227"
"Moow";"1";"1";"7928"
"KarlK";"1";"1";"7929"
"Café Del Mundo";"1";"1";"7930"
"Zeebee";"1";"1";"7931"
"Alex Serra";"1";"1";"7932"
"Al Fredo";"1";"1";"7933"
"Lassjo";"1";"2";"5286"
"Waagal";"1";"1";"7934"
"Kollmorgen";"1";"1";"7935"
"Kasbah";"1";"1";"7936"
"Ameli in the Woods";"1";"1";"7937"
"Molly McPhaul";"1";"1";"7938"
"iv-in";"1";"1";"7939"
"Pupkulies & Rebecca";"1";"1";"7940"
"Senbeï";"1";"1";"7941"
"Laurent Dury";"1";"1";"7942"
"Brent Lewis";"1";"3";"4021"
"Samuel L Session";"1";"3";"4022"
"Phran";"1";"8";"1959"
"Kim Yaffa";"1";"19";"814"
"Pavane";"5";"13";"1228"
"Mike Sanders";"1";"20";"762"
"...The World According to Billy Marvin";"1";"9";"1771"
"Bruk Rogers";"2";"12";"1335"
"Pleasurewood";"3";"11";"1469"
"COLA REN";"1";"10";"1599"
"Joshua Crumbly";"11";"29";"499"
"Fabio Viscogliosi";"1";"10";"1600"
"Cosmic Wildlife";"1";"8";"1960"
"Ishihonana";"7";"21";"727"
"Salomon";"2";"16";"980"
"Divorce From New York";"2";"18";"869"
"Blinky Bill";"1";"18";"870"
"Amy Gadiaga";"9";"115";"89"
"Gee Lane";"2";"15";"1041"
"Cosmic Gate";"1";"1";"7943"
"Reagenz";"1";"2";"5287"
"Magic Mountain High";"1";"1";"7944"
"Acid Coco";"1";"14";"1125"
"Golden Rules";"1";"7";"2199"
"V";"1";"11";"1470"
"The South Hill Experiment";"1";"5";"2824"
"Morabeza Tobacco";"1";"12";"1336"
"Armando Young";"1";"4";"3333"
"Antena";"1";"6";"2459"
"Cari Cari";"1";"1";"7945"
"Parallel Dance Ensemble";"1";"4";"3334"
"Darius";"4";"10";"1601"
"Delilah Holliday";"1";"5";"2825"
"Nick Murphy";"1";"8";"1961"
"Avo Haroutounian";"1";"4";"3335"
"July Drama";"1";"4";"3336"
"Carl Bagge";"1";"7";"2200"
"Kaidi & NK-OK";"1";"5";"2826"
"Tal Arditi";"1";"2";"5288"
"Lapcat";"1";"3";"4023"
"The Odd 910";"6";"14";"1126"
"Falk Schönfelder";"1";"2";"5289"
"Cayetano";"1";"3";"4024"
"Guillaume Ferran";"1";"2";"5290"
"Oum Shatt";"1";"2";"5291"
"Sum'one";"1";"2";"5292"
"Slumb";"1";"2";"5293"
"Leila";"1";"3";"4025"
"Tigermilch";"1";"2";"5294"
"Sapajou";"1";"2";"5295"
"panama cardoon";"1";"3";"4026"
"Myart";"1";"2";"5296"
"Felix Kramer";"1";"2";"5297"
"Elis Noa";"1";"2";"5298"
"Pink Noise";"1";"3";"4027"
"tiki taka";"1";"2";"5299"
"ProleteR";"1";"3";"4028"
"Palast Orchester";"1";"3";"4029"
"Francesca Belmonte";"1";"2";"5300"
"Rayne";"1";"2";"5301"
"Ornette";"1";"1";"7946"
"scissorwork";"1";"6";"2460"
"Milan93";"1";"5";"2827"
"Doctor Bionic";"1";"5";"2828"
"Finn Rees";"1";"4";"3337"
"Ezra Feinberg";"3";"7";"2201"
"Duppy Tales";"1";"5";"2829"
"Froogle";"1";"4";"3338"
"Cyril Cyril";"1";"7";"2202"
"Don Rattray";"1";"11";"1471"
"Bloomhaus";"1";"13";"1229"
"Cody Matlock";"1";"5";"2830"
"Slowe";"2";"6";"2461"
"Richenel";"1";"5";"2831"
"Five and Tens";"1";"5";"2832"
"Kidkanevil";"1";"5";"2833"
"Courtesy";"6";"20";"763"
"Nate Mercereau";"2";"7";"2203"
"Foo Fighters";"3";"4";"3339"
"KOKO.IT";"1";"1";"7947"
"Arthur Hnatek";"1";"3";"4030"
"Kutmah";"1";"5";"2834"
"Flashbaxx";"1";"4";"3340"
"John Tenationexx";"1";"3";"4031"
"Khaled Marceline";"1";"4";"3341"
"bear garden";"1";"3";"4032"
"Ari Tsugi";"1";"2";"5302"
"The Solid Doctor";"1";"3";"4033"
"ABUELO";"1";"3";"4034"
"CV Vision";"1";"1";"7948"
"godblesscomputers";"2";"3";"4035"
"Kangding Ray";"1";"3";"4036"
"SBTRKT";"1";"3";"4037"
"wnbl";"1";"1";"7949"
"Ozoyo";"1";"1";"7950"
"Doechii";"4";"5";"2835"
"Siete Catorce";"1";"1";"7951"
"DOC SLEEP";"1";"2";"5303"
"brainwaltzera";"1";"1";"7952"
"Żyńy";"1";"1";"7953"
"Arhkota";"1";"1";"7954"
"Camilla Sparksss";"1";"4";"3342"
"Another Taste";"4";"12";"1337"
"Panoram";"2";"6";"2462"
"Franck Biyong";"1";"5";"2836"
"Voice Actor";"1";"4";"3343"
"A Song For You";"1";"4";"3344"
"Physical Therapy";"1";"4";"3345"
"Gleasxa Mali";"1";"2";"5304"
"Flore Laurentienne";"1";"1";"7955"
"Ms Ray";"1";"2";"5305"
"GENDEMA";"1";"2";"5306"
"Sophye Soliveau";"1";"3";"4038"
"Laika";"1";"2";"5307"
"Terekke";"1";"2";"5308"
"Petros Klampanis";"1";"3";"4039"
"Love Remain";"1";"1";"7956"
"theAngelcy";"1";"2";"5309"
"Great Mountain Fire";"1";"1";"7957"
"Mattiu";"1";"1";"7958"
"Mira Lu Kovacs";"1";"1";"7959"
"Eli";"1";"1";"7960"
"Tiflis Transit";"1";"1";"7961"
"Sean Koch";"1";"1";"7962"
"Mynth";"1";"1";"7963"
"Harold van Lennep";"1";"1";"7964"
"Chuala";"1";"1";"7965"
"Schvédranne";"1";"1";"7966"
"Ora the Molecule";"1";"1";"7967"
"WATCHING AIRPLANES";"1";"7";"2204"
"Attica Blues";"1";"6";"2463"
"Oscar + Martin";"1";"7";"2205"
"Binary Digit";"1";"6";"2464"
"BDRMM";"1";"6";"2465"
"Noonday Underground";"1";"6";"2466"
"SANAM";"1";"5";"2837"
"Yard Nule";"1";"3";"4040"
"Bass-o-Matic";"1";"5";"2838"
"Swish Jaguar";"1";"5";"2839"
"Unessential Oils";"1";"2";"5310"
"Easter";"1";"1";"7968"
"Kit Downes";"1";"2";"5311"
"Muzi";"2";"11";"1472"
"Discodeine";"1";"2";"5312"
"Paul Spring";"1";"2";"5313"
"Lionmilk";"1";"2";"5314"
"alOis";"1";"2";"5315"
"The Nielsen Valley";"1";"3";"4041"
"Keinseier";"1";"2";"5316"
"BARTOSZ KRUCZYŃSKI";"1";"2";"5317"
"Exploding Pig";"1";"2";"5318"
"Gaspar Claus";"2";"3";"4042"
"Jayne Amara Ross";"1";"1";"7969"
"Cemento Atlantico";"1";"2";"5319"
"Velly Joonas";"1";"1";"7970"
"Supalung";"1";"1";"7971"
"Golden Ivy";"5";"6";"2467"
"Ultramarine";"1";"2";"5320"
"Gregory Rogove";"1";"1";"7972"
"The Remote Viewer";"1";"2";"5321"
"Mermaid Chunky";"2";"3";"4043"
"Brian Green";"1";"1";"7973"
"Elías González";"1";"3";"4044"
"Lords of Lounge";"1";"4";"3346"
"Peel Dream Magazine";"1";"3";"4045"
"Yellow The Sun";"1";"2";"5322"
"Celia Hollander";"2";"4";"3347"
"Sounds Of New Soma";"1";"2";"5323"
"Single Rider";"1";"2";"5324"
"Paul St. Hilaire";"1";"2";"5325"
"Dowdelin";"1";"2";"5326"
"Dreamatic";"1";"1";"7974"
"Toma Kami";"1";"2";"5327"
"WaqWaq Kingdom";"1";"1";"7975"
"Larry Heard";"2";"11";"1473"
"Emily A. Sprague";"2";"2";"5328"
"OCA";"1";"1";"7976"
"Vague Imaginaires";"1";"1";"7977"
"Saqi";"1";"1";"7978"
"BoMEl";"1";"1";"7979"
"Deia";"1";"1";"7980"
"Diabi";"1";"2";"5329"
"Cava";"3";"10";"1602"
"Flèche Love";"1";"1";"7981"
"Duo Stiehler/Lucaciu";"1";"1";"7982"
"Steven Julien";"3";"6";"2468"
"Danika";"1";"4";"3348"
"frequencyexclusive";"1";"4";"3349"
"Urbs";"1";"2";"5330"
"Sun Dog";"1";"5";"2840"
"Beesagz Voigags";"1";"2";"5331"
"Spirit Blue";"1";"2";"5332"
"Il Est Vilaine";"2";"4";"3350"
"Volodja Brodsky";"1";"1";"7983"
"Swim Surreal";"1";"1";"7984"
"TrickPony";"5";"8";"1962"
"Bostro Pesopeo";"2";"3";"4046"
"Bassolino";"1";"1";"7985"
"Blanco White";"1";"1";"7986"
"Kiskadee";"1";"1";"7987"
"Suarasama";"1";"3";"4047"
"Ali Sethi";"1";"1";"7988"
"Giorgio Tuma";"1";"1";"7989"
"VIDEOTAPEMUSIC";"1";"1";"7990"
"Doc Rhombus";"1";"2";"5333"
"Marina Herlop";"2";"2";"5334"
"Laíz";"1";"3";"4048"
"Piero Piccioni";"1";"1";"7991"
"The Point.";"1";"1";"7992"
"Portishead";"1";"1";"7993"
"Nathan Haines";"3";"5";"2841"
"Austyn Gillette";"1";"1";"7994"
"Psychemagik";"1";"2";"5335"
"Max Sinàl";"3";"18";"871"
"J Star";"1";"1";"7995"
"Superpoze";"1";"1";"7996"
"Limón Limón";"1";"2";"5336"
"Uma";"1";"1";"7997"
"Orange";"1";"1";"7998"
"Iñigo Montoya";"1";"1";"7999"
"Nihils";"1";"2";"5337"
"Cellz";"1";"2";"5338"
"Alban Claudin";"1";"1";"8000"
"Johnny Thunders";"1";"2";"5339"
"Herbert Pixner Projekt";"3";"7";"2206"
"Zombie Nation";"1";"1";"8001"
"Yannis & The Yaw";"7";"7";"2207"
"Simon Erics";"1";"2";"5340"
"Mariama";"1";"3";"4049"
"Eli Riccardi";"1";"2";"5341"
"Thylacine";"1";"1";"8002"
"Chinese Man";"1";"2";"5342"
"Cuarto Mundo";"1";"2";"5343"
"Buscemi";"1";"1";"8003"
"momo.";"3";"4";"3351"
"Lea Lisa";"3";"3";"4050"
"Föllakzoid";"2";"2";"5344"
"Otto";"1";"2";"5345"
"LTJ Bukem";"2";"2";"5346"
"Marco Zannone";"1";"2";"5347"
"Bakermat";"1";"1";"8004"
"Keizan";"1";"1";"8005"
"Tâches";"1";"2";"5348"
"Benjamin Clementine";"1";"1";"8006"
"Evinka";"1";"1";"8007"
"Yemen Blues";"5";"6";"2469"
"Reyna Tropical";"21";"122";"79"
"Klint";"1";"4";"3352"
"Ethyène";"2";"4";"3353"
"Pablo Bolivar";"2";"5";"2842"
"Denzel Curry";"2";"28";"517"
"Ayọ";"1";"1";"8008"
"URAL THOMAS and THE PAIN";"1";"4";"3354"
"Pig&Dan";"1";"4";"3355"
"Rainy Miller";"1";"3";"4051"
"Alex Brightman";"1";"1";"8009"
"Daphne Rubin-Vega";"1";"1";"8010"
"Keith David";"1";"2";"5349"
"PVRIS";"1";"2";"5350"
"Fantastic Negrito";"1";"1";"8011"
"Kron";"1";"6";"2470"
"Thierry Tomas";"1";"9";"1772"
"Rogelio Gonzalez";"1";"1";"8012"
"Lakosta";"2";"8";"1963"
"Il Guardiano Del Faro";"1";"2";"5351"
"Modern Cosmology";"1";"2";"5352"
"Wallace";"1";"2";"5353"
"Dar Disku";"1";"5";"2843"
"North Lake";"1";"2";"5354"
"Maps";"1";"2";"5355"
"Michael Ozone";"1";"2";"5356"
"Madteo";"1";"2";"5357"
"Mara TK";"2";"2";"5358"
"Alex Burkat";"2";"2";"5359"
"Mistakes Are Ok";"1";"1";"8013"
"Max Mohr";"1";"1";"8014"
"Bolbec";"1";"6";"2471"
"Dan Edmonds";"1";"9";"1773"
"Milky Bay";"1";"8";"1964"
"Ventre de biche";"1";"8";"1965"
"Pat's Soundhouse";"1";"9";"1774"
"Ela Jaguar";"1";"6";"2472"
"Sneaks";"1";"7";"2208"
"Ki!";"4";"11";"1474"
"Boy Deco";"1";"6";"2473"
"Alessandro Alessandroni";"1";"6";"2474"
"Marysia Osu";"1";"11";"1475"
"Leana Loli";"1";"8";"1966"
"Dogie Luvio";"1";"7";"2209"
"IGOR BOTUR";"1";"6";"2475"
"Nutcase & Papachubba";"1";"6";"2476"
"Nick Weaver";"1";"5";"2844"
"World Brain";"1";"5";"2845"
"Spivak";"1";"7";"2210"
"Lucy Gooch";"1";"7";"2211"
"Ruins";"1";"7";"2212"
"LA Vampires";"1";"6";"2477"
"Saya Gray";"1";"14";"1127"
"Freescha";"1";"8";"1967"
"Katatonic Silentio";"1";"6";"2478"
"Ghost Dubs";"1";"8";"1968"
"Ashawaragi Kumurata";"1";"8";"1969"
"Corneil Nies";"1";"7";"2213"
"Sting";"1";"1";"8015"
"Bea Miller";"1";"1";"8016"
"Bby Eco";"1";"7";"2214"
"DRTW";"1";"6";"2479"
"New Regency Orchestra";"2";"7";"2215"
"Albert Newton";"1";"5";"2846"
"Uh";"1";"6";"2480"
"Lou Hayter";"1";"9";"1775"
"Oscar Rocchi";"1";"8";"1970"
"Yoshika Colwell";"1";"5";"2847"
"Charanjit Singh";"1";"6";"2481"
"John Moods";"1";"6";"2482"
"Coined";"1";"6";"2483"
"Cloth";"1";"6";"2484"
"Palomatic";"1";"5";"2848"
"Rollover DJs";"1";"6";"2485"
"Supreems";"1";"5";"2849"
"james schneider jr.";"1";"4";"3356"
"Macro/micro";"1";"6";"2486"
"Jo Patience";"1";"9";"1776"
"Gibson Kente";"1";"6";"2487"
"Evenings";"1";"4";"3357"
"Khadija Al Hanafi";"1";"8";"1971"
"Cocobolo";"1";"4";"3358"
"Nitai Hershkovits";"1";"5";"2850"
"Les Sons Du Cosmos";"1";"3";"4052"
"Flock";"7";"17";"923"
"Black Brothers";"1";"6";"2488"
"Slim.";"1";"4";"3359"
"TweakS";"1";"3";"4053"
"Louis Culture";"1";"3";"4054"
"Tom Noble";"3";"17";"924"
"Bien et Toi";"1";"13";"1230"
"Total Blue";"1";"3";"4055"
"Jesse Bru";"3";"10";"1603"
"Ian O'Brien";"1";"3";"4056"
"Freecell";"1";"3";"4057"
"Benjamin Damage";"1";"4";"3360"
"Gemma Cullingford";"1";"2";"5360"
"Ludivine Issambourg";"1";"3";"4058"
"Maya Q";"1";"13";"1231"
"DakhaBrakha";"1";"1";"8017"
"Hudson Mohawke";"1";"3";"4059"
"d'Eon";"1";"4";"3361"
"The Rah Band";"1";"4";"3362"
"Elli";"1";"3";"4060"
"Suze Ijó";"1";"3";"4061"
"Brothermartino";"1";"3";"4062"
"BrandUn Deshay";"1";"3";"4063"
"Todd Edwards";"1";"1";"8018"
"Josh Caffe";"1";"1";"8019"
"My Girlfriend";"1";"1";"8020"
"Cheek";"1";"1";"8021"
"Mr Flash";"1";"1";"8022"
"Devin Morrison";"1";"1";"8023"
"Hannes Bieger";"1";"1";"8024"
"Tomas Zolan";"1";"1";"8025"
"Janka";"1";"1";"8026"
"Billy Esteban";"1";"1";"8027"
"Jean Caillou";"1";"1";"8028"
"Douniah";"2";"4";"3363"
"deathbypeanuts";"7";"22";"691"
"Don Niño";"2";"18";"872"
"Meso-ix";"1";"3";"4064"
"Max In The World";"1";"6";"2489"
"Stemlines";"1";"3";"4065"
"Anysia Kym";"1";"3";"4066"
"Mou";"1";"7";"2216"
"Kito Jempere";"1";"3";"4067"
"Crescendique";"1";"2";"5361"
"Sylvia Yau";"1";"3";"4068"
"Everwave";"1";"2";"5362"
"Ouri";"1";"3";"4069"
"Elle Shimada";"8";"12";"1338"
"Ed Sheeran";"2";"2";"5363"
"Ava Max";"2";"2";"5364"
"Band Aid 30";"1";"1";"8029"
"Pentatonix";"1";"1";"8030"
"Sarah Connor";"1";"1";"8031"
"Jonas Brothers";"1";"1";"8032"
"Katy Perry";"1";"1";"8033"
"OneRepublic";"1";"1";"8034"
"Leony";"1";"1";"8035"
"No Angels";"1";"1";"8036"
"Ingrid Michaelson";"1";"1";"8037"
"Mark Ambor";"1";"1";"8038"
"Taylor Swift";"2";"2";"5365"
"Rod Stewart";"1";"1";"8039"
"Robbie Williams";"1";"1";"8040"
"Natasha Bedingfield";"1";"1";"8041"
"Ella Henderson";"1";"1";"8042"
"Charlie Puth";"1";"1";"8043"
"Jason Derulo";"1";"1";"8044"
"Vize";"1";"1";"8045"
"Fat White Family";"1";"3";"4070"
"Yuma Abe";"1";"4";"3364"
"Marcy Luarks";"1";"5";"2851"
"Romi Peles";"1";"4";"3365"
"Sheherazaad";"1";"5";"2852"
"Lorenzo Senni";"1";"5";"2853"
"Not too much";"1";"6";"2490"
"Lust for Youth";"1";"5";"2854"
"The Mighty Tiny & The Many Few";"1";"5";"2855"
"CMYK";"1";"5";"2856"
"Nuage";"1";"5";"2857"
"Nikolai Dupont";"1";"4";"3366"
"Anish Kumar";"1";"4";"3367"
"Intermood";"1";"4";"3368"
"Dub Squad";"1";"2";"5366"
"Salvator Dragatto";"1";"2";"5367"
"Jacquoda";"1";"2";"5368"
"Saigon Soul Revival";"1";"2";"5369"
"Archil & Leon";"4";"14";"1128"
"The Groovy Nobody";"1";"1";"8046"
"Sylvain Rifflet";"1";"1";"8047"
"Fcukers";"1";"1";"8048"
"Moo Latte";"1";"2";"5370"
"Calibro 35";"1";"1";"8049"
"Mount XLR";"1";"1";"8050"
"just lil";"1";"1";"8051"
"Hemi Pod...";"1";"1";"8052"
"Gorje Hewek";"1";"1";"8053"
"Jake Isaac";"1";"1";"8054"
"Nach";"1";"1";"8055"
"Clothing";"1";"1";"8056"
"Bubble Love";"2";"2";"5371"
"ELiH";"1";"1";"8057"
"Tara Nome Doyle";"1";"8";"1972"
"Kariyan";"1";"1";"8058"
"Lucien Kimono";"2";"3";"4071"
"Mister Modo";"1";"1";"8059"
"Orange Blossom";"1";"1";"8060"
"ROTANA";"1";"1";"8061"
"Fakear";"1";"1";"8062"
"paris91";"1";"1";"8063"
"Nym";"1";"1";"8064"
"Rosa Anschütz";"1";"1";"8065"
"Le Hutin";"1";"3";"4072"
"Dida Pelled";"1";"3";"4073"
"AJ Hamilton";"1";"2";"5372"
"Ria Moran";"1";"4";"3369"
"Re:um";"1";"1";"8066"
"Sml";"2";"3";"4074"
"Deron Johnson";"1";"2";"5373"
"DJ Nervous";"1";"3";"4075"
"Alexander Harper";"1";"2";"5374"
"Mandrake Handshake";"1";"2";"5375"
"Sreya";"2";"3";"4076"
"Kaeto";"1";"2";"5376"
"Galatée";"1";"2";"5377"
"Ishmael";"2";"5";"2858"
"Lisa Bregneager";"1";"2";"5378"
"GC OConnor";"1";"5";"2859"
"Der Assistent";"1";"2";"5379"
"Claude Fontaine";"1";"2";"5380"
"BABY BERSERK";"1";"2";"5381"
"CS + Kreme";"1";"1";"8067"
"Golden Green";"1";"1";"8068"
"Karen Nyame KG";"1";"1";"8069"
"Agar Agar";"1";"2";"5382"
"The Stingrays";"1";"1";"8070"
"Blue Eyed Soul";"1";"1";"8071"
"Drift";"1";"1";"8072"
"Mörk";"1";"1";"8073"
"Psylo";"1";"1";"8074"
"Myríad";"1";"1";"8075"
"The Silhouettes Project";"1";"1";"8076"
"Your friend daao";"1";"2";"5383"
"Getdown Services";"1";"1";"8077"
"Mononeon";"1";"2";"5384"
"Koteri";"1";"2";"5385"
"Samora Pinderhughes";"1";"1";"8078"
"Deki Alem";"1";"1";"8079"
"Flowervillain";"1";"1";"8080"
"Theis Thaws";"1";"3";"4077"
"Trio Elétrico";"1";"3";"4078"
"Confucius MC";"1";"1";"8081"
"Kadosh";"1";"1";"8082"
"Teddy Roxpin";"1";"1";"8083"
"Soul Saver";"1";"4";"3370"
"Key Tronics Ensemble";"1";"3";"4079"
"Monsieur Van Pratt";"1";"2";"5386"
"HEDONICS";"1";"2";"5387"
"DMX Krew";"1";"2";"5388"
"mrcy";"2";"4";"3371"
"Antonio Barret";"1";"2";"5389"
"Nadeem Khan";"1";"1";"8084"
"Estère";"1";"1";"8085"
"MATTERS UNKNOWN";"5";"7";"2217"
"Cosmic Collective";"1";"1";"8086"
"Campus Christy";"1";"1";"8087"
"Mieke Miami";"1";"1";"8088"
"Gothic Tropic";"1";"1";"8089"
"Lovetempo";"2";"3";"4080"
"SidiRum";"1";"1";"8090"
"Tuccillo";"1";"1";"8091"
"DJ Graymo";"1";"1";"8092"
"Mild Universe";"2";"5";"2860"
"Crackazat";"3";"3";"4081"
"Fred Aster";"1";"2";"5390"
"Cherise";"2";"2";"5391"
"Marigold";"1";"1";"8093"
"Konrad OldMoney";"1";"1";"8094"
"Poni Hoax";"1";"1";"8095"
"King Pari";"1";"2";"5392"
"FastMusic";"1";"1";"8096"
"Loverground";"2";"2";"5393"
"warner case";"1";"2";"5394"
"Dub Tractor";"1";"1";"8097"
"DJ Sprinkles";"1";"5";"2861"
"Unknown Mobile";"1";"3";"4082"
"New World Science";"1";"2";"5395"
"Thomas Gray & Liam Ebbs";"1";"1";"8098"
"Makèz";"6";"12";"1339"
"Shy One";"1";"1";"8099"
"Monzanto Sound";"3";"4";"3372"
"Dave Mason";"1";"1";"8100"
"Sleep D";"1";"1";"8101"
"MDA Analog";"1";"2";"5396"
"Steve Hauschildt";"2";"3";"4083"
"Robert Turman";"1";"1";"8102"
"Ulla Straus";"1";"2";"5397"
"Chaouche";"1";"1";"8103"
"Patti Smith";"24";"24";"623"
"Melle Brown";"1";"1";"8104"
"Danvers";"1";"7";"2218"
"Sorceress";"1";"3";"4084"
"Aleph One";"1";"1";"8105"
"Chloé Caillet";"1";"8";"1973"
"Fred Paci";"1";"1";"8106"
"Dayne S";"2";"2";"5398"
"DJ Grumble";"2";"2";"5399"
"Sis";"1";"1";"8107"
"qrtr";"1";"1";"8108"
"NiElsir";"1";"1";"8109"
"Far Orange";"1";"1";"8110"
"Kinda Rad";"1";"2";"5400"
"Honom";"1";"1";"8111"
"DJ Eely";"1";"1";"8112"
"Heritage Listed";"3";"3";"4085"
"Ora Blu";"1";"1";"8113"
"B From E";"1";"1";"8114"
"King Billy";"1";"1";"8115"
"Tentendo";"1";"1";"8116"
"Phil from Havêa";"1";"1";"8117"
"DJ Houseplants";"1";"1";"8118"
"Liston";"1";"1";"8119"
"Citizen Maze";"1";"1";"8120"
"Rebecca Vasmant";"1";"1";"8121"
"Katerina";"1";"1";"8122"
"Reinel Bakole";"1";"1";"8123"
"Divine Earth";"1";"1";"8124"
"Lauren Flax";"1";"1";"8125"
"O & the Mo";"1";"1";"8126"
"Lawne";"9";"24";"624"
"Lies of P";"1";"5";"2862"
"Other Lands";"2";"2";"5401"
"Gan Gemi";"1";"1";"8127"
"Sonic Interventions";"1";"2";"5402"
"Anderdog";"1";"1";"8128"
"Ragawerk";"1";"2";"5403"
"Dos";"1";"2";"5404"
"J. Caesar";"1";"1";"8129"
"Haruka Salt";"1";"1";"8130"
"Paul Cousins";"1";"1";"8131"
"Ohad Slavin";"1";"1";"8132"
"Tigerskin";"1";"1";"8133"
"Coflo";"1";"1";"8134"
"Louis Marlo";"1";"1";"8135"
"Freeda Beast";"1";"1";"8136"
"REAL THEISM";"1";"1";"8137"
"Double Geography";"1";"1";"8138"
"Praah Musique";"1";"1";"8139"
"Nora Jay";"1";"1";"8140"
"Mon Goose";"1";"1";"8141"
"Guizzi";"1";"1";"8142"
"Willows8ng";"1";"1";"8143"
"Real Lies";"1";"1";"8144"
"Parviz";"1";"1";"8145"
"Private Joy";"1";"2";"5405"
"Llorca";"1";"1";"8146"
"bar of soap";"1";"2";"5406"
"Good Posture";"1";"1";"8147"
"froman";"2";"2";"5407"
"chals junya";"1";"1";"8148"
"Delta Rain Dance";"1";"2";"5408"
"Liv East";"1";"1";"8149"
"Sable Blanc";"2";"2";"5409"
"A08";"1";"1";"8150"
"Zoobers";"1";"1";"8151"
"Täpp";"1";"1";"8152"
"On-Ly";"1";"2";"5410"
"Tafubar";"1";"2";"5411"
"Future Warriors";"1";"1";"8153"
"Axel Rigaud";"1";"1";"8154"
"Martin Brugger";"1";"1";"8155"
"Supersilent";"1";"2";"5412"
"Spiritczualic Enhancement Center";"1";"1";"8156"
"G-Litter";"1";"1";"8157"
"Usio";"1";"1";"8158"
"Ed Rome";"1";"1";"8159"
"Melle Jutte";"2";"2";"5413"
"Ernesto Holman";"1";"1";"8160"
"Cadillac Jones";"1";"1";"8161"
"Theo Bard";"1";"2";"5414"
"César López y Habana Ensemble";"1";"1";"8162"
"Keno";"1";"1";"8163"
"Arcane";"1";"1";"8164"
"Eric Borrelli";"1";"1";"8165"
"Paso";"1";"1";"8166"
"The Amalgamation Of Soundz";"1";"1";"8167"
"Harry K";"1";"1";"8168"
"The World";"1";"1";"8169"
"Belly Savalas";"1";"1";"8170"
"Amampondo";"1";"1";"8171"
"Tehiun";"1";"1";"8172"
"Jah Wobble";"1";"1";"8173"
"Bonga & The Vodou Drums Of Haiti";"1";"1";"8174"
"Wooden Leg";"1";"1";"8175"
"Mukta";"1";"1";"8176"
"The Cosmic Surf Club";"1";"1";"8177"
"Francisco Mora Catlett";"1";"1";"8178"
"Baktrah";"1";"1";"8179"
"Barrett Martin Group";"1";"1";"8180"
"KALEIIDO";"1";"1";"8181"
"Patricia Wolf";"1";"2";"5415"
"Abderraouf B Grissa";"2";"5";"2863"
"Low Leaf";"1";"1";"8182"
"Contours";"4";"5";"2864"
"Dedekind Cut";"2";"2";"5416"
"Suzanne Doucet, Christian Buehner";"1";"1";"8183"
"Mark Paul Norton";"1";"1";"8184"
"krajenski.";"1";"2";"5417"
"Fellas";"1";"1";"8185"
"Michael Bird";"1";"1";"8186"
"Amor";"1";"1";"8187"
"Ray Mantilla";"1";"1";"8188"
"Aki";"1";"1";"8189"
"Tezeta";"1";"1";"8190"
"Rhabdomantic Orchestra";"1";"1";"8191"
"Nathan Somevi";"1";"1";"8192"
"Líosa";"1";"1";"8193"
"Thierry Fanfant";"1";"1";"8194"
"Metro Beirut";"1";"1";"8195"
"FL!M";"1";"1";"8196"
"Digo";"1";"1";"8197"
"Ilkka Arola Sound Tagine";"1";"1";"8198"
"Marquez";"1";"1";"8199"
"CAZAYOUX";"1";"1";"8200"
"Nightjar";"1";"1";"8201"
"Sandman Project";"1";"2";"5418"
"Jamie Finlay";"1";"1";"8202"
"ATA Records";"1";"1";"8203"
"Bronze, Silver & Brass";"1";"2";"5419"
"Brandon Roberts";"1";"12";"1340"
"TEED";"1";"1";"8204"
"Rosa Brunello";"1";"1";"8205"
"Lawrence English";"1";"1";"8206"
"concept neuf";"1";"1";"8207"
"Sugai Ken";"1";"1";"8208"
"Imaginary Softwoods";"1";"1";"8209"
"collignon";"2";"2";"5420"
"Oby Nine";"1";"1";"8210"
"Kiwi";"1";"1";"8211"
"James William Blades";"1";"3";"4086"
"Gray";"1";"1";"8212"
"Lorien Testard";"1";"1";"8213"
"John Swing";"2";"7";"2219"
"Yambow";"1";"1";"8214"
"FOREST LAW";"1";"4";"3373"
"The Shanghai Restoration Project";"1";"1";"8215"
"Warriors Of The Dystotheque";"1";"1";"8216"
"aura safari";"9";"12";"1341"
"Zimun";"1";"1";"8217"
"Duoya";"1";"1";"8218"
"Clash Vooar";"1";"1";"8219"
"Steve Dyer";"1";"1";"8220"
"Sandhya Sanjana";"1";"1";"8221"
"OO Soul";"1";"1";"8222"
"Eleanor Underhill";"1";"1";"8223"
"terestesa";"1";"1";"8224"
"Atongo Zimba";"1";"1";"8225"
"Megatronic";"1";"3";"4087"
"Art Of Tones";"4";"9";"1777"
"Amp Fiddler";"1";"1";"8226"
"Haziz";"1";"2";"5421"
"RADIOHOP";"1";"1";"8227"
"Rezodrone";"1";"1";"8228"
"Nichelle Colvin";"1";"1";"8229"
"Silas Short";"1";"2";"5422"
"Jhelisa";"1";"2";"5423"
"Kyoko Takenaka";"1";"1";"8230"
"Soulstance";"1";"1";"8231"
"deadmau5";"1";"3";"4088"
"Soulstatejazz";"1";"4";"3374"
"Stan Lodge";"1";"1";"8232"
"Noah Guy";"1";"1";"8233"
"Trevor Deep Jr";"1";"1";"8234"
"Tom Ellis";"1";"4";"3375"
"Jeremy Brauns";"1";"5";"2865"
"Charlie Charlie";"1";"6";"2491"
"Cinema Royal";"1";"1";"8235"
"Jorga Mesfin";"1";"1";"8236"
"Galliano";"3";"3";"4089"
"Tagua Tagua";"11";"11";"1476"
"AFRICALI";"7";"14";"1129"
"Jkriv";"2";"10";"1604"
"FRENTE CUMBIERO";"2";"5";"2866"
"Eblis Alvarez";"2";"3";"4090"
"The Maghreban";"1";"2";"5424"
"Anna Morgan";"1";"2";"5425"
"Ehua";"1";"2";"5426"
"TUrbo sonidero";"1";"2";"5427"
"Sobredosis";"1";"2";"5428"
"The Grey Area";"1";"3";"4091"
"Yasmine Hamdan";"1";"3";"4092"
"Linton Kwesi Johnson";"1";"3";"4093"
"Luedji Luna";"12";"13";"1232"
"Gratts";"1";"1";"8237"
"Malick Pathé Sow";"1";"2";"5429"
"Radon";"1";"2";"5430"
"Nairobi Matata Jazz";"1";"2";"5431"
"Alba and Aris Karantanis";"1";"2";"5432"
"Jess Reiss";"1";"2";"5433"
"Zimpala";"1";"4";"3376"
"Daoud";"2";"2";"5434"
"Laurie Torres";"1";"1";"8238"
"kenny dope unreleased project";"1";"3";"4094"
"Lemon Quartet";"1";"1";"8239"
"Anna Homler";"1";"1";"8240"
"Throughways";"1";"3";"4095"
"Thalab";"1";"3";"4096"
"Africa Express";"1";"3";"4097"
"Zero 7";"1";"3";"4098"
"Papa Romeo";"2";"2";"5435"
"Dave Guy";"1";"2";"5436"
"Gloria Barnes";"1";"2";"5437"
"Liam Bailey";"1";"2";"5438"
"Matthew Herbert";"3";"6";"2492"
"Yaw";"2";"2";"5439"
"Kwashibu Area Band";"2";"4";"3377"
"Sly & The Family Stone";"18";"18";"873"
"Pyranha";"1";"1";"8241"
"Alexander Korostinsky";"1";"1";"8242"
"Ibex Band";"1";"1";"8243"
"Glenn Fallows";"1";"1";"8244"
"Bubaza";"1";"1";"8245"
"Los Sospechos";"1";"1";"8246"
"Grant Phabao Afrofunk Arkestra";"1";"1";"8247"
"Kelenkye Band";"1";"1";"8248"
"Quiet Village";"1";"1";"8249"
"MUDD";"1";"1";"8250"
"Warbaby";"1";"1";"8251"
"Naliyah";"1";"1";"8252"
"David Cunningham";"1";"3";"4099"
"AVR";"1";"1";"8253"
"Iman Houssein";"1";"1";"8254"
"FINGERS N FLOWERS";"1";"1";"8255"
"Mute";"1";"1";"8256"
"Happy Little Accidents";"1";"1";"8257"
"The Freedom Sounds";"1";"1";"8258"
"Rah";"1";"1";"8259"
"Abelardo Carbono";"1";"2";"5440"
"Pookie";"1";"1";"8260"
"Vaudou Game";"1";"1";"8261"
"MYTRON";"1";"1";"8262"
"Loket";"2";"9";"1778"
"playjoy";"1";"1";"8263"
"Tiger & Balm";"1";"1";"8264"
"Prescott";"1";"1";"8265"
"Urucum";"2";"2";"5441"
"Mule Jenny";"1";"1";"8266"
"Kodjovi Kush";"1";"2";"5442"
"Jonathan Maron";"1";"2";"5443"
"Leroi Conroy";"1";"1";"8267"
"Charlie Whitten";"1";"1";"8268"
"Do Amor";"1";"1";"8269"
"Herbert Walker";"1";"1";"8270"
"Ian Medeiros";"1";"2";"5444"
"Orbital Ensemble";"1";"1";"8271"
"MoonGold";"1";"1";"8272"
"Bagum";"1";"2";"5445"
"Jazz Brut";"1";"1";"8273"
"Lo-Fi Signal FM";"25";"51";"285"
"OZU";"1";"1";"8274"
"Other Mirror";"1";"1";"8275"
"Burnt Pink";"1";"1";"8276"
"Group Climate";"1";"1";"8277"
"Jarren";"1";"1";"8278"
"Malik Hendricks";"1";"1";"8279"
"Brendan Eder Ensemble";"1";"1";"8280"
"NEW FOSSILS";"1";"1";"8281"
"Bobby Bazini";"1";"4";"3378"
"Vangelis Katsoulis";"1";"1";"8282"
"Fuga Ronto";"1";"1";"8283"
"Cuervo Cuervo";"1";"4";"3379"
"ali dada";"1";"1";"8284"
"La Sécurité";"1";"1";"8285"
"Julia Mestre";"4";"4";"3380"
"Catto";"1";"1";"8286"
"Zé Ibarra";"2";"3";"4100"
"Joaquim";"1";"1";"8287"
"Jadsa";"2";"2";"5446"
"JT Donaldson";"1";"10";"1605"
"Shinichiro Yokota";"1";"1";"8288"
"Sam Tyler";"1";"1";"8289"
"Geoffrey Muller";"1";"1";"8290"
"ROSABEGE";"1";"1";"8291"
"Nina Maia";"1";"1";"8292"
"Schneider TM";"1";"1";"8293"
"ndf";"1";"3";"4101"
"Atlas Sound";"1";"1";"8294"
"Broadcast";"1";"1";"8295"
"George Smallwood";"2";"5";"2867"
"6th Borough Project";"1";"1";"8296"
"Carlos Maria Trindade";"1";"1";"8297"
"Jazzgroupiez";"2";"2";"5447"
"Littlefingers";"1";"1";"8298"
"Cisco Kid";"1";"1";"8299"
"Grid Lab";"1";"1";"8300"
"ManyColors";"1";"1";"8301"
"EZ-Q Universe";"1";"1";"8302"
"Moonlight Surface";"1";"1";"8303"
"Phantasia";"1";"1";"8304"
"Sleepy Wiz";"1";"1";"8305"
"Slug";"1";"1";"8306"
"Henry Keen";"1";"1";"8307"
"Soulpete";"1";"1";"8308"
"Shafrir";"1";"1";"8309"
"Tkumah Sadeek";"1";"1";"8310"
"The Saxophones";"1";"1";"8311"
"Collettivo Immaginario";"1";"1";"8312"
"Go Sakabe";"1";"1";"8313"
"Marijata";"1";"1";"8314"
"Nomo";"1";"1";"8315"
"Arto Lindsay";"1";"1";"8316"
"Mick Mayer";"1";"1";"8317"
"Nomade Orquestra";"8";"33";"435"
"Vid Nelson";"1";"1";"8318"
"Charlotta Kerbs";"1";"1";"8319"
"Big Pocket";"1";"1";"8320"
"Wawadadakwa";"1";"1";"8321"
"Randa And The Soul Kingdom";"1";"1";"8322"
"Beto Viana";"1";"1";"8323"
"Saranaide";"1";"1";"8324"
"Alvaro Lancellotti";"1";"1";"8325"
"Flying Ibex";"1";"1";"8326"
"pirombeira";"1";"1";"8327"
"Nebula Breeze";"1";"1";"8328"
"Romano";"1";"1";"8329"
"Mausiki Scales";"1";"2";"5448"
"Ayala (IT)";"1";"1";"8330"
"UTyna Project";"1";"1";"8331"
"Pax";"1";"1";"8332"
"Black Gold 360";"1";"1";"8333"
"Cassette Heads";"1";"1";"8334"
"Vito Lalinga (Vi Mode Inc. Project)";"1";"4";"3381"
"Lauri Kallio";"1";"1";"8335"
"Voyager";"1";"2";"5449"
"Stefan ringer";"1";"1";"8336"
"Sam Ruffillo";"2";"2";"5450"
"The Strangers";"1";"2";"5451"
"zensei ゼンセー";"1";"1";"8337"
"Computer Graphics";"1";"1";"8338"
"luçïd (Paris)";"1";"1";"8339"
"The Allergies";"1";"1";"8340"
"Alex Albrecht";"1";"1";"8341"
"X.Y.R.";"1";"1";"8342"
"Convertion";"1";"1";"8343"
"David Joseph";"1";"2";"5452"
"Lucy Hawkins";"1";"1";"8344"
"Lola";"1";"1";"8345"
"Prince Charles and the City Beat Band";"1";"1";"8346"
"Liquid Liquid";"1";"1";"8347"
"Adonis";"1";"3";"4102"
"Goya";"1";"1";"8348"
"Jubël";"1";"1";"8349"
"Lilly Wood & The Prick";"1";"1";"8350"
"Aludra";"2";"2";"5453"
"Mike Posner";"1";"1";"8351"
"Keymos";"1";"1";"8352"
"anamē";"1";"1";"8353"
"Steam phunk";"1";"1";"8354"
"puulse";"1";"1";"8355"
"Kaphy";"1";"1";"8356"
"Recens";"1";"1";"8357"
"P.A.V";"1";"1";"8358"
"WizTheMc";"1";"1";"8359"
"Luminae";"1";"1";"8360"
"Rolipso";"1";"1";"8361"
"Asheru And Blue Black Of The Unspoken Heard";"1";"1";"8362"
"Clockwork Voodoo Freaks";"1";"1";"8363"
"Guru";"3";"7";"2220"
"Black Eyed Peas";"1";"1";"8364"
"The Sequence";"1";"3";"4103"
"Stetsasonic";"1";"1";"8365"
"Ultramagnetic MC's";"1";"1";"8366"
"Ugly Duckling";"3";"6";"2493"
"Blackalicious";"2";"4";"3382"
"Definition Of Sound";"1";"1";"8367"
"Harlem World Crew";"1";"1";"8368"
"Zumbi";"1";"2";"5454"
"UMC's";"1";"1";"8369"
"The Globetroddas";"1";"1";"8370"
"Ice-T";"1";"1";"8371"
"Elite Beat";"2";"2";"5455"
"Bison";"1";"1";"8372"
"Young M.C.";"1";"2";"5456"
"Brand Nubian";"1";"1";"8373"
"Jungle Brothers";"12";"18";"874"
"Magnus";"1";"1";"8374"
"DRay";"1";"1";"8375"
"Hugel";"2";"2";"5457"
"Change";"1";"1";"8376"
"Propaganda";"1";"1";"8377"
"Trussel";"1";"2";"5458"
"Ingram";"1";"1";"8378"
"Dance 2 Trance";"1";"3";"4104"
"Carlos Garnett";"1";"1";"8379"
"Mandingo Griot Society";"1";"3";"4105"
"Ornette Coleman";"1";"1";"8380"
"Young American Primitive";"1";"1";"8381"
"TW Funkmasters";"1";"1";"8382"
"Marvin Pontiac";"1";"1";"8383"
"Normal Brain";"1";"1";"8384"
"Soul Center";"1";"1";"8385"
"Raz Ohara";"1";"1";"8386"
"Günther Lause";"1";"1";"8387"
"Console";"1";"1";"8388"
"Dead Cities";"1";"2";"5459"
"Stephen Brown";"1";"1";"8389"
"Bananagun (Aus)";"2";"2";"5460"
"Sitka Sun";"1";"1";"8390"
"The Pharcyde";"1";"3";"4106"
"Digable Planets";"1";"2";"5461"
"Andy Cooper";"1";"2";"5462"
"Eduardo Muchacho";"1";"2";"5463"
"Isaac Aesili";"1";"2";"5464"
"Hobie";"1";"2";"5465"
"Frizzy P & Mr Cole";"1";"1";"8391"
"Mo' Horizons";"2";"2";"5466"
"Funky Destination";"1";"1";"8392"
"Freaquen.C";"1";"1";"8393"
"Mestizo Beat";"1";"1";"8394"
"Max Sedgley";"1";"1";"8395"
"Seelenluft";"1";"1";"8396"
"DJ Jazzy Jeff";"1";"1";"8397"
"Alchemical Sisters";"1";"3";"4107"
"Chris Malinchak";"1";"1";"8398"
"RÜFÜS DU SOL";"2";"2";"5467"
"Jeff The Fool";"3";"5";"2868"
"Sean La'Brooy";"1";"1";"8399"
"HoneyDripper";"1";"1";"8400"
"Grant";"1";"1";"8401"
"Nat Tate";"1";"1";"8402"
"Brighter Days Family";"2";"2";"5468"
"Jim Sharp";"1";"1";"8403"
"Freddie Cruger";"1";"1";"8404"
"Red Astaire";"2";"2";"5469"
"Jungle Brown";"1";"1";"8405"
"Pete Philly & Perquisite";"1";"1";"8406"
"New Visionaries";"1";"1";"8407"
"RAT BOY";"1";"1";"8408"
"Samurai";"2";"2";"5470"
"Run the Jewels";"1";"1";"8409"
"Marcin Przybyłowicz";"1";"1";"8410"
"Bad Intentions";"4";"4";"3383"
"Lohrasp Kansara";"1";"1";"8411"
"Dirtyloud";"1";"1";"8412"
"Kideko";"1";"1";"8413"
"Tommy Mambretti";"1";"1";"8414"
"Usher";"1";"1";"8415"
"Cash Money Millionaires";"1";"1";"8416"
"Mase";"2";"2";"5471"
"Can You Flow?";"2";"2";"5472"
"Breakbeat Kings";"1";"1";"8417"
"Big Pun";"1";"1";"8418"
"Whodini";"1";"1";"8419"
"Black Rob";"1";"1";"8420"
"Rob Base";"1";"1";"8421"
"Jagged Edge";"1";"1";"8422"
"MLIR";"1";"1";"8423"
"Jessica 6";"2";"3";"4108"
"Nomi Ruiz";"1";"2";"5473"
"Fimber Bravo";"1";"1";"8424"
"Latarnik";"1";"1";"8425"
"Chicane";"1";"4";"3384"
"TEYMORI";"1";"1";"8426"
"Jorja Smith";"1";"1";"8427"
"Oby Onyioha";"1";"1";"8428"
"Take One";"1";"2";"5474"
"Sound Waves";"1";"4";"3385"
"Dez / Andres";"1";"3";"4109"
"Montego Bay";"1";"2";"5475"
"Diogo Strausz";"1";"2";"5476"
"Alton Miller";"1";"1";"8429"
"Stacy Kidd";"1";"1";"8430"
"Naomi Daniel";"1";"3";"4110"
"Frankie Knuckles";"2";"5";"2869"
"PLEASURE VOYAGE";"1";"2";"5477"
"Randee Jean";"1";"2";"5478"
"Soldiers of Twilight";"1";"2";"5479"
"Saison";"2";"3";"4111"
"Helen Sharpe";"1";"2";"5480"
"Marvin Belton";"1";"2";"5481"
"Toolate Groove";"1";"2";"5482"
"DJ Fudge";"5";"9";"1779"
"Housemates";"1";"2";"5483"
"Kennebec";"1";"4";"3386"
"ANOTR";"3";"4";"3387"
"K. Frimpong";"1";"1";"8431"
"Zomby";"1";"1";"8432"
"Langenberg";"1";"3";"4112"
"Kingdom";"1";"1";"8433"
"DJ Spen Presents DJ Technic";"1";"1";"8434"
"Jimmy Abney";"1";"1";"8435"
"Paperclip People";"1";"1";"8436"
"Innerzone Orchestra";"1";"1";"8437"
"Jules et Spatz";"1";"1";"8438"
"Pezzner";"1";"1";"8439"
"Revelle27";"1";"1";"8440"
"Lake Matisse";"1";"1";"8441"
"Rules";"1";"1";"8442"
"Luvless";"1";"1";"8443"
"Alex Adair";"1";"1";"8444"
"fwd/slash";"1";"1";"8445"
"Gravagerz";"1";"1";"8446"
"Norra";"1";"1";"8447"
"heylucas";"1";"1";"8448"
"Mx Cartier";"1";"1";"8449"
"A-Trak";"1";"2";"5484"
"SuperShy";"12";"58";"246"
"Flamingosis";"1";"1";"8450"
"Hosiannah";"1";"1";"8451"
"Golden Gate";"1";"1";"8452"
"Gome";"1";"2";"5485"
"Lovebirds";"2";"2";"5486"
"E. Live";"2";"2";"5487"
"DJ burgerhead";"1";"1";"8453"
"Mateis e. aqir";"1";"1";"8454"
"Nostalgic";"1";"2";"5488"
"Mappa Mundi";"1";"1";"8455"
"Freestyle Fellowship";"1";"1";"8456"
"Q-Tip";"1";"1";"8457"
"The Brand New Heavies";"1";"1";"8458"
"The Nextmen";"1";"1";"8459"
"Cem Mo";"1";"1";"8460"
"Elodie";"1";"1";"8461"
"Merope";"1";"1";"8462"
"Organic Pulse Ensemble";"1";"1";"8463"
"O Yuki Conjugate";"1";"1";"8464"
"odaiba";"1";"1";"8465"
"Evans Pyramid";"1";"1";"8466"
"Austin Ato";"1";"1";"8467"
"Escort";"1";"1";"8468"
"Kabbala";"1";"1";"8469"
"Apparel Wax";"2";"2";"5489"
"Cosmo Klein";"1";"1";"8470"
"S3A";"1";"1";"8471"
"Route 8";"1";"1";"8472"
"Nic Fanciulli";"1";"3";"4113"
"Olive F";"1";"1";"8473"
"Nice7";"1";"2";"5490"
"Obskür";"1";"1";"8474"
"Vaggio";"1";"1";"8475"
"Amine Edge & Dance";"1";"1";"8476"
"Alan Dixon";"1";"1";"8477"
"The Shapeshifters";"1";"1";"8478"
"Duck Sauce";"1";"1";"8479"
"Low Steppa";"1";"1";"8480"
"Shakedown";"1";"3";"4114"
"Harry Wolfman";"1";"1";"8481"
"Papa Soul";"1";"1";"8482"
"Stoned Autopilot";"1";"1";"8483"
"Pete Rock & C.L. Smooth";"1";"1";"8484"
"Sjava";"1";"1";"8485"
"KWC 92";"1";"1";"8486"
"Música esporádica";"1";"1";"8487"
"Nate Smith";"3";"7";"2221"
"Alexandre Rodrigues";"1";"1";"8488"
"Daniel Maunick";"1";"1";"8489"
"Cloudface";"1";"1";"8490"
"Masahiro Sugaya";"1";"1";"8491"
"Naughty By Nature";"1";"2";"5491"
"LL Cool J";"1";"1";"8492"
"Mark Morrison";"1";"1";"8493"
"Alexander Sopchek";"1";"1";"8494"
"Helen Ripley-Marshall";"1";"1";"8495"
"Toribio";"1";"2";"5492"
"Clarian";"1";"1";"8496"
"ellktro";"1";"1";"8497"
"PinkPantheress";"1";"1";"8498"
"Black Balloons";"1";"1";"8499"
"Kaskade";"1";"1";"8500"
"Trent Reznor and Atticus Ross";"1";"1";"8501"
"ErrX";"1";"1";"8502"
"Starjunk 95";"2";"3";"4115"
"Cinnamon Chasers";"1";"1";"8503"
"Higgo";"1";"1";"8504"
"Passing Currents";"1";"1";"8505"
"Yaego";"1";"1";"8506"
"La Roux";"1";"1";"8507"
"Pep Llopis";"1";"1";"8508"
"Nachtbraker";"2";"7";"2222"
"AN-2";"1";"1";"8509"
"Sonny Fodera";"1";"1";"8510"
"Dom Dolla";"1";"1";"8511"
"Ninajirachi";"1";"1";"8512"
"bbno$";"1";"1";"8513"
"JID";"1";"1";"8514"
"Fisher";"1";"1";"8515"
"SZA";"1";"1";"8516"
"LXNGVX";"1";"1";"8517"
"Jack Harlow";"1";"1";"8518"
"Shoreline Mafia";"1";"1";"8519"
"AR/CO";"1";"1";"8520"
"Mike Dunn";"2";"17";"925"
"John Julius Knight";"1";"2";"5493"
"Azuro";"1";"4";"3388"
"Groove Assassin";"1";"2";"5494"
"Demuir";"3";"7";"2223"
"Jon Cutler";"1";"3";"4116"
"Shuya Okino";"1";"3";"4117"
"Adelphi Music Factory";"1";"3";"4118"
"Lood";"1";"3";"4119"
"DJ Disciple";"1";"3";"4120"
"Fred Everything";"1";"10";"1606"
"Mattei & Omich";"1";"3";"4121"
"Rhemi";"1";"3";"4122"
"Not Without Friends";"1";"2";"5495"
"Groove P";"2";"5";"2870"
"Simon Kidzoo";"1";"2";"5496"
"Huxley";"1";"2";"5497"
"Sticks & Stonez";"3";"8";"1974"
"Matt Early";"1";"3";"4123"
"Rawdio";"1";"1";"8521"
"DJ Sneak";"1";"1";"8522"
"Moxy Edits";"1";"3";"4124"
"Hatiras";"1";"3";"4125"
"Discoloverz";"1";"3";"4126"
"D Stone";"1";"3";"4127"
"Soul Reductions";"1";"5";"2871"
"Igor Gonya";"17";"43";"330"
"Skyline Sun";"1";"2";"5498"
"Robin Masters Orchestra";"1";"9";"1780"
"Rhythm Plate";"1";"3";"4128"
"Karizma";"1";"5";"2872"
"The Far Out Monster Disco Orchestra";"1";"4";"3389"
"mono.mode";"1";"6";"2494"
"Urban Sound Lab Presents Miss Yankey";"1";"6";"2495"
"Massiande";"2";"7";"2224"
"Pete Maxey";"1";"2";"5499"
"Mike Simonetti";"1";"8";"1975"
"D.C. LaRue";"1";"2";"5500"
"Make A Dance";"1";"3";"4129"
"Soundstream";"1";"4";"3390"
"Pontchartrain";"1";"10";"1607"
"scruscru";"3";"17";"926"
"Lup Ino";"1";"3";"4130"
"Justnique";"2";"2";"5501"
"Paul Cut";"1";"6";"2496"
"Mr V";"1";"4";"3391"
"Simbad";"1";"2";"5502"
"Isoul8";"1";"6";"2497"
"karmasound";"1";"4";"3392"
"D'Arabia";"1";"2";"5503"
"COMFY BELLA";"1";"4";"3393"
"KID.";"1";"1";"8523"
"Kolter";"1";"3";"4131"
"Purple Ice";"1";"3";"4132"
"Tim Deluxe";"1";"2";"5504"
"Catherine Mooreland";"1";"2";"5505"
"Magou";"1";"5";"2873"
"Akabu";"1";"2";"5506"
"Dead Sound";"1";"1";"8524"
"Hajaj";"1";"2";"5507"
"Jamie xx";"3";"6";"2498"
"Joy Anonymous";"2";"3";"4133"
"TOKiMONSTA";"1";"3";"4134"
"Flight Facilities";"4";"10";"1608"
"Balu Brigada";"1";"1";"8525"
"nimino";"1";"2";"5508"
"Alice Ivy";"1";"1";"8526"
"BLOND:ISH";"1";"1";"8527"
"Riva Starr";"3";"7";"2225"
"Justice";"1";"1";"8528"
"Thee Sacred Souls";"1";"1";"8529"
"tolliver";"1";"1";"8530"
"The Meters";"1";"1";"8531"
"Brooklyn Funk Essentials";"1";"1";"8532"
"Chuggin Edits";"1";"1";"8533"
"Doug Shorts";"1";"1";"8534"
"free youth";"1";"1";"8535"
"稲垣次郎とソウル・メディア";"1";"1";"8536"
"Dexter Wansel";"1";"1";"8537"
"Lazywax";"3";"12";"1342"
"Danny Russell";"1";"3";"4135"
"Madcat";"3";"5";"2874"
"Choices";"1";"6";"2499"
"Theo Kottis";"1";"4";"3394"
"Disco Dandies";"1";"5";"2875"
"Dave Mathmos";"1";"7";"2226"
"Qubiko";"1";"6";"2500"
"Harvey Touch";"1";"4";"3395"
"The Vision";"1";"8";"1976"
"Stephane Deschezeaux";"1";"8";"1977"
"Leslie Lello";"1";"2";"5509"
"oh yeah";"1";"4";"3396"
"Third Attempt";"1";"8";"1978"
"Marc Cotterell";"1";"2";"5510"
"Melon Bomb";"1";"1";"8538"
"Reinhard Vanbergen";"1";"1";"8539"
"Ellen Reid";"1";"1";"8540"
"Pittsburgh Track Authority";"1";"1";"8541"
"Last Nubian";"1";"1";"8542"
"Roy Werner";"1";"1";"8543"
"Nu Deco Ensemble";"2";"2";"5511"
"Melchior Sultana";"1";"1";"8544"
"Steve Bug";"1";"1";"8545"
"Gavinco";"1";"1";"8546"
"Ross Couch";"1";"1";"8547"
"Georges";"1";"1";"8548"
"Brawther";"1";"1";"8549"
"Brooklyn Baby";"2";"3";"4136"
"BDK";"1";"1";"8550"
"Soul Avengerz";"1";"1";"8551"
"Ryan Truman";"1";"1";"8552"
"Quinten 909";"1";"2";"5512"
"T.Markakis";"1";"1";"8553"
"Homero Espinosa";"1";"1";"8554"
"Joey Montenegro";"1";"1";"8555"
"Hotmood";"1";"1";"8556"
"Vertigini";"1";"1";"8557"
"Jimmy Allen";"1";"1";"8558"
"Oliver Palfreyman";"1";"1";"8559"
"De La Soul";"1";"1";"8560"
"Jonk & Spook";"1";"1";"8561"
"Karmina Dai";"1";"1";"8562"
"Slam Dunk'd";"1";"1";"8563"
"Bauhouse";"1";"1";"8564"
"Lou Casablanca";"1";"1";"8565"
"Blakkat";"1";"1";"8566"
"Tête de la Course";"1";"1";"8567"
"Max Kion";"1";"1";"8568"
"Piem";"1";"1";"8569"
"Generoco";"1";"1";"8570"
"Mike Millrain";"1";"1";"8571"
"Discosteps";"1";"1";"8572"
"Simo Not Simon";"1";"1";"8573"
"GUINNY";"1";"1";"8574"
"Tagmann";"1";"1";"8575"
"Mick Teck";"1";"1";"8576"
"Mk.gee";"1";"1";"8577"
"LOVEFEAR";"1";"1";"8578"
"boy 2000";"1";"1";"8579"
"Zumurrud";"1";"1";"8580"
"Accra Quartet";"1";"1";"8581"
"Edrix Puzzle";"1";"1";"8582"
"DJ Matpat";"1";"1";"8583"
"DIY";"1";"1";"8584"
"DJ Romain";"1";"1";"8585"
"First Floor";"1";"1";"8586"
"Innocent Soul";"1";"1";"8587"
"St. David";"1";"1";"8588"
"Shino Blackk";"1";"1";"8589"
"Kassian";"1";"1";"8590"
"A Bunch Of Guys";"1";"1";"8591"
"Behind the Groove";"1";"1";"8592"
"DJ Rasoul";"1";"1";"8593"
"Anenon";"1";"1";"8594"
"Marcellus Pittman";"1";"1";"8595"
"First Choice";"1";"6";"2501"
"Dean Drouillard";"1";"1";"8596"
"Weast";"1";"1";"8597"
"Groove Boys Project";"1";"1";"8598"
"Arpy Brown";"1";"2";"5513"
"Half Dead Dave";"1";"1";"8599"
"Surya Botofasina";"1";"1";"8600"
"James Larter";"1";"1";"8601"
"Sadeedo";"1";"1";"8602"
"Karu";"1";"1";"8603"
"Four Walls";"1";"1";"8604"
"UC Beatz";"1";"1";"8605"
"Lenny Fontana";"1";"1";"8606"
"Valebol";"1";"1";"8607"
"Mike Lindsay";"1";"1";"8608"
"KnG Edits";"1";"1";"8609"
"Rhyze";"1";"1";"8610"
"Patchworks Ginger Xpress";"1";"4";"3397"
"SLWJM";"1";"1";"8611"
"Meridian Brothers";"1";"1";"8612"
"Montañera";"1";"1";"8613"
"Insólito Universo";"1";"1";"8614"
"Joy Guidry";"1";"1";"8615"
"The Mesmerizers";"1";"1";"8616"
"omma";"1";"1";"8617"
"Couch Gary";"1";"1";"8618"
"David Datunashvili";"1";"1";"8619"
"Okokon";"1";"1";"8620"
"GAISTER";"1";"1";"8621"
"49th & Main";"1";"1";"8622"
"Bondax";"1";"1";"8623"
"Yours";"1";"1";"8624"
"Embark Studios";"8";"12";"1343"
"DJ Delish";"1";"2";"5514"
"1tbsp";"1";"2";"5515"
"Ari Bald";"1";"3";"4137"
"Kaang";"1";"1";"8625"
"Leif Maine";"1";"1";"8626"
"BAMILY";"1";"6";"2502"
"Lucy Park";"1";"1";"8627"
"Mayer Hawthorne";"1";"1";"8628"
"MTBRD";"1";"1";"8629"
"Stolen Gin";"1";"1";"8630"
"Enrico Mantini";"1";"2";"5516"
"Hedzoleh Soundz";"1";"1";"8631"
"Ricardo Jacob";"1";"1";"8632"
"Butch";"1";"1";"8633"
"Jamie Jones";"1";"1";"8634"
"DJ Tennis";"2";"2";"5517"
"Durand Jones & The Indications";"1";"1";"8635"
"Jackson Homer";"1";"3";"4138"
"Vanilla";"1";"1";"8636"
"MIRA LÓ";"1";"1";"8637"
"SOUL LEGEND";"7";"9";"1781"
"Bagge";"1";"1";"8638"
"Adrian Sherwood";"10";"12";"1344"
"Dj City";"1";"2";"5518"
"Jo Bubbles";"1";"2";"5519"
"Cab Drivers";"1";"3";"4139"
"Firmin";"1";"3";"4140"
"At One";"1";"2";"5520"
"Jerome Sydenham / Dennis Ferrer";"1";"2";"5521"
"Jay Shepheard";"2";"7";"2227"
"Phreek Plus One";"2";"4";"3398"
"Designer Loops";"1";"2";"5522"
"Muallem";"1";"1";"8639"
"Manuel Tur & Dplay";"1";"2";"5523"
"Wagon Cookin";"1";"1";"8640"
"TJ Kong & Nuno Dos Santos";"1";"1";"8641"
"Shahrokh Sound Of K.";"1";"1";"8642"
"Matt Flores";"1";"1";"8643"
"Blake Baxter";"1";"5";"2876"
"Nate Williams";"1";"3";"4141"
"Colter Carson";"1";"5";"2877"
"longhair";"1";"3";"4142"
"Alex Attias";"1";"1";"8644"
"Zellmani";"1";"1";"8645"
"Snap!";"1";"2";"5524"
"Solomonic Sound";"1";"2";"5525"
"Franc Spangler";"1";"3";"4143"
"Daso";"1";"1";"8646"
"Hard Drive Library";"1";"1";"8647"
"Stuzzi";"1";"1";"8648"
"Jesper Dahlbäck";"1";"2";"5526"
"DiSKOP";"1";"3";"4144"
"Uit de Hoogte";"1";"3";"4145"
"The C90s";"1";"1";"8649"
"Olivier Verhaeghe";"1";"3";"4146"
"William & The Young Five";"1";"3";"4147"
"Shee";"1";"2";"5527"
"The Phenomenal Handclap Band";"1";"5";"2878"
"Ron Basejam";"1";"1";"8650"
"Rocco Rodamaal";"1";"1";"8651"
"Gin Tonic Orchestra";"1";"1";"8652"
"Midnight Cycler";"1";"1";"8653"
"Konrad Ritter";"1";"1";"8654"
"Head High";"1";"1";"8655"
"Oliver Dollar";"1";"1";"8656"
"Eniz Modic";"1";"1";"8657"
"Tidy Daps";"1";"1";"8658"
"Davi";"1";"1";"8659"
"Big Al";"1";"1";"8660"
"Addex";"1";"1";"8661"
"Dave Pad";"1";"1";"8662"
"Jenia White";"1";"1";"8663"
"LFU";"1";"2";"5528"
"Kair";"1";"2";"5529"
"Zen Experience";"1";"3";"4148"
"Collect 200";"2";"2";"5530"
"Bone Thugs-N-Harmony";"1";"1";"8664"
"Timofey";"1";"1";"8665"
"Phil Siemers";"1";"2";"5531"
"Desierto y Agua";"1";"1";"8666"
"TRENSUM TRIBE";"2";"14";"1130"
"Shane Sato";"1";"1";"8667"
"KS FRENCH";"1";"1";"8668"
"KADEEM.";"1";"6";"2503"
"DJ Qness";"4";"4";"3399"
"Tiger DR";"1";"1";"8669"
"Naoyuki Onda";"1";"1";"8670"
"BOMBAD";"1";"3";"4149"
"Regalado";"1";"1";"8671"
"Anja Ngozi";"1";"1";"8672"
"Wolfgang Dauner";"1";"1";"8673"
"AGC-17";"1";"1";"8674"
"Junior Brother";"1";"1";"8675"
"Elia y Elizabeth";"1";"1";"8676"
"The Specials";"1";"1";"8677"
"Raphaël Dion";"1";"3";"4150"
"Rawb";"1";"1";"8678"
"Manu Chao";"15";"16";"981"
"KAROL G";"1";"1";"8679"
"Alfa";"1";"1";"8680"
"Amadou & Mariam";"1";"1";"8681"
"Bomba Estéreo";"1";"1";"8682"
"Catpack";"1";"1";"8683"
"Jackson Mico Milas";"1";"6";"2504"
"Scott Orr";"1";"6";"2505"
"Marigold Sun";"1";"6";"2506"
"Freddy da Stupid";"1";"5";"2879"
"Factory Floor";"1";"5";"2880"
"Lance DeSardi";"4";"14";"1131"
"Accelera Deck";"1";"5";"2881"
"This Mortal Coil";"1";"5";"2882"
"Magic Robot";"1";"1";"8684"
"Leo Paciaroni";"1";"1";"8685"
"Master Produções Remix";"1";"1";"8686"
"ornithology";"1";"2";"5532"
"Nikodimos";"14";"20";"764"
"Charles Gounod";"1";"1";"8687"
"John Corigliano";"1";"1";"8688"
"Eric Escanes";"1";"8";"1979"
"Corey Fonville";"1";"1";"8689"
"Bookend";"1";"1";"8690"
"Nene Vasquez";"1";"2";"5533"
"LUCES";"4";"4";"3400"
"Yukimi";"1";"2";"5534"
"Kavinsky";"1";"1";"8691"
"Electric Youth";"1";"1";"8692"
"Riz Ortolani";"1";"1";"8693"
"Chromatics";"1";"1";"8694"
"Cliff Martinez";"2";"2";"5535"
"King Tubby";"1";"2";"5536"
"Kimyan";"1";"1";"8695"
"Charlie Jeer";"1";"1";"8696"
"Kolombo";"1";"1";"8697"
"Lamomali";"1";"1";"8698"
"Tim Paris";"1";"1";"8699"
"Nao Yoshioka";"1";"1";"8700"
"Zinée";"1";"2";"5537"
"Brthwrk";"1";"1";"8701"
"Barrell Jones";"1";"1";"8702"
"The Congos";"10";"10";"1609"
"Vinyl Blair";"1";"1";"8703"
"Continous cool";"1";"1";"8704"
"Global Method";"1";"1";"8705"
"Dj Hyperactive";"1";"1";"8706"
"Alec Falconer";"1";"1";"8707"
"G.O.D.";"1";"1";"8708"
"Stevie B-Zet";"1";"1";"8709"
"X-Press 2";"1";"1";"8710"
"The Two Amigos";"1";"1";"8711"
"Beatfreaks";"1";"1";"8712"
"Dr. Motte & WestBam present";"1";"1";"8713"
"Marascia";"1";"1";"8714"
"Thursday Club";"1";"1";"8715"
"Momoko Gill";"1";"1";"8716"
"Owelu Dreamhouse";"1";"1";"8717"
"Sheila Jordan";"12";"35";"409"
"Zoe Reijue";"3";"3";"4151"
"Andrii Pokaz";"1";"1";"8718"
"MISC";"1";"1";"8719"
"Brintex Collective";"1";"1";"8720"
"Yetii";"1";"1";"8721"
"magikAAAAArp";"1";"1";"8722"
"Jon Onabowu";"1";"1";"8723"
"St. Barbe";"1";"1";"8724"
"Vimbs Mavimbs";"1";"1";"8725"
"Super Oud";"1";"2";"5538"
"Luca C & Brigante";"1";"2";"5539"
"Enigmatic Ranger";"1";"1";"8726"
"Omasta";"2";"3";"4152"
"Gary Pacific Orchestra";"1";"1";"8727"
"Go Kurosawa";"1";"1";"8728"
"Asulin";"1";"1";"8729"
"Bob Belden Project";"9";"14";"1132"
"ティム・ヘイゲンス";"1";"2";"5540"
"マーカス・プリンタップ";"1";"2";"5541"
"ジェフ・キーザー";"1";"2";"5542"
"Seamus";"1";"2";"5543"
"Cate Le Bon";"1";"1";"8730"
"Atabasca";"1";"2";"5544"
"Andris Mattson";"1";"2";"5545"
"Juggy Murray Jones";"1";"1";"8731"
"Cassius";"1";"2";"5546"
"GE-OLOGY";"1";"1";"8732"
"Banksia";"1";"1";"8733"
"Blue Earth Sound";"1";"1";"8734"
"Navah Sea";"1";"1";"8735"
"Ana María Vahos";"1";"1";"8736"
"David Handler";"1";"1";"8737"
"Mzee Tendere";"1";"1";"8738"
"Antonio Carlos & Jocafi";"1";"1";"8739"
"Combo Chimbita";"1";"1";"8740"
"Nuah";"1";"1";"8741"
"Men From the Nile";"1";"1";"8742"
"David Matthews";"1";"1";"8743"
"Bob James";"6";"6";"2507"
"Angelita";"1";"1";"8744"
"Danny Daze";"1";"1";"8745"
"Shygirl";"2";"2";"5547"
"Rose Gray";"1";"1";"8746"
"Chestnut";"1";"1";"8747"
"Charly Brown";"1";"1";"8748"
"Stereo MC's";"1";"1";"8749"
"Johnny Dangerous";"1";"1";"8750"
"YoSoyMatt";"2";"3";"4153"
"Polocorp";"1";"2";"5548"
"Zimkitha";"1";"1";"8751"
"Steely Dan";"17";"21";"728"