Artist;Name;Scrobbles;Rank
"Quantic";"Magnetica";"3";"4438"
"EMEFE";"Good Future";"3";"4439"
"Lone";"Ambivert Tools, Vol. 2";"68";"117"
"Stippenlift";"Chaos In Het Universum";"1";"8136"
"SASSY 009";"Are you leaving";"2";"5733"
"Carl Gari";"Shipster";"2";"5734"
"Irreversible Entanglements";"Irreversible Entanglements";"2";"5735"
"Loke Rahbek";"Buy Corals Online";"2";"5736"
"Delic";"The Oasis";"1";"8137"
"Bennie Maupin";"The Jewel In The Lotus";"16";"846"
"Jamila Woods";"HEAVN";"1";"8138"
"Steve Reich";"Beauty in Simplicity";"1";"8139"
"Nubya Garcia";"Nubya's 5ive";"60";"143"
"Vels Trio";"Yellow Ochre EP";"7";"2167"
"Don Philippe";"Red Flower";"2";"5737"
"Songhoy Blues";"Bamako";"1";"8140"
"Songhoy Blues";"Résistance";"3";"4440"
"Ant Orange";"Right There";"1";"8141"
"Gernot Bronsert";"Beauty In Simplicity";"1";"8142"
"Wim Mertens";"Beauty in Simplicity";"1";"8143"
"Ant Orange";"Ant Orange";"2";"5738"
"Jadu Heart";"Wanderflower";"1";"8144"
"Quantum Collage";"Lucid Dreaming";"8";"1909"
"M.RUX";"In the Hold";"50";"187"
"Kundan Lal";"Periodic Perciotic";"17";"786"
"Tony Allen";"The Source";"11";"1360"
"Art Feynman";"The Shape You're In";"1";"8145"
"Akron/Family";"Akron/Family";"6";"2510"
"Joe Armon-Jones";"Idiom";"149";"23"
"Chelou";"Damned Eye See";"3";"4441"
"Juana Molina";"Halo";"2";"5739"
"Richard Spaven";"The Self (feat. Jordan Rakei)";"1";"8146"
"bastien keb";"22.02.85";"5";"2959"
"Högni";"Two Trains";"5";"2960"
"Joon Moon";"Moonshine Corner";"4";"3592"
"Reginald Omas Mamode IV";"Working...";"1";"8147"
"Pete Josef";"Colour";"2";"5740"
"Shawn Lee's Ping Pong Orchestra";"Voices And Choices";"2";"5741"
"History of Colour";"Calidoso";"38";"273"
"U.S. Girls";"In A Poem Unlimited";"120";"36"
"Murcof";"Avril 14th (Aphex Twin) [Vanessa Wagner Version]";"1";"8148"
"Andy Stott";"Luxury Problems";"1";"8149"
"Hodini";"M$R003";"1";"8150"
"TiRon & Ayomari";"WET: the Wonderful Ego Trip";"9";"1713"
"Christopher Schwarzwälder";"Three Rivers EP";"1";"8151"
"Rival Consoles";"Unfolding";"1";"8152"
"Noya Rao";"Icaros";"5";"2961"
"Cotton Jones";"Paranoid Cocoon";"24";"486"
"Polo & Pan";"Canopée - EP";"2";"5742"
"Shigeto";"The New Monday";"11";"1361"
"Maria Rita Stumpf";"Brasileira Remixes";"4";"3593"
"My Brightest Diamond";"This Is My Hand";"4";"3594"
"Dreems";"In Dreems";"38";"274"
"Josef Leimberg";"Astral Progressions";"7";"2168"
"Nils Frahm";"All Melody";"94";"55"
"Art Feynman";"Blast Off Through The Wicker";"10";"1528"
"Jimmy Whoo";"Motel Music, Pt. 2";"1";"8153"
"DJ Koze";"Illumination";"7";"2169"
"LAAKE";"Introspective";"2";"5743"
"Sly5thAve";"Bitch Don't Kill My Vibe / Get Free";"18";"726"
"Ahmad Jamal";"Marseille";"2";"5744"
"Penya";"Super Liminal";"24";"487"
"Skinny Pelembe";"I'll Be On Your Mind";"10";"1529"
"Palta";"Universel";"2";"5745"
"James Blake";"If The Car Beside You Moves Ahead";"18";"727"
"Jitwam";"selftitled";"18";"728"
"Lost Midas";"Undefined";"1";"8154"
"Sly5thAve";"California Love";"3";"4442"
"Pedestrian";"hyperpnea";"3";"4443"
"Unknown Mortal Orchestra";"Not in Love We’re Just High";"1";"8155"
"George Fitzgerald";"Outgrown";"2";"5746"
"Snide Rhythms";"Unicorns and Rainbows 2";"1";"8156"
"andrés oddone";"Happiness Is a Side Effect (Remixes)";"9";"1714"
"andrés oddone";"Aura EP";"1";"8157"
"BeGun";"Slum, Pt. 1";"7";"2170"
"Skinny Pelembe";"Mindset Is Fear";"3";"4444"
"Skinny Pelembe";"Seven Year Curse - EP";"12";"1239"
"Skinny Pelembe";"Spit/Swallow";"41";"253"
"Jonwayne";"Rap Album Two";"22";"544"
"Emma-Jean Thackray's WALRUS";"WALRUS EP";"2";"5747"
"Sly5thAve";"The Invisible Man: An Orchestral Tribute To Dr. Dre";"19";"674"
"Casino Versus Japan";"DJ-Kicks (Lone) [Mixed Tracks]";"1";"8158"
"Jono Ma";"The Dreemas";"2";"5748"
"Colleen";"Captain of None";"7";"2171"
"Buttering Trio";"Threesome";"71";"108"
"Grandbrothers";"Open";"3";"4445"
"Buttering Trio";"Puzzles, Vol. 3";"1";"8159"
"Jaja";"Tropical Bird Club";"34";"312"
"DJ Koze";"Seeing Aliens";"8";"1910"
"Tim Engelhardt";"Moments Of Truth";"3";"4446"
"Shelter";"Zon Zon Zon";"1";"8160"
"Lords of the Underground";"Here Come the Lords";"1";"8161"
"Mr Day";"Get Your Point Over";"4";"3595"
"Ambala";"Volume 1";"2";"5749"
"Obo Addy";"Kronos Explorer Series";"2";"5750"
"Braxton Cook";"Somewhere in Between";"10";"1530"
"Hidden Orchestra";"Dawn Chorus";"13";"1117"
"Peter Broderick";"Late Night Tales: Jon Hopkins";"1";"8162"
"Idris Muhammad";"Turn This Mutha Out";"13";"1118"
"Kokoroko";"Abusey Junction";"1";"8163"
"Dimlite";"A/DD";"1";"8164"
"KOKOKO!";"Tongos'a";"3";"4447"
"Deerhoof";"Mountain Moves";"1";"8165"
"Kara-Lis Coverdale";"Aftertouches";"8";"1911"
"GoGo Penguin";"A Humdrum Star";"8";"1912"
"Lapti";"V Tiraj";"1";"8166"
"The Survivals";"My Brother";"1";"8167"
"Henry Wu";"Deep In The Mudd";"5";"2962"
"LAAKE";"FAAKE";"1";"8168"
"LAAKE";"Piaano";"7";"2172"
"El Búho";"Balance";"12";"1240"
"Project Pablo";"Beaubien Dream";"4";"3596"
"Chaos in the CBD";"Invisible Spectrum";"32";"330"
"Pete Josef";"Colour Remixed";"2";"5751"
"Suzanne Kraft";"Talk From Home";"7";"2173"
"Portico Quartet";"Art In The Age Of Automation";"13";"1119"
"PREQUEL";"Freedom Jazz Dance";"6";"2511"
"Gizmo Varillas";"El Dorado";"9";"1715"
"Gizmo Varillas";"Losing You";"1";"8169"
"Leifur James";"Time";"2";"5752"
"Leifur James";"Red Sea";"1";"8170"
"Coss";"Rose Mallow";"1";"8171"
"Pedestrian";"Circadian Rhythms";"5";"2963"
"Dengue Dengue Dengue";"Son de los Diablos";"2";"5753"
"Cero39";"Mis Tierras Calientes";"5";"2964"
"Toro y Moi";"Boo Boo";"6";"2512"
"Kelly Lee Owens";"Kelly Lee Owens (Extended Version)";"42";"238"
"George Fitzgerald";"Roll Back";"1";"8172"
"George Fitzgerald";"Nobody But You (feat. Hudson Scott)";"1";"8173"
"Mildlife";"Phase";"24";"488"
"Dengue Dengue Dengue!";"Serpiente Dorada";"1";"8174"
"Dengue Dengue Dengue!";"La Alianza Profana";"1";"8175"
"Jon Hopkins";"Emerald Rush";"2";"5754"
"Mano Le Tough";"Ahsure E.P.";"10";"1531"
"Sophia Kennedy";"Sophia Kennedy";"49";"191"
"Soulphiction";"Parking Lot Blues EP";"2";"5755"
"Erik Truffaz";"Being Human Being";"1";"8176"
"Sea Moya";"New Past";"1";"8177"
"Sea Moya";"Baltic States";"3";"4448"
"Matanza";"Future Sounds Of Jazz Volume 13";"1";"8178"
"Acid Pauli";"The Erdäpfelkaas";"1";"8179"
"viva sherry";"Obento Music";"3";"4449"
"Rejjie Snow";"Dear Annie";"175";"17"
"Shafiq Husayn";"Shafiq En'A-Free-Ka";"5";"2965"
"Oumou Sangaré";"Minata Waraba (Sampha Remix)";"1";"8180"
"NATUREBOY FLAKO";"Natureboy";"4";"3597"
"Moses Boyd";"Rye Lane Shuffle";"4";"3598"
"Mano Le Tough";"Changing Days Remixes";"1";"8181"
"Indian Wells";"Cascades";"2";"5756"
"Andy Cato";"Times and Places (Sketches from the Road)";"5";"2966"
"Flamingods";"Majesty Remixed";"3";"4450"
"A/T/O/S";"Outboxed";"1";"8182"
"WhoMadeWho";"Nu Disco Stuff, Vol. 1";"1";"8183"
"Georgia Anne Muldrow";"Great Blacks - Single";"1";"8184"
"Wilma Archer";"Like A Hunger";"3";"4451"
"Move D";"To the Disco ‘77 & Hybrid Minds Remixes";"3";"4452"
"David Lee Jr.";"Black Fire! New Spirits! Radical and Revolutionary Jazz in the USA 1957-82";"1";"8185"
"Olivier St.Louis";"Black Music";"6";"2513"
"Milo";"So The Flies Don't Come";"1";"8186"
"Frankie Reyes";"Boleros Valses y Mas";"1";"8187"
"Maribou State";"Portraits Remixed";"16";"847"
"Rokia Traoré";"Mouneïssa";"3";"4453"
"Peter Broderick";"Erased Tapes Collection II";"3";"4454"
"Bajka";"The World";"1";"8188"
"Portico Quartet";"Portico Quartet";"1";"8189"
"Tata Dindin";"Gambia - Salam - New Kora Music";"3";"4455"
"Jimi Tenor";"Strut Africa";"1";"8190"
"Holy Forest";"Holy Forest";"1";"8191"
"ElPeche";"Tropikalia, Vol. 1: Summer '16 Edition";"1";"8192"
"Iorie";"The Story of A";"3";"4456"
"Coss";"Shift I - II";"3";"4457"
"Alphonse Mouzon";"Mind Transplant";"9";"1716"
"Alphonse Mouzon";"In Search Of A Dream";"1";"8193"
"Alphonse Mouzon";"virtue";"2";"5757"
"Rahsaan Roland Kirk";"Blacknuss";"4";"3599"
"Frank Zappa";"Jazz From Hell";"5";"2967"
"Axel Boman";"Family Vacation";"54";"171"
"Awkwafina";"Yellow Ranger";"4";"3600"
"Betty Davis";"Betty Davis";"2";"5758"
"Michael Kiwanuka";"Cold Little Heart (Radio Edit)";"15";"925"
"Da Cruz";"Eco do Futuro";"2";"5759"
"Hello Skinny";"Watermelon Sun";"46";"212"
"Sudan Archives";"Water";"2";"5760"
"Sudan Archives";"Sudan Archives";"34";"313"
"Rampa";"You Are Safe";"11";"1362"
"Sophia Kennedy";"Being Special";"7";"2174"
"Milo";"who told you to think??!!?!?!?!";"18";"729"
"MGMT";"Little Dark Age";"1";"8194"
"Quiet Dawn";"Human Being: The Short Story Of The Reed";"7";"2175"
"George Fitzgerald";"All That Must Be";"43";"232"
"⣎⡇ꉺლ༽இ•̛)ྀ◞ ༎ຶ ༽ৣৢ؞ৢ؞ؖ ꉺლ";"̸ ̡ ҉ ҉.·๑ඕั ҉ ̸ ̡ ҉ ҉.·๑ඕั ҉ ̸ ̡ ҉ ҉.·๑ඕั ҉ ̸ ̡ ҉ ҉.·๑ඕั ҉ ̸ ̡ ҉ ҉.·๑ඕั ҉ ̸ ̡ ҉ ҉.·๑ඕั ҉ ̸ ̡ ҉ ҉.·๑ඕั ҉";"5";"2968"
"Tunnelvisions";"Midnight Voyage";"2";"5761"
"HAAi";"DaDaDa";"8";"1913"
"HAAi";"Be Good";"6";"2514"
"HAAi";"FEELS";"2";"5762"
"Sälen";"Copper Kiss (Remixes)";"1";"8195"
"Awate";"Happiness";"6";"2515"
"Kamasi Washington";"Harmony of Difference";"6";"2516"
"Ben Westbeech";"Welcome to the Best Years of Your Life";"10";"1532"
"Yellow Days";"Is Everything Okay in Your World?";"30";"360"
"Al-chem";"Weird Fiction";"10";"1533"
"Darwish";"Reclamation";"20";"627"
"Art Feynman";"Near Negative";"11";"1363"
"Babatunde Olatunji";"Drums of Passion (Original Album Plus Bonus Tracks, 1959)";"1";"8196"
"Her";"Her Tape #1";"1";"8197"
"Izem";"Hafa";"1";"8198"
"Harts";"Daydreamer";"4";"3601"
"Kilo Kish";"Navy";"1";"8199"
"Msafiri Zawose";"Nzala Urugu";"1";"8200"
"Colin Stetson";"New History Warfare Vol. 2: Judges";"2";"5763"
"Kalaha";"Masala";"1";"8201"
"Alex Izenberg";"Harlequin";"2";"5764"
"Neue Grafik";"Innervision";"7";"2176"
"Lokal Affair";"Azra";"1";"8202"
"Thornato";"Bennu";"14";"1013"
"Cumbia Cosmonauts";"Vostok-1";"2";"5765"
"Mabuta";"Welcome To This World";"8";"1914"
"Ariwo";"Ariwo";"6";"2517"
"TSHEGUE";"Survivor";"1";"8203"
"Nicole Willis";"Big Fantasy (For Me) / Tear It Down";"5";"2969"
"Jono McCleery";"Seeds Of A Dandelion";"3";"4458"
"El Michels Affair";"Snakes";"2";"5766"
"Everything Is Recorded";"Everything Is Recorded by Richard Russell";"2";"5767"
"Makadem";"Nyako";"4";"3602"
"Idris Muhammad";"Power of Soul";"4";"3603"
"Lagartijeando";"Cardos Rodando";"3";"4459"
"Lagartijeando";"El Gran Poder";"2";"5768"
"Melanie De Biasio";"Your Freedom Is the End of Me (Matthew Herbert’s Whole New Dub)";"2";"5769"
"Joomanji";"Manj";"4";"3604"
"Washed Out";"Mister Mellow";"83";"82"
"Nadah El Shazly";"Ahwar";"3";"4460"
"Daymé Arocena";"Cubafonía";"4";"3605"
"Voilaaa";"On te l'avait dit";"3";"4461"
"Sarah Elizabeth Charles";"Free of Form";"2";"5770"
"The Orchestra Soledad";"Vamonos / Let's Go";"3";"4462"
"Nilüfer Yanya";"Small Crimes";"1";"8204"
"OKZHARP";"Tell Your Vision";"1";"8205"
"E Ruscha V";"Who Are You";"196";"11"
"Mr. Mitch";"Devout";"1";"8206"
"K15";"Sunbeams";"1";"8207"
"Ikebe Shakedown";"The Way Home";"1";"8208"
"Kutiman";"Dover. D";"1";"8209"
"KiNK";"Playground";"2";"5771"
"Boncana Maïga";"Koyma Hondo";"6";"2518"
"Maajo";"Tropic Of Tulli";"119";"38"
"Fatima";"Somebody Else";"1";"8210"
"Das Komplex";"Nowadays";"1";"8211"
"The Mauskovic Dance Band";"Down in the Basement";"1";"8212"
"Uffe";"Radio Days";"7";"2177"
"Axel Boman";"Nattsudd EP";"1";"8213"
"Axel Boman";"Holy Love";"16";"848"
"Locust Toybox";"Drownscapes";"119";"39"
"Makaya McCraven";"In The Moment";"24";"489"
"Big Thief";"Dandelion";"13";"1120"
"Photay";"Aura";"1";"8214"
"Young Fathers";"Cocoa Sugar";"35";"305"
"Stimming x Lambert";"Exodus";"69";"115"
"Ghostpoet";"Dark Days + Canapés";"11";"1364"
"Carol Anne McGowan";"a";"1";"8215"
"Dauwd";"Theory of Colours";"190";"14"
"Emanative";"The Light Years of the Darkness";"22";"545"
"STAC";"Wah Wah 45s Remixed";"1";"8216"
"Rosie Brown";"Wah Wah 45s Remixed";"1";"8217"
"Dele Sosimi";"Wah Wah 45s Remixed";"1";"8218"
"Paper Tiger";"Wah Wah 45s Remixed";"1";"8219"
"Black Classical";"Versus";"7";"2178"
"Mecca:83";"Loosies";"1";"8220"
"Emanative";"Drum Suite";"3";"4463"
"Hello Skinny";"Drum Suite";"5";"2970"
"Resonators";"The Constant: Deluxe Edition";"1";"8221"
"Sarathy Korwar";"Day to Day";"15";"926"
"Crazy P";"When We On";"3";"4464"
"Yazz Ahmed";"La Saboteuse";"14";"1014"
"Julia Biel";"Love Letters and Other Missiles";"1";"8222"
"Blue States";"Restless Spheres";"3";"4465"
"Plantrae";"Seeing in the Dark";"1";"8223"
"Black Classical";"Trochilidæ";"37";"289"
"Elsa Hewitt";"Cameras From Mars";"1";"8224"
"Sly5thAve";"Still D.R.E. (Edit)";"2";"5772"
"Kerem Akdağ";"Loungin'";"8";"1915"
"Imarhan";"Ehad wa dagh";"1";"8225"
"Khruangbin";"Con Todo El Mundo";"26";"431"
"Mala";"Changes (James Blake Harmonimix)";"1";"8226"
"Randy Weston";"Uhuru Africa / Highlife";"1";"8227"
"Golden Teacher";"No Luscious Life";"18";"730"
"Emanative";"Time";"15";"927"
"Collocutor";"Over E.P.";"1";"8228"
"Emanative & Earl Zinger & RN9";"Over E.P.";"1";"8229"
"Kodäma";"Palo Santo EP";"7";"2179"
"Slowdive";"Sugar for the Pill (Avalon Emerson's Gilded Escalation)";"1";"8230"
"Larry de Kat";"Five Point After Dark";"2";"5773"
"Ninze";"Tal der Verwirrung EP";"1";"8231"
"ÌFÉ";"House of Love (Nicola Cruz Remix)";"11";"1365"
"Etherwood";"In Stillness";"1";"8232"
"Hector Plimmer";"Sunshine";"25";"452"
"Hector Plimmer";"Our Space Secrets";"3";"4466"
"Hector Plimmer";"Bossa B (Remixes)";"1";"8233"
"Afriquoi";"Starship / Can I Know You";"1";"8234"
"Paper Tiger";"Ooh (Remixes) (feat. Pyramid Vritra)";"1";"8235"
"STAC";"Allo Love: Volume Six";"1";"8236"
"Hector Plimmer";"Allo Love: Volume Six";"1";"8237"
"Suplington";"Tokyo Reflections Remixed";"1";"8238"
"Honny & The Bees Band";"Bottletop Presents Sound Affects Malmaison";"6";"2519"
"Gorillaz";"Andromeda (feat. D.R.A.M.) [Bonobo Remix]";"3";"4467"
"Alice Russell";"Tru Thoughts R&B / Soul (Compiled By Robert Luis)";"1";"8239"
"Dabrye";"Three/Three";"44";"226"
"Paper Tiger";"In Other Words";"2";"5774"
"bastien keb";"Allo Love: Volume Six";"1";"8240"
"Dele Sosimi";"You No Fit Touch Am Retouched 2";"2";"5775"
"Black Classical";"Download";"1";"8241"
"Black Classical meets Sarah Webster Fabio";"Black is; Black Soul";"2";"5776"
"Yahoos";"Bottletop Presents Sound Affects Malmaison";"1";"8242"
"Oscar Sulley";"Bottletop Presents Sound Affects Malmaison";"1";"8243"
"Hector Plimmer";"Eastern System";"1";"8244"
"Penya";"Versus II";"2";"5777"
"DAISHO";"Versus II";"1";"8245"
"Collocutor";"Versus ii";"3";"4468"
"Black Classical";"Versus II";"1";"8246"
"Sun Ra";"The Other Side Of The Sun";"1";"8247"
"DJ Sports";"Modern Species";"12";"1241"
"Collocutor";"Versus";"5";"2971"
"Fiium Shaarrk";"Versus";"3";"4469"
"Group As Salaam";"Versus";"1";"8248"
"Makadem";"Versus II";"2";"5778"
"Black Classical";"Versus ii";"4";"3606"
"Sam Jones";"Versus II";"1";"8249"
"DAISHO";"Versus ii";"2";"5779"
"mugwisa international xylophone group";"Versus II";"2";"5780"
"kurup";"Minguante EP";"10";"1534"
"Collocutor";"Black Satin";"4";"3607"
"Collocutor";"The Search";"3";"4470"
"Magnus P.i";"Penya Investigations";"11";"1366"
"Native Cruise";"Youandmusic, Vol. 2";"15";"928"
"Will Lister";"Phantom EP";"1";"8250"
"Will Lister";"Youandmusic, Vol. 2";"6";"2520"
"Rouge Mécanique";"Youandmusic, Vol. 2";"2";"5781"
"LT";"Youandmusic, Vol. 2";"2";"5782"
"Dear earth";"Youandmusic, Vol. 2";"2";"5783"
"Tom Esselle";"Youandmusic, Vol. 1";"8";"1916"
"MSSS";"Youandmusic, Vol. 1";"4";"3608"
"SofaTalk";"Youandmusic, Vol. 1";"3";"4471"
"Rouge Mécanique";"Don't Touch My Sister";"3";"4472"
"Four Tet";"Global-Sets.com";"1";"8251"
"Jessy Lanza";"Pull My Hair Back";"9";"1717"
"The Bones of J.R. Jones";"Spirit's Furnace";"5";"2972"
"Shiny Objects";"The Velvet Slide";"8";"1917"
"Joseph Shabason";"Aytche";"5";"2973"
"Shabazz Palaces";"Shine a Light";"2";"5784"
"PolyNation";"Tikken";"1";"8252"
"Nubya Garcia";"When We Are";"20";"628"
"Hello Skinny";"Hello Skinny";"11";"1367"
"Estrada Orchestra";"Estrada Orchestra";"1";"8253"
"Bicep";"Opal (Four Tet Remix)";"20";"629"
"DJ Nigga Fox";"Poder do Vento";"2";"5785"
"Peggy Gou";"It Makes You Forget (Itgehane)";"1";"8254"
"The Mauskovic Dance Band";"Down in the Basement - EP";"10";"1535"
"Sons of Kemet";"My Queen Is Ada Eastman";"5";"2974"
"Shabaka Hutchings";"We out Here";"1";"8255"
"Jameszoo";"Fool";"3";"4473"
"Evidence";"Weather or Not";"14";"1015"
"Samiyam";"Pizza Party";"1";"8256"
"Blue Lab Beats";"Xover";"15";"929"
"Susso";"Keira";"58";"154"
"Slime";"In the Brick House Mixtape";"1";"8257"
"Collocutor";"Over (feat. Emanative)";"5";"2975"
"Obongjayar";"Bassey";"4";"3609"
"Mo Kolours";"Mo Kolours";"3";"4474"
"Star Slinger";"Hottest Day in New York";"1";"8258"
"The Seshen";"Flames & Figures";"1";"8259"
"Gwenno";"Tir Ha Mor";"5";"2976"
"The Mysterons";"Meandering";"1";"8260"
"Richard Houghten";"Sonata De Grillo";"16";"849"
"Virgil Howe";"Someday";"6";"2521"
"Michael Gordon";"Michael Gordon: Timber Remixed";"2";"5786"
"Cornelius";"Umbrella";"5";"2977"
"Skinshape";"Life & Love";"7";"2180"
"Chassol";"Big Sun";"3";"4475"
"Mr Jukes";"God First";"1";"8261"
"A Macaca";"Soundcloud";"1";"8262"
"Larry de Kat";"Soundcloud";"1";"8263"
"Photay";"1st";"2";"5787"
"Bill Withers";"SoundCloud";"1";"8264"
"Golden Teacher";"Bells from the Deep End";"1";"8265"
"Maxwell Owin";"Fruits And Flowers";"16";"850"
"Maribou State";"Tracks";"1";"8266"
"A Macaca";"Tracks";"1";"8267"
"Four Tet";"Essential Mix 2018";"1";"8268"
"DJ Koze";"Music for the Motion Picture Victoria (Bonus Track Version)";"3";"4476"
"DJ Koze";"Driven / X-mop 198";"1";"8269"
"Robag Wruhme";"Driven / X-mop 198";"1";"8270"
"Cornelius";"Erased Tapes Collection IX";"7";"2181"
"Daniel Avery";"Clear";"1";"8271"
"Clever Austin";"Drum Suite";"1";"8272"
"Richard Spaven";"Drum Suite";"1";"8273"
"Mast";"Thelonious Sphere Monk";"54";"172"
"Sean Khan";"Palmares Fantasy";"2";"5788"
"Awkwafina";"NYC Bitche$";"2";"5789"
"Sons of Kemet";"Your Queen Is a Reptile";"3";"4477"
"Four Tet";"New Energy";"25";"453"
"Bontan";"The First Time";"1";"8274"
"La Yegros";"Magnetismo (Deluxe Edition)";"1";"8275"
"Traumprinz";"Mothercave";"9";"1718"
"Traumprinz";"All The Things";"4";"3610"
"El Búho";"#Tracks";"8";"1918"
"A Macaca";"#Tracks";"10";"1536"
"Totally Enormous Extinct Dinosaurs";"Trouble";"6";"2522"
"Amber Mark";"3:33am";"9";"1719"
"Principles of Geometry";"Lazare";"3";"4478"
"Midnight Sister";"Saturn Over Sunset";"7";"2182"
"John Talabot";"Fin";"64";"130"
"Avalon Emerson";"Whities 013";"1";"8276"
"Fiium Shaarrk";"We Are Astonishingly Lifelike";"4";"3611"
"Toshio Matsuura Group";"L.M. II";"2";"5790"
"Toshio Matsuura Group";"LOVEPLAYDANCE - 8 Scenes from The Floor";"42";"239"
"Jessica Lauren";"Kofi Nomad";"4";"3612"
"Grupo X";"Something Going On";"1";"8277"
"Kerala Dust";"Maria";"1";"8278"
"Daniel Avery";"Song For Alpha";"14";"1016"
"Unknown Mortal Orchestra";"Sex & Food";"23";"517"
"Alma Negra";"Endless summer EP";"7";"2183"
"Rampa";"Muyè (Black Coffee Remix)";"2";"5791"
"Seb Wildblood";"The One With (The Remixes)";"2";"5792"
"Project Pablo";"There’s Always More At The Store";"2";"5793"
"Joe Armon-Jones";"Almost Went Too Far";"1";"8279"
"Rodrigo Gallardo";"Minero";"14";"1017"
"Ryley Walker";"Opposite Middle";"2";"5794"
"Her";"HER";"15";"930"
"Boards of Canada";"Music Has the Right to Children";"25";"454"
"Kelly Lee Owens";"More Than A Woman";"12";"1242"
"Kelly Lee Owens";"1 of 3";"2";"5795"
"Kaitlyn Aurelia Smith";"An Intention (Cumulonimbus Remix by Joe Goddard)";"2";"5796"
"Kaitlyn Aurelia Smith";"Euclid";"3";"4479"
"Prince of Denmark";"The Body";"4";"3613"
"Majik";"Say Hi To Northern Soul";"3";"4480"
"C.O.W. 牛";"C.O.W. 牛 EP";"3";"4481"
"Christopher Schwarzwälder";"Leaves";"21";"576"
"Ross From Friends";"Aphelion EP";"1";"8280"
"Ólafur Arnalds";"re:member";"18";"731"
"Marenn Sukie";"Into The Silence";"2";"5797"
"Marenn Sukie";"Malinal - EP";"7";"2184"
"Glenn Astro";"Oha!";"2";"5798"
"DJ Katapila";"Aroo";"2";"5799"
"Earthboogie";"Silken Moon";"4";"3614"
"Coss";"Ma Ato";"1";"8281"
"Bennis Cletin";"Jungle Magic";"1";"8282"
"mugwisa international xylophone group";"Santuri's Embaire Umeme";"6";"2523"
"Rang'ala";"New Recordings From Siaya County, Kenya";"2";"5800"
"Francis Bebey";"Psychedelic Sanza";"4";"3615"
"Christy Essien";"Soul Jazz Records Presents Nigeria Soul Fever: Afro Funk, Disco and Boogie: West African Disco Mayhem!";"1";"8283"
"Aby Ngana Diop";"Aby Ngana Diop Remixes";"3";"4482"
"Ali Nuur";"Sweet As Broken Dates: Lost Somali Tapes from the Horn of Africa";"2";"5801"
"mugwisa international xylophone group";"Santuri Embaire Umeme";"2";"5802"
"Maisha";"We Out Here";"2";"5803"
"Ezra Collective";"We Out Here";"3";"4483"
"Moses Boyd";"We Out Here";"1";"8284"
"Theon Cross";"We Out Here";"2";"5804"
"Everything Is Recorded";"Close But Not Quite";"1";"8285"
"Cortex";"Troupeau Bleu";"3";"4484"
"Oceanvs Orientalis";"Untold / Unknown";"15";"931"
"Lutto Lento";"Dark Secret World";"7";"2185"
"Nicola Cruz";"Prender El Alma";"11";"1368"
"Gábor Szabó";"Dreams";"76";"94"
"Ali Kuru";"Egzotik";"2";"5805"
"Shaluza Max";"Mangase / Hafi Deo";"6";"2524"
"Leon Vynehall";"Envelopes";"6";"2525"
"Rival Consoles";"Dreamer's Wake";"1";"8286"
"DJ Koze";"Pick Up";"3";"4485"
"Yaeji";"EP2";"2";"5806"
"Bawrut";"Ciquita";"4";"3616"
"Midland";"Autonomous Africa Volume 2";"5";"2978"
"Mr. Fingers";"Outer Acid EP";"1";"8287"
"JD Twitch";"Autonomous Africa Volume 2";"1";"8288"
"Melé";"Sunshowers EP";"6";"2526"
"Tale of Us";"Another Earth";"3";"4486"
"Yotam Avni";"Collective Endeavours 01.1";"3";"4487"
"Mr. T.C.";"Soundtrack for Strangers";"1";"8289"
"Massimo Vanoni";"The Funk Philosophy EP";"1";"8290"
"Baaba Maal";"Fulani Rock (Remixes)";"1";"8291"
"Mr Raoul K";"Still Living In Slavery";"1";"8292"
"Khidja";"Impossible Holiday";"1";"8293"
"Hey Mother Death";"Deranged Remixes";"1";"8294"
"Mark Knight";"Live Stream";"6";"2527"
"Jonwayne";"Rap Album One";"42";"240"
"Rival Consoles";"Persona";"39";"267"
"The Emperor Machine";"2500 VOL. 2";"2";"5807"
"Bob Sinclar";"Paradise";"2";"5808"
"Trikk";"Several";"1";"8295"
"Sudan Archives";"Nont For Sale";"6";"2528"
"Mind Enterprises";"Idealist";"2";"5809"
"Cerrone";"Afro";"3";"4488"
"Nicole Willis";"Still Got a Way to Fall";"2";"5810"
"Shuggie Otis";"Inspiration Information/ Wings Of Love";"2";"5811"
"Norma Tanega";"Walkin' My Cat Named Dog";"1";"8296"
"Chelou";"Halfway to Nowhere";"4";"3617"
"Bepu N'Gali";"I Travel To You";"1";"8297"
"Mocky";"KEY CHANGE";"13";"1121"
"Tune-Yards";"w h o k i l l";"1";"8298"
"thomas meinecke";"Work";"8";"1919"
"Tenesha The Wordsmith";"Dangerous Women";"27";"416"
"Andréa Daltro";"Outro Tempo";"5";"2979"
"Morrison Kincannon";"To See One Eagle Fly";"6";"2529"
"FYI Chris";"Home Alone";"1";"8299"
"Koji Ono";"Incognito EP";"1";"8300"
"Morrison Kincannon";"Beneath the Redwoods";"28";"394"
"Ruby Rushton";"Trudi's Songbook, Vol. 2";"2";"5812"
"Piry Reis";"Outro Tempo";"4";"3618"
"Avant Garde";"Everybody's Lover (Remixes)";"1";"8301"
"Black Classical";"#Tracks";"5";"2980"
"Nando Carneiro";"Outro Tempo";"6";"2530"
"Cinema";"Outro Tempo";"5";"2981"
"Os Mulheres Negras";"Outro Tempo";"6";"2531"
"Fernando Falcão";"Outro Tempo";"10";"1537"
"Anno Luz";"Outro Tempo";"3";"4489"
"Sunwatchers";"II";"6";"2532"
"Che";"sip";"9";"1720"
"Che";"Shuco";"13";"1122"
"Amber Mark";"Love Me Right";"6";"2533"
"Radio Slave";"Children Of The E (Kink & Justin Van Der Volgen Remixes)";"1";"8302"
"Tommaso Cappellato";"Aforemention";"7";"2186"
"Dr. Lonnie Smith";"All In My Mind";"4";"3619"
"Planet Battagon";"Inside Out";"2";"5813"
"Kerala Dust";"Francesca's Frames";"1";"8303"
"Emanative";"Emanative";"1";"8304"
"Yaeji";"Remixes, Vol. 1";"1";"8305"
"Populous";"Azulejos";"4";"3620"
"松浦俊夫 presents HEX";"HEX";"16";"851"
"Umeko Ando";"Iuta Upopo";"8";"1920"
"Melé";"Atlantic";"1";"8306"
"Gacha Bakradze";"Gather";"1";"8307"
"Marc Moulin";"Placebo Years 1971 - 1974";"4";"3621"
"Colleen";"A Flame my Love, a Frequency";"3";"4490"
"Portable Sunsets";"Order";"2";"5814"
"San Ignacio";"Lugares Para Nadar";"15";"932"
"Discoshaman";"Union Mystica EP";"3";"4491"
"Rio Mira";"Adiós Morena (Remixed)";"1";"8308"
"DJ Koze";"Knock Knock";"43";"233"
"Jean Grae";"Everything's Fine";"13";"1123"
"Improbeats";"Imperfecto";"7";"2187"
"Tom Misch";"Geography";"7";"2188"
"Ekambi Brillant";"Afrosonique Vol 01";"7";"2189"
"String Theory";"Modularity";"5";"2982"
"Hailu Mergia";"Lala Belu";"13";"1124"
"Dj Duke";"Tribal Liberation";"1";"8309"
"GO DUGONG";"NOVANTA";"6";"2534"
"Romare";"All Night (Live Session 1)";"5";"2983"
"Jon Hopkins";"Everything Connected";"3";"4492"
"Chancha Via Circuito";"Ilaló";"1";"8310"
"Alican";"Soro";"6";"2535"
"Tuğçe Kurtiş";"Songs for My Grandmother - Remixes";"2";"5815"
"Romare";"Live Sessions 1";"8";"1921"
"Shake Stew";"Rise and Rise Again";"4";"3622"
"Massive Attack";"Mezzanine";"1";"8311"
"Shakarchi & Stranéus";"Steal Chickens From Men And the Future From God";"202";"9"
"The Irresistible Force";"Kira Kira";"7";"2190"
"Chip Wickham";"La Sombra";"2";"5816"
"El Búho";"History of Colour EP";"17";"787"
"Jonwayne";"That's O.K.";"5";"2984"
"Paul White";"Rejuvenate";"13";"1125"
"Wajatta";"Runnin'";"1";"8312"
"Wajatta";"Get Down (with Ya Bad Self) [feat. Justin Maxwell] - Single";"1";"8313"
"Manfredas";"Sun Gaze";"3";"4493"
"GO DUGONG";"Curaro";"18";"732"
"Blu";"The Blueprint";"3";"4494"
"Manfredas";"Pink Industry EP";"3";"4495"
"Poté";"Flirt";"1";"8314"
"Cecil Taylor";"Unit Structures";"3";"4496"
"Haley Bonar";"Last War";"7";"2191"
"Donald Byrd";"A New Perspective (The Rudy Van Gelder Edition)";"1";"8315"
"Milo";"things that happen at day // things that happen at night";"2";"5817"
"The Notwist";"Superheroes, Ghostvillains + Stuff";"5";"2985"
"<Unknown>";"Music";"1";"8316"
"Amber Mark";"Conexão - EP";"21";"577"
"Tony Allen";"Dekmantel 10 Years 10.2";"8";"1922"
"Onyx Collective";"FDR Drive";"1";"8317"
"Kamaal Williams";"High Roller";"1";"8318"
"Kiasmos";"Zebra";"2";"5818"
"Melé";"The Latin Track";"2";"5819"
"Melé";"Ambience";"1";"8319"
"James 'Creole' Thomas";"Omas Sextet";"15";"933"
"Joe Armon-Jones";"Starting Today";"16";"852"
"Bonobo";"Cosmic Vibrations (Sampler 2)";"2";"5820"
"Nickodemus";"A Long Engagement";"29";"376"
"Nickodemus";"In My House";"2";"5821"
"bleaker";"Hype Funk";"1";"8320"
"Kelis";"Friday Fish Fry";"7";"2192"
"Maribou State";"Turnmills";"8";"1923"
"Mehmet Aslan";"Mechanical Turk";"3";"4497"
"Mehmet Aslan";"Alysha";"17";"788"
"Jon Hopkins";"Singularity";"5";"2986"
"Nicola Conte";"Sun Song / Nigeria";"6";"2536"
"Carsten Erobique Meyer";"Urlaub in Italien";"7";"2193"
"Maajo";"Defo/Mansaba";"8";"1924"
"Carsten Erobique Meyer";"Magical Mystery oder: Die Rückkehr des Karl Schmidt";"2";"5822"
"Alogte Oho & His Sounds of Joy";"Mam Yinne Wa";"9";"1721"
"Emanative";"Planet B";"3";"4498"
"Clap! Clap!";"Ode to the Pleiades";"2";"5823"
"Nicola Conte";"Universal Rhythm";"1";"8321"
"Nicola Conte";"Cosmic Peace";"1";"8322"
"Nicola Conte";"African Spirits / New World Shuffle";"5";"2987"
"Pletnev";"Aztec Code / Daywalker";"6";"2537"
"Yør Kultura";"Lotus ­ EP";"20";"630"
"Musi-O-Tunya";"Give Love to Your Children";"1";"8323"
"Hippster Trio";"Hipster '60s Rarities & Obscurities";"1";"8324"
"Altin Gün";"On";"17";"789"
"Selda Bağcan";"Türkülerimiz 2 - Mehmet Emmi";"1";"8325"
"Selda Bağcan";"40 Yılın 40 Şarkısı";"2";"5824"
"Derya Yildirim";"Nem Kaldi";"4";"3623"
"The Mauskovic Dance Band";"Repeating Night";"1";"8326"
"Mustafa Özkent";"Mustafa Özkent Ve Orkestrası Gençlik İle El Ele";"7";"2194"
"Om Alec Khaoli";"Say You Love Me";"9";"1722"
"Truckers Of Husk";"Awesome Tapes from Africa";"3";"4499"
"Shabaka And The Ancestors";"Wisdom of Elders";"5";"2988"
"Dead Horse Beats";"Bad Hopes EP";"3";"4500"
"Tale of Us";"Endless (Remixes)";"1";"8327"
"Pletnev";"St. Bones";"3";"4501"
"Auntie Flo";"Theory Of Flo Remixed";"3";"4502"
"Richard Rossa";"Sunmoon";"2";"5825"
"Quantic";"Hotline Bling";"1";"8328"
"Dan Lissvik";"Midnight";"5";"2989"
"José Manuel";"Excursion Africanism (Remixes)";"1";"8329"
"Marc Rapson";"Dark vs. Light";"1";"8330"
"Bicep";"Bicep";"1";"8331"
"Black Coffee";"Muyè (Black Coffee Remix)";"2";"5826"
"Emma-Jean Thackray";"Ley Lines";"6";"2538"
"Mose Robers";"Flowing";"1";"8332"
"Marenn Sukie";"Mosaic";"4";"3624"
"Niña Dioz";"Reyna";"1";"8333"
"The Internet";"Roll (Burbank Funk) [KAYTRANADA Remix]";"2";"5827"
"Jonwayne";"Last Last Fall";"3";"4503"
"Tsvia Abarbanel";"Eastern Soul";"21";"578"
"The Kutimangoes";"Afro-Fire";"1";"8334"
"Rodrigo Gallardo";"El Origen";"8";"1925"
"Roman Flügel";"Time Travel";"3";"4504"
"Jordan Rakei";"Wildfire";"3";"4505"
"Flo Morrissey and Matthew E. White";"Gentlewoman, Ruby Man";"6";"2539"
"Unknown Mortal Orchestra";"Multi-Love";"3";"4506"
"Bené Fonteles";"Outro Tempo";"2";"5828"
"Carlinhos Santos";"Outro Tempo";"2";"5829"
"Priscilla Ermel";"Outro Tempo";"4";"3625"
"Carioca";"Outro Tempo";"2";"5830"
"Marco Bosco";"Outro Tempo";"5";"2990"
"Maria Rita";"Outro Tempo";"6";"2540"
"Luli e Lucina";"Outro Tempo";"1";"8335"
"Thornato";"El Oro De La Tolita";"3";"4507"
"Gonzales";"Chambers";"6";"2541"
"Nicola Conte";"Let Your Light Shine On";"49";"192"
"Emanative";"Ominous Shanti / Black Enchantment";"1";"8336"
"Bonobo";"Migration";"18";"733"
"Lapa";"Spirit Vessel";"1";"8337"
"Bronx River Parkway";"San Sebastian 152";"1";"8338"
"Twinkie Clark";"Praise Belongs to God / Ye Shall Receive";"4";"3626"
"Ramsey & Co.";"Keb Darge presents The Best of Legendary Deep Funk";"1";"8339"
"Khruangbin";"The Universe Smiles Upon You";"9";"1723"
"MAKENESS";"14 Drops / Acid Dad";"1";"8340"
"BCUC";"Our Truth";"14";"1018"
"Selena Gomez";"Bad Liar";"3";"4508"
"Four Tet";"Music";"1";"8341"
"Glenn Astro";"Turquoise Tortoise";"81";"84"
"Sebastian Mullaert";"All the Keys Are Here";"136";"27"
"El Búho";"Cenotes";"4";"3627"
"Sam Weston";"Shiraz Voyager";"3";"4509"
"Dandara";"Heartache";"1";"8342"
"Thomash";"Candomble";"5";"2991"
"Oktoberklubben";"Un Universo Para Los Dos";"5";"2992"
"Willow";"Workshop 23";"1";"8343"
"Yellow Days";"Gap in the Clouds";"1";"8344"
"Aron Ottignon";"Live at Funkhaus Berlin";"3";"4510"
"Laurence Guy";"We Gonna Jak / Ubik";"1";"8345"
"Dave DK";"Val Maira Remixe";"1";"8346"
"Kornél Kovács";"The Bells";"3";"4511"
"Takuya Matsumoto";"Ram";"1";"8347"
"Wolf Müller & Niklas Wandt";"Instrumentalmusik von der Mitte der World";"59";"147"
"Larry de Kat";"#Tracks";"6";"2542"
"Pisces";"edits & cuts";"3";"4512"
"McDowell";"edits & cuts";"2";"5831"
"Harry Nilsson";"edits & cuts";"3";"4513"
"Tom Zé";"edits & cuts";"3";"4514"
"N. SIMONE";"edits & cuts";"4";"3628"
"Satchmo";"edits & cuts";"2";"5832"
"Roberto Musci";"Tower Of Silence";"9";"1724"
"Mose Robert";"Flowing";"1";"8348"
"Tsvia Abarbanel";"Da'asa - The Haunting Sounds of Yemenite-Israeli Funk 1973-1984 Sampler";"7";"2195"
"Tsvia Abarbanel";"Soul Of The East";"6";"2543"
"Yazmin Lacey";"Black Moon";"8";"1926"
"DJ Koze";"Reincarnations - The Remix Chapter 2001 - 2009";"1";"8349"
"Wolf Müller";"Balztanz";"19";"675"
"Beatrice Dillon";"Inkjet / Fluo";"2";"5833"
"Sudan Archives";"Sink";"45";"218"
"Blameful Isles";"This Heart Of Our Heart";"9";"1725"
"James Holden";"The Animal Spirits";"38";"275"
"Cotton Jones";"Tall Hours In The Glowstream";"2";"5834"
"Wolf Müller";"Selectors 002 - Young Marco";"3";"4515"
"Bufiman";"Peace Moves EP";"5";"2993"
"KOKOKO!";"Tokoliana EP";"8";"1927"
"Ströer Duo";"Fluchtweg Madagaskar";"37";"290"
"Dj Duke, Tribal Liberation";"ClapCrate.me";"2";"5835"
"Nina Kraviz";"Nina Kraviz";"16";"853"
"Moritz von Oswald";"Lagos Shake: A Tony Allen Chop Up";"6";"2544"
"Ashley Henry";"Easter - EP";"9";"1726"
"Auk5";"Second Star to the Right";"4";"3629"
"Oktoberklubben";"The Orust Tapes";"1";"8350"
"Kelly Lee Owens";"Kelly Lee Owens";"21";"579"
"Bicep";"FEEL MY BICEP » FMB MIXTAPE SERIES";"1";"8351"
"Frente Edits III";"El Búho - Cumbias de Oro";"10";"1538"
"Moses Sumney";"Make Out in My Car: Chameleon Suite";"5";"2994"
"Damien Jurado";"Brothers and Sisters of the Eternal Son (Deluxe Edition)";"5";"2995"
"Olaf Stuut";"A.I. Fugitive";"1";"8352"
"Acid Pauli";"BLD Remixes B";"2";"5836"
"Nicolas Pera";"Atlas";"6";"2545"
"Henrik Schwarz";"Scripted Orkestra - Conducted by Jules Buckley";"15";"934"
"Kraut";"Ya Lur";"3";"4516"
"Alexis Taylor";"Beautiful Thing";"20";"631"
"Hiromi";"Place To Be";"6";"2546"
"GoGo Penguin";"Man Made Object (Deluxe)";"7";"2196"
"Luca Musto";"After All";"3";"4517"
"K15";"Be Glad You Create Anything";"3";"4518"
"Andi Otto";"Restrung";"6";"2547"
"Jimmy Edgar";"Burn So Deep (feat. Dawn Richard) [Remixes]";"2";"5837"
"Paul Simon";"Graceland - The Remixes";"6";"2548"
"Laraaji";"Sun Transformations";"6";"2549"
"Emanative";"New Day (feat. Ahu)";"1";"8353"
"Oscar Jerome";"Where Are Your Branches? (Remixes)";"16";"854"
"Henric Claes";"WAH WAH";"1";"8354"
"Tash Sultana";"Notion";"4";"3630"
"Athlete Whippet";"Hands Only";"2";"5838"
"Honey Dijon";"Xtra EP";"2";"5839"
"Why?";"Good Friday (Boards of Canada Remix)";"6";"2550"
"Kapote";"Toolroom Radio EP426 - Presented By Mark Knight";"1";"8355"
"Roachford";"Back to the Roots, Vol. 4";"3";"4519"
"Rone";"Wave (Locked Groove Remix)";"2";"5840"
"Earthboogie";"Human Call";"26";"432"
"Agnes Obel";"Aventine (Deluxe Version)";"1";"8356"
"UJI";"Jenga";"2";"5841"
"Nicola Cruz";"Visiones";"1";"8357"
"Der Panther";"Lux";"2";"5842"
"Olaf Stuut";"Run";"1";"8358"
"Kamaal Williams";"The Return";"4";"3631"
"Louis VI";"Confidence";"10";"1539"
"Henry Wu";"Projections EP";"1";"8359"
"JD. Reid";"Tree";"5";"2996"
"Childish Gambino";"This Is America";"1";"8360"
"Frank Zappa";"One Size Fits All";"3";"4520"
"Acid Pauli";"Sportbrigade's Circuit Training";"1";"8361"
"Honey Dijon";"The Best Of Both Worlds";"1";"8362"
"Rone";"Mirapolis";"1";"8363"
"Cool Maritime";"Shared Waves";"1";"8364"
"Manfredas";"Opium of the People";"1";"8365"
"Public Service Broadcasting";"People Will Always Need Coal";"1";"8366"
"Curses";"Pedal to the Metal and Don't Look Back";"1";"8367"
"Nickodemus";"Inmortales (Body Move)";"1";"8368"
"Active Child";"Johnny Belinda Remixes";"1";"8369"
"marcel vogel";"Brown Curls";"2";"5843"
"Max Cooper";"Balance 030 (Mixed Version)";"4";"3632"
"Leonor";"Disque Natif";"4";"3633"
"Teedra Moses";"Be Your Girl (Kaytranada Edition)";"3";"4521"
"Nicole Willis";"Alex Attias presents LillyGood Party!";"3";"4522"
"Maribou State";"Feel Good (feat. Khruangbin)";"19";"676"
"Carl Craig";"Versus Remixes, Vol. 2";"4";"3634"
"Girls of the Internet";"Running";"2";"5844"
"Circle Sky";"The Light (Patrice Bäumel Remix)";"2";"5845"
"Lauhaus";"Moments - Chapter 1";"5";"2997"
"Blindsmyth";"Moments - Chapter 1";"7";"2197"
"Rampa";"You Are Safe (Remixes)";"1";"8370"
"Nicola Cruz";"Prender el Alma (Remixed)";"8";"1928"
"Louis VI";"Jazz Got Me";"1";"8371"
"Louis VI";"Lonely Road of the Dreamer";"5";"2998"
"Project Pablo";"Come To Canada You Will Like It";"14";"1019"
"Alexis Taylor";"Beautiful Thing (Matias Aguayo Remix)";"1";"8372"
"Ross From Friends";"Project Cybersyn";"11";"1369"
"Kornél Kovács";"Metropolis";"5";"2999"
"Kaitlyn Aurelia Smith";"Yugoslavia";"1";"8373"
"Nick Hakim";"Vincent Tyler";"1";"8374"
"Tommaso Cappellato";"Aforemention Remixed";"4";"3635"
"Ryley Walker";"Deafman Glance";"1";"8375"
"kaleema";"Nómada";"15";"935"
"Nils Frahm";"Encores 1";"1";"8376"
"The Sorcerers";"In Pursuit Of Shai Hulud";"2";"5846"
"king garbage";"Make It Sweat";"11";"1370"
"Robert Glasper Experiment";"Robert Glasper x KAYTRANADA: The ArtScience Remixes";"4";"3636"
"Melo-Zed";"Eleven";"7";"2198"
"Apiento & Co";"The Orange Place (Wolf Müller Remixes)";"4";"3637"
"Ariel Pink";"Mature Themes";"2";"5847"
"Ashra";"Correlations";"19";"677"
"Heerlens Percussie Ensemble";"Biologic Music";"6";"2551"
"Massimo Luca";"La chitarra di Lucio canta Battisti, Vol. 2";"3";"4523"
"Barbatuques";"O seguinte é esse";"8";"1929"
"Stijn Sadée";"Affetto";"5";"3000"
"Ezra";"Garten meiner Fantasie";"4";"3638"
"Auntie Flo";"Beating Heart - South Africa Vol. 2";"1";"8377"
"Wolf Müller";"Chapter 2";"2";"5848"
"Khruangbin";"Spotify Singles";"2";"5849"
"808 State";"Blueprint (The Best Of)";"1";"8378"
"Camp Inc.";"perché la notte";"2";"5850"
"Bufiman";"Dekmantel 10 Years 09";"1";"8379"
"Tom Trago";"Dekmantel - Best of 2017";"1";"8380"
"Young Marco";"Dekmantel - Best of 2017";"1";"8381"
"Wolf Müller";"Dekmantel - Best of 2017";"2";"5851"
"Beatrice Dillon";"Dekmantel - Best of 2017";"1";"8382"
"Bufiman";"Versatile 1996-2016 (20 Years of Versatile Records Selected by Gilb'R & I:Cube)";"1";"8383"
"Various artists (2)";"Kenneth Bager's Balearic Biscuits, Vol. 2";"7";"2199"
"Mariam the Believer";"Remixes";"5";"3001"
"Metamatics";"Mind Mushing Git";"2";"5852"
"Metamatics";"Neo Ouija";"1";"8384"
"Mariam the Believer";"Soft Moon EP";"21";"580"
"Why?";"Moh Lhean Expanded";"9";"1727"
"Switchdance";"The Black Tape Remixes";"1";"8385"
"Totally Enormous Extinct Dinosaurs";"Leave a Light On";"2";"5853"
"Kutcorners";"The Finest";"7";"2200"
"Art In Motion";"The Last Adventure of Voodoo Houngan";"1";"8386"
"Art In Motion";"Animal Inside You EP";"1";"8387"
"Mariam the Believer";"Love Everything";"19";"678"
"Theo Croker";"AfroPhysicist";"6";"2552"
"FKJ";"French Kiwi Juice";"5";"3002"
"Mytron & Ofofo";"Si Jambo";"11";"1371"
"Moonlight Benjamin";"Siltane";"1";"8388"
"Retiree";"Pumice Stone";"1";"8389"
"Various artists (2)";"Alborada";"21";"581"
"Daniel Bortz";"Bar 25 - Zeitgeist, Vol. 2";"1";"8390"
"Alfa Mist";"Antiphon";"30";"361"
"tokayo";"Tokayo";"11";"1372"
"Andi Otto";"Bow Wave";"11";"1373"
"Lorenzo Dada";"Moments - Chapter 1";"3";"4524"
"Nina Kraviz";"The Remixes";"1";"8391"
"Liv.e";"Raw Daybreaks, Vol. 1";"3";"4525"
"Penya";"Acelere";"5";"3003"
"Baba Sissoko";"African Griot Groove (Afro blues)";"1";"8392"
"Young Marco";"Biology";"11";"1374"
"The Yorkshire Film and Television Orchestra";"In Pursuit Of Shai Hulud";"1";"8393"
"Al Dobson Jr.";"Rye Lane";"10";"1540"
"Company Flow";"Little Johnny From the Hospitul: Breaks and Instrumentals, Vol. 1";"3";"4526"
"LAPS";"Who Me?";"1";"8394"
"Leon Vynehall";"Nothing Is Still";"13";"1126"
"Izem";"Beni Lane";"2";"5854"
"Jazzanova";"Rain Makes The River (Remixes)";"7";"2201"
"Louis VI";"Sugar Like Salt";"9";"1728"
"Photay";"Onism: Remixed";"4";"3639"
"Dirty Doering";"Bar 25 - Greatest Hits";"1";"8395"
"Mehmet Aslan";"Ghost Station";"16";"855"
"Fernando Milagros";"Cuál es el secreto (Remixes)";"1";"8396"
"Mano Le Tough";"Selected Label Works 6";"1";"8397"
"Luca D'Alberto";"Her Dreams (Populous Remix)";"3";"4527"
"Tuff City Kids";"Selected Label Works 6";"2";"5855"
"El Michels Affair";"Unathi b/w Zaharila";"2";"5856"
"Rampa";"You Are Safe Remixes";"1";"8398"
"Braxton Cook";"Never Thought (Quickly, Quickly Remix)";"1";"8399"
"Neurostate";"Welcome to Paradise (Italian Dream House 89-93) Vol. 3";"1";"8400"
"Kamasi Washington";"Street Fighter Mas";"3";"4528"
"Ali Kuru";"Beyhude";"2";"5857"
"Parra for Cuva";"Majouré";"10";"1541"
"Palace";"Bitter";"2";"5858"
"Ammer";"Get Lost V mixed by Acid Pauli";"1";"8401"
"Nubiyan Twist";"Figure Numatic";"24";"490"
"Ian Simmonds";"Get Lost V mixed by Acid Pauli";"2";"5859"
"Onyx Collective";"Lower East Suite Part One";"8";"1930"
"Wolf Müller";"The Sound Of Glades";"20";"632"
"Onyx Collective";"Lower East Suite Part Three";"3";"4529"
"SMAGGHE & CROSS";"Moments - Chapter 3";"4";"3640"
"Von Spar";"Moments - Chapter 3";"1";"8402"
"Yougene";"Moments - Chapter 3";"1";"8403"
"Kondi Band";"Moments / Chapter 4";"1";"8404"
"San Miguel";"Moments / Chapter 4";"1";"8405"
"Andy Jenkins";"Sweet Bunch";"5";"3004"
"Stimming";"Die Luft, der Garten und das Meer";"3";"4530"
"Ghost-Note";"Swagism";"19";"679"
"Ocelote Rojo";"Digging the Blogosphere";"2";"5860"
"Huaira";"Ñuka Shunku";"23";"518"
"Dabrye";"Sunset (feat. Shigeto)";"1";"8406"
"BEATBALL MUSIC";"With All My Heart 진심을 그대에게: the most vivid side of ‘70s Korean Pop & Rock";"3";"4531"
"Black Classical";"Candomblé";"13";"1127"
"Planet Battagon";"Download";"1";"8407"
"Blood Wine or Honey";"Fear & Celebration";"12";"1243"
"Matty";"Déjàvu";"8";"1931"
"BeGun";"BAM Fabra: Acció musical a la Fabra i Coats";"1";"8408"
"Wen";"GRIT";"2";"5861"
"Wen";"TIME II THINK";"1";"8409"
"Wen";"CARVE + GAZE";"2";"5862"
"Spaceslug";"Lemanis";"1";"8410"
"Jun Kamoda";"The Distorted Haunted Ballroom";"2";"5863"
"NATUREBOY FLAKO";"From the Shadows";"1";"8411"
"Sonnymoon";"Ideas";"1";"8412"
"The Natural Yogurt Band";"The 13 Moons of Neptune / Satelites";"3";"4532"
"The Natural Yogurt Band";"Eastern Promise";"2";"5864"
"Rodrigo Tavares";"Congo";"1";"8413"
"Emanative";"Earth";"45";"219"
"Kermesse";"Bioma";"5";"3005"
"Kamasi Washington";"Heaven and Earth";"12";"1244"
"Pouvoir Magique";"Disparition";"1";"8414"
"Fela Kuti";"The Best of the Black President";"2";"5865"
"Shlohmo";"Bad Vibes";"24";"491"
"Yussef Kamaal";"Black Focus";"4";"3641"
"Johnson, Hawkins, Tatum & Durr";"Eccentric Soul: The Capsoul Label";"2";"5866"
"Nick Hakim";"Bet She Looks Like You";"1";"8415"
"Joni Mitchell";"Blue";"1";"8416"
"Erykah Badu";"New Amerykah Part Two: Return of the Ankh";"1";"8417"
"Pedestrian";"Pick Your Shots Clean";"1";"8418"
"Mr Beatnick";"Synthetes";"3";"4533"
"Kutiman";"6am";"1";"8419"
"Chemise";"A Night to Remember (Mixed By Tony Okungbowa & Jojoflores)";"1";"8420"
"Nicolas Jaar";"Sirens";"1";"8421"
"Mammal Hands";"Animalia";"3";"4534"
"Gwilym Gold";"Flex";"1";"8422"
"King Gizzard & The Lizard Wizard";"Quarters";"3";"4535"
"Dele Sosimi";"You No Fit Touch Am Retouched";"1";"8423"
"Percussions";"2011 until 2014";"2";"5867"
"Ponty Mython";"QS002";"2";"5868"
"Mitski";"Puberty 2";"10";"1542"
"Mitski";"bury me at makeout creek";"19";"680"
"Fantasma";"Free Love";"1";"8424"
"Pilgrims of the Mind";"The Sound Of Love International";"6";"2553"
"Sivan Perwer";"Şivan Perwer Remixes 2017";"1";"8425"
"Pilgrims of the Mind";"Organism";"1";"8426"
"Mehmet Aslan";"Needs 003";"1";"8427"
"Athena";"Ses Etme (Remixes)";"1";"8428"
"Doctr";"Tropique - The Remixes";"1";"8429"
"Loidis";"A Parade, In The Place I Sit, The Floating World (& All Its Pleasures)";"25";"455"
"디구루(dguru)";"With All My Heart 진심을 그대에게: the most vivid side of ‘70s Korean Pop & Rock";"2";"5869"
"서울 콤보 (feat. 하세가와 요오헤이, 차승우)";"With All My Heart 진심을 그대에게: the most vivid side of ‘70s Korean Pop & Rock";"1";"8430"
"원피스(1Piece)";"With All My Heart 진심을 그대에게: the most vivid side of ‘70s Korean Pop & Rock";"2";"5870"
"Ashley Henry";"Ashley Henry's 5ive";"133";"29"
"Selena Gomez";"13 Reasons Why (Season 2)";"1";"8431"
"Ballaké Sissoko & Vincent Segal";"Chamber Music";"7";"2202"
"Attwenger";"Sun";"2";"5871"
"Attwenger";"SPOT";"1";"8432"
"Playboi Carti";"Die Lit";"1";"8433"
"Skinny Pelembe";"I Just Wanna Be Your Prisoner";"6";"2554"
"Conjunto Costumbrista";"Remixes";"1";"8434"
"David Bowie";"The Rise And Fall Of Ziggy Stardust And The Spiders From Mars (2012 Remastered Version)";"1";"8435"
"Queen";"Best of Bowie";"1";"8436"
"God Colony";"Turn My G Down (feat. Stash Marina)";"7";"2203"
"Academy Garden";"Earth OST";"2";"5872"
"David Dor";"Da'asa - The Haunting Sounds of Yemenite-Israeli Funk 1973-1984 Sampler";"1";"8437"
"AHARON AMRAM";"Da'asa - The Haunting Sounds of Yemenite-Israeli Funk 1973-1984 Sampler";"1";"8438"
"Bruxas";"Sirocco";"4";"3642"
"Wolf Müller";"The Sound Of Glades Remixes";"1";"8439"
"Hatis Noit";"Illogical Dance";"3";"4536"
"Qasim Naqvi";"1+1=X";"1";"8440"
"A Winged Victory for the Sullen";"1+1=X";"1";"8441"
"Rival Consoles";"1+1=X";"1";"8442"
"Nils Frahm";"1+1=X";"1";"8443"
"Daniel Thorne";"1+1=X";"1";"8444"
"Daniel Brandt";"1+1=X";"1";"8445"
"machaka";"Illakuna";"7";"2204"
"Douglas Dare";"1+1=X";"1";"8446"
"Keith Jarrett";"Expectations";"37";"291"
"Academy Garden";"Split Second";"1";"8447"
"Academy Garden";"Somehow We Will Get Through This";"1";"8448"
"Black Flower";"Intermediate State";"2";"5873"
"The Human League";"Reproduction";"2";"5874"
"bathing";"Bathing";"5";"3006"
"Stanley Cowell Trio";"Illusion Suite";"4";"3643"
"Butcher Brown";"All Purpose Music";"2";"5875"
"Mekine U Teksi";"Postanatolische Hybride - Die Steppenroboter LP";"18";"734"
"Rone";"So So So - EP";"1";"8449"
"Chris Annibell";"Ye No ntem";"1";"8450"
"Gorillaz";"The Now Now";"120";"37"
"Alsarah & The Nubatones";"Wonderwheel Recordings Presents: Inside The Dance, Vol. 2";"1";"8451"
"Loya";"Zenfant";"2";"5876"
"Nathan Fake";"DEGREELESSNESS (Overmono Remix)";"4";"3644"
"Overmono";"Arla III";"1";"8452"
"Ariwo";"Download";"1";"8453"
"Various artists (9)";"Tropical Drums of Deutschland";"63";"135"
"Kaidi Tatham";"It's a World Before You";"18";"735"
"Chancha Via Circuito";"Amansara";"13";"1128"
"Cool Maritime";"Sharing Waves";"86";"75"
"Hunts Determination Band";"Loving On the Flipside";"1";"8454"
"The Daktaris";"Soul Explosion";"3";"4537"
"Christy Essien";"Nigeria Soul Fever - Afro Funk, Disco And Boogie: West African Disco Mayhem!";"4";"3645"
"Urubu Marinka & Gama";"Voodoohop : Entropia Coletiva II";"1";"8455"
"A Macaca with Peace & Rojey";"Voodoohop : Entropia Coletiva II";"2";"5877"
"Thomash & Osmarino Freitas";"Voodoohop : Entropia Coletiva II";"3";"4538"
"Jaku Nã";"Voodoohop : Entropia Coletiva II";"1";"8456"
"Toto Chiavetta";"Underground Mental Resurrection";"1";"8457"
"Wolf Müller";"Lagerfeuer Tanz";"5";"3007"
"DJ Normal 4";"The 5 Elements: Water & Air EP";"2";"5878"
"Bufiman";"Running";"4";"3646"
"Marbert Rocel";"Small Hours";"12";"1245"
"Vibe Street";"Keep on the Grass EP";"1";"8458"
"HAAi";"Motorik Voodoo Bush Doof Musik EP";"10";"1543"
"Bufiman";"The 5 Elements: Water & Air EP";"1";"8459"
"Skinny Pelembe";"I Just Wanna Be Your Prisoner (feat. Hejira)";"3";"4539"
"bathing";"You Are Enough";"6";"2555"
"Gunjah";"Get Lost V mixed by Acid Pauli";"1";"8460"
"Calico Horse";"Get Lost V mixed by Acid Pauli";"3";"4540"
"Tempo Di Roma";"Get Lost V mixed by Acid Pauli";"2";"5879"
"DJ Normal 4   Bufiman";"The 5 Elements: Water & Air EP";"2";"5880"
"Bufiman   DJ Normal 4";"The 5 Elements: Water & Air EP";"1";"8461"
"Cyro Baptista";"Bluefly";"5";"3008"
"Baka Pygmies";"Heart of the Forest";"3";"4541"
"Valentin Stip";"Angst";"10";"1544"
"Valentin Stip";"Tracks";"1";"8462"
"Cyro Baptista";"Banquet of the Spirits";"4";"3647"
"Nicolas Collins";"It Was a Dark and Stormy Night";"12";"1246"
"Daniel Avery";"Quick Eternity (Four Tet Remix)";"2";"5881"
"Jonas Hellborg";"Aram of the Two Rivers: Live in Syria";"6";"2556"
"Medeski, Martin and Wood";"Combustication";"8";"1932"
"Valentin Stip";"Vox Populi 001";"3";"4542"
"LateComer";"Conditions";"2";"5882"
"Vakula";"Leleka 4";"5";"3009"
"Dusty Baron";"Leleka 4";"2";"5883"
"Moses Sumney";"Lamentations";"1";"8463"
"Vakula";"Techno Game";"2";"5884"
"Nicola Cruz";"Music";"3";"4543"
"Wen";"EPHEM:ERA";"4";"3648"
"GUY ONE";"#1";"2";"5885"
"Ross From Friends";"You'll Understand";"1";"8464"
"Dengue Dengue Dengue";"Siete Raices";"4";"3649"
"Bileo";"You Can Win";"10";"1545"
"Wendo";"Deep House Summer";"1";"8465"
"Energy 52";"Cafe Del Mar (Tale Of Us Renaissance Remix)";"3";"4544"
"Electric Wire Hustle";"DJ-Kicks (Motor City Drum Ensemble) [Mixed Tracks]";"1";"8466"
"Rhythm";"DJ-Kicks (Motor City Drum Ensemble) [Mixed Tracks]";"1";"8467"
"Tony Allen";"DJ-Kicks (Motor City Drum Ensemble) [Mixed Tracks]";"1";"8468"
"Peven Everett";"DJ-Kicks (Motor City Drum Ensemble) [Mixed Tracks]";"1";"8469"
"Bad Jazz Troupe";"DJ-Kicks (Motor City Drum Ensemble) [Mixed Tracks]";"1";"8470"
"Mr. Fingers";"DJ-Kicks (Motor City Drum Ensemble) [Mixed Tracks]";"1";"8471"
"Rick Poppa Howard";"DJ-Kicks (Motor City Drum Ensemble) [Mixed Tracks]";"1";"8472"
"Stone";"DJ-Kicks (Motor City Drum Ensemble) [Mixed Tracks]";"1";"8473"
"Fred P";"DJ-Kicks (Motor City Drum Ensemble) [Mixed Tracks]";"1";"8474"
"Creative Swing Alliance";"DJ-Kicks (Motor City Drum Ensemble) [Mixed Tracks]";"1";"8475"
"Geraldo Pino";"DJ-Kicks (Motor City Drum Ensemble) [Mixed Tracks]";"1";"8476"
"Philippe Sarde";"DJ-Kicks (Motor City Drum Ensemble) [Mixed Tracks]";"1";"8477"
"Robert Hood";"DJ-Kicks (Motor City Drum Ensemble) [Mixed Tracks]";"1";"8478"
"Loose Joints";"DJ-Kicks (Motor City Drum Ensemble) [Mixed Tracks]";"1";"8479"
"Arts";"DJ-Kicks (Motor City Drum Ensemble) [Mixed Tracks]";"1";"8480"
"Motor City Drum Ensemble";"DJ-Kicks (Motor City Drum Ensemble) [Mixed Tracks]";"1";"8481"
"Aphex Twin";"DJ-Kicks (Motor City Drum Ensemble) [Mixed Tracks]";"1";"8482"
"Recloose";"DJ-Kicks (Motor City Drum Ensemble) [Mixed Tracks]";"1";"8483"
"Jon and Roy";"By My Side";"1";"8484"
"Bacao Rhythm & Steel Band";"Love Like This";"1";"8485"
"Rodrigo Gallardo";"Summer Sol";"6";"2557"
"Willie West";"I'm Still a Man (Lord Have Mercy)";"3";"4545"
"LateComer";"Cosmic Cart (SoulPhiction & L'Aroye Remixes)";"4";"3650"
"Talos";"Lowlight";"3";"4546"
"Gorillaz";"Humility (feat. George Benson) [Remixes]";"2";"5886"
"Franz Ferdinand";"Always Ascending (Remixes)";"1";"8486"
"Nufrequency";"Fallen Hero";"8";"1933"
"Wildflower";"Calm And Cleanse : Meditation";"2";"5887"
"Mrs Jones";"Music";"3";"4547"
"Hercules & Love Affair";"Are You Still Certain? (feat. Mashrou' Leila) [Remixes]";"5";"3010"
"Kelly Lee Owens";"Bird";"13";"1129"
"Khalab";"Black Noise";"1";"8487"
"captures";"Escapes";"7";"2205"
"kilchhofer";"The Book Room";"4";"3651"
"Chilly Gonzales";"Other People's Pieces";"59";"148"
"Dusty Baron";"Bring Back the Colors, Vol. 04";"1";"8488"
"Dusty Baron";"Café Mambo, Music for Dreams: The Sunset Sessions, Vol. 1";"2";"5888"
"Move D";"Kunststoff";"6";"2558"
"Knapsack";"Bend";"1";"8489"
"Silvia Kastel";"Air Lows";"2";"5889"
"Jess Sah Bi & Peter One";"Apartheid";"3";"4548"
"Nufrequency";"Dancefloor Anthology (by FG)";"2";"5890"
"Alfa Mist";"Nocturne";"20";"633"
"Big Thief";"Shark Smile (Edit)";"4";"3652"
"Dusty Baron";"Arma 06";"2";"5891"
"JD Twitch";"Let's Get Lost Vol 9";"1";"8490"
"Scannerfunk";"Wave Of Light By Wave Of Light";"14";"1020"
"Peven Everett";"Power Soul";"5";"3011"
"Stephen Encinas";"Disco Illusion";"4";"3653"
"Gwen McCrae";"12 Inch Dance: 80s Groove";"2";"5892"
"Boo Williams";"Home Town Chicago";"1";"8491"
"FCL";"Vocals for Everyone EP";"1";"8492"
"Steve Spacek";"EP3: Mov Clsr";"1";"8493"
"SMAGGHE & CROSS";"Mmmmmmm EP";"1";"8494"
"DrumTalk";"Out of the Blackness, Into the Blue";"5";"3012"
"Barbatuques";"Baianá (Brasingles Vol. 2)";"3";"4549"
"Lorna";"Hit Music From Goa";"1";"8495"
"Immaculate Rivombo";"Psychic Bridge From Bujumbura";"1";"8496"
"Asha Bhosle";"Rough Guide to Bollywood for Children";"1";"8497"
"Hailu Mergia";"Gum Gum";"1";"8498"
"Neue Grafik";"Dance to Yemanja";"8";"1934"
"Ross From Friends";"Pale Blue Dot";"2";"5893"
"Mor Elian";"323 to Plaza";"6";"2559"
"Dusty Baron";"Arma06";"4";"3654"
"Kadebostan";"The Gold Retrospective 2007-2012";"1";"8499"
"George Fitzgerald";"Burns (Moby Remix)";"1";"8500"
"Islandman";"Agit";"2";"5894"
"Oumou Sangaré";"Djoukourou (Auntie Flo Remix)";"1";"8501"
"Moritz von Oswald";"Moritz Von Oswald & Ordo Sakhna";"1";"8502"
"Baba Zula";"Roots";"4";"3655"
"Mike Steva";"Who Am I";"3";"4550"
"Actress";"LAGEOS";"3";"4551"
"Altin Gün";"Hababam";"1";"8503"
"Vakula";"You've Never Been to Konotop (Selected Works 2009-2012)";"24";"492"
"Yussef Dayes";"Love Is the Message";"5";"3013"
"Solange";"A Seat at the Table";"5";"3014"
"DJ Khalab";"Black Noise 2084";"68";"118"
"Loft";"Three Settlements Four Ways";"2";"5895"
"Me and My Friends";"Hide Your Way";"4";"3656"
"Jimi Tenor";"Order of Nothingness";"3";"4552"
"Moses Sumney";"Aromanticism";"21";"582"
"Jazzanova";"The Pool";"1";"8504"
"Vakula";"Conclave Series (Volume 2)";"1";"8505"
"Falke";"O.N.G. Versions";"1";"8506"
"Vakula";"Joiwind";"5";"3015"
"Insight the Truncator";"Ears Hear Spears";"2";"5896"
"Dirty Projectors";"Lamp Lit Prose";"1";"8507"
"Vakula";"Cyclicality Between Procyon And Gomeisa";"195";"12"
"William Florelle";"Two & Three";"5";"3016"
"Shye Ben Tzur";"Junun";"3";"4553"
"The Field";"From Here We Go Sublime";"2";"5897"
"Kiki Gyan";"24 Hours in a Disco 1978-82";"3";"4554"
"John Coltrane";"Both Directions at Once: The Lost Album (Deluxe Version)";"1";"8508"
"Let's Eat Grandma";"I'm All Ears";"2";"5898"
"Fela Kuti";"Finding Fela";"2";"5899"
"Kamal Keila";"Muslims and Christians";"1";"8509"
"Tony Allen & Jeff Mills";"The Seed (Edit)";"2";"5900"
"De Leon";"De Leon";"1";"8510"
"Harmonious Thelonious";"Background Noise";"1";"8511"
"DJ Khalab";"Dense";"3";"4555"
"Mo Kolours";"Inner Symbols";"10";"1546"
"Michael Beharie";"A Heart From Your Shadow";"3";"4556"
"Le Croque";"Momos";"3";"4557"
"SHIMZA";"All Alone";"1";"8512"
"Bayta Ag Bay";"Music from Saharan Cellphones, Vol. 1";"1";"8513"
"Abdoulaye Cisse";"the original sound of burkina faso (compiled by david 'mr bongo' buttle and florent mazzoleni)";"1";"8514"
"Sory Bamba";"Du Mali";"1";"8515"
"Alèmayèhu Eshèté";"Ethiopiques, Vol. 9: Alèmayèhu Eshèté 1969-1974";"1";"8516"
"Vakula";"Dedicated to Jim Morrison";"25";"456"
"Various artists (3)";"edits & cuts";"3";"4558"
"Cleveland";"Tusk B/W Aku";"2";"5901"
"LT";"Forest Floor";"19";"681"
"Leila Pinheiro";"Beauty: A Journey Through Jeremy Underground's Collection";"5";"3017"
"Karl Hector & The Malcouns";"Ka Rica-Tar";"11";"1375"
"Dirty Projectors";"Cool Your Heart";"1";"8517"
"Dirty Projectors";"Dirty Projectors";"1";"8518"
"Roman Flügel";"Sliced Africa";"4";"3657"
"Mighty Mo Rodgers";"Griot Blues";"6";"2560"
"Umeme Afrorave";"Umeme Afrorave";"1";"8519"
"Ross From Friends";"Family Portrait";"19";"682"
"Tenderlonious";"The Shakedown";"25";"457"
"Ponzu Island";"Ponzu Beach";"3";"4559"
"Ben Hauke";"Only Old";"151";"22"
"BeGun";"Rising Sun / Chapter 1";"1";"8520"
"Vakula";"Metaphors";"18";"736"
"Wolf Müller";"Non, Nº.2";"4";"3658"
"Wayne Snow";"Rosie";"1";"8521"
"Komon";"Eve's Seven";"1";"8522"
"marcel vogel";"Moonchild (Remixes)";"1";"8523"
"Harvey Sutherland";"Brothers";"2";"5902"
"Chez Damier";"Can You Feel It";"1";"8524"
"Bobby Mann";"Sources - The P&P Records Soul/Disco Anthology Compiled by Bill Brewster";"1";"8525"
"Jesse Gould";"Sources - The P&P Records Soul/Disco Anthology Compiled by Bill Brewster";"1";"8526"
"Hudson People";"Be Arisionable Vol.2";"5";"3018"
"Session Victim";"Listen To Your Heart";"14";"1021"
"Cheops";"Mogul";"2";"5903"
"Mitski";"Nobody";"2";"5904"
"George Fitzgerald";"Burns (HAAi’s Sci-fi Hi-Fi Remix)";"4";"3659"
"Fernando Falcão";"Memória das Águas";"47";"207"
"Jonwayne";"TED Talk";"1";"8527"
"La Banda de Martin";"Crown Ruler Sound (Compiled by Jeremy Spellacey)";"2";"5905"
"DENIS MPUNGA & PAUL K.";"Criola Remixed";"6";"2561"
"Martyn";"Inside Out (Mixed Tracks)";"4";"3660"
"Martyn";"Glassbeadgames (8 Hours at Fabric Dub)";"1";"8528"
"Martyn";"Voids";"13";"1130"
"Penguin Cafe Orchestra";"Broadcasting From Home";"5";"3019"
"Di Melo";"Di Melo";"26";"433"
"Max Graef";"Rivers of the Red Planet";"20";"634"
"Tutu Atrash";"Jaja Nights";"20";"635"
"N C C U";"Beauty: A Journey Through Jeremy Underground's Collection";"3";"4560"
"Larry Maluma";"Crown Ruler Sound (Compiled by Jeremy Spellacey)";"5";"3020"
"Creative Arts Ensemble";"Beauty: A Journey Through Jeremy Underground's Collection";"1";"8529"
"Wilfred Percussion";"Crown Ruler Sound (Compiled by Jeremy Spellacey)";"1";"8530"
"Mike Fabulous";"Crown Ruler Sound (Compiled by Jeremy Spellacey)";"5";"3021"
"Cosmos Universal Band";"Extra Added Soul: Crossover, Modern, and Funky Soul";"2";"5906"
"Los Hermanos";"Submerge Vol.2:Detroit House";"1";"8531"
"Daniel Avery";"Slow Fade Remixes";"1";"8532"
"Ezy & Isaac";"Crown Ruler Sound (Compiled by Jeremy Spellacey)";"2";"5907"
"Kosmik 3";"Crown Ruler Sound (Compiled by Jeremy Spellacey)";"6";"2562"
"Feladey";"Crown Ruler Sound (Compiled by Jeremy Spellacey)";"7";"2206"
"Acayouman";"Crown Ruler Sound (Compiled by Jeremy Spellacey)";"2";"5908"
"J.K. Mandengué";"Crown Ruler Sound (Compiled by Jeremy Spellacey)";"2";"5909"
"The Staple Singers";"Crown Ruler Sound (Compiled by Jeremy Spellacey)";"2";"5910"
"Brother Resistance";"Crown Ruler Sound (Compiled by Jeremy Spellacey)";"8";"1935"
"Legacy";"Crown Ruler Sound (Compiled by Jeremy Spellacey)";"4";"3661"
"Seb Wildblood";"Jazz Vol. 1 EP";"6";"2563"
"Medlar";"Shake It, Make It, Take It, Break It";"1";"8533"
"Kenny Burrell";"Blues - The Common Ground";"12";"1247"
"Groovestyle";"My Love Is Underground (12 Other House Tracks)";"1";"8534"
"Mindchime Featuring Isi Samuel";"My Love Is Underground (12 Other House Tracks)";"1";"8535"
"The Groove Monster";"My Love Is Underground (12 Other House Tracks)";"1";"8536"
"DJ Tools & Co";"My Love Is Underground (12 Other House Tracks)";"1";"8537"
"Granite";"My Love Is Underground (12 Other House Tracks)";"2";"5911"
"Motor City Drum Ensemble and Jeremy Underground";"RA Podcast";"2";"5912"
"Dauwd";"Macadam Therapy (Vakula Remix)";"2";"5913"
"Dauwd";"Heat Division";"7";"2207"
"Mighty Shadow";"Sofrito: Tropical Discotheque";"1";"8538"
"Kiki Hitomi";"Karma No Kusari";"4";"3662"
"U.S. Girls";"Half Free";"8";"1936"
"Ratgrave";"Ratgrave";"14";"1022"
"Eevee";"beat tape 05";"1";"8539"
"Djrum";"Waters Rising";"1";"8540"
"Fat Freddy's Drop";"Trickle Down";"4";"3663"
"Bastion";"Club Meduse Compiled by Charles Bals";"1";"8541"
"The One 'O' Ones";"Club Meduse Compiled by Charles Bals";"1";"8542"
"The Clean Hands Group";"Club Meduse Compiled by Charles Bals";"1";"8543"
"Metal Voices";"Club Meduse Compiled by Charles Bals";"2";"5914"
"Kathy Kosins";"Alex Attias presents LillyGood Party!";"1";"8544"
"Cotonete";"Alex Attias presents LillyGood Party!";"1";"8545"
"Kip Hanrahan";"Alex Attias presents LillyGood Party!";"1";"8546"
"Freeez";"Alex Attias presents LillyGood Party!";"1";"8547"
"Velvet Hammer";"Alex Attias presents LillyGood Party!";"3";"4561"
"Paul Johnson";"Alex Attias presents LillyGood Party!";"1";"8548"
"Cro-Magnon";"Alex Attias presents LillyGood Party!";"1";"8549"
"Grooveman Spot";"Alex Attias presents LillyGood Party!";"1";"8550"
"Material";"Alex Attias presents LillyGood Party!";"3";"4562"
"Shabaka Hutchings";"We Out Here";"1";"8551"
"Kokoroko";"We Out Here";"5";"3022"
"Nubya Garcia";"We Out Here";"1";"8552"
"Triforce";"We Out Here";"1";"8553"
"Asa Moto";"Asa Moto";"2";"5915"
"Devon Russell";"Crown Ruler Sound (Compiled by Jeremy Spellacey)";"5";"3023"
"Donnacha Costello";"Before We Say Goodbye";"1";"8554"
"Nahawa Doumbia";"La Grande Cantatrice Malienne Vol 3";"2";"5916"
"Bruno Pernadas";"Those who throw objects at the crocodiles will be asked to retrieve them";"14";"1023"
"Auntie Flo";"Cape Town Jam";"4";"3664"
"bottle tree";"Bottle Tree";"4";"3665"
"Dorian Concept";"The Nature of Imitation";"7";"2208"
"Owiny Sigoma Band";"Nyiduonge Drums";"3";"4563"
"Ron Trent";"Word, Sound & Power";"3";"4564"
"Lonnie Liston Smith & The Cosmic Echoes";"Expansions";"7";"2209"
"Acid Pauli";"Get Lost V mixed by Acid Pauli";"4";"3666"
"Vakula";"Nightfall and Other Stories. (Inc: Vakula, Simoncino, Vincent Floyd, Reggie dokes)";"2";"5917"
"Django Django";"Django Django";"1";"8555"
"Workdub";"Workdub";"13";"1131"
"Michal Turtle";"Are You Psychic?";"8";"1937"
"Dub Oven";"Skin 'N' Bones";"3";"4565"
"Vincent";"Fast Forward";"5";"3024"
"Leon Lowman";"Liquid Diamonds";"7";"2210"
"Helena Hauff";"Qualm";"3";"4566"
"Christopher";"Highlife World Series: Uganda";"2";"5918"
"DJ Koze";"Pick Up (Even Shorter Version)";"2";"5919"
"Nostrum Grocers";"Nostrum Grocers";"14";"1024"
"Pedestrian";"NEW AGE";"4";"3667"
"Orquesta De Las Nubes";"The Order Of Change";"10";"1547"
"Vakula";"Modulations";"6";"2564"
"Elsa Hewitt";"Dum Spiro Spero";"1";"8556"
"Skinny Pelembe";"Not Your Friend, Not Your Enemy";"2";"5920"
"O/Y";"Die Entwicklung der Menschheit";"25";"458"
"Leifur James";"Argonaut";"1";"8557"
"El Búho";"Chinampa";"4";"3668"
"Tony Allen";"Black Voices (Remixes)";"4";"3669"
"Mitski";"Two Slow Dancers";"1";"8558"
"Mitski";"Geyser";"1";"8559"
"Chaino";"Jungle Echoes - The Best Of";"1";"8560"
"Arthur Lyman";"Yellow Bird";"1";"8561"
"Esquivel";"Four Corners of the World";"1";"8562"
"Bailey's Nervous Kats";"The Nervous Kats";"1";"8563"
"Nicky Roberts";"The Sensitive Touch";"1";"8564"
"Rhonda Fleming";"The Very Best Of";"1";"8565"
"Yma Sumac";"Voice Of The Xtabay (World)";"1";"8566"
"Artie Barsamian";"Technicolor Paradise - Rhum Rhapsodies & Other Exotic Delights";"1";"8567"
"Sam O.B.";"Pep Ventura";"2";"5921"
"Tape Loops";"Jalapeno Funk Vol.2";"1";"8568"
"Dee Edwards";"Searching for Soul: Soul, Funk & Jazz Rarities from Michigan 1968-1980";"3";"4567"
"Gloria Jay";"Know What You Want";"2";"5922"
"Linda Jones";"After Hours the Collection: Northern Soul Masters";"1";"8569"
"Timeless Legend";"Synchronized";"6";"2565"
"Syreeta";"Set My Love In Motion (Expanded Version)";"1";"8570"
"Roger Damawuzan";"African Scream Contest: Raw & Psychedelic Afro Sounds from Benin & Togo 70s (Analog Africa No. 3)";"1";"8571"
"Ghostpoet";"Shedding Skin";"9";"1729"
"Birthday Boy";"Bless (feat. Keita Juma & Trish)";"1";"8572"
"Death Cab for Cutie";"Gold Rush (Photay Remix)";"1";"8573"
"Dita Von Teese";"Rendez-vous (Kornél Kovács Remix)";"1";"8574"
"Oliver Koletzki";"Noordhoek Remixed";"2";"5923"
"Rodrigo Gallardo";"El Sudaca Contraataca, Vol. III";"1";"8575"
"Sampology";"Mt Glorious";"4";"3670"
"Flamingods";"Kewali (Remixed)";"1";"8576"
"Floyd Lavine";"Kemet Deep Sessions, Vol. 1";"1";"8577"
"Re.You";"Melodies & Harmonies Issue 15";"2";"5924"
"Jess Sah Bi & Peter One";"Our Garden Needs Its Flowers";"23";"519"
"Susumu Yokota";"ACID Mt.FUJI";"12";"1248"
"Vincenzo Bellini";"I Capuleti e i Montecchi";"13";"1132"
"Teddy Lasry";"E=MC²";"5";"3025"
"Etlan";"Roance";"1";"8578"
"Stray";"Paradise";"1";"8579"
"Claudia";"Jesus Cristo";"3";"4568"
"Kanye West";"The College Dropout";"1";"8580"
"Skinshape";"Skinshape";"8";"1938"
"Log(M)";"Lost Transmissions From the Off-World Territories";"1";"8581"
"Jantronix Schulte";"Mogul";"1";"8582"
"Amado Maita";"Amado Maita";"5";"3026"
"Retiree";"Magic Eye";"2";"5925"
"King Cats";"Down In California (Psychemagik & Albion Edits)";"1";"8583"
"D.K.";"Mystery Dub EP";"3";"4569"
"Duval Timothy";"Stuck";"1";"8584"
"Klaus Johann Grobe";"Discogedanken";"1";"8585"
"Glue Trip";"Time Lapses";"4";"3671"
"Mitski";"Be the Cowboy";"13";"1133"
"Herbie Hancock";"The New Standard";"15";"936"
"Majid Bekkas";"Soudani Manayou";"3";"4570"
"Young Marco";"Single Tracks";"3";"4571"
"Wolf Müller";"#Tracks";"8";"1939"
"Jeremy Hyman";"Couch";"1";"8586"
"Joubert Singers";"Unabombers: Electric Chair Saved My Life";"2";"5926"
"Marumo";"Next Stop Soweto 4: Zulu Rock, Afro-Disco & Mbaqanga 1975-1985";"3";"4572"
"Bosq";"Bosq Y Orquesta De Madera";"2";"5927"
"Joyce";"The Best of Mr Bongo (Mr Bongo presents)";"1";"8587"
"Chain Reaction";"Dance Freak";"1";"8588"
"Brooklyn Express";"Sixty-Nine";"1";"8589"
"Don Armando's Second Avenue Rhumba Band";"Ze 30 - Ze Records Story 1979-2009";"1";"8590"
"Gichy Dan";"Colette Kids";"1";"8591"
"Gino Soccio";"Outline";"2";"5928"
"Alex M.";"Charles Webster - Coast2Coast";"2";"5929"
"Gary's Gang";"Let's Lovedance Tonight - Danny Krivit Re-Edit";"1";"8592"
"Loose Joints";"Larry Levans Classic West End Records Remixes Made Famous At The Legendary Paradise Garage";"1";"8593"
"Kerri Chandler";"Abstract Jazz Vibes Vol. 1";"1";"8594"
"Roger Thornhill";"Tropical Disco Hustle, Vol. 1 And 2";"2";"5930"
"Pure Energy";"Party On";"1";"8595"
"Instra:mental";"Pyramid / Chip";"1";"8596"
"Two Man Sound";"Samba Megamix";"1";"8597"
"G.U.";"Only 4 U: The Sound Of Cajmere & Cajual Records 1992-2012";"1";"8598"
"Susobrino";"[GHR09] MAPAJO";"6";"2566"
"Vakula";"A Voyage to Arcturus";"62";"137"
"The Band That Never Met";"Get Lost V mixed by Acid Pauli";"2";"5931"
"DJ Sotofett";"Drippin For A Tripp (Tripp-A-Dubb-Mix";"2";"5932"
"DJ Sotofett & Jesse";"Twotinos";"2";"5933"
"Vakula";"Analog Love [Leleka001]";"6";"2567"
"Vakula";"Leleka002";"4";"3672"
"Jeremy Underground";"Beauty: A Journey Through Jeremy Underground's Collection";"3";"4573"
"Aaron Arce";"My Love Is Underground";"1";"8599"
"Bipo";"My Love Is Underground";"1";"8600"
"University Of Love";"My Love Is Underground";"1";"8601"
"DJ Trax";"My Love Is Underground";"2";"5934"
"NatureBoy";"My Love Is Underground";"1";"8602"
"Dose of Paradise";"My Love Is Underground";"1";"8603"
"Project Democracy";"My Love Is Underground";"1";"8604"
"Level 3";"My Love Is Underground";"1";"8605"
"Manhattan Project";"My Love Is Underground";"2";"5935"
"Various artists (9)";"My Love Is Underground (12 Other House Tracks)";"11";"1376"
"Bugge Wesseltoft";"Bugge Wesseltoft & Prins Thomas";"8";"1940"
"Captain Planet";"Mystery Trip Vol. 2";"27";"417"
"Bonga";"Angola 72/74";"12";"1249"
"Floyd Lavine";"Slow";"1";"8606"
"Emanative";"Over (feat. Emanative)";"2";"5936"
"Pele";"Get Lost V mixed by Acid Pauli";"6";"2568"
"Yak";"Mido / Darunia";"3";"4574"
"Al Doum & The Faryds";"Spirit Rejoin";"1";"8607"
"Kaitlyn Aurelia Smith";"The Kid";"21";"583"
"Liv.e";"Hoopdreams";"11";"1377"
"Dwig";"Big Tales";"2";"5937"
"Alef";"Sol y Luna";"2";"5938"
"Recondite";"On Acid";"1";"8608"
"Romperayo";"El Busetero Buscapleitos";"2";"5939"
"Chaos in the CBD";"Multiverse";"12";"1250"
"Tomat Petrella";"Trappist 1 E";"2";"5940"
"4TLR";"Live at Funkhaus Berlin, 10th May 2018";"17";"790"
"Haraket";"Taint & Attgo";"1";"8609"
"NATUREBOY FLAKO";"Theme For A Dream";"1";"8610"
"Reinen";"Masquerade";"11";"1378"
"deem spencer";"Baybay";"1";"8611"
"AbJo";"Chroma";"2";"5941"
"Swarvy";"Anti-Anxiety";"1";"8612"
"Priests";"Suck (Extended Mix & Remixes)";"5";"3027"
"Loona Dae";"Summertime (U Remind Me)";"2";"5942"
"Captain Planet";"Mystery Trip Vol. 1";"10";"1548"
"Frazelle";"Watchin Out";"1";"8613"
"Vakula";"A";"15";"937"
"△▃△▓";"؞ৢ؞ؖ؞ৢ؞ؖ؞ৢ؞ؖ؞ৢ؞ؖ؞ৢ؞ؖ؞ৢ؞ؖ؞ৢ؞ؖ؞ৢ؞ؖ؞ৢ؞ؖ؞ৢ؞ؖ؞ৢ؞ؖ؞ৢ؞ؖ؞ৢ؞ؖ";"3";"4575"
"Yazmin Lacey";"Something My Heart Trusts";"4";"3673"
"James Blake";"The Colour in Anything";"48";"199"
"Alex Johnson";"Operation Oasis";"17";"791"
"Ashra";"New Age of Earth";"72";"107"
"Iasos";"Celestial Soul Portrait";"193";"13"
"Yas-Kaz";"Joumonshou";"10";"1549"
"J.D. Emmanuel";"Wizards";"8";"1941"
"Don Slepian";"Rhythm of Life";"115";"44"
"Hot Slot Machine";"Presents: Dance Forever";"10";"1550"
"Adam Port";"Do You Still Think of Me?";"12";"1251"
"Birds and insects of the Berok River";"Dream Songs and Healing Sounds in the Rainforests of Malaysia";"1";"8614"
"Rahsaan Roland Kirk";"Volunteered Slavery";"2";"5943"
"Archie Shepp";"Attica Blues";"1";"8615"
"Binker and Moses";"The River's Tale";"1";"8616"
"Kenny Cox";"Clap Clap! The Joyful Noise";"2";"5944"
"Yusef Lateef";"Psychicemotus";"3";"4576"
"Laurent Garnier";"KL 2036 EP";"6";"2569"
"WVR BVBY";"WVR BVBY";"5";"3028"
"Antonin";"Ça fait 2x plus de bien";"2";"5945"
"Landhouse";"Den Grønne Katten EP";"1";"8617"
"Chancha Via Circuito";"Amansara Remixed";"8";"1942"
"dictaphone";"poems from a rooftop";"45";"220"
"Various artists (6)";"Hunchin' All Night";"25";"459"
"Dreems";"Mirages";"1";"8618"
"Sanza";"In Search Of The 1";"2";"5946"
"The Expansions";"Breakthrough";"1";"8619"
"FaltyDL";"Inside Out (Mixed Tracks)";"7";"2211"
"Komon";"Inside Out (Mixed Tracks)";"8";"1943"
"Tee Mango";"Inside Out (Mixed Tracks)";"4";"3674"
"Deadboy";"Inside Out (Mixed Tracks)";"4";"3675"
"Lone";"Inside Out (Mixed Tracks)";"3";"4577"
"Marquis Hawkes";"Inside Out (Mixed Tracks)";"3";"4578"
"Nathan Micay";"Inside Out (Mixed Tracks)";"3";"4579"
"Sei A";"Inside Out (Mixed Tracks)";"5";"3029"
"Appleblim";"Inside Out (Mixed Tracks)";"2";"5947"
"Move D";"Inside Out (Mixed Tracks)";"2";"5948"
"Juxta Position";"Inside Out (Mixed Tracks)";"2";"5949"
"Gerd";"Inside Out (Mixed Tracks)";"2";"5950"
"Primitive Trust";"Inside Out (Mixed Tracks)";"2";"5951"
"Dauwd";"Inside Out (Mixed Tracks)";"2";"5952"
"Pearson Sound";"Inside Out (Mixed Tracks)";"2";"5953"
"Youandewan";"Inside Out (Mixed Tracks)";"2";"5954"
"Mr Beatnick";"Inside Out (Mixed Tracks)";"2";"5955"
"Ben Lukas Boysen";"Balance 030 (Mixed Version)";"1";"8620"
"Bing & Ruth";"Balance 030 (Mixed Version)";"1";"8621"
"Nils Frahm";"Balance 030 (Mixed Version)";"2";"5956"
"Bxentric";"Balance 030 (Mixed Version)";"1";"8622"
"Geotic";"Balance 030 (Mixed Version)";"1";"8623"
"Agrippa";"Balance 030 (Mixed Version)";"1";"8624"
"Portable Sunsets";"Balance 030 (Mixed Version)";"1";"8625"
"Deapmash";"Balance 030 (Mixed Version)";"1";"8626"
"Burnski";"Balance 030 (Mixed Version)";"1";"8627"
"Tenebre";"Balance 030 (Mixed Version)";"1";"8628"
"Lusine";"Balance 030 (Mixed Version)";"1";"8629"
"Donato Dozzy";"Balance 030 (Mixed Version)";"1";"8630"
"Batu";"Balance 030 (Mixed Version)";"1";"8631"
"Locussolus";"The Sound of Mercury Rising Compiled with Love by DJ Harvey";"4";"3676"
"Idjut Boys";"The Sound of Mercury Rising Compiled with Love by DJ Harvey";"5";"3030"
"Rheinzand";"The Sound of Mercury Rising Compiled with Love by DJ Harvey";"5";"3031"
"The Project Club";"The Sound of Mercury Rising Compiled with Love by DJ Harvey";"4";"3677"
"DJ Pippi";"The Sound of Mercury Rising Compiled with Love by DJ Harvey";"3";"4580"
"No ID";"The Sound of Mercury Rising Compiled with Love by DJ Harvey";"3";"4581"
"Gatto Fritto";"The Sound of Mercury Rising Compiled with Love by DJ Harvey";"3";"4582"
"Eric Duncan";"The Sound of Mercury Rising Compiled with Love by DJ Harvey";"3";"4583"
"Walton";"Praying Mantis / Koto Riddim";"2";"5957"
"Kalbata";"Enkuan";"3";"4584"
"Michael Kiwanuka";"Love & Hate (Leon Vynehall Love Rework)";"2";"5958"
"Tenderlonious";"On Flute";"2";"5959"
"Mammal Hands";"Shadow Work";"2";"5960"
"Freddie Gibbs";"Fuckin' Up the Count - Single";"1";"8632"
"Bing & Ruth";"Starwood Choker";"2";"5961"
"Kirk Knight";"Late Knight Special";"1";"8633"
"Scanner";"Fibolae";"1";"8634"
"MBONGWANA STAR";"From Kinshasa";"3";"4585"
"Leon Vynehall";"Gerd Janson presents Musik for Autobahns 2";"1";"8635"
"Jim-E Stack";"Forgotten";"1";"8636"
"Gold Panda";"Your Good Times Are Just Beginning";"1";"8637"
"Fatima Yamaha";"Imaginary Lines";"12";"1252"
"Axel Boman";"DJ Koze Presents Pampa, Vol. 1";"3";"4586"
"Hundred Waters";"Currency EP";"1";"8638"
"IAMNOBODI";"Imani - EP";"3";"4587"
"Westerman";"Edison (Ross From Friends Remix)";"1";"8639"
"Archy Marshall";"A New Place 2 Drown";"1";"8640"
"Jullian Gomes";"Late Dreamer";"1";"8641"
"Mark Pritchard";"Under The Sun";"1";"8642"
"Gold Panda";"Time Eater";"1";"8643"
"Pional";"The Way That You Like";"1";"8644"
"30/70";"Elevate";"5";"3032"
"Mount Kimbie";"Marilyn (Palms Trax Remix)";"1";"8645"
"Nathan Fake";"Degreelessness / Now We Know";"1";"8646"
"Dark Sky";"Othona";"2";"5962"
"Anthony Naples";"OTT / ZTL";"1";"8647"
"Instupendo";"Comfort Chain";"1";"8648"
"Lord Echo";"Harmonies";"13";"1134"
"Kadhja Bonet";"Remember the Rain";"1";"8649"
"Floating Points";"Silurian Blue";"1";"8650"
"Sam Gellaitry";"The Gateway";"1";"8651"
"Lars Bartkuhn";"Massai";"1";"8652"
"Graeme Miller";"The Moomins";"1";"8653"
"Tala Vala";"Tala Vala";"1";"8654"
"Otto Totland";"The Lost";"5";"3033"
"K-Lone";"On Line, Vol 1";"1";"8655"
"Weedy of 40 Winks";"Retrospect Suite";"2";"5963"
"Totally Enormous Extinct Dinosaurs";"Don't You Forget About Me";"1";"8656"
"Agnes Obel";"Stretch Your Eyes (Quiet Village Remix)";"1";"8657"
"Bonobo";"Star Wars Headspace";"1";"8658"
"PolyNation";"Allogamy";"1";"8659"
"Forest Swords";"Compassion";"22";"546"
"Otzeki";"Angry Fix (Skinny Pelembe Remix)";"3";"4588"
"Leifur James";"Mumma Don't Tell";"3";"4589"
"Vakula";"Dekmantel 10 Years 01";"1";"8660"
"Young Marco";"Dekmantel 10 Years 06";"1";"8661"
"Levon Vincent";"Dekmantel 10 Years 03";"1";"8662"
"Talismann";"Dekmantel 10 Years 08";"1";"8663"
"Various artists (2)";"Albura Remixed";"7";"2212"
"Neneh Cherry";"Shot Gun Shack";"7";"2213"
"Neneh Cherry";"Kong";"2";"5964"
"Islandman";"Rest In Space";"122";"34"
"Third Wave";"Maiden Voyage";"1";"8664"
"L'Rain";"L'Rain";"28";"395"
"Marijus Aleksa";"MAPS";"56";"164"
"Kingsley Ibeneche";"CHi";"7";"2214"
"Kingsley Ibeneche";"Encompass That/Kknees";"3";"4590"
"ONIPA";"Open My Eyes";"22";"547"
"Barker";"Debiasing EP";"2";"5965"
"Anna Calvi";"Hunter";"93";"56"
"Milo";"stet";"4";"3678"
"Dusty Baron";"Sommertraum, Vol. 1";"1";"8665"
"Y-Bayani";"Asembi Ara Amba (Henrik Schwarz Version)";"1";"8666"
"Youandewan";"There Is No Right Time";"10";"1551"
"Maribou State";"Kingdoms In Colour";"131";"31"
"Amber Mark";"Put You On";"1";"8667"
"Daniel Avery";"Glitter (Jon Hopkins Remix)";"1";"8668"
"Onyx Collective";"Space-Wars (feat. Sporting Life)";"1";"8669"
"Great Time";"Great Album";"23";"520"
"Romare";"Love Songs: Part Two";"11";"1379"
"Flora";"A Sword of Holly";"11";"1380"
"Saib";"Sailing";"3";"4591"
"Geju";"Water Elements";"4";"3679"
"Bufiman";"Verein freier Menschen & Musik - Manifest#001";"2";"5966"
"Bufiman";"Verein freier Menschen & Musik - Manifest#003";"3";"4592"
"Per Tjernberg";"They Call Me";"21";"584"
"Melt Yourself Down";"Melt Yourself Down";"1";"8670"
"Jaubi";"Lahore State Of Mind";"8";"1944"
"Hunee";"Hunch Music";"7";"2215"
"Basecamp";"Watch My Back (Remixes)";"1";"8671"
"Makaya McCraven";"Where We Come From (Chicago x London Mixtape)";"1";"8672"
"Laurence Guy";"Saw You for the First Time";"11";"1381"
"Jex Opolis";"Ravines";"1";"8673"
"Robohands";"Green";"27";"418"
"Jonny Faith";"La Lune";"1";"8674"
"Jamie Isaac";"(04:30) Idler";"24";"493"
"Duke Hugh";"Canvas";"89";"63"
"Billy Woods";"History Will Absolve Me";"15";"938"
"Mark Barrott";"Cascades (François K Mix)";"5";"3034"
"Fantaz";"Climax";"3";"4593"
"felicita";"hej!";"12";"1253"
"Forma";"Semblance";"1";"8675"
"Onyx Collective";"Fruit Stand";"2";"5967"
"Corina Lawrence";"La Descarriá";"8";"1945"
"Lawrence Hart";"Wanderlust";"5";"3035"
"Auntie Flo";"Nobody Said It Would Be Easy";"6";"2570"
"4TLR";"Live in Tokyo, 1st December 2013";"9";"1730"
"Shigeto";"Fight Club";"1";"8676"
"O'Flynn";"Tru Dancing";"2";"5968"
"James Blake";"Don’t Miss It";"1";"8677"
"James Blake";"Vincent";"7";"2216"
"James Blake";"Timeless";"4";"3680"
"Moses Sumney";"Black in Deep Red, 2014";"5";"3036"
"Sam Gendel";"4444";"2";"5969"
"Willow";"The 1st";"1";"8678"
"Duke Hugh";"Approaching Lights EP";"25";"460"
"Vakula";"B";"18";"737"
"Mrs Jones";"Valtenin Stip Singles";"1";"8679"
"Valentin Stip";"Valtenin Stip Singles";"1";"8680"
"Kleintierschaukel";"Blue Elephant";"1";"8681"
"Carlomarco";"Mbira Flow";"3";"4594"
"Klaus Johann Grobe";"Im Sinne der Zeit";"2";"5970"
"Neneh Cherry";"Blank Project";"11";"1382"
"Hank Jackson";"Untitled";"2";"5971"
"David Mayer";"Defected Presents Melé In The House (Mixed)";"1";"8682"
"Louie Vega";"Defected Presents Melé In The House (Mixed)";"1";"8683"
"Blaze";"Defected Presents Melé In The House (Mixed)";"1";"8684"
"Julien Jabre";"Defected Presents Melé In The House (Mixed)";"1";"8685"
"Ian Pooley";"Defected Presents Melé In The House (Mixed)";"1";"8686"
"Quim Manuel O Espirito Santo";"Defected Presents Melé In The House (Mixed)";"1";"8687"
"Luciano";"Defected Presents Melé In The House (Mixed)";"1";"8688"
"Peven Everett";"Defected Presents Melé In The House (Mixed)";"1";"8689"
"Jimpster";"Defected Presents Melé In The House (Mixed)";"1";"8690"
"Joe Corti";"Defected Presents Melé In The House (Mixed)";"1";"8691"
"Thatmanmonkz";"Defected Presents Melé In The House (Mixed)";"1";"8692"
"Robert Owens";"Defected Presents Melé In The House (Mixed)";"1";"8693"
"Joeski";"Defected Presents Melé In The House (Mixed)";"1";"8694"
"G Club";"Defected Presents Melé In The House (Mixed)";"1";"8695"
"DJ Gregory";"Defected Presents Melé In The House (Mixed)";"1";"8696"
"The Stone Roses";"Defected Presents Melé In The House (Mixed)";"1";"8697"
"Jacob Gurevitsch";"Music for Dreams Best of, Vol. 7 (Compiled by Chris Coco)";"1";"8698"
"The Swan & The Lake";"Music for Dreams Best of, Vol. 7 (Compiled by Chris Coco)";"3";"4595"
"RUF DUG";"Music for Dreams Best of, Vol. 7 (Compiled by Chris Coco)";"1";"8699"
"felicita";"A New Family";"1";"8700"
"Islandman";"Music for Dreams Best of, Vol. 7 (Compiled by Chris Coco)";"3";"4596"
"Al Massrieen";"Modern Music (Habibi Funk 006)";"2";"5972"
"Saul Williams";"Black Whole Styles";"2";"5973"
"Yazmin Lacey";"When The Sun Dips 90 Degrees";"7";"2217"
"Chilly Gonzales";"SOLO PIANO III";"33";"321"
"Bonobo";"The North Borders";"15";"939"
"Native Cruise";"Calypso Spring Ep";"9";"1731"
"Nico Stojan";"Bar 25 - Tage Ausserhalb Der Zeit EP";"1";"8701"
"Landhouse";"Robots In Lilac Spaceships";"9";"1732"
"The Comet Is Coming";"Death To The Planet";"1";"8702"
"EARTH BOYS";"Destination Heaven";"8";"1946"
"Don Slepian";"Sea of Bliss";"67";"122"
"Harold Budd";"Lovely Thunder";"16";"856"
"Frank Perry";"Soul Alone: The Art of the Solo";"7";"2218"
"environments";"Environments 1";"64";"131"
"David Casper";"Night Crossing";"77";"92"
"Joanna Brouk";"Hearing Music";"18";"738"
"Laraaji";"All of a Sudden";"4";"3681"
"David Casper";"Crystal Waves";"7";"2219"
"Hidden Spheres";"Wonders of the Rainforest";"16";"857"
"Soundspecies & Ache Meyi";"Soundspecies & Ache Meyi (Remix EP)";"4";"3682"
"Sons of Kemet";"White On Black Vol 1";"1";"8703"
"Vula Viel";"Yes Yaa Yaa";"1";"8704"
"Owiny Sigoma Band";"Harpoon Land";"2";"5974"
"Owiny Sigoma Band";"Tafsiri Sound";"1";"8705"
"Hector Plimmer";"Sunshine Remixed";"1";"8706"
"Crewdson";"Gravity Remixes EP";"1";"8707"
"Zun Zun Egui";"African Tree Remixes";"2";"5975"
"Sebastian Rochford";"Days and Nights At the Takeaway 4: April";"1";"8708"
"Little Simz";"Offence";"3";"4597"
"Milo";"Budding ornithologists are weary of tired analogies";"7";"2220"
"Dengue Dengue Dengue";"Semillero";"9";"1733"
"Ayani Huni Kuin";"Semillero";"2";"5976"
"Retiree";"House or Home";"42";"241"
"Szun Waves";"New Hymn to Freedom";"2";"5977"
"Rejoicer";"Energy Dreams";"3";"4598"
"Werkha";"For All Hands";"15";"940"
"Werkha";"We Communicate";"6";"2571"
"Werkha";"Colours Of A Red Brick Raft";"36";"295"
"Werkha";"Brownswood Bubblers Ten (Gilles Peterson Presents)";"1";"8709"
"Werkha";"Beacons";"1";"8710"
"Quantic";"La Plata";"15";"941"
"GATS";"VAUS 2";"4";"3683"
"Islandman";"VAUS 2";"1";"8711"
"Alban Endlos";"VAUS 2";"2";"5978"
"tomanka";"VAUS 2";"1";"8712"
"Santi D";"VAUS 2";"1";"8713"
"Christian Scott aTunde Adjuah";"Diaspora";"1";"8714"
"Rob Araujo";"Loading...";"1";"8715"
"Free the Robots";"Nasi Goreng / Maranao";"2";"5979"
"Hidden Spheres";"By & Bye";"1";"8716"
"Normanton Street";"The Phoebe Freya EP";"1";"8717"
"MIND GAMERS";"Power of Power";"2";"5980"
"Tim Maia";"World Psychedelic Classics 4: Nobody Can Live Forever: The Existential Soul of Tim Maia";"2";"5981"
"Karavan";"Karavan";"25";"461"
"Connan Mockasin";"Please Turn Me Into The Snat";"1";"8718"
"Augustus Pablo";"Born To Dub You";"1";"8719"
"Zazou Bikaye";"Noir Et Blanc";"2";"5982"
"Big Youth";"Creation Rockers, Vols. 1 and 2";"1";"8720"
"Malombo";"Next Stop Soweto presents Spirit of Malombo: Malombo, Jabula, Jazz Afrika 1966-1984";"1";"8721"
"Skinny Pelembe";"Sleep More, Make More Friends";"9";"1734"
"Native Cruise";"Sunsets & Deeper Moods";"13";"1135"
"avroarrow";"10th Anniversary Compilation: Never Stop Digging";"2";"5983"
"Man Tear";"Studio Barnhus Volym 1";"4";"3684"
"Lukas Nystrand Von Unge";"Studio Barnhus Volym 1";"5";"3037"
"Off The Meds";"Studio Barnhus Volym 1";"3";"4599"
"Baba Stiltz";"Studio Barnhus Volym 1";"3";"4600"
"Adrian Lux";"Studio Barnhus Volym 1";"3";"4601"
"Bella Boo";"Studio Barnhus Volym 1";"7";"2221"
"Kornél Kovács";"Studio Barnhus Volym 1";"3";"4602"
"DJ Koze";"Studio Barnhus Volym 1";"3";"4603"
"Sofia Kourtesis";"Studio Barnhus Volym 1";"2";"5984"
"Clap! Clap!";"A Thousand Skies";"8";"1947"
"Al Zanders";"Get It Together";"5";"3038"
"Madison McFerrin";"Finding Foundations, Vol. 1";"1";"8722"
"Panthera Krause";"All My Circuits Part I";"11";"1383"
"RUF DUG";"Island";"3";"4604"
"Chancha Via Circuito";"Wonderwheel Recordings Presents: Inside The Dance, Vol. 2";"1";"8723"
"Nhú de Ped'Bia";"Synthesize the Soul: Astro-Atlantic Hypnotica from the Cape Verde Islands 1973 - 1988";"2";"5985"
"Pedrinho";"Synthesize the Soul: Astro-Atlantic Hypnotica from the Cape Verde Islands 1973 - 1988";"1";"8724"
"Tulipa Negra";"Synthesize the Soul: Astro-Atlantic Hypnotica from the Cape Verde Islands 1973 - 1988";"1";"8725"
"Manuel Gomes";"Synthesize the Soul: Astro-Atlantic Hypnotica from the Cape Verde Islands 1973 - 1988";"1";"8726"
"Val Xalino";"Synthesize the Soul: Astro-Atlantic Hypnotica from the Cape Verde Islands 1973 - 1988";"1";"8727"
"Magnus JJ";"Habitat EP";"9";"1735"
"Te'Amir";"Abyssinia";"15";"942"
"U.S. Girls";"Rosebud (Domenico Torti's 1985 Remix)";"1";"8728"
"Garrett";"Private Life";"2";"5986"
"Various artists (2)";"Find Us When U Get There";"44";"227"
"A Macaca";"Single Tracks";"2";"5987"
"Manfredas";"Cult Edits 001";"1";"8729"
"Siaubas";"Cult Edits 001";"1";"8730"
"Simple Symmetry";"Cult Edits 001";"1";"8731"
"A Macaca & Gama";"A Macaca & Gama - J'écris EP";"8";"1948"
"Mytron & Ofofo";"LYO004 - Mytron & Ofofo - Topography";"5";"3039"
"Forest Swords";"Engravings";"3";"4605"
"O/Y";"Synchronized";"3";"4606"
"SPIRAL DELUXE";"Voodoo Magic";"21";"585"
"Little People";"Csay Csay";"1";"8732"
"DJ Seinfeld";"Time Spent Away From U";"1";"8733"
"Scott Gilmore";"Subtle Vertigo";"3";"4607"
"FaltyDL";"Heaven is for Quitters";"1";"8734"
"Hanni El Khatib";"Moonlight";"2";"5988"
"Max Cooper";"Emergence Remixed";"1";"8735"
"De Frank Professionals";"Afro-Beat Airways: Ghana & Togo 1974-1978 (Analog Africa No. 14)";"1";"8736"
"Kelsey Lu";"Church";"1";"8737"
"Jessy Lanza";"It Means I Love You";"1";"8738"
"AMyn";"Best Heard In Shadows";"1";"8739"
"DJ ClicK";"Labesse Club";"1";"8740"
"Steve Spacek";"space Shift";"1";"8741"
"VESCE";"Self Edit EP";"1";"8742"
"Gil Scott-Heron";"Small Talk at 125th and Lenox";"1";"8743"
"Git";"Imagination";"2";"5989"
"l'éclair";"Polymood";"1";"8744"
"Isabelle Mayereau";"Parcours";"3";"4608"
"Doug Hream Blunt";"My Name Is Doug Hream Blunt: Featuring the Hit ""Gentle Persuasion""";"1";"8745"
"Pharoah Sanders";"Village Of The Pharoahs / Wisdom Through Music";"1";"8746"
"Wally Badarou";"Countryman (Remastered)";"1";"8747"
"Lee ""Scratch"" Perry";"Countryman (Remastered)";"1";"8748"
"Ayalew Mesfin";"Hasabe (My Worries)";"1";"8749"
"Yamasuki";"Le Monde Fabuleux Des Yamasuki";"2";"5990"
"Romare";"Projections";"4";"3685"
"Bacao Rhythm & Steel Band";"Xxplosive";"1";"8750"
"Percussions";"African Paints";"1";"8751"
"Sandy B";"Amajovi Jovi";"8";"1949"
"Tabala";"Tabala Mouv";"1";"8752"
"Azymuth";"Azimüth";"1";"8753"
"Tartit";"Abacabok";"1";"8754"
"Bally Sagoo";"Essential Ragga";"1";"8755"
"Cutty Ranks";"Reggae Anthology: Cutty Ranks - Limb By Limb";"1";"8756"
"The Heptones";"Fattie Fattie";"1";"8757"
"Vybz Kartel";"Reggae Gold 2010";"1";"8758"
"Tommy McCook";"Cloak & Dagger / Sharpe Razor / Dub Organiser";"1";"8759"
"Black Uhuru";"The Dub Factor";"1";"8760"
"Ata Kak";"Obaa Sima";"1";"8761"
"Dur-Dur Band";"Volume 5";"3";"4609"
"Ramuntcho Matta";"Ecoute...";"1";"8762"
"Basa Basa";"Homowo";"3";"4610"
"Amanaz";"Africa";"4";"3686"
"Asnaké Gèbrèyès";"Ahadu";"1";"8763"
"Dave Liebman";"The Unknowable";"1";"8764"
"Momo Wandel Soumah";"Matchowé (Guinea)";"4";"3687"
"Capital Letters";"Headline News";"1";"8765"
"Matoub Lounès";"Matoub Lounes, Ay Izem duo avec Idir";"1";"8766"
"Johnny Wakelin";"Back To The 70's";"1";"8767"
"? and the Mysterians";"Cameo Parkway - The Best Of ? And The Mysterians (Original Hit Recordings)";"1";"8768"
"Derya Yildirim";"Üç Kiz Bir Ana";"1";"8769"
"Louiz Banks";"Spiritual Jazz 5: The World";"2";"5991"
"Material";"Da Funk!";"1";"8770"
"Chaka Demus & Pliers";"Autumn About Reggae";"1";"8771"
"Antonio Sanches";"Duli Povo! (Série Sodad - Vol. 9)";"1";"8772"
"Adjágas";"Adjagas";"1";"8773"
"Tommy Mandel";"..id...";"1";"8774"
"Talking Heads";"Remain In Light (Deluxe Version)";"1";"8775"
"Lou Blic";"Uneven Paths: Deviant Pop From Europe (1980-1991)";"1";"8776"
"T.P. Orchestre Poly-Rythmo";"Echos hypnotiques, from the Vaults of Albarika Store, Vol. 2: 1969-1979 (Analog Africa No. 6)";"1";"8777"
"Roberto Fonseca";"Yo";"1";"8778"
"Auntie Flo";"Highlife World Series: Cuba";"2";"5992"
"NATUREBOY FLAKO";"Kutmah presents: Sketchbook Radio Archives, Vol. 1";"2";"5993"
"Mystica Tribe";"Love Is All Right";"1";"8779"
"Alfio Antico";"Antico";"1";"8780"
"Toto Chiavetta";"Impermanence";"2";"5994"
"Pete Beardsworth";"To the Place";"1";"8781"
"Yazmin Lacey";"90 Degrees";"1";"8782"
"Nu Guinea";"Nuova Napoli";"6";"2572"
"Ground";"Sunizm";"1";"8783"
"DWART";"Taipei Disco";"2";"5995"
"Emo Kid";"Gqomtera Ep";"2";"5996"
"Pitto";"Late Night Studio Moves EP";"1";"8784"
"Various artists (2)";"boyboy";"5";"3040"
"Kaleido";"Jungle Express";"59";"149"
"YASUO SUGIBAYASHI";"The Mask Of The Imperial Family";"2";"5997"
"Internal N.Y. Rhythms";"Genesis Vol. I";"1";"8785"
"moonilena";"Studio Barnhus Volym 1";"1";"8786"
"Paradise Alley";"Studio Barnhus Volym 1";"3";"4611"
"Pedrodollar";"Studio Barnhus Volym 1";"1";"8787"
"Axel Boman";"Studio Barnhus Volym 1";"1";"8788"
"Superpitcher";"Studio Barnhus Volym 1";"1";"8789"
"Whispers Beirut";"Studio Barnhus Volym 1";"1";"8790"
"John Talabot";"Studio Barnhus Volym 1";"1";"8791"
"Torolf Stendik";"Studio Barnhus Volym 1";"1";"8792"
"Thomas & Jonas";"Studio Barnhus Volym 1";"1";"8793"
"Bella Boo";"Fire";"17";"792"
"Qaadir Howard";"Studio Barnhus Volym 1";"5";"3041"
"Lucius";"Day Of The Dead";"1";"8794"
"The Flaming Lips";"Day Of The Dead";"1";"8795"
"Rapossa";"Rising Sun / Chapter 1";"1";"8796"
"Ranno Vollman";"Rising Sun / Chapter 1";"1";"8797"
"Jackson Lewis";"Rising Sun / Chapter 1";"1";"8798"
"Christos Fourkis";"Rising Sun / Chapter 1";"1";"8799"
"Lemurian";"Rising Sun / Chapter 1";"1";"8800"
"Omerar Nanda";"Rising Sun / Chapter 1";"1";"8801"
"Yohoros";"Rising Sun / Chapter 1";"1";"8802"
"Tenderlonious";"Soul Jazz Records Presents Sounds of the Universe: Art + Sound 2012-15 Vol.1";"2";"5998"
"Tevo Howard";"Soul Jazz Records Presents Sounds of the Universe: Art + Sound 2012-15 Vol.1";"3";"4612"
"Reginald Omas Mamode IV";"Soul Jazz Records Presents Sounds of the Universe: Art + Sound 2012-15 Vol.1";"1";"8803"
"Seven Davis Jr.";"Soul Jazz Records Presents Sounds of the Universe: Art + Sound 2012-15 Vol.1";"1";"8804"
"Aybee";"Soul Jazz Records Presents Sounds of the Universe: Art + Sound 2012-15 Vol.1";"2";"5999"
"Hieroglyphic Being";"Soul Jazz Records Presents Sounds of the Universe: Art + Sound 2012-15 Vol.1";"3";"4613"
"Kassem Mosse";"Soul Jazz Records Presents Sounds of the Universe: Art + Sound 2012-15 Vol.1";"2";"6000"
"Frangie";"The Remixes";"3";"4614"
"K&F";"Persie Edits 2";"2";"6001"
"Retiree";"This Place";"1";"8805"
"Lana Del Rey";"Venice Bitch";"6";"2573"
"Chicano Batman";"Freedom Is Free";"5";"3042"
"Laurent Garnier";"la HOME box";"9";"1736"
"Brzzvll";"Waiho";"4";"3688"
"Noname";"Room 25";"11";"1384"
"Akua Naru";"The Blackest Joy";"1";"8806"
"soundspecies";"Soundspecies & Ache Meyi (Remix EP)";"8";"1950"
"Panthera Krause";"Cloud Cake";"5";"3043"
"Shinichi Atobe";"From the Heart, It's a Start, a Work of Art";"1";"8807"
"DJ Call Me";"Marry Me EP";"1";"8808"
"Errorsmith";"Superlative Fatigue";"1";"8809"
"Grupo Controle Digital";"A Festa É Nossa";"2";"6002"
"Bullion";"Blue Pedro";"1";"8810"
"Costa & Chyps";"Crown Ruler Sound (Compiled by Jeremy Spellacey)";"2";"6003"
"ɹǝqüɟdoʞkopfüber";"ʞEP I (ɹǝqüɟdoʞ)";"2";"6004"
"Landikhan";"Moments / Chapter 4";"1";"8811"
"Roberto Rodriguez";"The Sound of Mercury Rising Compiled with Love by DJ Harvey";"3";"4615"
"Street Corner Symphony";"The Sound of Mercury Rising Compiled with Love by DJ Harvey";"2";"6005"
"Scott Xylo";"Analogue Eyes, With Digital Minds";"3";"4616"
"Bernardo";"Bernardo: Live at Sarah's";"1";"8812"
"The Expansions";"Murmuration";"17";"793"
"Red Axes";"Trips #1: In Africa EP";"1";"8813"
"Collocutor";"Versus II";"2";"6006"
"Doc Severinsen";"DJ Harvey Edits";"2";"6007"
"RUNE LINDBÆK";"The Sound of Mercury Rising Compiled with Love by DJ Harvey";"1";"8814"
"BLUE CAMERA";"The Sound of Mercury Rising Compiled with Love by DJ Harvey";"1";"8815"
"Ron Rinaldi";"Beauty: A Journey Through Jeremy Underground's Collection";"2";"6008"
"Nucleus";"Beauty: A Journey Through Jeremy Underground's Collection";"2";"6009"
"Al Wilson";"Beauty: A Journey Through Jeremy Underground's Collection";"2";"6010"
"Maureen Bailey";"Beauty: A Journey Through Jeremy Underground's Collection";"2";"6011"
"Fein";"Beauty: A Journey Through Jeremy Underground's Collection";"2";"6012"
"June Evans";"Beauty: A Journey Through Jeremy Underground's Collection";"2";"6013"
"Starcrost";"Beauty: A Journey Through Jeremy Underground's Collection";"1";"8816"
"Aldous Harding";"Party";"19";"683"
"Tony Allen & Jeff Mills";"Tomorrow Comes The Harvest";"18";"739"
"Skinshape";"After Midnight";"2";"6014"
"DJ Koze";"Almost Weekend 26";"1";"8817"
"Quixosis";"El Estanquillo";"2";"6015"
"Louis VI";"Free Your Mind (Live from Metropolis Studios)";"1";"8818"
"Skinny Pelembe";"Future Bubblers 2.0";"1";"8819"
"Just Emma";"Scars In The Sky";"1";"8820"
"Foreign Guest";"Morva";"1";"8821"
"Ameli Paul";"6 Years of Underyourskin Records";"1";"8822"
"Bedouin";"Sight";"1";"8823"
"Leifur James";"A Louder Silence";"48";"200"
"Moses Boyd";"Displaced Diaspora";"6";"2574"
"Motor City Drum Ensemble";"Raw Cuts (Remixes)";"1";"8824"
"Y. Gershovsky";"Disco Baby";"2";"6016"
"The Lyman Woodard Organization";"Don't Stop the Groove";"1";"8825"
"Ron Trent";"Primitive Arts";"1";"8826"
"Stevie Wonder";"Innervisions (Reissue)";"1";"8827"
"Groove Committee";"I Want You to Know - The Remixes, Pt. 1";"3";"4617"
"Agua Re";"Welcome to Paradise (Italian Dream House 89-93) Vol. 1 & 2";"1";"8828"
"Terrence Parker";"TP Traxx, 1st Edition";"1";"8829"
"B.T. Express";"Non-Stop";"1";"8830"
"Robson Jorge & Lincoln Olivetti";"Robson Jorge E Lincoln Olivetti";"1";"8831"
"Ron Trent";"Pop Dip and Spin";"1";"8832"
"Teddy Pendergrass";"Get Down with The Philly Sound";"1";"8833"
"Alfa Mist";"7th October: Epilogue";"7";"2222"
"Agrupacion Ilegal Los Imparciales";"Norwegian Wood";"7";"2223"
"Agrupacion Ilegal Los Imparciales";"Media Hora de Cumbia";"1";"8834"
"Jonny Drop";"The Only Sound";"53";"174"
"Your Planet Is Next";"YPIN EP";"4";"3689"
"Julien Dyne";"Hours";"2";"6017"
"Julien Dyne";"Copernicus";"3";"4618"
"Julien Dyne";"December";"14";"1025"
"Christian Löffler";"Licht";"1";"8835"
"Aera";"Heavy Rotations Vol. 1";"4";"3690"
"Jonny Nash";"Passive Aggressive";"4";"3691"
"Leon Vynehall";"Rojus (Designed To Dance)";"2";"6018"
"Appleblim";"Displaced Soundtracks";"1";"8836"
"Lowbrow";"Angles + Cuts";"1";"8837"
"Yellow Days";"How Can I Love You?";"3";"4619"
"Auntie Flo";"Radio Highlife";"57";"160"
"Jonny Drop";"The Looking Glass";"1";"8838"
"Jonny Drop";"All This Trouble";"2";"6019"
"Larry de Kat";"Round About Midnight";"6";"2575"
"Little Simz";"A Curious Tale of Trials + Persons";"2";"6020"
"Pastor T.L. Barrett and The Youth for Christ Choir";"Like a Ship (Without a Sail)";"2";"6021"
"Autumn";"Synthesize";"1";"8839"
"Asha Bhosle";"Commander";"1";"8840"
"Madman Jaga";"Nigeria Afrobeat Special: the New Explosive Sound in 1970's Nigeria";"3";"4620"
"Penya";"Beat Your Demon";"1";"8841"
"Bernard bonnier";"Casse-Tête";"1";"8842"
"Peter Power";"Sun Gaze";"6";"2576"
"Supermax";"Reggaesize It";"1";"8843"
"Siriusmo";"The Uninvited Guest";"1";"8844"
"Bernard Estardy";"La Formule du Baron";"2";"6022"
"Joe Meek & The Blue Men";"I Hear a New World: An Outer Space Music Fantasy";"2";"6023"
"CLAUDE PERRAUDIN";"Mutation 24";"1";"8845"
"Shadow";"Sweet Sweet Dreams (Analog Africa No. 22)";"20";"636"
"T.P. Orchestre Poly-Rythmo";"The Kings Of Benin Urban Groove 1972 - 80";"1";"8846"
"Robin Gibb";"Secret Agent";"1";"8847"
"Prince";"The Hits/The B-Sides";"1";"8848"
"soundspecies";"Bamana Project";"1";"8849"
"Rex Rabanye";"Greatest Moments Of";"1";"8850"
"Jorge Reyes";"A La Izquierda Del Colibrí";"32";"331"
"Raphael Toiné";"Beach Diggin', Vol. 5";"1";"8851"
"Komon";"DJ-Kicks (Will Saul) [Mixed Tracks]";"2";"6024"
"Joe Gray";"DJ-Kicks (Will Saul) [Mixed Tracks]";"2";"6025"
"Cottam";"DJ-Kicks (Will Saul) [Mixed Tracks]";"2";"6026"
"Youandewan";"DJ-Kicks (Will Saul) [Mixed Tracks]";"2";"6027"
"Jabru";"DJ-Kicks (Will Saul) [Mixed Tracks]";"2";"6028"
"Lrusse";"DJ-Kicks (Will Saul) [Mixed Tracks]";"2";"6029"
"Walton";"DJ-Kicks (Will Saul) [Mixed Tracks]";"2";"6030"
"Leon Vynehall";"DJ-Kicks (Will Saul) [Mixed Tracks]";"2";"6031"
"Will Saul";"DJ-Kicks (Will Saul) [Mixed Tracks]";"5";"3044"
"Sei A";"DJ-Kicks (Will Saul) [Mixed Tracks]";"4";"3692"
"Axel Boman / CLOSE";"DJ-Kicks (Will Saul) [Mixed Tracks]";"2";"6032"
"October";"DJ-Kicks (Will Saul) [Mixed Tracks]";"2";"6033"
"David Clement";"DJ-Kicks (Will Saul) [Mixed Tracks]";"3";"4621"
"Marquis Hawkes";"DJ-Kicks (Will Saul) [Mixed Tracks]";"1";"8852"
"Bicep";"DJ-Kicks (Will Saul) [Mixed Tracks]";"2";"6034"
"Legowelt";"DJ-Kicks (Will Saul) [Mixed Tracks]";"2";"6035"
"George Fitzgerald";"DJ-Kicks (Will Saul) [Mixed Tracks]";"2";"6036"
"Gerry Read";"DJ-Kicks (Will Saul) [Mixed Tracks]";"2";"6037"
"E:scape";"DJ-Kicks (Will Saul) [Mixed Tracks]";"2";"6038"
"Quixosis";"Destrancadera";"8";"1951"
"Quixosis";"poncho ácido";"6";"2577"
"Bill Withers";"Still Bill";"1";"8853"
"Baba Stiltz";"Showtime";"2";"6039"
"Segun Adewale";"Segun Adewale (Ben Gomori / Smbd Edits)";"2";"6040"
"Róisín Murphy";"Plaything / Like";"5";"3045"
"Kusht";"Runaway";"7";"2224"
"HOMESHAKE";"Fresh Air";"6";"2578"
"Sea Moya";"Falmenta";"84";"80"
"Ben Hauke";"Ben Hauke";"1";"8854"
"Chris Cohen";"As If Apart";"1";"8855"
"Yadava";"It Rains Here";"6";"2579"
"Freda Payne";"Reaching Out";"1";"8856"
"OONGA";"Botanas: Oonga";"2";"6041"
"KOKOKO!";"Tokoliana / L.O.V.E.";"1";"8857"
"YAM Records";"Marijus Aleksa - Lunar (FYI Chris Mix)";"1";"8858"
"Tillmann Ostendarp, O/Y";"EX-MMXVI";"1";"8859"
"Murphy Jax";"It's the Music";"2";"6042"
"Billy Caso";"Buddha Bar Presents Armen Miran & Ravin";"1";"8860"
"Thomash";"Moon Faze";"1";"8861"
"Puhdys";"Das Beste aus 25 Jahren";"2";"6043"
"Bill Evans";"Everybody Digs Bill Evans";"1";"8862"
"Laraaji";"We Shall Be Lifted";"2";"6044"
"Jon Hassell";"Aka / Darbari / Java";"3";"4622"
"Ray Lynch";"The Sky Of Mind";"6";"2580"
"Lambert";"We Share Phenomena";"66";"125"
"Neneh Cherry";"Broken Politics";"97";"53"
"Glue Trip";"Glue Trip";"4";"3693"
"Emancipator";"safe in the steep cliffs";"1";"8863"
"Addison Groove";"Changa";"2";"6045"
"Nicola Cruz";"Xummer Xampler 02";"1";"8864"
"Kraut";"Especias - EP";"3";"4623"
"Te'Amir";"Abyssinia Rise";"13";"1136"
"Arutani";"Abstract Heart";"3";"4624"
"Psilosamples";"A Guide to the Birdsong of South America";"3";"4625"
"Nickodemus";"A Long Engagement: Instrumentals & Extra Flowers";"7";"2225"
"Jaja";"Parts Unknown";"6";"2581"
"Hadi Zeidan";"Releases / EP 1";"1";"8865"
"Matanza";"Matanza";"45";"221"
"M.I.A.";"// / Y /"";";"1";"8866"
"SCHNTZL";"Lefto presents Jazz Cats";"1";"8867"
"Brzzvll";"Lefto presents Jazz Cats";"1";"8868"
"2 Times Nothing";"Lefto presents Jazz Cats";"1";"8869"
"LABtrio";"Lefto presents Jazz Cats";"1";"8870"
"Glass Museum";"Lefto presents Jazz Cats";"1";"8871"
"Steiger";"Lefto presents Jazz Cats";"1";"8872"
"De Beren Gieren";"Lefto presents Jazz Cats";"1";"8873"
"Black Flower";"Lefto presents Jazz Cats";"2";"6046"
"Commander Spoon";"Lefto presents Jazz Cats";"2";"6047"
"Stuff.";"old dreams new planets";"8";"1952"
"Compro Oro";"Lefto presents Jazz Cats";"1";"8874"
"Butcher Brown";"Camden Session";"3";"4626"
"Te'Amir";"LA Soul";"17";"794"
"Nicola Cruz";"Siete";"8";"1953"
"Joy O";"81b";"11";"1385"
"kurup";"Lusco Fusco - Random Collective Records";"8";"1954"
"environments";"Environments 2";"8";"1955"
"Wilfred Percussion";"Crown Ruler Sound compiled by Jeremy Spellacey";"1";"8875"
"Stimela";"Crown Ruler Sound compiled by Jeremy Spellacey";"2";"6048"
"Kosmik 3";"Crown Ruler Sound compiled by Jeremy Spellacey";"2";"6049"
"Mike Fabulous";"Crown Ruler Sound compiled by Jeremy Spellacey";"4";"3694"
"Feladey";"Crown Ruler Sound compiled by Jeremy Spellacey";"2";"6050"
"Ninze";"Arcadia";"2";"6051"
"Islandman";"Agit Remixes Vol. II";"13";"1137"
"Princesa";"Rodante";"1";"8876"
"Jean du Voyage";"Mantra";"7";"2226"
"Coss";"Forbidden Orchard";"1";"8877"
"Gerra G";"Desencanto";"1";"8878"
"LamatUuc";"Talavera Records 06";"1";"8879"
"Scott Blair";"Switched-On Eugene";"3";"4627"
"Software";"Digital-Dance";"5";"3046"
"Peter Nothnagle";"Switched-On Eugene";"4";"3695"
"Armen Miran";"Buddha-Bar, The Ultimate Experience";"1";"8880"
"Chancha Via Circuito";"Bienaventuranza";"3";"4628"
"Yuma";"Smek (Rey & Kjavik Remix)";"9";"1737"
"Umoja";"Vuelo Nocturno";"4";"3696"
"Mytron & Ofofo";"Ceremony";"11";"1386"
"Chaka Khan";"Like Sugar - EP";"3";"4629"
"Crussen";"Breakfast in the Hut";"3";"4630"
"Johannes Klingebiel";"Voula EP";"4";"3697"
"environments";"Environments 7";"3";"4631"
"Derryl Parsons";"Switched-On Eugene";"11";"1387"
"Multi Culti";"Voyager EP";"12";"1254"
"Pauline Anna Strom";"Trans-Millenia Music";"387";"1"
"Kusht";"Vardo";"2";"6052"
"Slow Machete";"Philia: Artists Rise Against Islamophobia";"8";"1956"
"Aleksandır";"Contrails";"16";"858"
"Lion Sphere";"A Moving Sun";"1";"8881"
"Ensemble Entendu";"Time Is Certainly Passing";"3";"4632"
"Afterclapp";"Cotton Clouds";"41";"254"
"Afterclapp";"Capitão de Areia";"12";"1255"
"Trans-Millenia Consort";"Aquatic Realms";"1";"8882"
"Steve Hillage";"Rainbow Dome Musick";"2";"6053"
"Dirk Barkemeijer de Wit";"DIDGERIDOO MEDITATION";"1";"8883"
"Kareem Lotfy";"mono no aware";"3";"4633"
"Bob Holroyd";"A Different Space";"4";"3698"
"Hans-Joachim Roedelius";"Wie Das Wispern des Windes";"1";"8884"
"Ka Baird";"Don't Look Now: Aural Apparitions from the Geographic North";"2";"6054"
"Vegyn";"Fourtune Cookie";"81";"85"
"The Bermuda Triangle";"Sketches From Space";"2";"6055"
"Brian Eno";"Eno/Wyatt/Davies: Music for Airports";"7";"2227"
"Ojard";"Euphonie";"17";"795"
"Nicola Noir";"100 Stories";"5";"3047"
"AmuAmu";"Afiafi";"3";"4634"
"Dolly Dream";"The Way to Heaven";"1";"8885"
"The Mauskovic Dance Band";"Things To Do";"6";"2582"
"Yussef Dayes";"Love Is the Message (Live at Abbey Road Studios)";"6";"2583"
"Andrew Bird";"Bloodless";"5";"3048"
"Art Feynman";"Ideal Drama";"6";"2584"
"Braxton Cook";"No Doubt";"5";"3049"
"Newen Afrobeat";"Newen Plays Fela";"3";"4635"
"Baba Commandant and the Mandingo Band";"Siri Ba Kele";"2";"6056"
"Sarathy Korwar";"Earth (feat. Upaj Collective) [Live]";"3";"4636"
"Jordan De La Sierra";"Gymnosphere: Song Of The Rose";"11";"1388"
"Peter Kardas";"Switched-On Eugene";"5";"3050"
"SMAGGHE & CROSS";"MA";"5";"3051"
"Simian Mobile Disco";"SACRIFICE";"2";"6057"
"Jon Keliehor";"The Beginning of Time";"2";"6058"
"Pariah";"Linnaea";"53";"175"
"Carl Stone";"Electronic Music from the Eighties and Nineties";"4";"3699"
"Astarius";"Astarius";"2";"6059"
"Yves Tumor";"mono no aware";"3";"4637"
"Tonstartssbandht";"Hymn";"1";"8886"
"Albrecht La'Brooy";"Edgewater Towers";"2";"6060"
"B12";"Electro-Soma";"1";"8887"
"K. Leimer";"DJ-Kicks (DJ Tennis) [Mixed Tracks]";"4";"3700"
"Dolphins Into the Future";"...On Sea-Faring Isolation";"4";"3701"
"Laraaji";"Ambient 3: Day Of Radiance";"3";"4638"
"Harald Grosskopf";"Oceanheart";"2";"6061"
"Cut Copy";"January Tape";"2";"6062"
"Hans-Joachim Roedelius";"Selbstportrait VI";"2";"6063"
"Bree Tranter";"Another Night On Earth";"89";"64"
"Elder Island";"Don't Lose";"2";"6064"
"Mother Funk";"Psychemagik Presents: Magik Sunset, Pt. 1";"2";"6065"
"Ragz Nordset";"Sleepdancing, Remixes";"2";"6066"
"Angus & Julia Stone";"Youngblood";"3";"4639"
"Almunia";"New Moon";"2";"6067"
"Umoja";"Je - Ka - Lo!";"3";"4640"
"Luiz Henrique";"Bossa Nova Singers (Jazz Club)";"8";"1957"
"Afterclapp";"Desert Blues";"1";"8888"
"Afterclapp";"Inner City LP";"1";"8889"
"L'Impératrice";"Odyssée - EP";"1";"8890"
"C.A.R.";"Pinned Down";"1";"8891"
"Parcels";"Gamesofluck";"4";"3702"
"Monolink";"Swallow";"4";"3703"
"PillowTalk";"All People";"1";"8892"
"Manoo";"Toukan EP";"1";"8893"
"World Champion";"Avocado Galaxy";"1";"8894"
"Michel Degen";"Armonia";"1";"8895"
"Amy Shark";"Don't Turn Around";"1";"8896"
"Tash Sultana";"Mystik";"1";"8897"
"Kandiafa";"Nyonton St Germain Remix";"1";"8898"
"Coma";"In Technicolor Remixe";"1";"8899"
"Photay";"Onism";"1";"8900"
"Stavroz";"Kasambila";"1";"8901"
"Miel De Montagne";"Petit garçon";"1";"8902"
"SANTÉ";"Awake (feat. J.U.D.G.E) [Agoria Remix]";"1";"8903"
"jPattersson";"Folks & Fanfare";"1";"8904"
"Hidden Spheres";"Waiting";"4";"3704"
"Tunnelvisions";"Ritual II";"1";"8905"
"La Fine Equipe";"Creme";"2";"6068"
"Nina Kraviz";"I'm Week";"1";"8906"
"Bilderbuch";"eine nacht in manila";"1";"8907"
"Junior A";"Born Busy";"1";"8908"
"Here Is Why";"Sonnenfinsternis";"1";"8909"
"Alba";"Walk to 159";"1";"8910"
"Josienne Clarke And Ben Walker";"The Birds";"1";"8911"
"Twinset";"Mystical Soul";"1";"8912"
"Norman Weber";"Happenings Of Life";"1";"8913"
"Slow Machete";"Ola Mala";"61";"142"
"Hindi Zahra";"Nouveau Beat - Monte Carlo Nights";"1";"8914"
"Hindi Zahra";"Handmade [New Version - Includes Bonus]";"1";"8915"
"Dhafer Youssef";"Birds Requiem";"2";"6069"
"Roc Marciano";"Rosebudd's Revenge";"6";"2585"
"Elve";"Emerald";"161";"20"
"Harold Budd";"The Pavilion Of Dreams";"6";"2586"
"Deniece Williams";"This is Niecy";"5";"3052"
"Kwes.";"Midori";"4";"3705"
"Dorothy Ashby";"Feeling Good";"8";"1958"
"Miles Davis";"Jazz Legends: Saxophone";"5";"3053"
"Joe Henderson";"Page One";"4";"3706"
"Desolate";"Lunar Glyphs";"5";"3054"
"Gang Colours";"The Keychain Collection";"1";"8916"
"Deniece Williams";"The Best Of Deniece Williams: Gonna Take A Miracle";"1";"8917"
"JINKU";"Wild Things";"1";"8918"
"Chino Amobi";"Paradiso";"1";"8919"
"Arp";"FRKWYS Vol. 3: Arp & Anthony Moore";"2";"6070"
"Alessandro Cortini";"Avanti";"1";"8920"
"Michael Stearns";"Best of Hearts of Space, No. 1: First Flight";"1";"8921"
"Ian William Craig";"Meaning Turns to Whispers";"3";"4641"
"Miyako Koda";"In the Shadow of Jupiter";"2";"6071"
"Ola Szmidt";"Autumn";"3";"4642"
"Hove";"Portes du Soleil";"3";"4643"
"Matthewdavid’s Mindflight";"Trust the Guide and Glide";"3";"4644"
"Nova Nova";"Nova Nova vs. Canblaster (Remixes)";"2";"6072"
"Jonny Nash";"Exit Strategies";"4";"3707"
"Various artists (2)";"The Ambient Collection";"73";"106"
"Nusrat Fateh Ali Khan";"Mustt Mustt (Real World Gold)";"2";"6073"
"Todd Rundgren";"Runt";"2";"6074"
"Marbert Rocel";"In The Beginning";"17";"796"
"Stu Mindeman";"Woven Threads";"17";"797"
"Drugdealer";"The End Of Comedy";"1";"8922"
"Good Morning";"Prize//Reward";"1";"8923"
"The Equatics";"Doin It!!!!";"1";"8924"
"Fatima";"And Yet It's All Love";"1";"8925"
"LOVING";"Loving";"1";"8926"
"Paul McCartney";"McCartney II (Special Edition)";"5";"3055"
"Sharon Jones and the Dap-Kings";"Naturally";"1";"8927"
"Jonny Drop";"Flash Light";"1";"8928"
"Perera Elsewhere";"Weary (Chino Amobi Remix)";"1";"8929"
"Brzzvll";"First Let's Dance: A 'Nuff Said Celebration";"3";"4645"
"Fjaak";"Fjaak";"1";"8930"
"Tirzah";"Devotion";"3";"4646"
"Leben Und Arbeiten";"JD Twitch presents Kreaturen Der Nacht";"1";"8931"
"Biogen";"Halogen Continues";"2";"6075"
"Suso Saiz";"Odisea";"2";"6076"
"Yialmelic Frequencies";"Yililok";"1";"8932"
"Ami Shavit";"In Alpha Mood";"1";"8933"
"Rezzett";"Rezzett LP";"1";"8934"
"Akira Rabelais";"Eisoptrophobia";"2";"6077"
"Nu";"Pensamiento";"2";"6078"
"Move D";"Roll Split / 460 Melrose Ave";"3";"4647"
"Donato Dozzy";"Cassandra";"10";"1552"
"Sebastian Mullaert";"Windmaker";"1";"8935"
"Patrice Bäumel";"Glutes";"1";"8936"
"Jose Padilla";"Presents : Sorry for the Delay - Wolf Müller's Most Whimsical Remixes";"4";"3708"
"Eitan Reiter";"Loop For Today";"3";"4648"
"Tobias";"Eyes In The Center";"3";"4649"
"Don't Problem";"Don't Problem - EP";"5";"3056"
"Ljudbilden & Piloten";"One Hundred Fifty-Five";"8";"1959"
"Eitan Reiter";"Give It Life";"16";"859"
"José González";"& The Brite Lites at Svenska Grammofonstudion";"2";"6079"
"Sigrid";"Sucker Punch";"1";"8937"
"Guida De Palma";"Atlas";"1";"8938"
"Cluster";"Sowiesoso";"48";"201"
"veranda culture";"Veranda Culture";"2";"6080"
"Hans-Joachim Roedelius";"Wenn Der Südwind Weht";"10";"1553"
"Panda Bear";"Last Night at the Jetty";"1";"8939"
"Iasos";"Sacred Sonic Tools";"5";"3057"
"Lido Pimienta";"Tributaries: A Remix Album (El Búho Remixes)";"1";"8940"
"Kike Pinto";"Tributaries: A Remix Album (El Búho Remixes)";"1";"8941"
"GO DUGONG";"Tributaries: A Remix Album (El Búho Remixes)";"1";"8942"
"Chancha Via Circuito";"Tributaries: A Remix Album (El Búho Remixes)";"1";"8943"
"Quantic";"Tributaries: A Remix Album (El Búho Remixes)";"1";"8944"
"Populous";"Tributaries: A Remix Album (El Búho Remixes)";"1";"8945"
"Bukahara";"Tributaries: A Remix Album (El Búho Remixes)";"1";"8946"
"Deela";"Tributaries: A Remix Album (El Búho Remixes)";"1";"8947"
"JINKU";"Tributaries: A Remix Album (El Búho Remixes)";"2";"6081"
"BeGun";"Tributaries: A Remix Album (El Búho Remixes)";"3";"4650"
"Sango";"Sweet Holy Honey";"1";"8948"
"Mr. YT";"Brand New Day";"1";"8949"
"Martin Glass";"The Pacific Visions of Martin Glass";"7";"2228"
"Matt Karmil";"Will";"2";"6082"
"Felicia Atkinson";"Comme Un Seul Narcisse";"4";"3709"
"Leyland Kirby";"SMM: Context";"2";"6083"
"Stimming";"Your Dreams";"3";"4651"
"Isolée";"DJ Koze Presents Pampa, Vol. 1";"1";"8950"
"Happy Meals";"Full Ashram Devotional Ceremony";"4";"3710"
"Martyn Heyne";"Electric Intervals";"11";"1389"
"Sarah Davachi";"All My Circles Run";"2";"6084"
"Mark Renner";"Few Traces";"4";"3711"
"Para One";"Passion";"2";"6085"
"Isao Tomita";"Snowflakes Are Dancing";"1";"8951"
"Wareika Hill Sounds";"No More War EP";"3";"4652"
"Melanie Velarde";"Parcel";"1";"8952"
"SofaTalk";"Patchwork Jazz";"5";"3058"
"Andrés";"Soul Jazz Records Presents Sounds of the Universe: Art + Sound 2012-15 Vol.1";"1";"8953"
"Blludd Relations";"Soul Jazz Records Presents Sounds of the Universe: Art + Sound 2012-15 Vol.1";"1";"8954"
"Heatsick";"Soul Jazz Records Presents Sounds of the Universe: Art + Sound 2012-15 Vol.1";"2";"6086"
"Jon Hassell";"Power Spot";"1";"8955"
"J.D. Emmanuel";"Time Traveler";"1";"8956"
"Aphex Twin";"Selected Ambient Works Volume II";"4";"3712"
"Actress";"AZD";"2";"6087"
"Francesco Tristano";"The Melody - EP";"8";"1960"
"HNNY";"Ta Paus";"16";"860"
"Grandbrothers";"Dilation";"7";"2229"
"The Four Freshmen";"Day by Day";"4";"3713"
"Tycho";"Awake (Deluxe Version)";"11";"1390"
"Gustavo Santaolalla";"Ronroco";"5";"3059"
"TM Juke";"Maps From The Wilderness";"15";"943"
"Kozmonaut";"Flieg (Album Sampler)";"53";"176"
"Pan•American";"Quiet City";"2";"6088"
"Yamaneko";"Spa Commissions";"3";"4653"
"00110100 01010100";"0181";"10";"1554"
"Analogue Dear";"Sonder";"2";"6089"
"Massive Attack";"Collected";"3";"4654"
"Ernest Ranglin";"Ranglypso";"7";"2230"
"Marvin Horsch";"Fukushisha";"3";"4655"
"Arthur Russell";"World of Echo";"4";"3714"
"Cool Maritime";"Some Sort of Wave Portal";"42";"242"
"Jonathan Kaspar";"Panem";"2";"6090"
"Maribou State";"Kingdom (feat. North Downs) (Adesse Versions Remix)";"2";"6091"
"J.B. Banfi";"Soul Jazz Records presents Space, Energy & Light: Experimental Electronic And Acoustic Soundscapes 1961-88";"1";"8957"
"Michael Garrison";"Soul Jazz Records presents Space, Energy & Light: Experimental Electronic And Acoustic Soundscapes 1961-88";"1";"8958"
"Iasos";"Soul Jazz Records presents Space, Energy & Light: Experimental Electronic And Acoustic Soundscapes 1961-88";"2";"6092"
"Carl Matthews";"Soul Jazz Records presents Space, Energy & Light: Experimental Electronic And Acoustic Soundscapes 1961-88";"1";"8959"
"Tim Blake";"Soul Jazz Records presents Space, Energy & Light: Experimental Electronic And Acoustic Soundscapes 1961-88";"1";"8960"
"Skinshape";"Filoxiny";"28";"396"
"Andrew Bird";"10 Years of Mom+Pop";"1";"8961"
"Brian Eno";"Reflection";"76";"95"
"Rue Royale";"In Parallel";"6";"2587"
"Oliver Koletzki";"Noordhoek";"1";"8962"
"Fort Romeau";"Secrets & Lies";"1";"8963"
"Marquis Hawkes";"The Basement Is Burning";"1";"8964"
"Wajatta";"Casual High Technology";"1";"8965"
"Fake Mood";"Wandering Tribe";"2";"6093"
"Makossa & Megablast";"Soy Como Soy";"6";"2588"
"Behrellips";"Get Physical Presents: Africa Gets Physical, Vol. 1 - Mixed by Ryan Murgatroyd";"1";"8966"
"The Babe Rainbow (AUS)";"Monky Disco (Jono Ma Dub Mix)";"5";"3060"
"St Germain";"Sittin' Here (Remixes)";"1";"8967"
"Sabo";"Vibe Quest Remixes";"1";"8968"
"Simian Mobile Disco";"Murmurations";"1";"8969"
"Bona Fide & Johnny Leoni";"Sunday Afternoon, Vol. 3";"1";"8970"
"La Maison Tellier";"Sur un volcan";"2";"6094"
"Argento Dust";"We Are Not Afraid";"2";"6095"
"Gernot Bronsert";"Beauty In Simplicity";"2";"6096"
"Brian Eno";"Ambient 1/Music For Airports";"6";"2589"
"Vangelis";"Blade Runner (Music from the Original Soundtrack)";"3";"4656"
"Pantha du Prince & The Bell Laboratory";"Elements of Light";"1";"8971"
"Harold Budd";"Ambient, Vol. 2: The Plateaux Of Mirror";"4";"3715"
"Brian Eno";"Ambient, Vol. 2: The Plateaux Of Mirror";"6";"2590"
"Sage Caswell";"Hoop Earring";"3";"4657"
"Cluster";"Bureau B - Katalog 1";"12";"1256"
"dictaphone";"APR 70";"3";"4658"
"Hans-Joachim Roedelius";"Selbstportrait I";"1";"8972"
"Jason Kolàr";"Modified Perspectives";"79";"88"
"Jordan Rakei";"Sorceress (Acoustic)";"8";"1961"
"Ekkehard Ehlers";"Plays";"7";"2231"
"Nathan Fake";"Providence Reworks: Part II";"4";"3716"
"Haruka Nakamura";"twilight";"5";"3061"
"Zongamin";"O!";"14";"1026"
"Kermesse";"Kermesse";"13";"1138"
"Jonathan Kaspar";"Paradise";"5";"3062"
"Adam Port";"Planet 9 EP";"6";"2591"
"Mayra Andrade";"Afeto";"1";"8973"
"Josa Peit";"Constellation EP";"16";"861"
"tajima hal";"tones";"4";"3717"
"Federico Durand";"El libro de los árboles mágicos";"71";"109"
"Visible Cloaks";"Visible Cloaks";"50";"188"
"Connie Constance";"Let Go";"8";"1962"
"Sun Ra";"New Steps";"4";"3718"
"Joey Pecoraro";"Little Pear";"15";"944"
"Denai Moore";"The Lake";"8";"1963"
"Jaco Pastorius";"Jaco Pastorius";"3";"4659"
"Contact Play";"Champion Fraff";"22";"548"
"Oscar Jerome";"Oscar Jerome";"3";"4660"
"Max Richter";"From Sleep";"5";"3063"
"Koss";"Silence";"2";"6097"
"F.S. Blumm";"Tag Eins Tag Zwei";"4";"3719"
"Ryuichi Sakamoto";"async";"4";"3720"
"Ebo Taylor";"Ene Nyame (Henrik Schwarz Blend)";"9";"1738"
"47 Soul";"Shamstep";"1";"8974"
"Quixosis";"Telar EP";"4";"3721"
"Chelou";"Out of Sight";"68";"119"
"Lambert";"Grauer Beton (Lambert Rework)";"9";"1739"
"Bibio";"Phantom Brickworks";"1";"8975"
"Bing & Ruth";"No Home of the Mind";"3";"4661"
"Norrland";"Norrland";"1";"8976"
"Porn Sword Tobacco";"New Exclusive Olympic Heights";"3";"4662"
"Helm";"Olympic Mess";"2";"6098"
"Sebastian Mullaert";"Reflections of Nothingness";"10";"1555"
"Vakula";"Dekmantel Podcast";"1";"8977"
"kurup";"Kurup Singles";"23";"521"
"Thor Rixon";"Songs from the Bath";"1";"8978"
"Bill Callahan";"Have Fun With God";"1";"8979"
"Slowdive";"Just for a Day";"1";"8980"
"Allen Ginsberg";"Ballad Of The Lights";"1";"8981"
"Visible Cloaks";"Wheel";"1";"8982"
"Casino Versus Japan";"Frozen Geometry";"1";"8983"
"Machinefabriek";"Slaapzucht";"2";"6099"
"Odessey And Oracle";"Speculatio";"2";"6100"
"Tom Rogerson";"Finding Shore";"43";"234"
"Brian Eno";"Unnoticed Planet";"1";"8984"
"Beatrice Dillon";"Face A/B";"7";"2232"
"Aso";"Ride Away";"2";"6101"
"Two Inch Punch";"Love You Up EP";"3";"4663"
"Billy Cobham";"Crosswinds";"5";"3064"
"Marc Moulin";"Sam' Suffy";"3";"4664"
"Marcos Valle";"Jet-Samba";"3";"4665"
"Sampha";"Process";"2";"6102"
"Alice Coltrane";"A Monastic Trio";"19";"684"
"Aera";"The Sound Path";"17";"798"
"Stas";"Shika Shika / Botanas Series";"3";"4666"
"Turtle";"Human";"4";"3722"
"Abrão";"Omnam";"13";"1139"
"Cluster & Brian Eno";"Bureau B - Katalog 1";"36";"296"
"Commodo";"Black Acre: Once Around The Sun 2018";"1";"8985"
"Beatrice Dillon";"Blues Dances";"6";"2592"
"Dorisburg";"Irrbloss";"12";"1257"
"David Lord";"Forest Standards, Vol. 1";"11";"1391"
"Sampa the Great";"Energy";"26";"434"
"Coma";"Deep N' Tech 3";"4";"3723"
"Hunrosa";"Wah Wah Remixed 2";"4";"3724"
"Quixosis";"De Fiúcher";"13";"1140"
"Victor Démé";"Victor Démé";"5";"3065"
"Nicola Cruz";"Arka";"2";"6103"
"Terry Hall & Mushtaq";"The Hour of Two Lights";"3";"4667"
"Brian Eno";"The Ship";"5";"3066"
"John Cage";"Cage: Early Piano Music";"7";"2233"
"Georgs Pelēcis";"Into Silence: Pärt | Vasks | Górecki | Pelēcis";"1";"8986"
"Claude Debussy";"Memory";"1";"8987"
"Philip Glass";"The Truman Show (feat. Philip Glass) [Music from the Motion Picture of Peter Weir]";"1";"8988"
"Hans Zimmer";"Interstellar: Original Motion Picture Soundtrack";"2";"6104"
"Nick Cave";"Mars (Original Series Sountrack)";"1";"8989"
"Nick Cave & Warren Ellis";"Mars (Original Series Sountrack)";"1";"8990"
"Micachu";"Under the Skin (Original Motion Picture Soundtrack)";"2";"6105"
"Toto";"Dune";"2";"6106"
"Ramin Djawadi";"Westworld: Season 1 (Music from the HBO® Series)";"1";"8991"
"Clint Mansell";"Moon (Original Motion Picture Soundtrack)";"1";"8992"
"Christian Löffler";"Mare";"11";"1392"
"Frédéric Chopin";"Chopin: the Essentials";"1";"8993"
"Georgs Pelēcis";"Roots";"1";"8994"
"Ludwig van Beethoven";"Beethoven: Piano Sonatas, Vol. 2 - Nos. 4, 14 'Moonlight, 24 &Fantasy in G Minor";"1";"8995"
"Franz Liszt";"Liszt: Piano Works";"1";"8996"
"Caffee Concerto";"Best Of Schubert";"2";"6107"
"Max Bruch";"Bruch: Violin Concerto No. 1 / De Sarasate: Carmen Fantasy";"1";"8997"
"Ludwig van Beethoven";"Beethoven: Piano Sonata No.32, Op.111; Bagatelles";"10";"1556"
"Franz Liszt";"Liszt: Scherzo and March / 3 Liebestraume / Berceuse";"1";"8998"
"Eagle Lake";"Nights";"1";"8999"
"Ana Olgica";"Atoms";"1";"9000"
"Lo Mimieux";"Berceuse";"1";"9001"
"Sigríður";"Foreign Fields";"1";"9002"
"Agni Bjark";"Snow";"1";"9003"
"Hultana";"Moving Forest";"1";"9004"
"Hushed";"In Dreams";"1";"9005"
"Steven Windhaug";"Peacefulness";"1";"9006"
"Strange Imagining";"Magnetic";"1";"9007"
"Rand Aldo";"Aquatic Flow";"1";"9008"
"Erki Pärnoja";"Saja Lugu";"1";"9009"
"RJ Malcolm";"Interstellar";"1";"9010"
"Dorothy Laddland";"Far Away";"1";"9011"
"Luchs";"Dawning";"1";"9012"
"Silver Maple";"Partly Cloudy";"1";"9013"
"John Henriksson";"Study Music (The Piano Collection)";"1";"9014"
"Lake Geneva";"Sparkles";"1";"9015"
"Enzo Electronic";"ENZO";"1";"9016"
"Trevor Kowalski";"Prelude";"1";"9017"
"Pergélisol";"Tulita Skies";"1";"9018"
"Regina Mira";"October";"2";"6108"
"Be One";"Some Say";"1";"9019"
"Peter Sandberg";"Nainsook";"1";"9020"
"Aaron Lansing";"Arctic Tern";"1";"9021"
"Sleeping at Last";"Many Beautiful Things (Original Motion Picture Soundtrack)";"1";"9022"
"Ivy Rue";"Mandala";"1";"9023"
"Arden Forest";"Dark Taupe";"1";"9024"
"Gabriel Parker";"Fractions";"2";"6109"
"Reversible";"Stray Horses";"1";"9025"
"Dakota Suite";"The North Green Down";"1";"9026"
"Visible Cloaks";"Reassemblage";"6";"2593"
"Burnt Friedman";"Plays Love Songs";"3";"4668"
"Christian Naujoks";"Wave";"1";"9027"
"Ligovskoï";"Dilip EP and Remixes";"1";"9028"
"Tenniscoats";"Totemo Aimasho";"2";"6110"
"John Luther Adams";"Four Thousand Holes";"1";"9029"
"A Macaca & Peter Power";"Voodoohop: Entropia Coletiva I";"2";"6111"
"Arutani, Steffen Kirchhoff";"1Löffelchen";"1";"9030"
"Lucas Croon & Carsten Dämbkes";"Mogul 3";"1";"9031"
"Lucas Croon";"Schlachthof Aufnahmen";"1";"9032"
"Sampa the Great";"Birds And The BEE9";"33";"322"
"Sonido Gallo Negro";"Mambo Cósmico";"18";"740"
"Helm";"Olympic Mess (N1L & Beatrice Dillon Remixes)";"2";"6112"
"Noblesse Oblige";"The Great Electrifier - Beck And Call";"3";"4669"
"Dollskabeat";"Bored of Shit";"1";"9033"
"Vakula";"Firecracker Ep 05 (Firecracker Rec)";"1";"9034"
"Vakula";"Nema EP WEB";"1";"9035"
"Vakula";"Slavic Mythology";"1";"9036"
"Vakula";"Saturday";"1";"9037"
"Helm";"Olympic Mess Remixes";"5";"3067"
"Vakula & Kuniyuki";"Session North #1 & Passage To The Moon";"7";"2234"
"Beatrice Dillon";"Split";"2";"6113"
"Karen Gwyer";"Rembo";"11";"1393"
"Karen Gwyer";"Split";"2";"6114"
"Eris Drew";"Devotion";"15";"945"
"Marquis Hill";"Kiss and Tell";"1";"9038"
"Theon Cross";"Panda Village (feat. Moses Boyd & Nubya Garcia)";"1";"9039"
"Workdub";"Subterranean";"12";"1258"
"Octo Octa";"Devotion";"5";"3068"
"Octo Octa";"Adrift";"1";"9040"
"Octo Octa";"Move On (Let Go) [De-stress Mix (Edit)]";"1";"9041"
"Octo Octa";"More Times EP";"3";"4670"
"Rina";"Data Dinner";"1";"9042"
"Fit of Body";"Black Box No Cops";"29";"377"
"Hecq";"steeltongued";"1";"9043"
"Umeko Ando";"Ihunke";"1";"9044"
"Neil Cowley Trio";"Spacebound Apes";"89";"65"
"Dorisburg";"Live At Freerotation 2018";"5";"3069"
"Johanna Knutsson";"Live At Freerotation 2018";"2";"6115"
"Mathew Jonson";"Live At Freerotation 2018";"2";"6116"
"Hudson People";"Back Street Brit Funk Compiled By Joey Negro";"1";"9045"
"Charlotte dos Santos";"Cleo";"3";"4671"
"Sivu";"Sweet Sweet Silent";"7";"2235"
"Nick Hakim";"Where Will We Go, Pt. 2 (EP)";"2";"6117"
"Leon Vynehall";"Midnight On Rainbow Road";"4";"3725"
"K. Leimer";"A Period of Review (Original Recordings: 1975 - 1983)";"46";"213"
"Sarathy Korwar";"My East Is Your West (feat. Upaj Collective) [Live]";"3";"4672"
"Darling";"JPS";"2";"6118"
"Tom Zé";"Warner 30 Anos";"6";"2594"
"Os Originais Do Samba";"Tudo Ben: Jorge Ben Covered (Mr Bongo presents)";"1";"9046"
"P.r.Λ.Λ.H";"Urban Cosmonaut Reveries";"1";"9047"
"Umoja";"Ayena / Kponyole";"9";"1740"
"Peter Gregson";"Bach: The Cello Suites - Recomposed by Peter Gregson";"13";"1141"
"Dauwd";"Shades of Minimalism 10";"2";"6119"
"dominik marz";"Tryads";"1";"9048"
"Alexis Taylor";"Listen With(out) Piano";"1";"9049"
"Mor Elian";"Move like Atoms";"5";"3070"
"Alan Braufman";"Valley of Search";"2";"6120"
"Akala";"The Thieves Banquet";"1";"9050"
"Ego Ella May";"Table for One";"9";"1741"
"Volo";"Telos";"1";"9051"
"Hejira";"Ribs";"8";"1964"
"Faodail";"Plumeria";"2";"6121"
"Tor";"Blue Book";"2";"6122"
"SubLab";"Maera";"1";"9052"
"Steve Reich";"Late Night Tales: The Cinematic Orchestra";"2";"6123"
"Boards of Canada";"Late Night Tales: BADBADNOTGOOD";"4";"3726"
"David Holmes";"Late Night Tales: David Holmes";"1";"9053"
"Carl Stone";"Mom's";"57";"161"
"Michel Redolfi";"Underwater Music";"2";"6124"
"Gigi Masin";"Talk To The Sea";"9";"1742"
"Oliver Coates";"Micachu - Peace & Riding Through Drinking Harpo Dine";"2";"6125"
"Bill Evans";"Late Night Tales: Bonobo";"4";"3727"
"june11";"11000 Dreams";"3";"4673"
"Roy Montgomery";"Temple IV";"2";"6126"
"Lou Ragland";"Lou Ragland Is The Conveyor";"2";"6127"
"Le Stim";"A Tribute To Muhammad Ali (We Crown The King)";"1";"9054"
"Osmar Milito";"Chill Brazil - Sand (Volume 1)";"1";"9055"
"Trio Ternura";"Trio Ternura (Compacto 1973)";"6";"2595"
"Joyce/Part. Esp.: Gilson Peranzzetta Gentilmente Cedido Pela Vison";"Blue Brazil";"1";"9056"
"Oluko Imo";"Caribbean Disco Boogie Sounds (1977-1982 Selected by Waxist)";"2";"6128"
"Nat King Cole";"Christmas with Nat, Dean and Bing";"1";"9057"
"Stevie Wonder";"Someday At Christmas";"1";"9058"
"The Waitresses";"Deluxe Special";"1";"9059"
"The Darkness";"Christmas Time (Don't Let the Bells End)";"2";"6129"
"John Denver";"Rocky Mountain Christmas";"1";"9060"
"Bruce Springsteen";"Santa Claus Is Comin' to Town (Live at C.W. Post College, Greenvale, NY - December 1975)";"4";"3728"
"Jona Lewie";"The Best of Jona Lewie";"2";"6130"
"Andy Williams";"The Andy Williams Christmas Album";"3";"4674"
"The Pretenders";"Learning To Crawl [Expanded and Remastered]";"1";"9061"
"Wham!";"Twenty Five";"2";"6131"
"Leona Lewis";"Christmas, with Love";"1";"9062"
"Mariah Carey";"Merry Christmas";"4";"3729"
"Shakin' Stevens";"Shakin' Stevens - The Collection";"1";"9063"
"Steps";"Platinum Christmas";"1";"9064"
"Daryl Hall & John Oates";"Jingle Bell Rock";"2";"6132"
"The Crystals";"A Christmas Gift for You From Phil Spector";"1";"9065"
"Brenda Lee";"A Brenda Lee Christmas";"2";"6133"
"Darlene Love";"A Christmas Gift for You From Phil Spector";"5";"3071"
"Various artists (2)";"Ultimate Christmas Collection";"2";"6134"
"Sharon Jones and the Dap-Kings";"It's a Holiday Soul Party";"1";"9066"
"Little Mix";"Love Me Like You (The Collection)";"1";"9067"
"Noddy Holder";"100 Essential Christmas Songs";"1";"9068"
"John Lennon";"Power To The People - The Hits";"3";"4675"
"Kylie Minogue";"Kylie Christmas";"1";"9069"
"Idina Menzel";"Holiday Wishes";"1";"9070"
"Carly Rae Jepsen";"Last Christmas";"1";"9071"
"Queen";"Greatest Hits III";"1";"9072"
"Mud";"The Very Best Of Mud";"1";"9073"
"Band Aid";"Do They Know It's Christmas?";"1";"9074"
"The Pogues";"Fairytale of New York";"2";"6135"
"Kelly Clarkson";"Wrapped in Red";"2";"6136"
"Elton John";"Caribou";"1";"9075"
"Wizzard";"Complete Christmas Party";"1";"9076"
"Michael Bublé";"Christmas (Deluxe Special Edition)";"3";"4676"
"Boney M.";"Mary's Boy Child";"1";"9077"
"Kylie Minogue";"Kylie Christmas (Snow Queen Edition)";"1";"9078"
"The Wombats";"Is This Christmas? (2-track DMD)";"1";"9079"
"Miley Cyrus";"Happy Xmas (War Is Over) (feat. Sean Ono Lennon)";"2";"6137"
"R. Kelly";"12 Nights Of Christmas";"1";"9080"
"Clementine Duo";"Christmas";"2";"6138"
"Gabrielle Aplin";"December";"1";"9081"
"Olga Chung";"Santa Baby";"2";"6139"
"Mindy Gledhill";"Winter Moon";"1";"9082"
"Josh Garrels";"The Light Came Down";"1";"9083"
"Handsome and Gretyl";"Wonder";"2";"6140"
"Tyrone Wells";"The Christmas Album";"2";"6141"
"Jillian Edwards";"All My Christmases";"1";"9084"
"Adam Christopher";"Acoustic Christmas Hits";"1";"9085"
"Caroline Pennell";"December Songs";"2";"6142"
"Johnnyswim";"A Johnnyswim Christmas";"2";"6143"
"Jack Johnson";"This Warm December, A Brushfire Holiday Vol. 2";"2";"6144"
"Amber Leigh Irish";"Acoustic Christmas Hits";"1";"9086"
"Tore Bojsten";"Acoustic Christmas";"1";"9087"
"Jason Mraz";"This Is Christmas - Festive Favourites";"2";"6145"
"Missy & Blonde";"Silent Night";"1";"9088"
"Catherine Feeny";"The Hotel Café presents... Winter Songs";"2";"6146"
"Lydia Liza";"Baby, It's Cold Outside";"2";"6147"
"Karizma Duo";"Playlist of Christmas Songs";"1";"9089"
"Daniela Andrade";"The Christmas EP";"4";"3730"
"Jaymay";"Jaymay Sings Christmas";"1";"9090"
"Cœur de Pirate";"Chansons tristes pour Noël";"1";"9091"
"Jon McLaughlin";"The Christmas EP";"1";"9092"
"Sara Farell";"I'll Be Home For Christmas";"1";"9093"
"Darlene Zschech";"The Table: A Christmas Worship Gathering";"1";"9094"
"Cody Simpson";"The Acoustic Sessions";"1";"9095"
"Mason Jennings";"This Warm December: Brushfire Holiday's Vol. 1";"1";"9096"
"First Aid Kit";"Live from BBC Radio 2";"1";"9097"
"Sovereign Grace Music";"Prepare Him Room: Celebrating the Birth of Jesus in Song";"1";"9098"
"Eric Lugosch";"New Tradition";"2";"6148"
"Keston Cobblers Club";"Have Yourself a Merry Little Christmas";"2";"6149"
"Ron Sexsmith";"The O.C. Mix 3 Have a Very Merry Chrismukkah";"1";"9099"
"Dundas";"White Christmas";"1";"9100"
"Bright Eyes";"A Christmas Album";"1";"9101"
"Dan Berk";"Acoustic Christmas Hits";"1";"9102"
"Meiko";"Merry Christmas Wherever You Are (Acoustic)";"1";"9103"
"Tore Bojsten";"Acoustic Christmas (Deluxe Edition)";"1";"9104"
"Bailey Jehl";"Christmas Lights";"1";"9105"
"Rose Cousins";"Little Road to Bethlehem";"1";"9106"
"Andreas Weise";"Before Christmas";"2";"6150"
"Brad Paisley";"Xmas Hits";"1";"9107"
"Perry Como";"Xmas Hits";"2";"6151"
"Elvis Presley";"Xmas Hits";"1";"9108"
"John Williams";"Xmas Hits";"1";"9109"
"Johnny Mathis";"Xmas Hits";"1";"9110"
"Run–D.M.C.";"Xmas Hits";"1";"9111"
"Nightmares on Wax";"Feelin' Good";"8";"1965"
"Mazzy Star";"Among My Swan";"3";"4677"
"Volo";"Sun Drops";"4";"3731"
"Sirens Of Lesbos";"We'll Be Fine";"9";"1743"
"Johnny Moore";"Mad Mats presents Digging Beyond the Crates";"2";"6152"
"Danilo & Pablo";"Mcde Recordings Best of (2008-2018)";"1";"9112"
"Motor City Drum Ensemble";"Mcde Recordings Best of (2008-2018)";"3";"4678"
"LateComer";"Mcde Recordings Best of (2008-2018)";"1";"9113"
"salvador araguaya";"Redemunho";"2";"6153"
"Gappy Ranks";"Mad Mats presents Digging Beyond the Crates";"1";"9114"
"Ensemble Entendu";"Mad Mats presents Digging Beyond the Crates";"1";"9115"
"Cuthead";"Mad Mats presents Digging Beyond the Crates";"1";"9116"
"Intimate Disco";"Mad Mats presents Digging Beyond the Crates";"1";"9117"
"Psalms";"Mad Mats presents Digging Beyond the Crates";"1";"9118"
"Yvonne Gray";"Mad Mats presents Digging Beyond the Crates";"1";"9119"
"Bobby Hebb";"Mad Mats presents Digging Beyond the Crates";"1";"9120"
"Bill Laurance";"Mad Mats presents Digging Beyond the Crates";"2";"6154"
"Bill Laurance";"Aftersun";"1";"9121"
"Jimmy Smith";"Dynamic Duo (Originals International Version)";"6";"2596"
"Keith Jarrett";"Somewhere Before";"3";"4679"
"Johann Sebastian Bach";"Six Evolutions - Bach: Cello Suites";"36";"297"
"Patti Austin";"Body Language";"2";"6155"
"Leon Thomas";"The Creator 1969-1973: The Best Of The Flying Dutchman Masters";"1";"9122"
"Prins Thomas";"The Movement of the Free Spirit";"59";"150"
"Klein";"FABRICLIVE.100 - Kode9 & Burial";"1";"9123"
"Various artists (11)";"Paradise Goulash";"18";"741"
"Max Richter";"Recomposed by Max Richter: Vivaldi, The Four Seasons";"8";"1966"
"Haley";"Pleasureland";"129";"32"
"Peter Thomas";"Switched-On Eugene";"3";"4680"
"Güero";"My Way My Rules";"9";"1744"
"Alban Endlos";"Goldene Welt";"15";"946"
"Hieroglyphic Being";"Paradise Goulash Versions";"3";"4681"
"Bruce Antoine";"Christmas Songs";"1";"9124"
"Annie Leigh";"Grand Piano Christmas";"1";"9125"
"Paul Williams";"The Muppets Christmas Carol";"1";"9126"
"Pyotr Ilyich Tchaikovsky";"Der Nussknacker";"2";"6156"
"Arthur Mass";"Peaceful Christmas Piano";"2";"6157"
"Leroy Anderson";"Anderson, L.: Orchestral Music, Vol. 3 - Sleigh Ride / The Typewriter / Plink, Plank, Plunk! / The Syncopated Clock";"1";"9127"
"Dana Daoud";"Peaceful Christmas Piano";"1";"9128"
"Philip Watts";"Peaceful Christmas Piano";"3";"4682"
"Christmas Piano Players";"Christmas Memories";"1";"9129"
"Mila Crowell";"Peaceful Christmas Piano";"1";"9130"
"Oscar Peterson Trio";"Night Train";"1";"9131"
"Antonio Vivaldi";"Vivaldi: Die Vier Jahreszeiten";"1";"9132"
"Mila Crowell";"Soft Christmas";"2";"6158"
"Randol Alan Bass";"Joy to the World: Famous Christmas Songs";"1";"9133"
"Felix Mendelssohn";"Joy to the World: Famous Christmas Songs";"1";"9134"
"Hector Berlioz";"Joy to the World: Famous Christmas Songs";"1";"9135"
"Giacomo Puccini";"Joy to the World: Famous Christmas Songs";"1";"9136"
"Sergei Rachmaninoff";"Joy to the World: Famous Christmas Songs";"1";"9137"
"Nils Frahm";"Late Night Tales: Nils Frahm";"2";"6159"
"son.sine";"upekah";"2";"6160"
"Joseph Shabason";"Anne";"119";"40"
"Osunlade";"The Quieter You Become, The More You Hear";"12";"1259"
"Kusht";"Teapot EP";"9";"1745"
"Chip Wickham";"Shamal Wind Remixed";"5";"3072"
"Blutch";"Equilibrium";"6";"2597"
"Dan Romer";"Maniac (Music from the Netflix Limited Series)";"6";"2598"
"Beatrice Dillon";"Gardens Volume One";"1";"9138"
"Wayward";"Good Afternoon Mr Magpie Remixed";"1";"9139"
"FlowerPowder";"Sprizztour";"1";"9140"
"Isaac Soto";"El mítico manzano Newtoniano";"10";"1557"
"Amaro Freitas";"Rasif";"3";"4683"
"Lnrdcroy";"Much Less Normal";"4";"3732"
"Leo Pol";"All I Got In Me";"8";"1967"
"Schacke";"Kulør 001";"1";"9141"
"Henri Texier";"Amir";"3";"4684"
"Anthony Shakir";"10 Years of secretsundaze";"2";"6161"
"69";"The Legendary Adventures Of A Filter King";"4";"3733"
"DJ HEURE";"Outsider Resource";"1";"9142"
"La-Le-Lu";"German House, Vol. 1 (Karaoke Version)";"1";"9143"
"Szare";"Kodiak / Translocated";"4";"3734"
"Isaac Soto";"Nueve Punto Ochenta Siete Seis";"12";"1260"
"BLAKK EARTH";"Blakk Earth";"1";"9144"
"Traversable Wormhole";"Traversable Wormhole";"1";"9145"
"DJ Slip";"Every Time It Takes Awhile";"1";"9146"
"Birth Of Frequency";"Woman By My Side EP";"1";"9147"
"Mark Broom";"Silenced Part 1-4 Remastered";"1";"9148"
"Radial";"Linea Recta EP";"1";"9149"
"Steve Stoll";"The Green Angel EP";"1";"9150"
"Lewis Fautzi";"Turn";"1";"9151"
"Ellie Goulding";"O Holy Night";"1";"9152"
"Surgeon";"basictonalvocabulary";"1";"9153"
"2000 and One";"100% PURE IBIZA 2015";"1";"9154"
"Matthew Dear";"Beginning Of The End: The Spectral Sound Singles";"4";"3735"
"DJ Emerson";"At the Controls";"3";"4685"
"Mark Broom";"The Eye of the Tiger";"1";"9155"
"TJ Kong";"Luid EP";"1";"9156"
"Woo York";"Blade Runner (Inc Zadig Remix)";"1";"9157"
"Surgeon";"Force+form";"1";"9158"
"Heiko Laux";"Fernweh";"1";"9159"
"System 01";"SubBerlin (The Story of Tresor)";"1";"9160"
"Drexciya";"Harnessed the Storm";"1";"9161"
"Dax J";"Villians EP";"1";"9162"
"Antigone";"Cantor Dust - EP";"1";"9163"
"Basic Channel";"Quadrant Dub";"1";"9164"
"Pharoah Sanders";"Elevation";"5";"3073"
"Huerco S.";"For Those Of You Who Have Never (And Also Those Who Have)";"22";"549"
"El Búho";"Unreleased Edits";"1";"9165"
"A Macaca & Gama";"J'écris EP";"6";"2599"
"HAAi";"Solid Steel Radio Show";"1";"9166"
"C.A.R.";"PINNED";"53";"177"
"s a r a s a r a";"S u n (Susso / Huw Bennett Remix)";"1";"9167"
"Nicola Cruz";"Espiritu";"1";"9168"
"Hiromi";"Brain";"3";"4686"
"Special Request";"Special Request X Gerd Janson & Shan";"1";"9169"
"Donato Dozzy";"Filo Loves The Acid";"1";"9170"
"Volo";"Drifter";"2";"6162"
"ODESZA";"Falls Remixes";"1";"9171"
"Giraffi Dog";"Giraffi Dog EP";"1";"9172"
"Vakula";"Sound Of Speed Attack The Soundsystem";"17";"799"
"Kez YM";"Sound Of Speed Attack The Soundsystem";"6";"2600"
"Vakula";"Bandura001";"1";"9173"
"The Screenshots";"Ein starkes Team";"14";"1027"
"The Screenshots";"Übergriff";"10";"1558"
"Fila Brazillia";"Maim That Tune";"3";"4687"
"Keith Jarrett";"Ruta And Daitya";"3";"4688"
"MJ Lallo";"The Channeled Voice";"1";"9174"
"El Búho";"Camino De Flores";"11";"1394"
"Leo Pol";"Dark Outside";"7";"2236"
"XOA";"Koto / Ariel";"7";"2237"
"Monolink";"Amniotic";"4";"3736"
"Jan Turkenburg";"Get Lost V mixed by Acid Pauli";"2";"6163"
"Julien Dyne";"Teal";"22";"550"
"Art Tatum";"The Collection";"1";"9175"
"Kay Starr";"Songs by Kay Starr";"1";"9176"
"Johnny Hodges";"Johnny Hodges With Billy Strayhorn And The Orchestra";"1";"9177"
"Thad Jones";"Mad Thad";"1";"9178"
"Claude Thornhill & His Orchestra";"BD Music & Cabu Present Gil Evans";"1";"9179"
"Niccolò Paganini";"Classic Wynton";"1";"9180"
"Weather Report";"I Sing the Body Electric";"1";"9181"
"Ana Moura";"Desfado";"1";"9182"
"Sergei Rachmaninoff";"Ruth Laredo Plays Rachmaninoff - The Complete Solo Piano Music";"1";"9183"
"The Dave Brubeck Quartet";"Jazz Impressions Of Japan";"1";"9184"
"Gonzalo Rubalcaba";"Supernova";"11";"1395"
"Dieter Klöcker";"Mozart, Eybler, Süssmayr: Klarinettenkonzerte";"2";"6164"
"Earl Sweatshirt";"Some Rap Songs";"2";"6165"
"Shuta Hasunuma";"OK Bamboo";"1";"9185"
"Sultan Shakes";"Covered In Gloria";"3";"4689"
"Melodiesinfonie";"Chillhop Essentials Winter 2018";"2";"6166"
"Aso";"Through the Looking Glass";"2";"6167"
"Mariah";"Utakata no Hibi";"1";"9186"
"Joey Pecoraro";"Chillhop Essentials Winter 2017";"1";"9187"
"Jazz Dialogue";"Quintessenz Und Ihre Nuance Instrumentals";"2";"6168"
"knowmadic";"horizons";"1";"9188"
"Damu The Fudgemunk";"Full Time";"1";"9189"
"CoryaYo";"More Life";"8";"1968"
"Shaqdi";"Colorless";"1";"9190"
"$oudière";"3 A.M Stories";"4";"3737"
"Matthew Halsall";"When The World Was One";"5";"3074"
"Tenesha The Wordsmith feat.DJ Khalab";"Dangerous Women";"7";"2238"
"Al Dobson Jr.";"Shikimi Greetings";"1";"9191"
"Oscar Jerome";"Do You Really (Live)";"1";"9192"
"Bassekou Kouyate";"Deli";"3";"4690"
"Uniting Of Opposites";"Ancient Lights";"13";"1142"
"INTINAHUAL";"Tlalolin EP";"5";"3075"
"Afterclapp";"Beatgarden";"10";"1559"
"The Deli";"Encounters";"1";"9193"
"Nujabes";"Metaphorical Music";"1";"9194"
"Tangerine Dream";"Dream Sequence";"1";"9195"
"Soulchef";"Escapism: Instrumentals";"1";"9196"
"momü";"yesterday's ifs...";"1";"9197"
"FloFilz";"Re.verse";"1";"9198"
"DJ YUNG VAMP";"I NEED MORE BLOOD";"3";"4691"
"SwuM";"SwuM";"1";"9199"
"A Tribe Called Quest";"Midnight Marauders";"1";"9200"
"Kupla";"Taiga Native";"1";"9201"
"Kenji";"Settling In";"1";"9202"
"Joey Pecoraro";"It's Alright";"1";"9203"
"Ryan Peña";"With Ease.";"2";"6169"
"Slight";"SLIGHT COLLECTION VOL. 1";"3";"4692"
"P. Adrix";"Álbum Desconhecido";"1";"9204"
"Julien Dyne";"DJ-Kicks (Moodymann) [Mixed Tracks]";"2";"6170"
"Talaboman";"The Night Land";"57";"162"
"Toshio Matsuura Group";"LOVEPLAYDANCE";"1";"9205"
"LAKEY INSPIRED";"Fast Lane";"1";"9206"
"Gigi Masin";"Wind";"1";"9207"
"C Y G N";"BODY N SOUL";"1";"9208"
"Joey Pecoraro";"Tired Boy";"1";"9209"
"Shamana";"blunts";"2";"6171"
"Home";"Odyssey";"1";"9210"
"Freddie Joachim";"Sugar";"1";"9211"
"Handbook";"Rising Sun";"1";"9212"
"momü";"kisses you and then...";"1";"9213"
"9th Wonder";"Zion II";"1";"9214"
"Melodiesinfonie";"Friede Freude";"1";"9215"
"Melodiesinfonie";"Sichtexotica IV";"1";"9216"
"Stan Forebee";"Release of the Unreleased";"1";"9217"
"Derek Michael";"Astral Dust";"4";"3738"
"Sam Dees";"Second to None";"1";"9218"
"Charlie Haden";"The Land Of The Sun";"2";"6172"
"Various artists (2)";"Horace - Scope";"7";"2239"
"Eric Dolphy";"Far Cry";"1";"9219"
"Blossom Dearie";"They Say It's Spring";"1";"9220"
"The Nat King Cole Trio";"The Complete Capitol Recordings of the Nat King Cole Trio";"1";"9221"
"Louis Moreau Gottschalk";"Gottschalk: 40 Works for Piano";"1";"9222"
"James Carter";"Conversin' With the Elders";"1";"9223"
"Ludwig van Beethoven";"Beethoven: Bagatelles, Op. 33 & Op. 126 - Gould Remastered";"1";"9224"
"Eddie Harris";"Mean Greens";"1";"9225"
"Mily Balakirev";"BALAKIREV: COMPLETE PIANO WORKS";"1";"9226"
"Andy Sheppard";"Rhythm Method";"1";"9227"
"McCoy Tyner Trio";"Inception";"1";"9228"
"Horace Silver Quintet";"Blowin' the Blues Away (Original Album Plus Bonus Tracks 1959)";"1";"9229"
"Lennie Niehaus";"The Octet";"1";"9230"
"The Dave Brubeck Quartet";"Die Legenden des Jazz - Dave Brubeck";"1";"9231"
"Joe Henderson";"50 Years MPS";"3";"4693"
"Volker Kriegel";"50 Years MPS";"4";"3739"
"Don Ellis Band";"50 Years MPS";"3";"4694"
"Oscar Peterson Trio";"50 Years MPS";"3";"4695"
"China Moses";"50 Years MPS";"3";"4696"
"George Duke";"50 Years MPS";"2";"6173"
"Elvin Jones Jazz Machine";"50 Years MPS";"2";"6174"
"Vakula";"Edelweiss Reflection";"21";"586"
"Sascha Funke";"Wismut";"15";"947"
"China Moses";"Nightintales";"23";"522"
"Nightmares on Wax";"Good Ship";"1";"9232"
"Nightmares on Wax";"Shape The Future";"16";"862"
"Flamingo Pier";"Find Your Way";"1";"9233"
"Flamingo Pier";"FPC001";"1";"9234"
"soundspecies";"Soundspecies & Ache Meyi";"3";"4697"
"Viken Arman";"Belong";"4";"3740"
"Weval";"Heaven, Listen";"9";"1746"
"Twerking Class Heroes";"Boombia";"4";"3741"
"Brigade";"To Cats We Go";"5";"3076"
"Dave Brubeck";"BRUBECK: Nocturnes";"1";"9235"
"Keith Jarrett";"La Scala";"1";"9236"
"Igor Stravinsky";"Stravinsky: The Firebird Suite (1910); Pulcinella Suite; Suites Nos. 1 & 2 for Small Orchestra [Classic Library]";"1";"9237"
"Hampton Hawes Trio";"Hampton Hawes Trio, Vol. 1";"1";"9238"
"Sarah Vaughan";"Alone Together: The Best Of The Mercury Years";"1";"9239"
"Lee Konitz";"Satori";"1";"9240"
"Henry Purcell";"Purcell: Love Songs";"1";"9241"
"Billie Holiday";"Billy Remembers Billie";"1";"9242"
"Selaelo Selota";"Enchanted Gardens";"1";"9243"
"Hank Jones";"Upon Reflection: The Music Of Thad Jones";"1";"9244"
"Baldassare Galuppi";"Galuppi, Piano Sonatas";"1";"9245"
"Cedar Walton";"Second Set";"1";"9246"
"Lennie Tristano";"Lennie Tristano / The New Tristano";"1";"9247"
"Melody Gardot";"My One And Only Thrill";"1";"9248"
"All in One";"all in one";"4";"3742"
"Baby Ford";"Ford Trax";"1";"9249"
"Brian Keane featuring Omar Faruk Tekbilek, Dinçer Dalkiliç, Emin Gündüz";"Süleyman The Magnificent";"7";"2240"
"Cocteau Twins";"Blue Bell Knoll";"2";"6175"
"Eric B. & Rakim";"Follow the Leader";"3";"4698"
"Isaac Soto";"Ignite";"2";"6176"
"Benjamin Fröhlich";"Rude Collection";"1";"9250"
"Fern Kinney";"Late Night Tales: Lindstrøm";"1";"9251"
"Viken Arman";"Cosmos in Blue";"5";"3077"
"Lnrdcroy";"UNTHANK008";"1";"9252"
"Bruce Haack";"The Electric Lucifer";"1";"9253"
"James Blake";"Assume Form";"64";"132"
"Viken Arman";"Aragatz";"16";"863"
"Viken Arman";"Sireli";"7";"2241"
"Move D";"Kunststoff (Remastered)";"14";"1028"
"Joel Graham";"Geomancy";"1";"9254"
"Interstellar Funk";"Caves of Steel";"1";"9255"
"Kyle Hall";"Worx of Art";"1";"9256"
"Casually Here";"Large Hall, Low Ceiling";"2";"6177"
"Maribou State";"Spotify Singles";"7";"2242"
"Viken Arman";"Charlie's Absinthe";"2";"6178"
"Lucrecia Dalt";"Anticlines";"1";"9257"
"Lawrence Hart";"Ochre";"1";"9258"
"Georgia Anne Muldrow";"Overload";"4";"3743"
"Nicola Cruz";"Siku";"47";"208"
"Schrecken & Bernhard Bauch";"Schrecken & Bernhard Bauch";"18";"742"
"Caroline Rose";"Loner";"13";"1143"
"Louis Cole";"Album 2";"1";"9259"
"Ben Hayes";"Ready Yet";"10";"1560"
"Andrew Bird";"Sisyphus";"1";"9260"
"Viken Arman";"Close (Your Eyes)";"4";"3744"
"Weval";"Are You Even Real";"1";"9261"
"Dexter Story";"Shuruba Song";"3";"4699"
"Te'Amir";"Abyssinia & Abyssinia Rise";"11";"1396"
"Beatrice Dillon & Kassem Mosse";"Pulse 12''";"3";"4700"
"Vedagor";"Untitled EP";"6";"2601"
"Phaserboys";"Phaserboys EP";"15";"948"
"V (24)";"13th District";"30";"362"
"Kid Koala";"Music To Draw To: Io";"1";"9262"
"Vedomir";"Vedomir";"21";"587"
"environments";"Disc 1-Psychologically Ultimate Seashore";"3";"4701"
"Four Tet";"Live at Funkhaus Berlin, 10th May 2018";"5";"3078"
"Audion";"Alpha";"1";"9263"
"Dionigi";"Luce Cinerea";"1";"9264"
"Dionigi";"Sugar Drum";"1";"9265"
"Atom TM";"CMYK";"2";"6179"
"Atom TM";"Señor Coconut / Around the World";"1";"9266"
"Atom TM";"Señor Coconut / Fiesta Songs";"1";"9267"
"Dusty Baron";"A Little Comedy, A Little Drama";"13";"1144"
"DJ Nature & Kuniyuki";"A Mix Out Session";"13";"1145"
"Vakula & Kuniyuki";"A Mix Out Session";"10";"1561"
"K15 & Kuniyuki";"A Mix Out Session";"3";"4702"
"Kuniyuki & Jimpster";"A Mix Out Session";"6";"2602"
"Isaac Soto";"The World";"4";"3745"
"Isaac Soto";"D0ppl3r";"7";"2243"
"Isaac Soto";"Aleman";"1";"9268"
"Lambert";"We Share Phenomena (Instrumental Version)";"26";"435"
"The War on Drugs";"Lost in the Dream";"1";"9269"
"Fernando Falcão";"Barracas barrocas";"9";"1747"
"Die Orangen";"Oodnadatta Rain";"4";"3746"
"Sampa the Great";"The Great Mixtape";"10";"1562"
"Die Orangen";"Zest";"6";"2603"
"Rick Cuevas";"The Birds";"1";"9270"
"Medeski, Martin & Wood";"Omnisphere";"11";"1397"
"Medeski, Martin and Wood";"Omnisphere";"4";"3747"
"Mariam the Believer";"String Variations";"5";"3079"
"Coro Qom Chelaalapi";"Revisión EP";"2";"6180"
"Tommy Galento";"Big sea symphony & other locations";"2";"6181"
"Beans";"Love Me Tonight";"1";"9271"
"Theon Cross";"Panda Village";"1";"9272"
"Opio";"Wounded Healer";"1";"9273"
"Marlowe";"Marlowe";"4";"3748"
"Amber Mark";"Conexão - EP (New Version)";"1";"9274"
"SPIRAL DELUXE";"Tathata";"4";"3749"
"EARTH BOYS";"Feel the Rhythm EP";"1";"9275"
"Ben Hayes";"We Must Cultivate";"1";"9276"
"Hilmar Jensson";"Meg Nem Sa";"1";"9277"
"David August";"Times";"4";"3750"
"Landhouse";"Elyx";"3";"4703"
"Tapes";"Blau";"20";"637"
"Illa J";"Yancey Boys";"1";"9278"
"Dexter Story";"Gold";"2";"6182"
"Wolf Müller";"#Single Tracks";"7";"2244"
"nkisi";"7 Directions";"2";"6183"
"Kuniyuki";"Newwave Project";"9";"1748"
"Catastrophe";"La nuit est encore jeune - Vision XL";"1";"9279"
"Pariah";"Here From Where We Are";"8";"1969"
"Oscar Peterson Trio";"Walking The Line (Remastered Anniversary Edition)";"1";"9280"
"Kamaal Williams";"New Heights / Snitches Brew";"7";"2245"
"Chaos in the CBD";"Midnight In Peckham";"85";"76"
"Aaron Parks";"Little Big";"1";"9281"
"GoGo Penguin";"v2.0";"1";"9282"
"Chelou";"She Rock I Roll";"8";"1970"
"Wilma Vritra";"Targets & Digits";"13";"1146"
"Jimmy Smith";"Root Down";"1";"9283"
"Rene Schier";"It Is Not Enough to Love!!!!!";"1";"9284"
"Will Dimaggio";"At Ease";"31";"345"
"Viken Arman";"Willow";"19";"685"
"Me and My Friends";"Nova Tunes 3.9";"4";"3751"
"Prins Thomas";"Feel The Love";"5";"3080"
"De Pikles";"La Piragua";"1";"9285"
"Weval";"The Weight";"19";"686"
"David Stout";"Switched-On Eugene";"1";"9286"
"Phyllyp Vernacular";"Switched-On Eugene";"1";"9287"
"Joey Pecoraro";"Music for Happiness";"23";"523"
"Pinty";"City Limits";"21";"588"
"Ibu Selva";"Navío ep";"6";"2604"
"azul-revolto";"Livid";"1";"9288"
"Mocky";"A Day At United";"9";"1749"
"Oberst & Buchner";"Sfumato";"1";"9289"
"Pinty";"Nightcrawler";"1";"9290"
"Pinty";"Tropical Bleu";"6";"2605"
"Jamie Isaac";"Fool'n";"2";"6184"
"Max Graef";"The Yard Work Simulator";"12";"1261"
"Vedomir";"Musical Suprematism / Dreams (Dettmann Remixes)";"2";"6185"
"Dan Croll";"Emerging Adulthood";"1";"9291"
"kalupke";"Consensual Love";"13";"1147"
"William Arcane";"Hourglass";"10";"1563"
"Birdhouse";"Birdhouse Sessions, Vol. 1";"38";"276"
"Genius of Time";"Juno Jam EP";"7";"2246"
"Peter Power";"Umaé";"8";"1971"
"Moonstarr";"10th Anniversary Compilation: Never Stop Digging";"3";"4704"
"Genius of Time";"Gliese 581g";"1";"9292"
"Various artists (2)";"Voyager";"10";"1564"
"Nomade Records";"Levantamiento Colectivo - Compilacion #2";"3";"4705"
"Lena Willikens";"Beginning c/w Lena Willikens Remix";"2";"6186"
"Tommy Guerrero";"Road to Knowhere";"6";"2606"
"The Elder Statesman";"Montreux Sunrise / Trans-Alpine Express (feat. Lord Echo)";"1";"9293"
"Catching Flies";"New Gods (feat. Jay Prince & Oscar Jerome)";"1";"9294"
"Catching Flies";"The Stars";"1";"9295"
"Brian Eno";"Reflection (Excerpt)";"1";"9296"
"Maajo";"Sèmbè";"5";"3081"
"Jean-Luc Ponty";"Tchokola";"3";"4706"
"Glenn Astro";"Do You Really (Remix)";"5";"3082"
"Kaitlyn Aurelia Smith";"Tides: Music for Meditation and Yoga";"76";"96"
"Kid Koala";"Music To Draw To: Satellite";"15";"949"
"Kuniyuki Takahashi";"Walking In The Naked City";"5";"3083"
"Agnes Obel";"Late Night Tales: Agnes Obel";"1";"9297"
"Hiromi";"Alive";"1";"9298"
"Wilma Vritra";"The Hill";"2";"6187"
"Hendrick Valera";"let it go";"1";"9299"
"Skinny Pelembe";"No Blacks, No Dogs, No Irish";"6";"2607"
"Vernal Equinox";"New Found World";"11";"1398"
"Biralo";"Lost Jungle";"1";"9300"
"Scott Xylo";"R E L A T I V E S";"1";"9301"
"Flamingods";"Paradise Drive";"1";"9302"
"Yellow Shoots";"Magic Man (feat. Braxton Cook)";"12";"1262"
"Yellow Shoots";"everything";"5";"3084"
"Kokoroko";"Kokoroko";"75";"100"
"Scott Xylo";"Morpheus";"1";"9303"
"Kerala Dust";"My Melodic Tech House";"1";"9304"
"Acid Pauli";"My Melodic Tech House";"1";"9305"
"Hidden Spheres";"Words Can't Explain (feat. Oscar Jerome)";"1";"9306"
"Anchorsong";"Ancestors (Souleance Remix)";"5";"3085"
"Alfa Mist";"Retainer";"9";"1750"
"Kornél Kovács";"Rocks";"1";"9307"
"Kerala Dust";"Closer";"1";"9308"
"BRANKO";"Nosso";"5";"3086"
"KH";"Only Human";"2";"6188"
"The Comet Is Coming";"Unity";"1";"9309"
"Bonobo";"fabric Presents Bonobo (DJ Mix)";"11";"1399"
"Poté";"fabric Presents Bonobo (DJ Mix)";"4";"3752"
"Alex Kassian";"fabric Presents Bonobo (DJ Mix)";"4";"3753"
"âme";"fabric Presents Bonobo (DJ Mix)";"4";"3754"
"Durante";"fabric Presents Bonobo (DJ Mix)";"4";"3755"
"Harry Charles";"Evelyn";"4";"3756"
"Ian Ewing";"Overnight";"1";"9310"
"Dark Sky";"fabric Presents Bonobo (DJ Mix)";"2";"6189"
"Olsen";"fabric Presents Bonobo (DJ Mix)";"3";"4707"
"Lee Ritenour";"Rit, Vol. 1";"1";"9311"
"Chasman";"Synth-E-Fuge";"1";"9312"
"Sony Enang";"Doing It in Lagos: Boogie, Pop & Disco in 1980's Nigeria";"2";"6190"
"Cerrone";"The Best Of Kongas";"1";"9313"
"Steve Marshall";"Do What You Will";"1";"9314"
"Janus Rasmussen";"Lilla";"18";"743"
"Earthboogie";"Mushrooms Project vs Earthboogie Remix EP";"3";"4708"
"Theon Cross";"Fyah";"1";"9315"
"Janus Rasmussen";"Green Wine";"1";"9316"
"Caribou";"Start Breaking My Heart (Special Edition)";"1";"9317"
"HNNY";"2014.12.31";"19";"687"
"Neil Cowley Trio";"Death of Amygdala (Christian Löffler Remix)";"1";"9318"
"Laurence Guy";"Making Music Is Bad For Your Self Esteem";"32";"332"
"Vakula";"Leleka 002";"2";"6191"
"Colin Matthews";"NMC 30th Anniversary Mixtape (Beatrice Dillon Remix)";"1";"9319"
"Dexter Story";"Bahir";"52";"182"
"d'Voxx";"Télégraphe";"1";"9320"
"Jay Glass Dubs";"Epitaph";"6";"2608"
"Kuniyuki Takahashi";"Dancing In The Naked City";"6";"2609"
"Ensemble Economique";"In Silhouette";"1";"9321"
"Waak Waak Djungi";"Waak Waak Ga Min Min";"1";"9322"
"Sonny Sharrock";"Black Woman";"2";"6192"
"Owiny Sigoma Band";"Doyoi Nyajo Nam";"2";"6193"
"Sly & Robbie";"Reggae Greats";"5";"3087"
"Lijadu Sisters";"Horizon Unlimited";"8";"1972"
"LA Priest";"Inji";"16";"864"
"Kalbata";"Al Shark";"2";"6194"
"Tapes";"Tapes Meets The Drums Of Wareika Hill Sounds";"1";"9323"
"moscoman";"Fernandez (Red Axes Remix)";"1";"9324"
"Saâda Bonaire";"Saâda Bonaire";"5";"3088"
"Jill Kroesen";"Stop Vicious Cycles, Vol. 1";"1";"9325"
"Midori Takada";"Through the Looking Glass";"3";"4709"
"Urfali Babi";"Istanbul 70: Psych Disco Folk Edits by Baris K - Vol. II";"1";"9326"
"Finis Africae";"Finis Africae";"1";"9327"
"Waipod Phetsuphan";"Sound of Siam, Vol. 1 - Leftfield Luk Thung, Jazz & Molam in Thailand 1964-1975 (Soundway Records)";"1";"9328"
"Orchestra Baobab";"Orchestra Baobab - Classic Titles";"1";"9329"
"Tempel Rytmik";"DJ-Kicks (John Talabot)";"1";"9330"
"Lawrence le doux";"A New Sun Is Rising";"42";"243"
"John Talabot";"A New Sun Is Rising";"4";"3757"
"Khidja";"A New Sun Is Rising";"1";"9331"
"John Talabot";"Voices";"1";"9332"
"Pedro Vian";"Pedro Vian (Remixes)";"1";"9333"
"Ben Lukas Boysen";"Everything";"1";"9334"
"Pye Corner Audio";"DJ-Kicks";"1";"9335"
"Sir Victor Uwaifo";"Greatest Hits Vol.1";"8";"1973"
"Luiz Henrique";"Mr Bongo Record Club Volume 2";"1";"9336"
"Aroop Roy";"What I Love";"13";"1148"
"Ibu Selva";"Selva";"3";"4710"
"Jon Hopkins";"How I Live Now OST";"1";"9337"
"young wolf";"Kabuki";"4";"3758"
"Bombino";"Azel";"1";"9338"
"Holly Walker";"Straight Line (Remixed)";"13";"1149"
"Zapatilla";"Crumbling Down";"3";"4711"
"Zapatilla";"Concrete Words";"1";"9339"
"Neil Cowley";"Grains & Motes";"42";"244"
"MAST (4)";"Thelonious Sphere Monk";"1";"9340"
"DJs Pareja";"Alto";"1";"9341"
"Gesaffelstein";"Hyperion";"1";"9342"
"The Chemical Brothers";"Free Yourself (Paranoid London Remix)";"1";"9343"
"Maxmillion Dunbar";"American Noise";"1";"9344"
"Armando";"Live at Robert Johnson Vol.5";"1";"9345"
"Aphex Twin";"Selected Ambient Works 85-92";"1";"9346"
"Firma Do Txiga";"Firma do Txiga";"1";"9347"
"Atom TM";"Acid Evolution 1988-2003";"1";"9348"
"Üdytü Ützeltürk And His Male Harem";"Kairo";"1";"9349"
"Jennifer Lara";"Studio One Women";"7";"2247"
"Arthur Miles";"Night Flight";"2";"6195"
"Zapatilla";"How Long";"4";"3759"
"Fantastic Mr Fox";"Evelyn";"2";"6196"
"Frits Wentink";"Two Bar House Music & Chord Stuff, Vol. 2";"1";"9350"
"Various artists (2)";"Wild World";"33";"323"
"Mitú";"Los Ángeles";"1";"9351"
"SLG";"Potop EP";"3";"4712"
"Qtier";"Set Me On";"3";"4713"
"Nadine Shah";"Holiday Destination";"2";"6197"
"Neil Cowley Trio";"Spacebound Tapes";"3";"4714"
"Luiz Bonfá";"Jacarandá";"2";"6198"
"Andrew Bird";"Armchair Apocrypha";"1";"9352"
"Tirzah";"Make It Up";"5";"3089"
"Holly Walker";"Straight Line";"1";"9353"
"Etta Bond";"Kiss My Girlfriend";"3";"4715"
"La Lupe";"The Best";"1";"9354"
"Frank Zappa";"Civilization Phaze III: Act One";"4";"3760"
"Jon Wesseltoft";"Nature Lovers";"2";"6199"
"Oliver Coates";"Shelley's on Zenn-La";"2";"6200"
"Harmonia";"Musik von Harmonia";"3";"4716"
"Peter Power";"Awake Into Life";"5";"3090"
"Peter Power & Psilosamples";"Awake Into Life";"3";"4717"
"Leonidas Jancidakis, Mauricio Sprovieri & Renato Nassif";"Awake Into Life";"1";"9355"
"Peter Power & Bronze Savage";"Awake Into Life";"2";"6201"
"Jlin";"Black Origami";"1";"9356"
"Unknown Mortal Orchestra";"II";"1";"9357"
"Pye Corner Audio";"Where Things Are Hollow";"1";"9358"
"Her";"I Used To Know Her - Part 2 - EP";"1";"9359"
"Bèzuayènè Zègèyè";"Ethiopiques, Vol. 5: Tigrigna Music 1970-1975";"2";"6202"
"Gregory Isaacs";"Mr. Isaacs";"1";"9360"
"Teta Lando";"Angola, Soundtrack 2: Hypnosis, Distortions & Other Sonic Innovations 1969-1978 (Analog Africa No. 15)";"3";"4718"
"Sir Shina Peters";"Nigeria 70 - Lagos Jump";"2";"6203"
"Delicious Inc.";"Eau de chantè";"3";"4719"
"Nastro";"A New Sun Is Rising";"1";"9361"
"Steve Spacek";"Natural Sci-Fi";"1";"9362"
"Mount Kimbie";"Marilyn";"1";"9363"
"Mount Kimbie";"Love What Survives";"4";"3761"
"Kuniyuki";"We Are Together";"2";"6204"
"Vakula:Kez YMV";"Sound Of Speed Attack The Soundsystem";"1";"9364"
"Aroop Roy";"Talkin Bout Life";"11";"1400"
"kilchhofer";"Moto Perpetuo";"4";"3762"
"Rob";"Funky Rob Way";"2";"6205"
"Morcheeba";"It's Summertime (Lindstrom & Prins Thomas Remixes)";"2";"6206"
"Tunnelvisions";"The Celestial Remixes";"3";"4720"
"Cyro Baptista";"Infinito";"13";"1150"
"Iñigo Vontier";"CULTED002";"1";"9365"
"Footshooter";"Footshooter / Technicolour Nights";"11";"1401"
"Chaos in the CBD";"Global Erosion / Background Explorer";"17";"800"
"Dreem Lion";"CULTED002";"1";"9366"
"Alexis Le-Fan";"CULTED002";"1";"9367"
"Pulo Ndj";"Desert to Douala";"22";"551"
"Ibu Selva";"Bolo'bolo";"3";"4721"
"Kraut";"Universo Sin Fronteras";"3";"4722"
"Luiz Bonfá";"Jacaranda";"9";"1751"
"LOVE, PEACE & TRANCE";"LOVE, PEACE & TRANCE";"1";"9368"
"Alfa Mist";"Mulago";"2";"6207"
"Visible Cloaks";"Stratum";"1";"9369"
"Laurel Halo";"DJ-Kicks (Laurel Halo) [DJ Mix]";"2";"6208"
"Stallone The Reducer";"DJ-Kicks (Laurel Halo) [DJ Mix]";"2";"6209"
"Red Axes";"DJ-Kicks (Laurel Halo) [DJ Mix]";"2";"6210"
"Parris";"DJ-Kicks (Laurel Halo) [DJ Mix]";"7";"2248"
"Rrose";"DJ-Kicks (Laurel Halo) [DJ Mix]";"2";"6211"
"Machine Woman";"DJ-Kicks (Laurel Halo) [DJ Mix]";"2";"6212"
"Tenesha The Wordsmith";"International Women's Day OtC";"2";"6213"
"Siti Muharam";"International Women's Day OtC";"1";"9370"
"Scott Xylo";"A Night With Chey";"7";"2249"
"Love";"Love, Peace & Trance";"12";"1263"
"Matanza;Maywa";"Matanza";"1";"9371"
"Janus Rasmussen";"Vín";"47";"209"
"Sarah Davachi";"Late Night Tales: Floating Points";"2";"6214"
"Time Wharp";"Radical American Hippy Kraut";"1";"9372"
"Jiony";"Paliativos";"21";"589"
"RELAÉN";"Twines";"5";"3091"
"Federico Durand";"Pequeñas Melodias";"11";"1402"
"Leifur James";"Wurlitzer";"8";"1974"
"Kornél Kovács";"Marathon";"1";"9373"
"Wu-Lu";"Seven";"1";"9374"
"Scrimshire";"Won't Get Better";"1";"9375"
"King Gizzard & The Lizard Wizard";"Boogieman Sam";"1";"9376"
"Move D";"East to West";"5";"3092"
"RELAÉN";"Bedtime (A Tribute to Herbie Hancock) / Beat #6 EP";"4";"3763"
"Benjamin Brunn";"East to West";"2";"6215"
"Federico Durand";"La Niña Junco";"6";"2610"
"African Vibration";"Hinde";"7";"2250"
"Quixosis";"Camino Seco";"3";"4723"
"Loya";"Corail (Remixed)";"4";"3764"
"Lord Echo";"The Sweetest Meditation (Remixes)";"3";"4724"
"Cyro Baptista";"Beat the Donkey";"18";"744"
"Slow Nomaden";"Journey";"2";"6216"
"Jiony";"Música de Hueva";"13";"1151"
"Daniel Brandt";"Flamingo";"6";"2611"
"Dreems";"In The Desert, Pt. 2";"1";"9377"
"Wilma Vritra";"Burd";"26";"436"
"Boogat";"San Cristóbal Baile Inn";"5";"3093"
"Shimshon Miel";"Amsterdam to Nueiba";"3";"4725"
"Khaled Kurbeh";"Shamal";"7";"2251"
"Admin";"Spirit Boogie";"2";"6217"
"Michal Turtle";"Middle of the Road Less Travelled";"1";"9378"
"Lord Echo";"Shades / Tennis";"4";"3765"
"Ciel";"Hundred Flowers";"1";"9379"
"Vakula";"SHEVC003";"3";"4726"
"Mulatu Astatke";"New York - Addis - London: The Story Of Ethio Jazz 1965-1975";"1";"9380"
"Christian Löffler";"Graal (Prologue)";"11";"1403"
"Khaled Kurbeh";"Aphorisms";"7";"2252"
"Samo DJ";"Powder in Space (DJ Mix)";"2";"6218"
"Tornado Wallace";"Powder in Space (DJ Mix)";"2";"6219"
"Acid Pauli";"Powder in Space (DJ Mix)";"2";"6220"
"Don't Dj";"Powder in Space (DJ Mix)";"2";"6221"
"Daphne";"Powder in Space (DJ Mix)";"2";"6222"
"Vedagor";"Powder in Space (DJ Mix)";"2";"6223"
"Second Language";"Powder in Space (DJ Mix)";"2";"6224"
"Tiago";"Powder in Space (DJ Mix)";"3";"4727"
"Karamika";"Powder in Space (DJ Mix)";"4";"3766"
"The Sun God";"Powder in Space (DJ Mix)";"2";"6225"
"Powder";"Powder in Space (DJ Mix)";"2";"6226"
"Vertigo Inc";"Powder in Space (DJ Mix)";"1";"9381"
"K-Line";"Powder in Space (DJ Mix)";"1";"9382"
"Kettenkarussell";"Powder in Space (DJ Mix)";"1";"9383"
"jules etienne";"Powder in Space (DJ Mix)";"1";"9384"
"Lord of the Isles";"Powder in Space (DJ Mix)";"2";"6227"
"COS/MES";"Powder in Space (DJ Mix)";"1";"9385"
"AkizzBeatzz";"The Abkhaz Of Caucasus";"1";"9386"
"Powder";"Highly";"13";"1152"
"Neil Cowley";"Solitary Refinement";"4";"3767"
"Neil Cowley";"Zephyr";"1";"9387"
"Marie Davidson";"Work It (Soulwax Remix)";"10";"1565"
"Max Cooper";"Emergence";"17";"801"
"Theo Parrish";"Detroit Beatdown Remixes 1: 2";"2";"6228"
"Call Super";"Arpo";"23";"524"
"Sylvan Esso";"Sylvan Esso";"1";"9388"
"Maceo & The Macks";"I Know You Got Soul: 17 Club & Warehouse Party Classics (Part 1)";"1";"9389"
"Lamb";"Lamb";"1";"9390"
"Shlohmo";"The End";"10";"1566"
"Sir Shina Peters";"Sewele";"1";"9391"
"James Alexander Bright";"Tigers Roar";"1";"9392"
"bastien keb";"Oteh Washington";"1";"9393"
"Masked Man";"That Neo Soul";"1";"9394"
"JrD.";"Solace EP";"1";"9395"
"Kupla";"All Natural";"2";"6229"
"Charlie Megira";"DA ABTOMATIC MEISTERZINGER MAMBO CHIC";"1";"9396"
"Ernesto Djédjé";"Le Roi du Ziglibithy";"1";"9397"
"Timmy Thomas";"Why Can't We Live Together";"4";"3768"
"R. D. Burman";"Sholay";"1";"9398"
"Letta Mbulu";"Greatest Hits";"2";"6230"
"George McCrae";"Rock Your Baby";"5";"3094"
"Can";"Flow Motion (Remastered)";"2";"6231"
"Kaada";"Thank You for Giving Me Your Valuable Time";"3";"4728"
"Desmond Dekker";"This Is Desmond Dekker (Enhanced Edition)";"4";"3769"
"Susumu Yokota";"Sakura";"65";"129"
"D.R. Hooker";"The Truth";"1";"9399"
"Dan Bay";"Decelerate";"2";"6232"
"Zongamin";"Zongamin";"1";"9400"
"The Durutti Column";"The Return of the Durutti Column";"3";"4729"
"Eddie Warner";"Luke Vibert's Nuggets";"1";"9401"
"CHIEMI ERI";"Nova le grand mix 2016";"1";"9402"
"The People Star";"Nigeria Special Volume 2: Modern Highlife, Afro-Sounds and Nigerian Blues";"1";"9403"
"The Apostles";"Feeling Happy";"3";"4730"
"STEVE MONITE";"Doing It in Lagos: Boogie, Pop & Disco in 1980's Nigeria";"1";"9404"
"Sweet Talks";"Adjoa";"1";"9405"
"Lidaju Sisters";"Nigeria 70 Vol. 1";"1";"9406"
"A Macaca";"#Single Tracks";"2";"6233"
"Umoja";"Danzi!";"1";"9407"
"Shina Williams & His African Percussionists";"African Dances";"4";"3770"
"Sivu";"Sweet Sweet Silent (Deluxe Edition)";"3";"4731"
"Daboa";"From the Gekko";"1";"9408"
"Shina Williams & His African Percussionists";"Nigeria 70 Vol. 1";"1";"9409"
"Gnonnas Pédro";"Sofrito: Tropical Discotheque";"7";"2253"
"Superpitcher";"The Golden Ravedays 8";"2";"6234"
"Hany Mehanna";"The Miracles Of The Seven Dances";"1";"9410"
"Miriam Makeba";"A Promise";"2";"6235"
"Tenor Saw";"Little Sound Boy";"8";"1975"
"Sizike";"U Zemlji Cuda With Lost DATA Tracks";"3";"4732"
"Orange Juice";"Rip It Up";"1";"9411"
"France Gall";"Grandes Éxitos (Remastered)";"1";"9412"
"Harmonic Sounds Band";"Eccentric Soul: The Prix Label";"1";"9413"
"Quiet Storm";"Purple Snow: Forecasting the Minneapolis Sound";"1";"9414"
"The Time";"What Time Is It?";"1";"9415"
"Cheryl Lynn";"Preppie (Expanded Edition)";"1";"9416"
"Lord Rhaburn";"Cult Cargo: Belize City Boil Up";"1";"9417"
"Sons Of The Kingdom";"Soul Messages From Dimona";"1";"9418"
"Atomic Forest";"Obsession '77";"1";"9419"
"Los Aragon";"Bailando En La Loma";"1";"9420"
"Jack Bruce";"Things We Like";"1";"9421"
"A Made Up Sound";"Night Owl";"1";"9422"
"Wolf MÃ¼ller meets the Nile Project";"Wolf MÃ¼ller meets the Nile Project";"4";"3771"
"Cyro Baptista";"Love the Donkey";"3";"4733"
"GUY ONE";"Bitteschön, Philophon!";"1";"9423"
"Alèmayèhu Eshèté";"Bitteschön, Philophon!";"1";"9424"
"Jimi Tenor";"Bitteschön, Philophon!";"1";"9425"
"Y-Bayani and Baby Naa & their Band of Enlightenment Reason and Love";"Bitteschön, Philophon!";"1";"9426"
"Bajka";"Bitteschön, Philophon!";"1";"9427"
"Lee Dodou";"Bitteschön, Philophon!";"1";"9428"
"Alogte Oho & His Sounds of Joy";"Bitteschön, Philophon!";"1";"9429"
"Hailu Mergia";"Bitteschön, Philophon!";"1";"9430"
"Y-Bayani & His Band of Enlightenment Reason and Love";"Bitteschön, Philophon!";"4";"3772"
"The Polyversal Souls";"Bitteschön, Philophon!";"6";"2612"
"Nu Guinea";"Afrobeat Makers, Vol. 3 (The Tony Allen Experiments)";"22";"552"
"Alfa Mist";"Structuralism";"28";"397"
"Skinny Pelembe";"Dreaming Is Dead Now";"24";"494"
"Richard Bone";"Lost Transmissions From the Off-World Territories";"1";"9431"
"Aparde";"Hands Rest";"2";"6236"
"Ariwo";"El Alacrán";"1";"9432"
"Wolf Müller";"Wolf Müller meets the Nile Project";"16";"865"
"Benedikt Frey";"Artificial";"6";"2613"
"Josin";"In The Blank Space";"1";"9433"
"Leonidas Jancidakis";"Awake Into Life";"1";"9434"
"Peter Power";"#Single Tracks";"2";"6237"
"Martha Van Straaten";"#Single Tracks";"5";"3095"
"kurup";"Lusco Fusco";"4";"3773"
"Sam Irl";"10th Anniversary Compilation: Never Stop Digging";"1";"9435"
"Jesse Futerman";"10th Anniversary Compilation: Never Stop Digging";"1";"9436"
"Igor Jadranin";"10th Anniversary Compilation: Never Stop Digging";"1";"9437"
"Deadboy";"10th Anniversary Compilation: Never Stop Digging";"1";"9438"
"Poirier";"10th Anniversary Compilation: Never Stop Digging";"2";"6238"
"Smbd";"10th Anniversary Compilation: Never Stop Digging";"2";"6239"
"Duke Hugh";"10th Anniversary Compilation: Never Stop Digging";"2";"6240"
"Space Invadas";"Now That I Know";"3";"4734"
"Rejjie Snow";"D.R.U.G.S.";"1";"9439"
"Eric Lau";"Examples";"1";"9440"
"13th Amendment";"Eccentric Soul: Omnibus";"1";"9441"
"Elijah & The Ebonites";"Eccentric Soul: The Capsoul Label";"2";"6241"
"Young Senators";"Jungle b/w That's the Way It Is";"3";"4735"
"Nathan Britton";"Neo Soul Collective, Pt. 1";"1";"9442"
"Nathan Britton";"After Hours at the Piano Bar Soho";"1";"9443"
"EVM 128 Edit";"10th Anniversary Compilation: Never Stop Digging";"1";"9444"
"Clutchy Hopkins";"10th Anniversary Compilation: Never Stop Digging";"1";"9445"
"Liquid Pegasus";"10th Anniversary Compilation: Never Stop Digging";"2";"6242"
"Jitwam";"10th Anniversary Compilation: Never Stop Digging";"2";"6243"
"Colm K Edit";"10th Anniversary Compilation: Never Stop Digging";"1";"9446"
"Dr. Mad";"10th Anniversary Compilation: Never Stop Digging";"1";"9447"
"KenLo Craqnuques";"10th Anniversary Compilation: Never Stop Digging";"1";"9448"
"Various artists (17)";"Powder In Space";"70";"112"
"Moses Boyd";"Compilation For Dominica";"1";"9449"
"Victim Rebirth";"FABRICLIVE.100 - Kode9 & Burial";"1";"9450"
"Wolf Müller; Niklas Wandt";"Instrumentalmusik von der Mitte der World";"3";"4736"
"Uku Kuut";"Vision Of Estonia";"15";"950"
"DJ Chap";"FABRICLIVE.100 - Kode9 & Burial";"1";"9451"
"Pauline Anna Strom";"Trans-Millenia Consort";"3";"4737"
"Aluna";"For The Love Of The Deep Blue";"1";"9452"
"Brother Resistance";"Crown Ruler Sound compiled by Jeremy Spellacey";"1";"9453"
"Pauline Anna Storm";"Aquatic Realms";"1";"9454"
"One and Poli";"Catch a Bat";"1";"9455"
"Thomass Jackson";"CULTED004";"1";"9456"
"Ströer Duo & Howard Fine";"Nomaden";"2";"6244"
"Kay Suzuki";"Compilation For Dominica";"1";"9457"
"Mr. Fingers";"FABRICLIVE.100 - Kode9 & Burial";"1";"9458"
"02Albums";"Dusty Baron - A Little Comedy, A Little Drama (2018) (YOUTUBE RIP BAD QUALITY)";"2";"6245"
"mgun";"The Near Future";"1";"9459"
"Quixosis";"Levantamiento Colectivo - Compilación # 2";"1";"9460"
"Vakula";"Trip From Bo";"1";"9461"
"OKZharp & Manthe Ribane";"FABRICLIVE.100 - Kode9 & Burial";"1";"9462"
"Devon Russell";"Crown Ruler Sound compiled by Jeremy Spellacey";"1";"9463"
"Bella Boo";"Music Playing EP";"1";"9464"
"Vakula";"Bandura002";"5";"3096"
"EARTH BOYS";"Welcome to Earth";"1";"9465"
"Duke Hugh";"#Single Tracks";"5";"3097"
"Vakula";"Leleka001";"1";"9466"
"Vladislav Delay";"FABRICLIVE.100 - Kode9 & Burial";"1";"9467"
"Tolouse Low Trax";"Mogul 2";"1";"9468"
"Pendant";"Make Me Know You Sweet";"1";"9469"
"Will Lister";"Compilation For Dominica";"1";"9470"
"Jeff Mills";"The Outer Limits - NTS Radio Show";"2";"6246"
"A Macaca & Peter Power";"#Single Tracks";"2";"6247"
"Joe Goddard";"Pull The Plug EP feat. Kool Keith";"1";"9471"
"Duke";"Uingizaji Hewa";"1";"9472"
"Four Tet";"#Single Tracks";"1";"9473"
"KOKOKO!";"#Single Tracks";"1";"9474"
"O/Y";"#Single Tracks";"2";"6248"
"Cyro Baptista";"Caym: Book of Angels, vol. 17";"1";"9475"
"Shelly Manne";"Feeling Good: Funk, Soul & Deep Jazz Gems - The Supreme Sound of Producer Bob Shad";"1";"9476"
"The Mauskovic Dance Band";"Space Drum Machine";"1";"9477"
"Mekine U Teksi";"Steppenroboters Polyvisionen";"15";"951"
"Vakula";"Untitled EP (aka Vedagor)";"6";"2614"
"Matrixxman";"Mixmag Presents Peggy Gou";"1";"9478"
"Peak Time Boys";"Edits Des Amateurs 2";"2";"6249"
"Diskoking Burnhart McKoolski";"EDA001";"3";"4738"
"Bussi Man";"Edits Des Amateurs 2";"3";"4739"
"Nuri";"DRUP";"16";"866"
"Africaine 808";"Presents : Sorry for the Delay - Wolf Müller's Most Whimsical Remixes";"1";"9479"
"soundspecies";"Presents : Sorry for the Delay - Wolf Müller's Most Whimsical Remixes";"2";"6250"
"Tolouse Low Trax";"Presents : Sorry for the Delay - Wolf Müller's Most Whimsical Remixes";"3";"4740"
"Telespazio";"Presents : Sorry for the Delay - Wolf Müller's Most Whimsical Remixes";"1";"9480"
"Altin Gün";"Gece";"3";"4741"
"Bambooman";"Whispers";"18";"745"
"Ben Hayes";"See Sun - EP";"8";"1976"
"Nicola Conte";"Free Your Mind";"6";"2615"
"Chaos in the CBD";"Orange Blank / Green Dove";"6";"2616"
"Bosq";"Can't Seem to Hide B/W Take Me There";"3";"4742"
"Lambert";"Stay In The Dark";"3";"4743"
"Jon Kabat-Zinn";"Mindfulness Introduction-Guided Meditation Practice";"1";"9481"
"Dandara, Arutani";"Heartache";"1";"9482"
"Islandman";"Lamani";"3";"4744"
"Chouk Bwa";"Electric Mambo";"2";"6251"
"Retiree";"Gate";"2";"6252"
"Bosq";"Celestial Strut";"18";"746"
"Bosq";"Brand New Day";"1";"9483"
"Bosq";"Love and Resistance";"8";"1977"
"Auntie Flo";"Kabsa";"3";"4745"
"Efdemin";"New Atlantis";"18";"747"
"Dauwd";"Kindlinn";"2";"6253"
"Diskoking Burnhart McKoolski";"Talking About";"3";"4746"
"Goofy Man";"Edits Des Amateurs 2";"2";"6254"
"Underground Resistance";"sonic ep Vinyl";"2";"6255"
"Umeko Ando";"Ihunke Remixes";"2";"6256"
"Sophie";"Oil of Every Pearl's Un-Insides";"2";"6257"
"King Gizzard & The Lizard Wizard";"Fishing for Fishies";"1";"9484"
"Black Classical";"#Single Tracks";"2";"6258"
"kurup";"Macaúba";"2";"6259"
"Ezy & Isaac";"Crown Ruler Sound compiled by Jeremy Spellacey";"1";"9485"
"Larry Maluma & Kalimba";"Crown Ruler Sound compiled by Jeremy Spellacey";"1";"9486"
"Birdhouse";"Mama's Get Ready";"4";"3774"
"Lambert";"Alone";"53";"178"
"George McGregor & The Bronzettes";"Eccentric Soul: Twinight's Lunar Rotation";"2";"6260"
"Strata-Gemma";"Strata-Gemma";"4";"3775"
"Smith";"Janet 50";"2";"6261"
"Peak Time Boys";"Edits des Amateurs 2";"1";"9487"
"Beatrice Dillon";"#Single Tracks";"1";"9488"
"Young Marco";"#Single Tracks";"1";"9489"
"Marvin & Guy";"#Single Tracks";"1";"9490"
"El Búho";"#Single Tracks";"1";"9491"
"FYI Chris";"#Single Tracks";"1";"9492"
"O'Flynn";"Sunspear";"3";"4747"
"Madlaks";"Presents: Dance Forever";"2";"6262"
"Sweely";"All The Reasons";"7";"2254"
"Alton Ellis";"Be True To Yourself: The Godfather Of Lover's Rock (Anthology 1965-1973)";"3";"4748"
"Sola Rosa";"Get It Together (Deluxe Edition)";"4";"3776"
"Slightly Stoopid";"Live & Direct: Acoustic Roots";"4";"3777"
"Nostalgia 77";"The Sleepwalking Society";"19";"688"
"Jain";"Zanaka (Deluxe)";"1";"9493"
"Kutiman";"6 A.M.";"3";"4749"
"Ini Kamoze";"Ini Kamoze";"2";"6263"
"Rae & Christian";"Northern Sulphuric Soul";"1";"9494"
"Michael Kiwanuka";"Love & Hate";"2";"6264"
"Tinariwen";"Emmaar";"1";"9495"
"Bremer/McCoy";"Dråber";"10";"1567"
"Apparat";"BRANDENBURG (Stimming Remix)";"2";"6265"
"Absolutely Free";"Currency (feat. U.S. Girls)";"2";"6266"
"Alfa Mist";"Falling";"1";"9496"
"DJ Yoda";"Home Cooking";"1";"9497"
"kurup";"Leveldva Chillrave 002";"1";"9498"
"Valentin Stip";"Sigh";"6";"2617"
"Darling";"Tulipa Moves";"9";"1752"
"Franco F. & Marika Lenny";"Welcome To Paradise Bonus Disc";"1";"9499"
"Solar Quest";"Orgship";"100";"50"
"Gilb'R";"Chàm";"2";"6267"
"Gilb'R";"Dekmantel 10 Years 07";"3";"4750"
"Dazion";"Dragon Wave";"1";"9500"
"Max abysmal";"Sutekh's Mirage/Donna, Don't Stop [Safe Trip]";"4";"3778"
"Franco F.";"Simulation Lab";"2";"6268"
"Klein & M.B.O.";"First";"1";"9501"
"Waffles";"Waffles 003";"1";"9502"
"Pépé Bradock";"Synthèse";"1";"9503"
"Rise of the Moon";"Flash Factor";"1";"9504"
"Brian Eno & David Byrne";"My Life in the Bush of Ghosts";"1";"9505"
"Renegade Soundwave";"Rsw 1987-1995, Cd02";"1";"9506"
"Pépé Bradock";"Red Bull Studios Paris Session";"4";"3779"
"Marcos Valle";"Marcos Valle";"2";"6269"
"Gilb'R";"Cham";"5";"3098"
"Pépé Bradock";"Acid Test 07";"5";"3099"
"Floating Points";"Elaenia";"3";"4751"
"Pye Corner Audio";"Sleep Games";"1";"9507"
"Don Carlos";"Trojan Dancehall Collection";"1";"9508"
"Antoine Kogut";"Sphere of Existence";"1";"9509"
"Darkside";"Psychic";"8";"1978"
"Black Jazz Consortium";"Aggressive Moods";"1";"9510"
"The Mauskovic Dance Band";"The Mauskovic Dance Band";"20";"638"
"Pépé Bradock";"Exodus 8";"2";"6270"
"Manfredas";"CULTED004";"2";"6271"
"Ezra Collective";"You Can't Steal My Joy";"31";"346"
"JAN KINČL";"Two Sides of Blue Funk";"1";"9511"
"Dreems";"Diamond Bay";"85";"77"
"Emmanuel Jal";"Ti Chuong Remixes";"9";"1753"
"Tora Vinter";"BROR09 (Remixes)";"3";"4752"
"Justus Köhncke";"Out of the Blue 3";"1";"9512"
"Franco F. Simulation Lab";"Loop Based Collective Experience, Vol. 2";"3";"4753"
"Mixhell";"Strong and Wrong Remixes";"2";"6272"
"Thornato";"Mama Clo";"1";"9513"
"Nashil Pichen";"Kenya Special (Selected East African Recordings From The 1970s & '80s)";"1";"9514"
"Penny Penny";"Shilungu";"1";"9515"
"Sandy Harless";"Songs";"2";"6273"
"Cracky";"Planisphere";"1";"9516"
"Kiefer";"Kickinit Alone";"12";"1264"
"L'Orange";"Time? Astonishing... Instrumentals!";"1";"9517"
"Mounika.";"How Are You";"9";"1754"
"Pépé Bradock";"Burning";"3";"4754"
"Shackleton";"Furnace of Guts";"2";"6274"
"Nu";"Man O To";"4";"3780"
"XOA";"Heartland";"10";"1568"
"Oceanvs Orientalis";"Time Traveler (Chapter 3)";"1";"9518"
"Knautic";"Papa Guédé - Random Collective Records";"3";"4755"
"Hejira";"Save it for Another";"1";"9519"
"XOA";"Mass / Mon école";"1";"9520"
"Kasper Bjørke";"Kasper Bjørke Quartet: The Fifty Eleven Project";"2";"6275"
"Congi";"Somnium";"7";"2255"
"XOA";"Way West";"48";"202"
"STL";"Nonzero Sonics (Sebastian Mullaert Remixes)";"1";"9521"
"Ahmoudou Madassane";"Zerzura (Original Soundtrack Recording)";"6";"2618"
"Deena Abdelwahed";"Khonnar";"1";"9522"
"Wolf Müller";"Instrumentalmusik von der Mitte der World";"25";"462"
"Jus' Us";"Local Customs: Burned At Boddie";"1";"9523"
"Jimmy Cliff";"Wonderful World, Beautiful People";"2";"6276"
"Harmony Four";"Saved And Sanctified: Songs Of The Jade Label";"1";"9524"
"Country Comfort";"We Are the Children";"1";"9525"
"Esa";"Pantsula Traxx";"1";"9526"
"Hakobune";"Evergreen / Faraway";"2";"6277"
"Sampa the Great";"Final Form";"14";"1029"
"Mytron & Ofofo";"One Night Stands";"3";"4756"
"Footshooter";"Chimes (Bonus Track Version)";"2";"6278"
"Steel Pulse";"Reggae Greats";"1";"9527"
"Slightly Stoopid";"Everything You Need";"4";"3781"
"Slightly Stoopid";"Closer To The Sun";"1";"9528"
"Desmond Dekker";"Early Dekker";"1";"9529"
"Rob Galbraith";"Seafaring Strangers: Private Yacht";"3";"4757"
"Robag Wruhme";"Venq Tolep";"51";"185"
"Lost Souls Of Saturn";"The Awakening";"3";"4758"
"Luke Abbott";"Music from the Edge of an Island";"14";"1030"
"Daniel Brandt";"Channels";"2";"6279"
"Vakula";"Shevchenko 3";"1";"9530"
"The Cinematic Orchestra";"A Caged Bird/Imitations of Life";"1";"9531"
"Neil Cowley Trio";"Loud Louder Stop";"1";"9532"
"Parra for Cuva";"Paspatou";"1";"9533"
"Jacob Karlzon";"Free Improvisation IV";"1";"9534"
"Jack Garratt";"Phase (Deluxe)";"1";"9535"
"Julian Waterfall Pollack";"Infinite Playground";"2";"6280"
"Ben Khan";"1000";"1";"9536"
"Late of the Pier";"Best In The Class";"1";"9537"
"Daniel Avery";"Song For Alpha (B-sides & Remixes)";"1";"9538"
"David August";"D'ANGELO";"1";"9539"
"Moullinex";"Weaving Genres, Vol. 2: Extended Versions";"4";"3782"
"Ralph Falcon";"Weaving Genres, Vol. 2: Extended Versions";"2";"6281"
"Manfredas";"Microdosing, Vol. 1";"1";"9540"
"Zulu";"Peru Maravilloso: Vintage Latin, Tropical And Cumbia";"1";"9541"
"Lord Kitchener";"London Is The Place For Me 4";"1";"9542"
"Thapporn Petchubon";"Sound of Siam, Vol. 1 - Leftfield Luk Thung, Jazz & Molam in Thailand 1964-1975 (Soundway Records)";"1";"9543"
"CoryaYo";"Wolves";"4";"3783"
"Autocreation";"Mettle.";"5";"3100"
"Pépé Bradock";"Baby Craddock";"7";"2256"
"Ron Korb";"Flute Traveller";"1";"9544"
"Flying Lotus";"Flamagra";"32";"333"
"Tomaga";"Futura Grotesk";"1";"9545"
"Sven Libaek";"Inner Space: The Lost Film Music of Sven Libaek";"1";"9546"
"Hoshina Anniversary";"Zangai EP";"4";"3784"
"Red Axes";"Waiting For A Surprise";"3";"4759"
"Isaac Sasson";"Cantos campesinos";"18";"748"
"Isaac Sasson";"Memorias del canto campesino";"6";"2619"
"Àbáse";"Invocation";"13";"1153"
"Biosphere";"Substrata";"1";"9547"
"The Holy Spirit of Nothing";"Sermons";"2";"6282"
"Moodymann";"Moodymann";"3";"4760"
"Catching Flies";"Yǔ";"1";"9548"
"Catching Flies";"Silver Linings";"11";"1404"
"Catching Flies";"Opals";"1";"9549"
"Catching Flies";"Satisfied";"5";"3101"
"Catching Flies";"Komorebi / Mama's Wisdom";"2";"6283"
"Los Imperials";"Color Y Ritmo Vol. 2";"1";"9550"
"Alice Clark";"Alice Clark";"4";"3785"
"Ogoya Nengo and The Dodo Women’s Group";"Rang'Ala: New Recordings from Siaya County, Kenya";"1";"9551"
"Laurie Spiegel";"Unseen Worlds";"56";"165"
"Loscil";"Monument Builders";"1";"9552"
"Wu-Lu";"Untitled (18 Artists)";"3";"4761"
"LayFullStop";"Untitled (18 Artists)";"3";"4762"
"Lord Tusk";"Untitled (18 Artists)";"3";"4763"
"Kojey Radical";"Untitled (18 Artists)";"2";"6284"
"Mala";"Untitled (18 Artists)";"4";"3786"
"=CoN+KwAkE=";"Untitled (18 Artists)";"2";"6285"
"Maxwell Owin";"Untitled (18 Artists)";"2";"6286"
"Mubashira Mataali Group";"Mubashira Mataali Group";"1";"9553"
"David August";"DCXXXIX A.C.";"6";"2620"
"Hidden Orchestra";"Live at Attenborough Centre for the Creative Arts";"5";"3102"
"Abstract Orchestra";"Madvillain, Vol. 1";"1";"9554"
"Becky Severson";"Wayfaring Strangers: Ladies From The Canyon";"1";"9555"
"Roudoudou";"Listener's Digest";"3";"4764"
"Congi";"One For Us";"11";"1405"
"Congi";"Nine Sessions";"11";"1406"
"Nickodemus";"Endangered Species (Bonus Edition)";"2";"6287"
"Nickodemus";"Hôtel Costes - A Decade";"1";"9556"
"Nickodemus";"WonderWorld: 10 Years of Painting Outside The Lines";"1";"9557"
"Neil Cowley";"Involution";"3";"4765"
"Ezra Furman";"Inside The Human Body";"1";"9558"
"Tusks";"Dissolve";"2";"6288"
"Robert Rich";"Yearning";"21";"590"
"Angel Romero;Academy of St. Martin in the Fields;Pepe Romero;Iona Brown";"Johns Hopkins Psilocybin Project";"1";"9559"
"Academy of St. Martin in the Fields;Iona Brown;Celin Romero";"Johns Hopkins Psilocybin Project";"1";"9560"
"Angel Romero;Academy of St. Martin in the Fields;Iona Brown";"Johns Hopkins Psilocybin Project";"1";"9561"
"Paul Horn";"Johns Hopkins Psilocybin Project";"4";"3787"
"Ron Korb";"Johns Hopkins Psilocybin Project";"1";"9562"
"Russill Paul";"Johns Hopkins Psilocybin Project";"3";"4766"
"London Symphony Orchestra;Sir Colin Davis";"Johns Hopkins Psilocybin Project";"1";"9563"
"The United States Coast Guard Band";"Johns Hopkins Psilocybin Project";"1";"9564"
"St. Petersburg Chamber Choir";"Johns Hopkins Psilocybin Project";"1";"9565"
"Dawn Upshaw;London Sinfonietta;David Zinman";"Johns Hopkins Psilocybin Project";"1";"9566"
"Russill Paul";"Shakti: Tantric Embrace";"8";"1979"
"Ancestral Elephants";"Enchanted Visions";"2";"6289"
"Laraaji";"Arrive Without Leaving";"3";"4767"
"Laraaji";"Bring On The Sun";"3";"4768"
"Laraaji & Jonathan Goldman";"Celestial Music 1978 - 2011";"2";"6290"
"Soname";"Unforgettable Land";"1";"9567"
"Shantala";"The Love Window";"1";"9568"
"Guide";"Psilocybin Meditation";"9";"1755"
"Anthony Naples";"Fog FM";"1";"9569"
"Various artists (2)";"Rip Rig And Panic / Now Please Don't You Cry Beautiful Edith";"15";"952"
"Daniel Masson";"Buddha Bar Ocean";"1";"9570"
"Brian Eno";"Ambient 4: On Land";"2";"6291"
"Doctr";"Hockney Pink Road";"1";"9571"
"Matize";"Portals";"8";"1980"
"Prins Thomas";"Ambitions";"33";"324"
"Shakarchi & Stranéus";"Something... / Liseberg Remixes";"2";"6292"
"Romperayo";"Que Jue?";"2";"6293"
"Radioactive Orchestra";"Radioactive Orchestra (feat. Axel Boman)";"1";"9572"
"Ada";"Lazerwhales III";"40";"262"
"Lukas Nystrand Von Unge";"Studio Barnhus EP No. 2";"1";"9573"
"Kornél Kovács";"Nincs EP";"1";"9574"
"Baba Stiltz";"Total";"4";"3788"
"ishmael ensemble";"A State of Flow";"4";"3789"
"Federico Durand";"A TRAVÉS DEL ESPEJO";"12";"1265"
"川井憲次";"モブサイコ100 Original Soundtrack";"2";"6294"
"Neil Cowley";"Beat Infinitum";"27";"419"
"Die Falschen Freunde";"Dort";"1";"9575"
"Quixosis";"Descomposiciones";"7";"2257"
"Huaira";"Compilación 3";"1";"9576"
"Lone";"Melted (Out Of Body Experience)";"1";"9577"
"Nature Sounds";"Nature Sounds with Birdsong, Waves, Forest, Garden, And More Beautiful Sounds of the Earth!";"2";"6295"
"Captain Sensible";"Women & Captains First";"1";"9578"
"Francis Bebey";"Psychedelic Sanza (1982-1984)";"1";"9579"
"Robosonic";"Various Gems I";"14";"1031"
"UJI";"Jenga (Nicola Cruz Remix)";"9";"1756"
"Tommaso Cappellato";"Butterflying";"4";"3790"
"Pete Brandt's Method";"Uneven Paths: Deviant Pop From Europe (1980-1991)";"2";"6296"
"Elsa Hewitt";"Citrus Paradisi";"1";"9580"
"Domenique Dumont";"MINIATURES DE AUTO RHYTHM";"14";"1032"
"Shintaro Sakamoto";"まともがわからない";"1";"9581"
"Nosaj Thing";"Fated";"1";"9582"
"Klanger";"Maxfield Ave Blues";"1";"9583"
"IMYRMIND";"Uniwersum Luxus";"1";"9584"
"Boogat";"San Cristóbal Baile Inn";"1";"9585"
"Endurance";"Inner Divinity";"1";"9586"
"Bremer/McCoy";"Forsvinder";"11";"1407"
"Bjørn Torske";"Fuglekongen";"4";"3791"
"Carmen Villain";"Sleeper Remixes";"6";"2621"
"Lindstrøm";"Lindstrom & Prins Thomas";"7";"2258"
"Bjørn Torske";"Oppkok";"1";"9587"
"Matt Karmil";"Can't Find It (The House Sound)";"4";"3792"
"Tarjei Nygård";"Tarjei Nygård & Øystein Odden: Sleeping";"1";"9588"
"Donovan";"Unplugged";"1";"9589"
"Idjut Boys";"Going Down/One For Kenny";"3";"4769"
"Beacon";"Gravity Pairs";"4";"3793"
"Laurie Spiegel";"The Expanding Universe";"14";"1033"
"Passarani";"I C U / Granite Cradle";"2";"6297"
"Lone";"Abraxas";"3";"4770"
"Karen Dalton";"In My Own Time";"1";"9590"
"Rodney Jones";"Eccentric Soul: Twinight's Lunar Rotation";"1";"9591"
"The Mighty Imperials";"King Bullard Version: Songs of the BOS Label";"1";"9592"
"Matthewdavid’s Mindflight";"Marimbza";"1";"9593"
"Bjørn Torske";"Square One";"4";"3794"
"Nicola Noir";"Frères";"1";"9594"
"Sascha Funke";"In Relationen";"6";"2622"
"Jonwayne";"Jonwayne Is Retired";"2";"6298"
"Jonwayne";"Jump Shot";"1";"9595"
"Empire of the Sun";"Walking On A Dream (Special Edition)";"1";"9596"
"Buena Vista Social Club";"Buena Vista Social Club";"2";"6299"
"Fellini Félin";"Wisteria";"1";"9597"
"António Dos Santos";"Space Echo (Analog Africa No. 20)";"7";"2259"
"Oasis";"[What's the Story] Morning Glory? [Remastered]";"1";"9598"
"Circle Of Live";"Live at Aérodrome Melun-Villaroche 2019";"2";"6300"
"Move D";"Building Bridges (DJ Mix)";"17";"802"
"Alan Hovhaness";"Hovhaness, A.: Symphony No. 2 ,""Mysterious Mountain"" / Prayer of St. Gregory / And God Created Great Whales (Seattle Symphony)";"2";"6301"
"Phil France";"Circle";"1";"9599"
"Penguin Cafe";"At the Top of the Hill, They Stood...";"1";"9600"
"Kermesse";"Carabelas";"2";"6302"
"Christopher Schwarzwälder";"Out the Window";"3";"4771"
"Noema";"Twilight (Acid Pauli Remix)";"1";"9601"
"Nickodemus";"A Long Engagement (Remixed)";"1";"9602"
"Marenn Sukie";"Enough Rain / '77 Astro Black";"1";"9603"
"Natural Sugars";"Zombie Jungle EP";"1";"9604"
"DJ Nu-Mark";"Blend Crafters";"1";"9605"
"U.S. Girls";"M.A.H.";"1";"9606"
"Sampa the Great";"OMG";"2";"6303"
"Marcus Joseph";"Real Talk";"5";"3103"
"Raiza Biza";"Black Hole Sun - EP";"7";"2260"
"Scrimshire";"Listeners";"2";"6304"
"Penguin Cafe";"The Imperfect Sea";"2";"6305"
"Sea Moya";"Flourish";"1";"9607"
"Sea Moya";"Purple Days";"2";"6306"
"Sea Moya";"Twins";"1";"9608"
"Alice Coltrane";"Universal Consciousness";"1";"9609"
"King Krule";"The OOZ";"2";"6307"
"Augustus Pablo";"Rebel Music: A Reggae Anthology";"3";"4772"
"Trentemøller";"Café del Mar Vol. 24";"1";"9610"
"El Búho";"Café del Mar Vol. 24";"1";"9611"
"Penguin Cafe";"Café del Mar Vol. 24";"1";"9612"
"Sonny & The Sunsets";"Moods Baby Moods";"2";"6308"
"KOKOKO!";"Fongola";"2";"6309"
"Ghost Against Ghost";"Checkpoint Charlie (Photay Remix)";"1";"9613"
"Cornelius";"Point (Remaster)";"1";"9614"
"Mammal Hands";"Becoming";"4";"3795"
"Kaada";"Closing Statements";"2";"6310"
"Lancelot Layne";"Carnival Drum Sound";"3";"4773"
"Jim Croce";"Stranger Things (Soundtrack from the Netflix Original Series)";"1";"9615"
"Femi Kuti";"Shoki Remixed";"3";"4774"
"Vis À Vis";"Soundway presents Ghana Special (Modern Highlife, Afro Sounds & Ghanaian Blues 1968-81)";"2";"6311"
"Bob Moses/Billy Martin";"DrummingBirds";"1";"9616"
"POPP";"Laya";"1";"9617"
"Ronin Arkestra";"Cosmic Collisions";"3";"4775"
"Ronin Arkestra";"First Meeting";"1";"9618"
"Clever Austin";"Pareidolia";"8";"1981"
"Neue Grafik";"I Miss Something / Bed Stuy's Mood";"2";"6312"
"Sampa the Great";"Blue Boss";"2";"6313"
"Quantic";"Atlantic Oscillations";"225";"5"
"Noema";"Twilight";"1";"9619"
"Laurence Pike";"Drum Chant (Luke Abbott Remix)";"1";"9620"
"Ólafur Arnalds";"Erased Tapes Collection IX";"1";"9621"
"Nils Frahm";"Erased Tapes Collection IX";"1";"9622"
"Penguin Cafe Orchestra";"Erased Tapes Collection IX";"1";"9623"
"Peter Broderick";"Erased Tapes Collection IX";"1";"9624"
"Makaya McCraven";"Universal Beings";"52";"183"
"Szun Waves";"At Sacred Walls";"3";"4776"
"Dauwd";"Theory of Colours - Versions";"2";"6314"
"Edmony Krater";"African Acid Is the Future - Ambiance II";"8";"1982"
"Thievery Corporation";"Treasures from the Temple";"2";"6315"
"Köhncke";"Speicher 25 - 31";"48";"203"
"F.S. Blumm";"Nice To Have You";"1";"9625"
"Vladimir";"What People Play House Compilation 4 by Wordandsound";"1";"9626"
"haft";"Ountera";"6";"2623"
"GONNO × MASUMURA";"In Circles";"3";"4777"
"Laurence Pike";"Holy Spring";"1";"9627"
"Les Filles De Illighadad";"African Acid Is the Future - Ambiance II";"5";"3104"
"Aim";"Means Of Production";"2";"6316"
"Mock & Toof";"Tuning echoes";"1";"9628"
"Chicco";"Modjadji";"5";"3105"
"Atom™";"HD";"2";"6317"
"GO DUGONG";"Vidita";"1";"9629"
"Mop Mop";"Isle Of Magic";"18";"749"
"James Blake";"James Blake";"2";"6318"
"Hildegard Knef";"Knef (Remastered)";"1";"9630"
"Marcello Giordani";"Oh! Superman (Disco Spacer Mix)";"1";"9631"
"Robosonic";"Worst Love EP";"2";"6319"
"Kollektiv Turmstrasse";"Rebellion der Träumer Remixes Part 3";"3";"4778"
"Låpsley";"Operator (DJ Koze's 12 inch Extended Disco Versions)";"1";"9632"
"Etienne de Crécy";"Super Discount";"5";"3106"
"Kyrill & Redford";"Mutterkorn";"1";"9633"
"Henri Texier";"Varech";"1";"9634"
"Acid Arab";"Musique de France";"1";"9635"
"Dennis Cruz";"El Sueño (Radio Edit)";"1";"9636"
"Bas Amro";"You And Me";"1";"9637"
"KiNK";"Leko Remixes";"2";"6320"
"DJ Marky";"In Rotation";"1";"9638"
"Richie Havens";"Connections";"1";"9639"
"Tullio De Piscopo";"Il Meglio di Tullio De Piscopo";"1";"9640"
"DJ Fitchie";"Midnight Marauders";"1";"9641"
"Kourosh Yaghmaei";"Back From The Brink: Pre-Revolution Psychedelic Rock From Iran: 1973-1979";"1";"9642"
"Look Like";"Garden Of Eden";"1";"9643"
"Canu";"Bar 25 Music Presents: Sounds of Sirin";"1";"9644"
"Nina Simone";"Remixed & Reimagined";"2";"6321"
"Rodney Hunter";"Hôtel Costes 7";"1";"9645"
"Them";"Them Again (feat. Van Morrison)";"1";"9646"
"Mattafix";"Rhythm & Hymns";"1";"9647"
"Lamont Dozier";"Discomania: Hits Dance 70-80, Vol. 6";"1";"9648"
"Waldeck";"Gran Paradiso";"2";"6322"
"Yse Saint Laur'ant";"Beach Rouge Vol. 2 - Beach House & Deep Disco";"1";"9649"
"Max Cooper";"One Hundred Billion Sparks";"20";"639"
"Sudan Archives";"Confessions";"2";"6323"
"Acid Pauli";"Konfetti";"2";"6324"
"Ego Ella May";"Tea & Sympathy";"5";"3107"
"Shigeto";"MCW";"4";"3796"
"Agrupacion Ilegal Los Imparciales";"Cumbia Hip Hop (feat. NMK)";"1";"9650"
"Simakov";"Dopamine EP";"1";"9651"
"Bremer/McCoy";"Højder";"29";"378"
"Skinshape";"I Didn't Know (Extended Mix)";"4";"3797"
"Maribou State";"Feel Good (Khruangbin’s A Well Nice Version)";"1";"9652"
"Max Cooper";"Perpetual Motion";"3";"4779"
"Digital Afrika";"Inside the Dance, Vol. 4 (Sampler)";"4";"3798"
"Kiko Navarro";"Inside the Dance, Vol. 4 (Sampler)";"1";"9653"
"Randomized Coffee";"Inside the Dance, Vol. 4 (Sampler)";"1";"9654"
"Dorothy Ashby";"Dorothy Ashby";"1";"9655"
"Tenesha The Wordsmith";"Peacocks & Other Savage Beasts";"21";"591"
"Joe Armon-Jones";"Yellow Dandelion";"1";"9656"
"Four Tet";"Anna Painting";"3";"4780"
"Scott nice";"Picaflorcita (El Búho Remix)";"1";"9657"
"Uniting Of Opposites";"Car Number 27/Mr. Alpo (Tim Deluxe Remix)";"1";"9658"
"Tycho";"Ninjawerks (Vol.1)";"1";"9659"
"Young Marco";"Permanent Vacation 4";"2";"6325"
"Octo Octa";"For Lovers";"17";"803"
"Quantic";"You Used to Love Me";"2";"6326"
"August Artier";"La Makumba";"1";"9660"
"Ali Farka Touré";"The River";"2";"6327"
"Vakula";"Resident Advisor podcast";"1";"9661"
"Lana Del Rey";"Mariners Apartment Complex";"1";"9662"
"Romare";"Gone";"2";"6328"
"Haley";"Power of Love";"1";"9663"
"Van Stee";"Heartbreaker Nervewrecker Meansucker";"11";"1408"
"Van Stee";"We Are";"1";"9664"
"Jaja";"Shika Shika / Botanas Series";"2";"6329"
"Ebo Taylor";"Love & Death";"4";"3799"
"Shuggie Otis";"Inspiration Information";"92";"59"
"Hailu Mergia";"Wede Harer Guzo";"2";"6330"
"Mulatu Astatke";"Ethiopiques, Vol. 4: Ethio Jazz 1969-1974";"4";"3800"
"William Onyeabor";"World Psychedelic Classics 5: Who Is William Onyeabor?";"1";"9665"
"Jackie Mittoo";"The Keyboard King at Studio One";"1";"9666"
"Gloria Ann Taylor";"Deep Inside You";"1";"9667"
"ESG";"Dance To The Best Of ESG";"1";"9668"
"Darondo";"Let My People Go";"1";"9669"
"Brokenchord";"Endless Transmission";"16";"867"
"Seb Wildblood";"sketches of transition";"10";"1569"
"Dauwd";"Still Grooves Run Deep IX";"4";"3801"
"O'Flynn";"Aletheia";"149";"24"
"Jimi Hendrix";"Electric Ladyland";"1";"9670"
"Paul Traeumer";"Code";"1";"9671"
"GoGo Penguin";"Time-Lapse City";"1";"9672"
"The Comet Is Coming";"Lifeforce Part II";"5";"3108"
"Mor Elian";"Radical Spectacular";"1";"9673"
"Karl Hector & The Malcouns";"Orange Man";"1";"9674"
"Move D";"Reissued 1";"3";"4781"
"Karl Hector & The Malcouns";"Non Ex Orbis";"1";"9675"
"Sampa the Great";"The Return";"35";"306"
"Soul Keita";"Work";"6";"2624"
"The Comet Is Coming";"Trust In The Lifeforce Of The Deep Mystery";"5";"3109"
"The Beatles";"Magical Mystery Tour (Remastered)";"1";"9676"
"Curtis Mayfield";"Playlist: The Best Of Curtis Mayfield";"3";"4782"
"Anchorsong";"Ceremonial";"6";"2625"
"Creedence Clearwater Revival";"Willy And The Poor Boys (40th Anniversary Edition)";"1";"9677"
"The Karminsky Experience Inc.";"The Power of Suggestion";"5";"3110"
"Thierry David";"Serenity: Meditation, Ambient - New Age, Relaxation";"1";"9678"
"Extremely Bad Man";"Love Is Pure";"2";"6331"
"Robag Wruhme";"Nata Alma (Radio Version)";"1";"9679"
"Marlena Shaw";"The Spice Of Life (LPR)";"1";"9680"
"Ashley Henry";"Beautiful Vinyl Hunter";"29";"379"
"Commodores";"Commodores";"1";"9681"
"Whitney";"Light Upon the Lake";"1";"9682"
"Acid Pauli";"Had to Get rid of some shit";"2";"6332"
"Digital Afrika";"Dark Matter";"9";"1757"
"Tendts";"Future Disco: Poolside Sounds";"1";"9683"
"Leifur James";"Osho";"1";"9684"
"Chelou";"Garden";"2";"6333"
"Red Axes";"Ballad Of The Ice";"1";"9685"
"Kozmonaut";"Flieg";"6";"2626"
"Antonio Sanches";"Space Echo (Analog Africa No. 20)";"3";"4783"
"Dionisio Maio";"Space Echo (Analog Africa No. 20)";"2";"6334"
"JOSE CASIMIRO";"Space Echo (Analog Africa No. 20)";"2";"6335"
"Bana";"Space Echo (Analog Africa No. 20)";"2";"6336"
"Monolink";"The End";"5";"3111"
"Bella Boo";"Supervillain";"5";"3112"
"Corbo";"Quatro Treses";"1";"9686"
"Joe Armon-Jones";"Turn to Clear View";"14";"1034"
"Andrew Bird";"The Mysterious Production of Eggs";"32";"334"
"Lambert";"True";"206";"7"
"Neil Cowley";"DFAM";"3";"4784"
"Floating Points";"Anasickmodular";"3";"4785"
"THE DIABOLICAL LIBERTIES";"Jungles Of Enceladus";"3";"4786"
"Penguin Cafe";"Handfuls of Night";"8";"1983"
"Timbuktu";"Falken (Lindström & Prins Thomas Remix)";"4";"3802"
"May East";"Outro Tempo II";"1";"9687"
"Dequinha e Zaba";"Outro Tempo II";"1";"9688"
"Oharaska";"Outro Tempo II";"1";"9689"
"Fausto Fawcett";"Outro Tempo II";"1";"9690"
"Manu Delago";"Circadian";"9";"1758"
"Nils Frahm";"Spaces";"1";"9691"
"Mathias Eick";"Ravensburg";"1";"9692"
"Manu Delago";"Bigger Than Home";"1";"9693"
"Nookala Chinna Satyanarayana";"Music Lesson Vol. 1";"1";"9694"
"Wayward";"Raval EP";"1";"9695"
"Gene Harris";"Astral Signal";"26";"437"
"The Invisible";"Life’s Dancers";"2";"6337"
"Harvey Sutherland";"Priestess / Bravado";"1";"9696"
"Mndsgn";"Purple T Shirts";"2";"6338"
"Timbuktu";"Pusselbitar";"1";"9697"
"Håkan Hellström";"Det kommer aldrig va över för mig";"1";"9698"
"Veronica Maggio";"Fiender är tråkigt";"1";"9699"
"Silvana Imam";"Jag Dör För Dig";"1";"9700"
"Jonti";"TokoRats";"1";"9701"
"bastien keb";"Flowers";"19";"689"
"The Kutimangoes";"Afrotropism";"1";"9702"
"Jacques";"Endless Cultural Turnover";"1";"9703"
"Cotonete";"Super-Vilains";"1";"9704"
"Abro";"Leaf Boy";"1";"9705"
"Compost";"Compost";"2";"6339"
"Rahhh";"Dog Days";"1";"9706"
"Fellini Félin";"Temporary Fiction";"1";"9707"
"Jordan Rakei";"Eye To Eye";"1";"9708"
"GoGo Penguin";"Ocean In A Drop (Music For Film)";"1";"9709"
"Spacetime Continuum";"DJ-Kicks (Peggy Gou) [DJ Mix]";"3";"4787"
"Peggy Gou";"DJ-Kicks (Peggy Gou) [DJ Mix]";"3";"4788"
"Pearson Sound";"DJ-Kicks (Peggy Gou) [DJ Mix]";"3";"4789"
"Pegasus";"DJ-Kicks (Peggy Gou) [DJ Mix]";"4";"3803"
"Sly And Lovechild";"DJ-Kicks (Peggy Gou) [DJ Mix]";"1";"9710"
"Dorisburg";"DJ-Kicks (Peggy Gou) [DJ Mix]";"3";"4790"
"Hiver";"DJ-Kicks (Peggy Gou) [DJ Mix]";"1";"9711"
"Batang Frisco";"Batang Frisco";"2";"6340"
"Joji Yuasa";"On The Keyboard: Piano Works of Joji Yuasa";"3";"4791"
"Brian Eno";"Apollo";"16";"868"
"Wilburn Burchette";"Guitar Grimoire";"3";"4792"
"Joanna Brouk";"The Space Between";"5";"3113"
"Guem";"Le Serpent";"1";"9712"
"Black Pumas";"Black Pumas";"29";"380"
"Seanie T";"Ruff, Rugged and Smooth";"3";"4793"
"Leifur James";"A Louder Silence: Remixes";"2";"6341"
"Leifur James";"Mumma Don't Tell (Faltydl Remix)";"1";"9713"
"Cleve Pozar";"Solo Percussion";"1";"9714"
"Luke Abbott";"Holkham Drones";"6";"2627"
"Bodega";"Endless Scroll";"1";"9715"
"Dino & The Deltones";"Slap Stick / Daydream";"1";"9716"
"The Friendly Seven feat. Betty Thompson";"King Bullard Version: Songs of the BOS Label";"2";"6342"
"Yo La Tengo";"And Then Nothing Turned Itself Inside-Out";"10";"1570"
"Clark";"Death Peak";"4";"3804"
"Jake Milliner";"Bernie Says";"1";"9717"
"Frédéric Chopin";"Nocturnes - a selection";"5";"3114"
"Derrok";"Compilacion Nomade";"1";"9718"
"Uakti";"Compilacion Nomade";"1";"9719"
"Call Super";"Echothread";"3";"4794"
"Call Super";"CANUFEELTHESUNONYRBACK";"8";"1984"
"Call Super";"All We Have Is Speed";"4";"3805"
"Talaboman";"Safe Changes";"1";"9720"
"Barbara Moore";"Back to Mine: Jungle (DJ Mix)";"1";"9721"
"inflo";"Back to Mine: Jungle (DJ Mix)";"1";"9722"
"Merle";"Back to Mine: Jungle (DJ Mix)";"1";"9723"
"Manuel Darquart";"Back to Mine: Jungle (DJ Mix)";"1";"9724"
"DrumTalk";"Back to Mine: Jungle (DJ Mix)";"1";"9725"
"Admin";"Back to Mine: Jungle (DJ Mix)";"1";"9726"
"Mocky";"Back to Mine: Jungle (DJ Mix)";"1";"9727"
"The Marias";"Back to Mine: Jungle (DJ Mix)";"1";"9728"
"Sly5thAve";"Back to Mine: Jungle (DJ Mix)";"1";"9729"
"Kamaal Williams";"Back to Mine: Jungle (DJ Mix)";"1";"9730"
"Sam Evian";"Back to Mine: Jungle (DJ Mix)";"1";"9731"
"BADBADNOTGOOD";"Back to Mine: Jungle (DJ Mix)";"1";"9732"
"Jungle";"Back to Mine: Jungle (DJ Mix)";"1";"9733"
"Mansur Brown";"Back to Mine: Jungle (DJ Mix)";"1";"9734"
"The Flying Stars Of Brooklyn NY";"Back to Mine: Jungle (DJ Mix)";"1";"9735"
"Sault";"Back to Mine: Jungle (DJ Mix)";"2";"6343"
"Paul Cherry";"Back to Mine: Jungle (DJ Mix)";"1";"9736"
"HNNY";"Back to Mine: Jungle (DJ Mix)";"1";"9737"
"Floating Points";"Crush";"49";"193"
"Lil Pump";"Lil Pump";"1";"9738"
"Kusht";"Together";"3";"4795"
"Ebo Taylor";"Palaver";"1";"9739"
"30/70";"Fluid Motion";"3";"4796"
"Charlotte Adigéry";"Zandoli";"8";"1985"
"Hector Plimmer";"Next To Nothing";"9";"1759"
"Joe Meek & The Blue Men";"Cosmo Galactic Prism";"4";"3806"
"Cypress Hill";"Black Sunday";"1";"9740"
"Slumberville";"Honolulu";"1";"9741"
"The Small Circle";"Mechanism";"1";"9742"
"Joaquín Cornejo";"El Viaje";"3";"4797"
"Tawiah";"Starts Again";"79";"89"
"Area Code 615";"Cosmo Galactic Prism";"3";"4798"
"Crue-l Grand Orchestra";"Cosmo Galactic Prism";"3";"4799"
"Glissandro 70";"Cosmo Galactic Prism";"3";"4800"
"Holger Czukay";"Cosmo Galactic Prism";"2";"6344"
"Bjørn Torske";"Cosmo Galactic Prism";"3";"4801"
"Rey De Copás";"Cosmo Galactic Prism";"2";"6345"
"The Mole";"Cosmo Galactic Prism";"2";"6346"
"The Electric South";"Cosmo Galactic Prism";"13";"1154"
"Carlos Hernandez";"Cosmo Galactic Prism";"3";"4802"
"Finzy Kontini";"cosmo galactic prism";"1";"9743"
"Musique";"Cosmo Galactic Prism";"3";"4803"
"Soylent Green";"Cosmo Galactic Prism";"2";"6347"
"Boards of Canada";"Cosmo Galactic Prism";"2";"6348"
"Nicola Cruz";"Siete (Live Version)";"1";"9744"
"Iñigo Vontier";"Calypso Cult";"2";"6349"
"Thomass Jackson";"Calypso Cult";"2";"6350"
"O'Flynn";"fabric Presents Bonobo (DJ Mix)";"4";"3807"
"Tsha";"fabric Presents Bonobo (DJ Mix)";"2";"6351"
"Will Saul";"fabric Presents Bonobo (DJ Mix)";"2";"6352"
"Titeknots";"fabric Presents Bonobo (DJ Mix)";"2";"6353"
"Dan Kye";"fabric Presents Bonobo (DJ Mix)";"2";"6354"
"Barakas";"fabric Presents Bonobo (DJ Mix)";"2";"6355"
"R. Lyle";"fabric Presents Bonobo (DJ Mix)";"2";"6356"
"Rone";"fabric Presents Bonobo (DJ Mix)";"2";"6357"
"Throwing Snow";"fabric Presents Bonobo (DJ Mix)";"2";"6358"
"Nepa Allstar";"fabric Presents Bonobo (DJ Mix)";"2";"6359"
"DJ Seinfeld";"fabric Presents Bonobo (DJ Mix)";"3";"4804"
"Earth Trax";"fabric Presents Bonobo (DJ Mix)";"1";"9745"
"John Beltran";"fabric Presents Bonobo (DJ Mix)";"1";"9746"
"NATURAL LATERAL";"Cogito Ergo Jam";"4";"3808"
"Santi";"Alquimia Solar";"10";"1571"
"Michael Kiwanuka";"KIWANUKA";"44";"228"
"Meitei";"Komachi";"32";"335"
"A Winged Victory for the Sullen";"The Slow Descent Has Begun";"1";"9747"
"Talaboman";"Discodrums";"7";"2261"
"Budgie";"DJ-Kicks (Kamaal Williams) [DJ Mix]";"3";"4805"
"MinaeMinae";"Variante";"3";"4806"
"Arms and Sleepers";"LIFE IS EVERYWHERE";"1";"9748"
"Georgia Anne Muldrow";"VWETO II";"23";"525"
"C.A.R.";"Mathias Modica presents Kraut Jazz Futurism";"6";"2628"
"Josephine Wiggs";"We Fall";"5";"3115"
"Marcus Hamblett";"Detritus";"21";"592"
"Niklas Wandt";"Mathias Modica presents Kraut Jazz Futurism";"3";"4807"
"Ralph Heidel";"Mathias Modica presents Kraut Jazz Futurism";"4";"3809"
"Keope";"Mathias Modica presents Kraut Jazz Futurism";"2";"6360"
"Karaba";"Mathias Modica presents Kraut Jazz Futurism";"9";"1760"
"David Nesselhauf";"Mathias Modica presents Kraut Jazz Futurism";"3";"4808"
"Shake Stew";"Mathias Modica presents Kraut Jazz Futurism";"2";"6361"
"Karl Hector & The Malcouns";"Mathias Modica presents Kraut Jazz Futurism";"3";"4809"
"Stimming x Lambert";"Mathias Modica presents Kraut Jazz Futurism";"8";"1986"
"Sissi Rada";"Mathias Modica presents Kraut Jazz Futurism";"2";"6362"
"Andromeda Mega Express Orchestra";"Mathias Modica presents Kraut Jazz Futurism";"2";"6363"
"Oracles";"Mathias Modica presents Kraut Jazz Futurism";"1";"9749"
"Onom Agemo";"Mathias Modica presents Kraut Jazz Futurism";"1";"9750"
"Torben Unit";"Mathias Modica presents Kraut Jazz Futurism";"1";"9751"
"JJ Whitefield";"Mathias Modica presents Kraut Jazz Futurism";"1";"9752"
"Yacht";"Chain Tripping";"8";"1987"
"Leon Vynehall";"I, Cavallo";"6";"2629"
"Meitei";"怪談";"2";"6364"
"Meitei";"Kwaidan";"16";"869"
"Meitei";"Yabun";"2";"6365"
"Salomea";"Mathias Modica presents Kraut Jazz Futurism";"1";"9753"
"C.A.R.";"Pressure Drop";"1";"9754"
"Matana Roberts";"COIN COIN Chapter Four: Memphis";"6";"2630"
"Kerala Dust";"Magdalena";"1";"9755"
"Karnaval Blues";"LoveConfusion";"1";"9756"
"Barney Artist";"Leave It All";"1";"9757"
"Andrew Bird";"Manifest (Feat. Erika Wennerstrom)";"1";"9758"
"Melodiesinfonie";"A Journey to You";"30";"363"
"O/Y";"Turtles";"2";"6366"
"Shellac";"The end of radio";"2";"6367"
"Ralph Heidel";"Moments of Resonance";"5";"3116"
"Steve Moore";"Beloved Exile";"5";"3117"
"Benita";"Time For A Change";"1";"9759"
"Dusky";"Amongst The Gods (Brame & Hamo Remix)";"1";"9760"
"Peter Abdul";"Doing It in Lagos: Boogie, Pop & Disco in 1980's Nigeria";"1";"9761"
"Anthony Naples";"Take Me With You";"7";"2262"
"Matt Karmil";"Sourced";"12";"1266"
"Ami Dang";"Parted Plains";"3";"4810"
"DJ Python";"Derretirse";"5";"3118"
"Leafcutter John";"Yes! Come Parade With Us";"6";"2631"
"Antoine Berjeaut";"Triple A";"2";"6368"
"Angel Bat Dawid";"The Oracle";"17";"804"
"Rev Harvey Gates";"The Time for Peace Is Now - Gospel Music About Us";"3";"4811"
"Me and My Friends";"Look Up";"4";"3810"
"Nubiyan Twist";"Jungle Run";"13";"1155"
"Batsumi";"Collected Works 1972 - 1976";"1";"9762"
"DJ Cam";"Hey Love";"2";"6369"
"Fela Kuti";"2000 Blacks Got To Be Free (feat. Roy Ayers)";"3";"4812"
"Oso Leone";"Mokragora";"5";"3119"
"Lucrecia Dalt";"Tar (Jan Jelinek Remix)";"1";"9763"
"Dark Sky";"Cold Harbour";"1";"9764"
"Can";"Shikako Maru Ten";"3";"4813"
"Ferg";"Rex";"1";"9765"
"Crac";"All for You";"6";"2632"
"Kali Malone";"The Sacrificial Code";"13";"1156"
"Weval";"The Weight Remixe";"1";"9766"
"l'éclair";"Take the Money (Octopus Version)";"1";"9767"
"Kleintierschaukel";"D-Tales";"6";"2633"
"ras";"4:20";"3";"4814"
"Rozi Plain";"What a Boost";"4";"3811"
"Beverly Glenn-Copeland";"Primal Prayer";"1";"9768"
"Pat Thomas";"Disco Highlife Reedit Series, Vol. 2";"1";"9769"
"Meara O'Reilly";"Meara O'Reilly: Hockets for Two Voices";"1";"9770"
"Hans Hass";"Proper Sunburn - Forgotten Sunscreen Applied By Basso";"1";"9771"
"RVDS";"Proper Sunburn - Forgotten Sunscreen Applied By Basso";"1";"9772"
"RVDS";"Shadows";"1";"9773"
"Horizont";"Proper Sunburn - Forgotten Sunscreen Applied By Basso";"1";"9774"
"Finzy Kontini";"Cosmo Galactic Prism";"2";"6370"
"Lindstrøm";"Cosmo Galactic Prism";"1";"9775"
"Matt Karmil";"Dans-Maxi Fran Nacksving";"4";"3812"
"Holly Walker";"Ballerine";"1";"9776"
"JRBB";"Moebius Strip";"1";"9777"
"JJ Whitefield";"Brother All Alone";"6";"2634"
"Little Dragon";"Tongue Kissing";"5";"3120"
"Jad & The";"Bells Creek Road";"15";"953"
"Jon Hassell";"Listening To Pictures (Pentimento Volume One)";"2";"6371"
"The Quiet Ones";"Matamba";"4";"3813"
"Leif";"Loom Dream";"3";"4815"
"Camila Costa";"Southern Hemisphere";"4";"3814"
"Svínhunder";"Anna";"3";"4816"
"Yu Su";"Watermelon Woman";"7";"2263"
"Amerigo Gazaway";"1990";"2";"6372"
"Carlos Niño & Friends";"Bliss On Dear Oneness";"2";"6373"
"Pat Thomas";"Obiaa!";"6";"2635"
"Susumu Yokota";"Symbol";"25";"463"
"David Walters";"Mama";"18";"750"
"Nosaj Thing";"Nightcrawler";"2";"6374"
"Populous";"Com Amigos (Remixes)";"3";"4817"
"Sebastian Mullaert";"A Place Called • Inkonst";"26";"438"
"Kanot";"Bottenmannen / La Danse Des Corneilles";"1";"9778"
"Okain";"Voltaire Music Presents the Berlin Diary, Pt. 7";"1";"9779"
"Dauwd";"Ghostly Swim 2";"2";"6375"
"Dauwd";"What's There";"3";"4818"
"Contact";"Allison Cameron: A Gossamer Bit";"1";"9780"
"Sinoptik Music";"Voices in My Head - EP";"2";"6376"
"Loscil";"Sea Island";"6";"2636"
"Various artists (2)";"Naïf";"2";"6377"
"The Frightnrs";"I'd Rather Go Blind - Single";"1";"9781"
"The Frightnrs";"Daptone Records Singles Collection: Volume 5";"1";"9782"
"The Frightnrs";"Nothing More To Say";"5";"3121"
"The Gladiators";"Proverbial Reggae";"2";"6378"
"Toots and The Maytals";"Funky Kingston";"1";"9783"
"John Brown's Body";"Spirits All Around Us";"2";"6379"
"The Vernons";"Volume 1";"1";"9784"
"The Jamaicans";"Let's Do Rocksteady: The Story of Rocksteady 1966-68";"1";"9785"
"Sublime";"Sublime";"2";"6380"
"Desmond Cheese";"Fame & Fortune";"3";"4819"
"Bob Marley & The Wailers";"Uprising";"2";"6381"
"Treugol'nyy Son";"Leveldva Chillrave 002";"1";"9786"
"Ninze";"Leveldva Chillrave 002";"1";"9787"
"Mop Mop";"Lunar Love";"11";"1409"
"Toro y Moi";"Anything in Return";"1";"9788"
"Naxatras";"Naxatras";"3";"4820"
"Steel Pulse";"Smash Hits";"1";"9789"
"Ziggy Marley";"Fly Rasta";"1";"9790"
"Muno";"Leveldva Chillrave 002";"1";"9791"
"Batu Ozer";"Leveldva Chillrave 002";"1";"9792"
"Niju";"Leveldva Chillrave 002";"1";"9793"
"Jacob Groening";"Leveldva Chillrave 002";"1";"9794"
"Loewenthal";"Leveldva Chillrave 002";"1";"9795"
"ōme";"Leveldva Chillrave 002";"1";"9796"
"Jon Hopkins";"Luminous Spaces";"1";"9797"
"DaniT";"Cuatro Vientos (Rey & Kjavik Remix)";"1";"9798"
"Nubiyan Twist";"Portraits";"1";"9799"
"James Holden";"A Cambodian Spring OST";"4";"3815"
"Wajatta";"Don’t Let Get You Down";"10";"1572"
"Prins Emanuel";"Diagonal Musik";"12";"1267"
"Aaron Taylor";"Let Me Fly";"1";"9800"
"Bufiman";"Albumsi";"8";"1988"
"Serafina Steer";"The Mind Is A Trap";"3";"4821"
"K15";"Our Time Is Borrowed";"1";"9801"
"Brainstory";"Buck";"6";"2637"
"Jiony";"Plexo Lunar";"1";"9802"
"Mark de Clive-Lowe";"Heritage";"4";"3816"
"Leroy Anderson";"Traditional Christmas Classics";"1";"9803"
"Frank Sinatra";"Christmas Songs by Sinatra";"3";"4822"
"Leona Lewis";"Now That's What I Call Christmas";"1";"9804"
"Matt Terry";"When Christmas Comes Around";"1";"9805"
"Gwen Stefani";"You Make It Feel Like Christmas";"2";"6382"
"Sia";"Everyday Is Christmas";"1";"9806"
"98º";"Let It Snow";"1";"9807"
"Coldplay";"Now That's What I Call Christmas";"1";"9808"
"Destiny's Child";"8 Days of Christmas";"2";"6383"
"Elvis Presley";"Elvis Presley Christmas Duets";"1";"9809"
"Britney Spears";"My Pop Christmas";"1";"9810"
"The Crystals";"Now That's What I Call Christmas";"1";"9811"
"Michael Bublé";"Christmas";"2";"6384"
"The Vamps";"Meet The Vamps (Christmas Edition)";"1";"9812"
"The Jackson 5";"Christmas Album";"2";"6385"
"Sia";"Santa's Coming For Us";"1";"9813"
"Sam Smith";"Have Yourself a Merry Little Christmas";"1";"9814"
"Band Aid";"Christmas Music 100 Hits";"1";"9815"
"Ariana Grande";"Snow in California";"1";"9816"
"Elton John";"Goodbye Yellow Brick Road (40th Anniversary Celebration / Super Deluxe)";"1";"9817"
"Bing Crosby";"Bing Crosby Rediscovered: The Soundtrack (American Masters)";"1";"9818"
"Chris Rea";"New Light Through Old Windows";"2";"6386"
"Meghan Trainor";"I'll Be Home";"1";"9819"
"Ariana Grande";"Santa Tell Me";"3";"4823"
"FaltyDL";"Flechazo";"2";"6387"
"FEATHERED SUN";"How Strange";"2";"6388"
"The Colours That Rise";"Home Time";"2";"6389"
"Tommy Guerrero";"The Endless Road";"1";"9820"
"Octo Octa";"Resonant Body";"21";"593"
"Santilli";"Surface";"2";"6390"
"Pole";"3";"2";"6391"
"Joseph Shabason";"Broken Hearted Kota";"7";"2264"
"The Midnight Hour";"The Midnight Hour";"2";"6392"
"Sam Prekop";"Tour EP";"4";"3817"
"Andras";"Honeybird";"2";"6393"
"Max Clouth Clan";"Surrender to What Is (Kabuki Dub Remix)";"1";"9821"
"Pacific Coliseum";"Ocean City (Remixes)";"1";"9822"
"Family Time";"The Great Abismo";"2";"6394"
"Micatone";"Wish I Was Here";"14";"1035"
"Tala Vala";"Sarha";"20";"640"
"Aporia";"Hotel Aporia";"7";"2265"
"Thibault Renou";"Maïsha Suite";"2";"6395"
"Lambert";"Sweet Apocalypse";"43";"235"
"Kevin Morby";"Harlem River After Hours Dub (Peaking Lights Remix)";"4";"3818"
"Peaking Lights";"Lucifer Re-Lit";"1";"9823"
"Yazmin Lacey";"Not Today Mate";"1";"9824"
"midub";"From Pilsen to the Moon";"1";"9825"
"Detroit Swindle";"Rhythm Girl Swing EP";"1";"9826"
"Wayne Snow";"The Second Best Time is Now";"3";"4824"
"Werkha";"Generation X";"1";"9827"
"Jitwam";"The Second Best Time is Now";"2";"6396"
"Space Ghost";"The Second Best Time is Now";"2";"6397"
"Kasper Marott";"The Second Best Time is Now";"5";"3122"
"Verner";"The Second Best Time is Now";"2";"6398"
"DIRK 81";"The Second Best Time is Now";"6";"2638"
"Glenn Astro";"The Second Best Time is Now";"1";"9828"
"K15";"Earth State EP";"9";"1761"
"S. N. Goenka";"Mini Anapana - Vipassana Meditation - English";"1";"9829"
"Peaking Lights";"Sea of Sand";"3";"4825"
"Bété";"Tropical House Music for Workout";"1";"9830"
"Sick Puppies";"Dressed Up As Life";"1";"9831"
"Clarence Carter";"This Is Clarence Carter";"3";"4826"
"Werkha";"The Rigour";"19";"690"
"Slow Attack Ensemble";"Delay Music";"2";"6399"
"Holy Fuck";"Deleter";"3";"4827"
"Nautiluss";"Liquid Sky";"1";"9832"
"Violetta Parisini";"Mehr sein";"3";"4828"
"Violetta Parisini";"Die Dunkelheit hat keine Farben";"1";"9833"
"Meetsysteem";"Geen Signaal (Remixes)";"3";"4829"
"Billy Ocean";"Billy Ocean (Expanded Edition)";"3";"4830"
"Yoshinori Hayashi";"Bjørn Torske/Prins Thomas Remixes";"1";"9834"
"Cowboy Rhythmbox";"Mécanique Sauvage";"2";"6400"
"Violetta Parisini";"Frei";"3";"4831"
"Ichisan";"Space Patrol 10th Year Anniversary";"3";"4832"
"Edwin Starr";"25 Miles";"1";"9835"
"Quantic";"Shapes: Red";"1";"9836"
"Dervish";"Dervish";"42";"245"
"Ana Roxanne";"~~~";"11";"1410"
"Mary Lattimore";"Collected Pieces";"59";"151"
"Iasos";"Inter-Dimensional Music";"13";"1157"
"Shyamal Sinha";"Sarod Ragas";"12";"1268"
"Blusher";"tren rezno";"1";"9837"
"Tina Malia";"Jaya Bhagavan";"4";"3819"
"Pional";"Dos Attack Presents: International Space Melodies Vol#3";"4";"3820"
"Islandman";"Kaybola";"32";"336"
"Nikosh";"Who";"5";"3123"
"Mapstation";"Tour EP";"2";"6401"
"Nikosh";"Mamadi (Geplantes Nichtstun Remix)";"2";"6402"
"Nihiloxica";"Nihiloxica";"11";"1411"
"Nicola Cruz";"Nicola Cruz / Pigmalião";"7";"2266"
"Pigmalião";"Nicola Cruz / Pigmalião";"3";"4833"
"Bété";"Asouf";"1";"9838"
"Robert Stillman";"Rainbow";"3";"4834"
"Gal Gracen";"FANTASY GARDENS";"74";"101"
"Beatrice Dillon";"Workaround";"4";"3821"
"Khruangbin";"Texas Sun";"5";"3124"
"HÆLOS";"Any Random Kindness (The Remixes)";"1";"9839"
"Jac the Disco";"Cosmic Matter";"1";"9840"
"Fagaru Evolution";"Ishilan n-Tenere";"8";"1989"
"Cito Jarvis";"Body Beat: Soca-Dub and Electronic Calypso (1979-98)";"9";"1762"
"Arrow";"Knock Dem Dead";"3";"4835"
"Sebastian Böhm";"Blue Monday";"5";"3125"
"Peter Britto";"Body Beat: Soca-Dub and Electronic Calypso (1979-98)";"1";"9841"
"*D* Ivan";"Body Beat: Soca-Dub and Electronic Calypso (1979-98)";"2";"6403"
"Adonijah";"Body Beat: Soca-Dub and Electronic Calypso (1979-98)";"2";"6404"
"Levi John";"Body Beat: Soca-Dub and Electronic Calypso (1979-98)";"10";"1573"
"The Millers";"Body Beat: Soca-Dub and Electronic Calypso (1979-98)";"2";"6405"
"Mohjah";"Body Beat: Soca-Dub and Electronic Calypso (1979-98)";"1";"9842"
"Spiking";"Body Beat: Soca-Dub and Electronic Calypso (1979-98)";"2";"6406"
"Lewlewal de Podor";"Ishilan n-Tenere";"5";"3126"
"Roger Bain";"Body Beat: Soca-Dub and Electronic Calypso (1979-98)";"1";"9843"
"Juno D";"Body Beat: Soca-Dub and Electronic Calypso (1979-98)";"1";"9844"
"Andre Tanker";"Body Beat: Soca-Dub and Electronic Calypso (1979-98)";"2";"6407"
"Colin Jackman";"Body Beat: Soca-Dub and Electronic Calypso (1979-98)";"14";"1036"
"Touch";"Body Beat: Soca-Dub and Electronic Calypso (1979-98)";"1";"9845"
"Brother Resistance";"Body Beat: Soca-Dub and Electronic Calypso (1979-98)";"3";"4836"
"Bill Campbell";"Body Beat: Soca-Dub and Electronic Calypso (1979-98)";"3";"4837"
"D' Rebel Band";"Body Beat: Soca-Dub and Electronic Calypso (1979-98)";"2";"6408"
"Dauwd";"Psssh 001";"15";"954"
"Leifur James";"Wise Old Man";"2";"6409"
"Shabaka And The Ancestors";"The Coming Of The Strange Ones";"1";"9846"
"Wilma Archer";"Decades";"1";"9847"
"Barrio Lindo";"Menoko";"4";"3822"
"Traditional";"España";"3";"4838"
"Laraaji";"Like Taking Off An Old Shoe AKA Death (Laraaji Rework)";"1";"9848"
"1900";"1900";"9";"1763"
"Thomas Fehlmann";"Los Lagos";"11";"1412"
"Efdemin";"Decay Versions Pt. 2";"1";"9849"
"Zuco 103";"Tripicalismo";"1";"9850"
"Collocutor";"Continuation";"3";"4839"
"The Sabres of Paradise";"Sabresonic";"1";"9851"
"The Cinematic Orchestra";"Wait for Now (Pépé Bradock Remixes)";"1";"9852"
"The Cinematic Orchestra";"To Believe";"6";"2639"
"Mapstation";"Present Unmetrics";"2";"6410"
"Seb Wildblood";"Foreign Parts";"6";"2640"
"Nadia Nair";"Beautiful Poetry";"2";"6411"
"King Krule";"Man Alive!";"6";"2641"
"Kelly Lee Owens";"Melt!";"6";"2642"
"Yazmin Lacey";"Morning Matters";"1";"9853"
"Nicola Cruz";"Hybridism";"35";"307"
"Alfa Mist";"On My Ones";"23";"526"
"Violetta Parisini";"Alles bleibt";"7";"2267"
"John Hopkins Uni";"Journey";"1";"9854"
"Peter Power";"Awake Into Life";"1";"9855"
"Beatrice Dillon";"FACT Mixes";"1";"9856"
"Abba Gargando";"Ishilan n-Tenere";"6";"2643"
"Alkibar Gignor";"Ishilan n-Tenere";"2";"6412"
"Intriya Ag Babo";"Ishilan n-Tenere";"4";"3823"
"Children in Djounhan";"Ishilan n-Tenere";"2";"6413"
"Amanar";"Ishilan n-Tenere";"2";"6414"
"King Aus";"Aus";"1";"9857"
"Mary Clark";"Take Me I'm Yours";"19";"691"
"Quantic;Los Miticos Del Ritmo";"Hotline Bling";"1";"9858"
"Horostar de Tonka";"Ishilan n-Tenere";"2";"6415"
"Nelson Of The East";"Night Frames";"13";"1158"
"Nelson Of The East";"Phase Alternating Lines";"2";"6416"
"Tycho";"Simulcast";"13";"1159"
"Kohra";"Sphera";"1";"9859"
"baiuca";"Mangüeiro";"4";"3824"
"IYAKUH";"POAN Collaborations";"1";"9860"
"Biralo";"POAN Collaborations";"1";"9861"
"Sangeet";"Aurea";"1";"9862"
"Nomadic";"Wandering Mind";"1";"9863"
"Stavroz";"Talabout";"1";"9864"
"Rodrigo Gallardo";"El derecho de vivir en paz";"1";"9865"
"Fany Havest";"Space Echo (Analog Africa No. 20)";"1";"9866"
"Pedrinho";"Space Echo (Analog Africa No. 20)";"1";"9867"
"M.RUX";"Vermonische Melodien";"29";"381"
"Quirino Do Canto";"Space Echo (Analog Africa No. 20)";"1";"9868"
"Tchiss Lopes";"Space Echo (Analog Africa No. 20)";"3";"4840"
"João Cirilo";"Space Echo (Analog Africa No. 20)";"2";"6417"
"Abel Lima";"Space Echo (Analog Africa No. 20)";"1";"9869"
"Os Apolos";"Space Echo (Analog Africa No. 20)";"1";"9870"
"Américo Brito";"Space Echo (Analog Africa No. 20)";"1";"9871"
"Elisio Vieira";"Space Echo (Analog Africa No. 20)";"1";"9872"
"Modha";"One Of These Days (Sea Moya Remix)";"1";"9873"
"Tidiane Thiam";"Ishilan n-Tenere";"1";"9874"
"Chaos in the CBD";"Chaos In The CBD & Friends";"31";"347"
"Leifur James";"AAID";"2";"6418"
"Ratgrave";"Alright";"1";"9875"
"Neue Grafik";"Beat X Changers Family 2020 Legacy";"1";"9876"
"Nicolas Godin";"Catch Yourself Falling (FaltyDL Remix)";"1";"9877"
"Ego Ella May";"So Far";"21";"594"
"Kokoroko";"Carry Me Home";"10";"1574"
"ONIPA";"We No Be Machine";"8";"1990"
"Moses Boyd";"Dark Matter";"74";"102"
"JuJu Rogers";"40 Acres N Sum Mula";"9";"1764"
"Modha";"Getting By";"6";"2644"
"Rodrigo Gallardo";"FuerzAndina";"12";"1269"
"Georgia Anne Muldrow";"Always";"1";"9878"
"Maribou State";"Mother";"5";"3127"
"Trippin Jaguar";"Night Over Eridu";"1";"9879"
"Nasty P.";"Story So Far";"1";"9880"
"Kaitlyn Aurelia Smith";"Expanding Electricity";"2";"6419"
"Baba Zula";"Gecekondu";"5";"3128"
"Feyyaz Yigit";"Grand Vuslat";"2";"6420"
"Jacques Renault";"Dos Attack Presents: International Space Melodies";"1";"9881"
"Pletnev";"Dos Attack Presents: International Space Melodies";"1";"9882"
"Chassol";"Ludi";"9";"1765"
"Philippe Cohen Solal";"Mind Food";"2";"6421"
"Hamlet Minassian";"Armenian Pop Music";"10";"1575"
"Alma Negra";"Conversation EP";"6";"2645"
"Jungle by Night";"The Livingstone Remix EP";"1";"9883"
"Karl Berger";"Vibes Summit";"1";"9884"
"Four Tet";"Sixteen Oceans";"14";"1037"
"Horatio Luna";"Yes Doctor";"3";"4841"
"Jacques Palminger";"Farben";"13";"1160"
"Bochum Welt";"Jura Soundsystem Presents: Transmission Two";"1";"9885"
"Pigmalião";"Exodus";"29";"382"
"Session Victim";"Needledrop";"9";"1766"
"Moodymann";"Sinner: KDJ-48";"28";"398"
"Lifted";"2";"5";"3129"
"Johann Sebastian Bach";"Bach";"53";"179"
"Jay Daniel";"SSD";"4";"3825"
"Robert Loyson";"Nostalgie caraibes, Vol. 2";"1";"9886"
"Tom Of England";"Sex Monk Blues";"1";"9887"
"The Sorcerers";"In Search Of The Lost City Of The Monkey God";"22";"553"
"Zara McFarlane";"East of the River Nile";"1";"9888"
"Ariwo";"Quasi";"5";"3130"
"Me and My Friends";"High as the sun";"1";"9889"
"Hunrosa";"All (Remixes)";"1";"9890"
"Gam̈a͇";"Tepeme Musica VA 001 - Mictlán";"1";"9891"
"DA IGUANA";"Tepeme Musica VA 001 - Mictlán";"1";"9892"
"Steffen Ki";"Tepeme Musica VA 001 - Mictlán";"1";"9893"
"Intiche";"Tepeme Musica VA 001 - Mictlán";"1";"9894"
"Kusht";"Tepeme Musica VA 001 - Mictlán";"1";"9895"
"Maracuyá";"Tepeme Musica VA 001 - Mictlán";"1";"9896"
"ōme";"Tepeme Musica VA 001 - Mictlán";"1";"9897"
"Marcelo Berges";"Tepeme Musica VA 001 - Mictlán";"1";"9898"
"Alaix Pulse";"Tepeme Musica VA 001 - Mictlán";"1";"9899"
"Maugli";"Tepeme Musica VA 001 - Mictlán";"1";"9900"
"Dark but Gray";"Tepeme Musica VA 001 - Mictlán";"1";"9901"
"Nillo";"Tepeme Musica VA 001 - Mictlán";"1";"9902"
"Sarrelangue";"Tepeme Musica VA 001 - Mictlán";"1";"9903"
"Victor Norman";"Mebsuta";"1";"9904"
"Sebastian Mullaert";"Moonwaker";"2";"6422"
"Sarah Davachi";"Pale Bloom";"5";"3131"
"Numa Gama";"Me Redesenho";"7";"2268"
"East Forest";"Ram Dass";"2";"6423"
"John Coltrane";"Blue Train (Expanded Edition)";"3";"4842"
"Lambert";"Balcony Hotel (From 'Miss')";"1";"9905"
"Vermont";"II";"59";"152"
"Andreas Söderström";"Om Solen Väl Går Upp";"2";"6424"
"Maribou State";"fabric presents Maribou State (DJ Mix)";"14";"1038"
"Stelvio Cipriani";"fabric presents Maribou State (DJ Mix)";"5";"3132"
"Nick Hakim";"fabric presents Maribou State (DJ Mix)";"6";"2646"
"Pachanga Boys";"Girlcatcher";"1";"9906"
"Unspecified";"Tuareg Music of the Southern Sahara";"4";"3826"
"El Búho";"Ramas";"22";"554"
"Vajk Kobza";"Kara Libanon";"9";"1767"
"Jack Kornfield";"Meditation for Beginners";"1";"9907"
"North Downs";"fabric presents Maribou State (DJ Mix)";"5";"3133"
"Art Feynman";"fabric presents Maribou State (DJ Mix)";"5";"3134"
"Kutiman";"fabric presents Maribou State (DJ Mix)";"5";"3135"
"Acid Pauli";"BLD";"1";"9908"
"Risco Connection";"fabric presents Maribou State (DJ Mix)";"5";"3136"
"Supersempfft";"fabric presents Maribou State (DJ Mix)";"4";"3827"
"Kiki Gyan";"fabric presents Maribou State (DJ Mix)";"2";"6425"
"Nu Guinea";"fabric presents Maribou State (DJ Mix)";"2";"6426"
"Oriyin";"fabric presents Maribou State (DJ Mix)";"2";"6427"
"Botany";"fabric presents Maribou State (DJ Mix)";"3";"4843"
"Ekkehard Ehlers";"fabric presents Maribou State (DJ Mix)";"3";"4844"
"Jitwam";"fabric presents Maribou State (DJ Mix)";"3";"4845"
"Four Tet";"Pink";"10";"1576"
"Nicola Cruz";"Fuego Nuevo";"4";"3828"
"Nicola Conte";"50 Years MPS";"1";"9909"
"FKA twigs";"MAGDALENE";"1";"9910"
"Shabaka And The Ancestors";"We Are Sent Here By History";"10";"1577"
"Jake Hottell";"Break The Chains";"6";"2647"
"Zelia Barbosa";"edits & cuts";"2";"6428"
"Baden Powell & Vinicius de Moraes";"edits & cuts";"2";"6429"
"Sam Cooke vs. Kalabrese";"edits & cuts";"2";"6430"
"Wallace Collection";"edits & cuts";"2";"6431"
"Townes Van Zandt";"edits & cuts";"2";"6432"
"Stephen Steinbrink & ∆";"Edits & Cuts";"2";"6433"
"Marina Gallardo";"edits & cuts";"2";"6434"
"Tycho";"Awake";"10";"1578"
"Floating Points";"Bias";"4";"3829"
"Iona Fortune";"DJ-Kicks (DJ Mix)";"2";"6435"
"Equiknoxx";"DJ-Kicks (DJ Mix)";"2";"6436"
"Blackpocket";"DJ-Kicks (DJ Mix)";"2";"6437"
"Vernon Maytone";"DJ-Kicks (DJ Mix)";"2";"6438"
"Tiger";"DJ-Kicks (DJ Mix)";"2";"6439"
"DJ Nervoso";"DJ-Kicks (DJ Mix)";"2";"6440"
"Andreya Triana";"DJ-Kicks (DJ Mix)";"2";"6441"
"Sudan Archives";"DJ-Kicks (DJ Mix)";"2";"6442"
"Emílio Santiago";"DJ-Kicks (DJ Mix)";"2";"6443"
"Rosa Maria";"DJ-Kicks (DJ Mix)";"2";"6444"
"Laurel Aitken";"DJ-Kicks (DJ Mix)";"3";"4846"
"Tony Allen";"DJ-Kicks (DJ Mix)";"2";"6445"
"Antibalas";"DJ-Kicks (DJ Mix)";"2";"6446"
"Natural Self";"DJ-Kicks (DJ Mix)";"2";"6447"
"Dobie";"DJ-Kicks (DJ Mix)";"2";"6448"
"Errorsmith";"DJ-Kicks (DJ Mix)";"2";"6449"
"Mr. Scruff";"DJ-Kicks (DJ Mix)";"5";"3137"
"Ding Dong";"DJ-Kicks (DJ Mix)";"2";"6450"
"Fats Comet";"DJ-Kicks (DJ Mix)";"2";"6451"
"Paddy Steer";"DJ-Kicks (DJ Mix)";"3";"4847"
"Andy Ash";"DJ-Kicks (DJ Mix)";"2";"6452"
"Max Graef";"DJ-Kicks (DJ Mix)";"2";"6453"
"Alexander Robotnick";"DJ-Kicks (DJ Mix)";"2";"6454"
"Hashim";"DJ-Kicks (DJ Mix)";"2";"6455"
"Zongamin";"DJ-Kicks (DJ Mix)";"2";"6456"
"Bumcello";"DJ-Kicks (DJ Mix)";"2";"6457"
"Archie Pelago";"DJ-Kicks (DJ Mix)";"2";"6458"
"Ghostpoet";"Nowhere To Hide Now";"1";"9911"
"Art Feynman";"I'm Gonna Miss Your World";"1";"9912"
"Werkha";"Tru Thoughts Downtempo & Chill";"2";"6459"
"Manu Delago";"Tru Thoughts Downtempo & Chill";"2";"6460"
"Jonny Faith";"Tru Thoughts Downtempo & Chill";"2";"6461"
"Lost Midas";"Tru Thoughts Downtempo & Chill";"2";"6462"
"Quantic";"Tru Thoughts Downtempo & Chill";"1";"9913"
"Lanu";"Tru Thoughts Downtempo & Chill";"1";"9914"
"Natural Self";"Tru Thoughts Downtempo & Chill";"1";"9915"
"Bonobo";"Tru Thoughts Downtempo & Chill";"2";"6463"
"Space Captain";"Tru Thoughts Downtempo & Chill";"1";"9916"
"Jesse Fischer";"Tru Thoughts Downtempo & Chill";"1";"9917"
"Hint";"Tru Thoughts Downtempo & Chill";"1";"9918"
"J-Felix";"Tru Thoughts Downtempo & Chill";"1";"9919"
"Hidden Orchestra";"Tru Thoughts Downtempo & Chill";"4";"3830"
"Andy Ash";"Bottleneck EP";"1";"9920"
"Village Of The Sun";"Ted";"3";"4848"
"Ben Hauke";"Nightwork - EP";"52";"184"
"Olsen and the Hurley Sea";"edits & cuts";"1";"9921"
"Sicker Man";"edits & cuts";"1";"9922"
"Vakula";"No Music";"3";"4849"
"Nicola Conte & Spiritual Galaxy";"Let Your Light Shine On";"12";"1270"
"Seiji";"DJ-Kicks (DJ Mix)";"2";"6464"
"Snowboy and The Latin Section";"DJ-Kicks (DJ Mix)";"1";"9923"
"Drymbago";"DJ-Kicks (DJ Mix)";"1";"9924"
"Harald Kindseth";"Habitat EP";"1";"9925"
"Nicolas Jaar";"Cenizas";"26";"439"
"Kaitlyn Aurelia Smith";"The Steady Heart";"1";"9926"
"Ólafur Arnalds";"Trance Frendz";"19";"692"
"Kelela & Asmara";"Aquaphoria";"1";"9927"
"Z Lovecraft";"Youandmusic, Vol. 1";"3";"4850"
"Leonidas";"Youandmusic, Vol. 1";"12";"1271"
"Alice Russell";"Under the Munka Moon, Pt. 2";"13";"1161"
"Frédéric Chopin";"Chopin: Nocturnes (Volume 1)";"2";"6465"
"Helene Roche";"Veracity";"2";"6466"
"Peter Sandberg";"Balm";"4";"3831"
"Bionda van der Ham";"Zomer";"1";"9928"
"Snow In April";"Magnolia";"1";"9929"
"Julius Aston";"Trieste";"3";"4851"
"Ruben Galloway";"In The Stillness";"1";"9930"
"Peter Cavallo";"The Half Light";"1";"9931"
"Leslie Miles";"Miles Away";"2";"6467"
"Elder Lockhart";"Ex Nihilo Nihil Fit";"3";"4852"
"Aron Edwards";"Couronne";"2";"6468"
"Rebour";"Piano & Chill";"1";"9932"
"Joep Beving";"Ala";"17";"805"
"Christopher Dicker";"Solitaire";"1";"9933"
"Ragnar Seaholm";"Small Steps";"1";"9934"
"Johannes Bornlöf";"As the Years Go By";"3";"4853"
"Alec Windt";"In Love";"2";"6469"
"Rebecca Leonard";"Incandescence";"2";"6470"
"Renato Luigi";"Bergamo";"1";"9935"
"Oneke";"More than Close";"2";"6471"
"Olivia Belli";"Silent Dusk / Beside The Spring";"2";"6472"
"Dominique Charpentier";"La tendresse";"2";"6473"
"Peter Sandberg";"Dismantle";"2";"6474"
"Robin Bennich";"Free Fall";"1";"9936"
"Dominique Marais";"D-Bus-Y";"2";"6475"
"Oskar Schuster";"Theben";"2";"6476"
"Mauro Cangemi";"Continuo";"1";"9937"
"Milo Edale";"The Piano Inside";"1";"9938"
"Juan Maria Solare";"Numbered Places, Vol. 1";"2";"6477"
"Tristan Eckerson";"Trozo Revisited";"2";"6478"
"Muriël Bostdorp";"Revive";"3";"4854"
"Sarah Spring";"Under Cold Water";"2";"6479"
"Sigríður";"Interconnectivity";"3";"4855"
"Sergio Díaz De Rojas";"Waltz";"1";"9939"
"Martin Greenbaum";"Folk Dances";"1";"9940"
"Dagmar Collier";"Qui vivra verra";"1";"9941"
"Roman Jensen";"Sail";"2";"6480"
"Max Swan";"Downstreams";"1";"9942"
"Daigo Hanada";"Ouka";"1";"9943"
"Tosh Møller";"Længsel";"1";"9944"
"Csizmazia Etel";"Szerelem";"1";"9945"
"Karin Borg";"Norrsken";"1";"9946"
"Amy-Leigh Williamson";"To Brodie";"1";"9947"
"Sufi Ellman";"Bliss";"2";"6481"
"Heike Blau";"Heimweh";"1";"9948"
"Rhiannon Bannenberg";"Ambrosia (Official Soundtrack)";"1";"9949"
"Moy Finneas";"Weaving";"2";"6482"
"Heike Blau";"Fernweh";"1";"9950"
"Aleksy Wysocki";"Lato";"1";"9951"
"Sigimund";"Piano & Chill";"2";"6483"
"Eamonn Watt";"A Simple Little Lullaby";"1";"9952"
"Leroy Bolander";"Mrs.Kelley";"2";"6484"
"Zachary Patel";"Bartram's Garden";"2";"6485"
"Moux";"Gaze";"2";"6486"
"Clara Nishimoto";"Musing";"1";"9953"
"Johannes Bornlöf";"Dear Sleep";"1";"9954"
"Bodor Vencel";"Gondolkodás";"2";"6487"
"Gavin Luke";"Luster";"2";"6488"
"Massimo Natali [IT]";"Nobody's Home";"2";"6489"
"Annebelle Coenraad";"Ik zie je snel weer";"2";"6490"
"Ana Olgica";"Sugarcane";"1";"9955"
"Quinn MacKenzie";"Rannoch Moor";"2";"6491"
"Akira Kosemura";"Komorebi";"6";"2648"
"Kozue Ojima";"Hand in Hand";"2";"6492"
"Sam Eber";"When All Else Fades";"3";"4856"
"Klaus Weissmuller";"fabienne";"1";"9956"
"Kaja Voll";"Kanskje en vakker dag";"1";"9957"
"Santo Trevisani";"What if we never met";"2";"6493"
"Joy Orbison";"81b";"2";"6494"
"Alfa Mist";"Energy";"1";"9958"
"Mr. Scruff";"3001: A Space Disco Remix (DJ-Kicks)";"1";"9959"
"Paddy Steer";"DJ-Kicks (Mr. Scruff) [DJ Mix]";"2";"6495"
"Andy Ash";"DJ-Kicks (Mr. Scruff) [DJ Mix]";"5";"3138"
"Seiji";"DJ-Kicks (Mr. Scruff) [DJ Mix]";"3";"4857"
"Romaal Kultan";"Off Grid";"3";"4858"
"Jpye";"Twonk & Friends - L' Orient";"1";"9960"
"Axel Boman";"Eyes Of My Mind";"12";"1272"
"Axel Boman";"Le New Life";"38";"277"
"Kurt Adam";"Kervan";"1";"9961"
"Stimming";"Eiger Nordwand EP";"3";"4859"
"Alfa Mist";"Epoch";"6";"2649"
"Lee Fields & The Expressions";"Truth & Soul presents Lee Fields (The 45 Mixes)";"5";"3139"
"Jimmy Whoo";"Basic instinct";"9";"1768"
"Folamour";"Ordinary Drugs";"66";"126"
"44th Move";"Broken";"4";"3832"
"Manu Dibango";"Ceddo (Bande originale du film)";"1";"9962"
"thool";"Thool";"2";"6496"
"Dreems";"In Deep Waters";"38";"278"
"Charlotte Funke";"Episode";"1";"9963"
"Jaidy Thissen";"schemering";"1";"9964"
"Zemfira Mironova";"Lelyah";"2";"6497"
"Adam Fincher";"Pearly White";"1";"9965"
"Aaron Lansing";"Faded Dreams";"2";"6498"
"Falerina Paquet";"Fin de l'été";"1";"9966"
"Joel Lyssarides";"Dreamer";"2";"6499"
"Francie Stooge";"Daybreak";"2";"6500"
"Nils Frahm";"Screws";"8";"1991"
"Tomasz Kraal";"Valse Glacée";"2";"6501"
"Robin Bennich";"Looking Forward, Looking Backward";"1";"9967"
"Bela Nemeth";"This Moment";"1";"9968"
"Lennon McKenna";"Perspectives";"2";"6502"
"Elizabeth Bouknight";"Eau Claire";"1";"9969"
"Eline Neteland";"Ærlighet";"2";"6503"
"Józef Gatysik";"Evolutionistically Yours";"2";"6504"
"Ever So Blue";"Fragment";"3";"4860"
"Way Beyond";"Floating";"1";"9970"
"Fioretta Rizzo";"Ci vediamo domani";"1";"9971"
"Jitka Kubr";"Komorebi";"1";"9972"
"Tomasz Kraal";"The Swan";"2";"6505"
"Maya Åström";"Den första snön";"1";"9973"
"Jef Martens";"Soirées sans toi";"1";"9974"
"Valbona Ceferin";"Hvaležni";"1";"9975"
"Joseph Caleb";"Collected";"1";"9976"
"Matti Bye";"Faller Snö";"2";"6506"
"Nicola conti";"Chi cerca trova";"2";"6507"
"Minnie Scolanti";"Timelapse";"2";"6508"
"Kolorascze";"Aion";"1";"9977"
"Falerina Paquet";"Prends soin de toi";"1";"9978"
"Christopher Dicker";"Hands";"2";"6509"
"Denise Billingsley";"Meet me";"1";"9979"
"Charles Bolt";"Charles Bolt";"3";"4861"
"Réka Ioescu";"Endymion";"2";"6510"
"Oneke";"Rays of Hope";"2";"6511"
"Thomasine Robinson";"It is a Beauteous Evening";"2";"6512"
"Adam Fincher";"Forrester";"1";"9980"
"Alida Sørby";"Kjæreste";"2";"6513"
"PIANO NOVEL";"Connected Colors";"1";"9981"
"Germain Lesage";"trouvaille";"2";"6514"
"Justin Withers";"Theme From the Lost Ones";"2";"6515"
"Csizmazia Etel";"Olyan szép vagy";"1";"9982"
"Henrietta Kuipers";"Salvatore";"2";"6516"
"Léon Branche";"After the Silence";"1";"9983"
"Joel Lyssarides";"Björninnan";"1";"9984"
"Leyton Stills";"Human";"2";"6517"
"Alexandra Streliski";"Plus tôt";"1";"9985"
"Jim Perkins";"Outside";"2";"6518"
"Sigrid Vass";"Aquatic";"2";"6519"
"Borghild Wenn";"Filotimo";"1";"9986"
"Ricki Westberg";"When We First Met";"2";"6520"
"Heinz Goldblatt";"Traveling";"2";"6521"
"Frano Stanić";"Misli na tebe";"1";"9987"
"Gavin Luke";"Night Walk";"2";"6522"
"Alexis Ffrench";"Dreamland (Solo Piano Version)";"1";"9988"
"Luke Faulkner";"Clocks";"1";"9989"
"Jensine Fleischer";"Adalene";"1";"9990"
"Jordane Tumarinson";"Automne";"1";"9991"
"Davorka Poljak";"Kozjak";"2";"6523"
"Kendra Logozar";"Equilibrium";"1";"9992"
"Kyran Martin";"Brig O' Balgownie";"1";"9993"
"José Marquez";"Ode to the DJ (feat. Tshaka Campbell)";"1";"9994"
"Darkstar";"Wolf (John Talabot Remixes)";"2";"6524"
"Umoja";"Owewe";"5";"3140"
"Alejandro Mosso";"Amatista Ep";"14";"1039"
"Alejandro Mosso";"Rituals Album";"8";"1992"
"S.A. Karl";"Castor / Pollux";"1";"9995"
"Ezequiel Johnson";"A New Year's Walk";"2";"6525"
"Elliot Ziegler";"Zéphyrine";"4";"3833"
"Darrell Vitagliano";"Crisantemo";"2";"6526"
"Zwera";"Mass";"1";"9996"
"Petra Birgisdóttir";"Súlur";"2";"6527"
"Hayden Cargile";"Tinamou";"1";"9997"
"Eamonn Watt";"Reflections";"1";"9998"
"Karin Borg";"Preludium";"1";"9999"
"Novo Talos";"Carry On";"2";"6528"
"Riccardo Lettiere";"Magari";"1";"10000"
"Sufi Sheman";"Sentiment";"1";"10001"
"Federico Montoya";"Theme from Lazarus";"2";"6529"
"Hermann";"Leaves (Remastered)";"1";"10002"
"Mewael Yemane";"Wishes";"1";"10003"
"Tosh Møller";"Alene uden dig";"1";"10004"
"Floriscope";"Petals";"2";"6530"
"Emanuel Fremont";"Thinking about Jane";"1";"10005"
"Zwera";"Causality";"1";"10006"
"Haru Kitamura";"First Sunrise";"1";"10007"
"Hayden Cargile";"Scarlet Macaw";"2";"6531"
"Domenico Cattaneo";"Senza tentazioni, senza onore";"1";"10008"
"Florence Bellefeuille";"Quand on a pas ce que l’on aime, il faut aimer ce que l’on a";"2";"6532"
"Doris Casella";"Anwyll";"1";"10009"
"Joep Beving";"Solitude";"2";"6533"
"Dominique Marais";"A Perceptual Process";"1";"10010"
"S.J Morgan";"Rivers";"2";"6534"
"Jacob LaVallee";"In This Way";"2";"6535"
"Jan Thiel";"Süda";"2";"6536"
"Juliet Moss";"Abstract";"1";"10011"
"Jacob LaVallee";"A Place I Know";"1";"10012"
"Berlioz";"A Letter Home";"1";"10013"
"Maria Marble";"Hiemal";"1";"10014"
"Santo Trevisani";"If you ever change your mind";"1";"10015"
"Céline Aubin";"Mère bien-aimée";"2";"6537"
"Eamonn Watt";"Nightfall";"2";"6538"
"Eric Cadogan";"Confidante";"1";"10016"
"Hiroko Murakami";"Everlasting Oath";"2";"6539"
"Teodor Wolgers";"hopes";"1";"10017"
"Charles Bolt";"Tone of Love";"1";"10018"
"Romaine LaGrande";"Pense à moi";"1";"10019"
"Otto Wahl";"Awakening";"1";"10020"
"Davorka Poljak";"Isonzo";"1";"10021"
"Una Luna";"Send A Raven North";"1";"10022"
"Amity Fall";"Without";"1";"10023"
"Biba Dupont";"Indigo";"1";"10024"
"Anthony Sullivan";"From This Day";"1";"10025"
"GÅEL";"Mid Air";"2";"6540"
"Berlioz";"Isla De Flores";"1";"10026"
"Piotr Miteska";"Squares of Life";"1";"10027"
"Aenor";"Pachm";"2";"6541"
"Darrell Boxman";"Oudewater";"1";"10028"
"Olivier Mournier";"Pour tous les cœurs du monde";"1";"10029"
"Isaac Nash";"Fairfield";"1";"10030"
"Aaron Lansing";"Naive Spin";"1";"10031"
"Olivia Belli";"Rolling Pebbles / The Faun’s Dream";"1";"10032"
"Odin Sørlie";"Lucida";"1";"10033"
"Zygmunt Czarnecki";"Zakopane";"2";"6542"
"Samuel Lindon";"Meadow Mornings";"1";"10034"
"Jase Moran";"Distant Lapse";"1";"10035"
"Max Swan";"After The Rain";"1";"10036"
"Saeko Seki";"Aoyama Bochi";"1";"10037"
"SYML";"Where's My Love (Piano Solo)";"1";"10038"
"Jan Kubec";"Toužebný";"2";"6543"
"Gabríel Ólafs";"Staircase Sonata";"1";"10039"
"Leroy Bolander";"That day";"1";"10040"
"Vala Capon";"Presto arriverà il sole";"1";"10041"
"Peter Cavallo";"Rainy Day";"2";"6544"
"Samuel Lindon";"La tour";"2";"6545"
"Jesse Brown";"Notes From Tom";"1";"10042"
"Mark Souzek";"Les Etudes";"1";"10043"
"Ray Hutchcraft";"Marble Falls";"2";"6546"
"Jensine Fleischer";"Dalliance";"1";"10044"
"Eric Badanti";"Airbourne";"1";"10045"
"Isotope 217";"The Unstable Molecule";"1";"10046"
"Satoshi Ashikawa";"Kankyō Ongaku: Japanese Ambient, Environmental & New Age Music 1980-1990";"1";"10047"
"Max Richter";"A Catalogue of Afternoons";"3";"4862"
"Melanie Adler";"Gratitude";"1";"10048"
"Gavin Luke";"Solace";"1";"10049"
"Juultje Berben";"Uitwaaien";"1";"10050"
"Ever So Blue";"Traces";"1";"10051"
"Lummus Park";"Ocean And 17th";"2";"6547"
"Melanie Adler";"The Thing With Feathers";"1";"10052"
"Fioretta Rizzo";"Nel bisogno si riconosce il vero amico";"2";"6548"
"Karin Borg";"Kebnekajse";"1";"10053"
"Sumsar";"Amorous Rebound";"2";"6549"
"Haakon Stange";"Finding Hope";"1";"10054"
"Vail Bizier";"Ce n’est pas la mer à boire";"1";"10055"
"Lucas Vendrai";"Pas de deux";"1";"10056"
"Patrizio Pisani";"Guardami";"1";"10057"
"Piotr Wiese";"We Won't Waltz Together";"2";"6550"
"Franz Gordon";"Jeremy and Maureen";"1";"10058"
"Arelius";"Elements";"1";"10059"
"Camilla Selezneva";"Sasha";"1";"10060"
"Jonwayne";"40 Winks";"1";"10061"
"Pete Drake";"Forever - Single";"1";"10062"
"Delroy Edwards";"Hangin' At The Beach";"1";"10063"
"Mr. Scruff";"Keep It Unreal (10th Anniversary Analogue Remaster Edition)";"8";"1993"
"Monster Rally";"Flowering Jungle";"8";"1994"
"Cleaners From Venus";"On Any Normal Monday";"1";"10064"
"Robert Mitchum";"Robert Mitchum Sings";"1";"10065"
"Kit Sebastian";"Mantra Moderne";"14";"1040"
"Devin the Dude";"Still Rollin' Up: Somethin' To Ride With";"1";"10066"
"Drexciya";"Neptunes Lair";"4";"3834"
"Budgie";"Panty Soakers 4";"2";"6551"
"Earth Trax";"LP1";"16";"870"
"Kit Sebastian";"Mantra Moderne (Deluxe Edition)";"2";"6552"
"Martyn";"One Eye EP";"1";"10067"
"Patrick Cowley";"Afternooners";"4";"3835"
"Matty";"Selfportrait";"1";"10068"
"Arnie Love & the Lovettes";"Invisible Wind";"1";"10069"
"Slick Rick";"Behind Bars";"2";"6553"
"Yellow Magic Orchestra";"Yellow Magic Orchestra";"3";"4863"
"Gratitude";"We Are Here To Party";"1";"10070"
"Pan Amsterdam";"The Pocket Watch";"1";"10071"
"Cassio Ware";"blaze productions";"1";"10072"
"Matt Karmil";"STS371";"3";"4864"
"I:Cube";"DJ-Kicks EP";"1";"10073"
"Brandt Brauer Frick";"Echo";"2";"6554"
"Space Dimension Controller";"Planète Contraire";"3";"4865"
"Almunia";"Remix Sampler";"1";"10074"
"NUfrequency;Ben Onono";"Rebirth Essentials Volume Five";"1";"10075"
"Onyx Collective";"Manhattan Special";"4";"3836"
"Jennifer Lara";"Studio One Classics";"1";"10076"
"Payfone";"Last Night in Sant Celoni";"4";"3837"
"Supreme Jubilees";"Good God! Apocryphal Hymns";"2";"6555"
"Channel Tres";"Controller";"1";"10077"
"Benny Sings";"Passionfruit";"6";"2650"
"Dennis Brown";"Love & Hate";"1";"10078"
"Nu-Matic";"Hard Times";"1";"10079"
"Atom TM";"Around the World With Señor Coconut and His Orchestra";"1";"10080"
"Gloria Ann Taylor";"Love Is A Hurtin' Thing";"3";"4866"
"Kiefer";"Happysad";"41";"255"
"Chessie";"Overnight";"1";"10081"
"Kid Loco";"The Rare Birds";"1";"10082"
"Pender Street Steppers";"The Glass City";"11";"1413"
"Apiento";"Things You Do For Love";"3";"4867"
"Ibu Selva";"Earthly Tapes 01";"1";"10083"
"Dreems";"Earthly Tapes 01";"2";"6556"
"Keope";"Bigamo Remixed Pt. 1";"1";"10084"
"Maajo";"Kuru Kuru";"31";"348"
"Payfone";"Last Night in Sant Celoni (feat. Jaz James)";"11";"1414"
"Teste";"The Wipe / Ascend";"1";"10085"
"Jah Shaka";"Brimstone and Fire";"1";"10086"
"Cleaners From Venus";"Number Thirteen";"2";"6557"
"Anna Domino";"East and West + Live In Japan";"2";"6558"
"Dean Blunt";"soul on fire";"1";"10087"
"Jan Jelinek";"Loop-Finding-Jazz-Records";"4";"3838"
"USG";"Word, Sound & Power";"2";"6559"
"Decora";"Bread and Oats";"2";"6560"
"Cass McCombs";"Big Wheel and Others";"1";"10088"
"Lama";"Italo Disco Vol. 2";"2";"6561"
"Ali Farka Touré";"In the Heart of the Moon";"9";"1769"
"40 Thieves";"Don't Turn It Off Remixes";"5";"3141"
"Rammellzee";"Giant Single: Profile Records Rap Anthology";"2";"6562"
"Vincent Ahehehinnou";"Best Woman (Analog Africa Dance Edition No. 5)";"1";"10089"
"Nico";"Chelsea Girl";"1";"10090"
"Donato Dozzy";"Mindless Fullness";"1";"10091"
"Becker & Mukai";"Time Very Near";"26";"440"
"Aril Brikha";"Deeparture in Time - Revisited";"1";"10092"
"Mickey Moonlight";"And The Time Axis Manipulation Corporation";"2";"6563"
"Yacht";"Psychic City";"4";"3839"
"Circuit Breaker";"Blueprints for Modern Technology, Vol. 1";"1";"10093"
"Mood II Swing";"The Lost Deep House Trax - Volume One";"2";"6564"
"Alejandro Mosso";"Other Worlds";"2";"6565"
"Little Jinder´s Unreleased Romance";"Travel Back In Time";"2";"6566"
"Basement Jaxx";"Lost Remixes (1999 - 2009)";"1";"10094"
"David Walters";"Kryé Mwen (Remixes)";"2";"6567"
"Aleksi Perälä";"Ovuca Bonus";"1";"10095"
"International Music System";"IMS, Vol. 1 (LP)";"2";"6568"
"Sean Nicholas Savage";"Other Life";"1";"10096"
"Louis Hardin";"Moondog";"2";"6569"
"Muddy Monk";"Longue Ride";"2";"6570"
"Don Carlos";"Mediterraneo (Club Favourites Collection '90/98)";"2";"6571"
"Ebo Taylor";"Conflict";"1";"10097"
"Channel Tres";"Black Moses";"1";"10098"
"Bibio";"Lovers Carvings (WXAXRXP Session)";"1";"10099"
"The In Crowd";"His Majesty Is Coming";"2";"6572"
"Duke Reid's All Stars";"The Treasure Isle Story";"2";"6573"
"Jacob Desvarieux";"Banzawa";"1";"10100"
"Laraaji";"Vision Songs, Vol.1";"6";"2651"
"Karriem Riggins";"Headnod Suite";"2";"6574"
"Alton Ellis";"The Aggrovators Present: Alton Ellis";"1";"10101"
"Ike Turner & The Kings Of Rhythm";"A Black Man's Soul";"1";"10102"
"SWV";"Release Some Tension";"1";"10103"
"Felix da Housecat";"Kittenz and Thee Glitz";"1";"10104"
"LF58";"Alterazione";"3";"4868"
"John Wizards";"John Wizards";"3";"4869"
"Mac-Talla Nan Creag";"The Sorrow Of Derdriu";"4";"3840"
"Verinda";"Dust";"1";"10105"
"Mae Ji-Yoon";"Vibrations";"1";"10106"
"Romaine LaGrande";"Tu me fascines";"1";"10107"
"Patricia Sevin";"Choices";"1";"10108"
"Albert Riqueti";"Comforting";"1";"10109"
"Patrick Buote";"Heaven";"1";"10110"
"Élise Aucoin";"Qui n’avance pas, recule";"1";"10111"
"Réka Ioescu";"Amadeus";"1";"10112"
"Minik Jakobsen";"Limerence";"1";"10113"
"Kendra Logozar";"Softly";"1";"10114"
"Jef Martens";"delta/alpha";"1";"10115"
"Evelyn Stein";"Quiet resource";"1";"10116"
"Leonardo Cupelli";"Here";"1";"10117"
"Padang Food Tigers";"Ready Country Nimbus";"32";"337"
"Kutiman";"Lines from Different Sources";"6";"2652"
"Kutiman";"Mix Istanbul";"1";"10118"
"Matthias Meyer";"Strangely Enough EP";"1";"10119"
"Payfone";"I Was in New York / A Prayer for Maya Angelou";"1";"10120"
"Saint Etienne";"Casino Classics (Deluxe Edition)";"1";"10121"
"Galaxy 2 Galaxy";"Galaxy 2 Galaxy: A High Tech Jazz Compilation";"2";"6575"
"Harold Melvin & The Blue Notes";"Wake Up Everybody";"1";"10122"
"Kadhja Bonet";"The Visitor";"1";"10123"
"Dennis Brown";"Reggae Anthology: Dennis Brown - Crown Prince of Reggae - Singles (1972-1985)";"1";"10124"
"Labi Siffre";"Crying, Laughing, Loving, Lying";"1";"10125"
"Lonnie Liston Smith & The Cosmic Echoes";"Visions of a New World";"1";"10126"
"Dorothy Ashby";"Afro-Harping";"1";"10127"
"The Apples in Stereo";"Fun Trick Noisemaker";"1";"10128"
"Acid Pauli";"Mainacht";"8";"1995"
"Move D";"Let's Call It a Day";"17";"806"
"Payfone";"Paradise / Mice Life / Subcoinscient Lamentation";"10";"1579"
"Big Hard Excellent Fish";"Imperfect List";"1";"10129"
"Channel Tres";"Black Moses (feat. JPEGMAFIA)";"1";"10130"
"Moodymann";"Forevernevermore";"9";"1770"
"William Onyeabor";"Great Lover";"1";"10131"
"Nick Hakim";"Will This Make Me Good";"7";"2269"
"Moses Sumney";"græ";"5";"3142"
"air space ark";"All Rivers Lead";"3";"4870"
"Emanative";"Energy";"9";"1771"
"Clap! Clap!";"Liquid Portraits";"58";"155"
"Tenderlonious";"Impressions";"1";"10132"
"Songwriters' Forum";"Volume I";"1";"10133"
"Kaitlyn Aurelia Smith";"Carrying Gravity";"1";"10134"
"Ghostpoet";"I Grow Tired But Dare Not Fall Asleep";"13";"1162"
"Kid Creole And The Coconuts";"I Do Believe";"2";"6576"
"Peggy Gou";"Moment EP";"2";"6577"
"Richard Ulh";"Becouse of This";"1";"10135"
"Duval Timothy";"Sen Am";"9";"1772"
"Lambert";"Gdansk";"4";"3841"
"Kiefer";"Superbloom";"46";"214"
"Kiefer";"May 20";"1";"10136"
"rRoxymore";"Face to Phase";"2";"6578"
"Christina Galisatus";"Root";"2";"6579"
"Photek";"T'Raenon (Remastered Edition)";"2";"6580"
"Daphne";"When You Love Someone";"1";"10137"
"Nate Young";"Volume One: Dilemmas Of Identity";"2";"6581"
"Gabriel Garzón-Montano";"Bishouné: Alma del Huila Instrumentals";"1";"10138"
"Kara-Lis Coverdale";"Late Night Tales: Floating Points";"1";"10139"
"Monoton";"Blau - Monotonprodukt 02 26y++";"1";"10140"
"Kaitlyn Aurelia Smith";"The Mosaic of Transformation";"71";"110"
"Dengue Dengue Dengue";"Humos EP";"2";"6582"
"Jimi Jules";"Karma Baby EP";"1";"10141"
"El Michels Affair";"12345678910";"1";"10142"
"History of Colour";"Antumbra";"25";"464"
"Miss Kittin";"First Album (2009 Reissue)";"1";"10143"
"Rabii Harnoune";"GNAWA ELECTRIC LAUNE";"5";"3143"
"JOYFULTALK";"A Separation Of Being";"7";"2270"
"Folamour";"I Miss Having Someone to Talk To";"5";"3144"
"Onward International";"Foot in the Door";"1";"10144"
"Trances";"Trances Remixed";"3";"4871"
"Dream Cycle";"Part Three";"3";"4872"
"ras";"RAS II";"3";"4873"
"Yu Su";"233";"1";"10145"
"Saloli";"The Deep End";"2";"6583"
"Circle Of Live";"Live at Freerotation 2018";"1";"10146"
"Verjault";"Violet";"1";"10147"
"Romare";"Sunshine";"7";"2271"
"Oceanvs Orientalis";"Khronos (Bonus EP)";"1";"10148"
"frollein smilla";"Golden Future";"3";"4874"
"Oceanvs Orientalis";"Khronos";"1";"10149"
"Photay";"Is It Right?";"1";"10150"
"Rippps";"Hue";"1";"10151"
"Planetary Assault Systems";"Archives";"1";"10152"
"The Barry Sisters";"Their Greatest Yiddish Hits";"10";"1580"
"Edward Sharpe & The Magnetic Zeros";"Up From Below";"7";"2272"
"Oceanvs Orientalis";"Ex Nihilo";"28";"399"
"Claude Nougaro";"L'Amour Sorcier";"2";"6584"
"George T";"Midway";"1";"10153"
"Oni Ayhun";"OAR004";"3";"4875"
"Nubya Garcia";"Pace";"2";"6585"
"⣎⡇ꉺლ༽இ•̛)ྀ◞ ༎ຶ ༽ৣৢ؞ৢ؞ؖ ꉺლ";"ooo ̟̞̝̜̙̘̗̖҉̵̴̨̧̢̡̼̻̺̹̳̲̱̰̯̮̭̬̫̪̩̦̥̤̣̠҈͈͇͉͍͎͓͔͕͖͙͚͜͢͢͢͢͢͢͢͢͢͢͢͢͢͢ͅ oʅ͡͡͡͡͡͡͡͡͡͡͡( ؞ৢ؞ؙؖ⁽⁾˜ัิีึื์๎้็๋๊⦁0 ̟̞̝̜̙̘̗̖҉̵̴̨̧̢̡̼̻̺̹̳̲̱̰̯̮̭̬̫̪̩̦̥̤̣̠҈͈͇͉͍͎͓͔͕͖͙͚͜͢͢͢͢͢͢͢͢͢͢͢͢͢͢ͅ ఠీੂ೧ູ࿃ूੂ";"19";"693"
"Gary Bartz";"Night Dreamer Direct-To-Disc Sessions";"1";"10154"
"Congi";"Cosmic Vibrations Vol.2";"3";"4876"
"Keleketla!";"Future Toyi Toyi";"3";"4877"
"Native Cruise";"Sky Rider";"6";"2653"
"KOTA The Friend";"EVERYTHING";"3";"4878"
"Alela Diane";"The Pirate's Gospel (Deluxe Edition)";"5";"3145"
"Sadhu Sensi";"Overtone Earth";"3";"4879"
"Johannes Klingebiel";"It's Such a Beautiful Day";"8";"1996"
"Nicola Conte";"The Higher Love";"15";"955"
"Katharina Ernst";"Extrametric";"1";"10155"
"Skinshape";"Afande";"8";"1997"
"EOB";"Brasil";"1";"10156"
"Session Victim";"Needledrop (Laurence Guy Remix)";"1";"10157"
"Maria Bethânia";"Demarcação Já Remix 2";"1";"10158"
"Ego Ella May";"Give A Little";"1";"10159"
"Art Feynman";"Not My Guy";"1";"10160"
"Khruangbin";"So We Won't Forget";"3";"4880"
"Hector Plimmer";"Wall Street (Matthew Herbert's Street Dub)";"1";"10161"
"Free the Robots";"Aswang";"1";"10162"
"Gaijin Blues";"Gaijin Blues";"1";"10163"
"Green-House";"Six Songs For Invisible Gardens";"170";"18"
"Gaijin Blues";"Gaijin Blues II";"1";"10164"
"Golden Bug";"Vibrations Métalliques";"6";"2654"
"187 Lockdown";"Gunman (Mixes)";"1";"10165"
"Luca Musto";"Call Me on the Regular";"11";"1415"
"Philou Louzolo";"Nubian Quadrant";"3";"4881"
"So Inagawa";"Logo Queen EP";"2";"6586"
"Helium Robots";"Rainbow Disco Club Vol. 1";"1";"10166"
"Leifur James";"Angel In Disguise";"45";"222"
"Yør Kultura";"Ours Is Yours";"1";"10167"
"Seb Wildblood";"Hazy House";"8";"1998"
"WhoMadeWho";"Anywhere in the World";"1";"10168"
"The Grid";"Floatation (2020 Special Request Redition)";"1";"10169"
"Kiefer";"Be Encouraged";"2";"6587"
"O/Y";"Moodfamily Compilation I";"1";"10170"
"GoGo Penguin";"GoGo Penguin";"20";"641"
"Luis Perez";"Ipan In Xiktli Metztli (México Mágico Cósmico, en el Ombligo de la Luna)";"1";"10171"
"Ketiov";"Rhythm Trainx Vol. 2";"3";"4882"
"FKJ";"Jazzy Chill: Sweet Jazzy Infused Tunes to Chill Out";"4";"3842"
"Moods";"Jazzy Chill: Sweet Jazzy Infused Tunes to Chill Out";"2";"6588"
"Emancipator";"Jazzy Chill: Sweet Jazzy Infused Tunes to Chill Out";"2";"6589"
"DJ Cam Quartet";"Jazzy Chill: Sweet Jazzy Infused Tunes to Chill Out";"2";"6590"
"Waldeck";"Jazzy Chill: Sweet Jazzy Infused Tunes to Chill Out";"2";"6591"
"7apes";"Jazzy Chill: Sweet Jazzy Infused Tunes to Chill Out";"1";"10172"
"Guts";"Jazzy Chill: Sweet Jazzy Infused Tunes to Chill Out";"1";"10173"
"Gotan Project";"Jazzy Chill: Sweet Jazzy Infused Tunes to Chill Out";"1";"10174"
"DLJ";"Jazzy Chill: Sweet Jazzy Infused Tunes to Chill Out";"1";"10175"
"Mr. Scruff";"Jazzy Chill: Sweet Jazzy Infused Tunes to Chill Out";"1";"10176"
"Kazam";"Jazzy Chill: Sweet Jazzy Infused Tunes to Chill Out";"1";"10177"
"Quantic";"Jazzy Chill: Sweet Jazzy Infused Tunes to Chill Out";"1";"10178"
"Philippe Cohen Solal";"Jazzy Chill: Sweet Jazzy Infused Tunes to Chill Out";"1";"10179"
"Nostalgia 77";"Jazzy Chill: Sweet Jazzy Infused Tunes to Chill Out";"1";"10180"
"The Breed";"Jazzy Chill: Sweet Jazzy Infused Tunes to Chill Out";"1";"10181"
"Burrito Brown";"Jazzy Chill: Sweet Jazzy Infused Tunes to Chill Out";"1";"10182"
"4th Sign";"Jazzy Chill: Sweet Jazzy Infused Tunes to Chill Out";"2";"6592"
"Quantic";"Nowhere";"3";"4883"
"Monika Kruse";"Tacos Beats";"2";"6593"
"Neuquén Groove";"Les Disques Du Bord de L'eau - Summer 2020";"1";"10183"
"Oskar Skarp";"Burning Like The Sun (2011 REMIXES)";"7";"2273"
"Souleance";"Aquarelle";"1";"10184"
"Federico Estevez";"Montevidensis (El Búho & Fede Estévez)";"3";"4884"
"Benjamin Fröhlich";"Amiata Remixed";"1";"10185"
"Henrik Schwarz";"99%";"3";"4885"
"Awkward Corners";"I'll Do It Tomorrow EP";"1";"10186"
"Fuel Fandango";"La grieta (feat. Chancha Via Circuito)";"10";"1581"
"Amtrac";"No Place (Remixes) (feat. Lali Puna)";"3";"4886"
"Pye Corner Audio";"Resist (John Talabot Remix)";"1";"10187"
"WhoMadeWho";"Synchronicity I";"1";"10188"
"Lido Pimienta";"Te Quería (Chancha Vía Circuito Remix)";"1";"10189"
"Khruangbin";"Pelota";"17";"807"
"Ikaru";"Sun";"1";"10190"
"Skinshape";"Umoja";"20";"642"
"Federico Estevez";"De Aquí Hasta Aquí";"10";"1582"
"Ex-Pylon";"Serenity Now, Insanity Later";"1";"10191"
"Mustafa Ahmed";"Son of the Drum Song";"5";"3146"
"Jaga Jazzist";"Spiral Era (Prins Thomas Remix)";"1";"10192"
"Flume";"The Difference (Jon Hopkins Remix)";"1";"10193"
"Kartell";"Electro Chill: Take a Deep Breath and Relax with the Ultimate Electronic Selection";"4";"3843"
"Nufrequency";"Electro Chill: Take a Deep Breath and Relax with the Ultimate Electronic Selection";"1";"10194"
"Weval";"Electro Chill: Take a Deep Breath and Relax with the Ultimate Electronic Selection";"1";"10195"
"Khruangbin";"Hasta El Cielo";"16";"871"
"Elder Island";"The Omnitone Collection Remixed";"2";"6594"
"Gianni Brezzo";"Henry";"1";"10196"
"EMS Synthi 100";"DEEWEE Sessions, Vol. 01";"1";"10197"
"Aphty Khéa";"Pengvibe";"1";"10198"
"Populous";"W";"1";"10199"
"Totally Enormous Extinct Dinosaurs";"I Can Hear the Birds";"4";"3844"
"Genevieve Artadi";"Living Like I Know I’m Gonna Die";"1";"10200"
"Mike Slott";"Vignettes";"1";"10201"
"Daniel Aged";"Daniel Aged";"1";"10202"
"Andras";"Joyful";"1";"10203"
"Waaju";"Grown";"25";"465"
"Kelly Lee Owens";"On";"4";"3845"
"Rick Wade";"Players Theme";"5";"3147"
"James Last";"Beachparty (Vol. 1)";"2";"6595"
"Afrosideral";"Filho do Mar";"2";"6596"
"Donny Benét";"Beneath The Sheets";"1";"10204"
"Resavoir";"Resavoir";"10";"1583"
"Muriel Grossmann";"Reverence";"1";"10205"
"l'éclair";"Homo Sapiens / Take the Money (Octopus Version)";"3";"4887"
"Laurent Bardainne";"Love Is Everywhere";"1";"10206"
"Mac Quayle";"The Last of Us Part II (Original Soundtrack)";"1";"10207"
"Your Planet Is Next";"Serenity Now, Insanity Later";"1";"10208"
"Khruangbin";"Mordechai";"14";"1041"
"Ezra Collective";"Footprints";"2";"6597"
"K15";"Vol. 1";"1";"10209"
"Nico Stojan";"Cardano";"1";"10210"
"Maria Rita Stumpf";"Outro Tempo";"1";"10211"
"Niklas Wandt";"Erdtöne";"7";"2274"
"Bruce Brubaker";"Glassforms";"8";"1999"
"Philip Glass";"Glassforms";"9";"1773"
"Rancido";"Cynosure";"1";"10212"
"Mental Overdrive";"Day (Prins Thomas Mix)";"1";"10213"
"Deluxe";"En confinement";"1";"10214"
"Lambert";"Good Sleep Music";"2";"6598"
"Rob Moss Wilson";"Big Lunch";"1";"10215"
"Catching Flies";"Silver Linings Remixed";"20";"643"
"Tryo";"XXV";"1";"10216"
"Romare";"The River";"1";"10217"
"Dan Bay";"Himmel Und Sonne";"1";"10218"
"Mr. Scruff";"DJ-Kicks (Mr. Scruff) [DJ Mix]";"1";"10219"
"Brigitte Bardot";"I Love Serge";"1";"10220"
"Superpitcher";"Sketch Of Japan";"6";"2655"
"Purple Disco Machine";"Soulmatic";"1";"10221"
"Lambert";"Alone II";"9";"1774"
"Flo Morrissey";"Gentlewoman, Ruby Man";"10";"1584"
"Shigeto";"Shigeto";"1";"10222"
"Ebo Taylor";"Disco Highlife Reedit Series, Vol. 2";"1";"10223"
"Michael Kiwanuka";"Final Days (Bonobo Remix)";"1";"10224"
"Gustavo Santaolalla";"The Last of Us Part II (Original Soundtrack)";"3";"4888"
"L.A. Salami";"Dancing with Bad Grammar: The Directors Cut";"28";"400"
"Kutiman";"Tanzania";"1";"10225"
"187 Lockdown";"187";"1";"10226"
"Spacebomb House Band";"A Little Bit At A Time: Spacebomb Family Rarities";"1";"10227"
"Angelica Garcia";"A Little Bit At A Time: Spacebomb Family Rarities";"1";"10228"
"Laura Veirs";"A Little Bit At A Time: Spacebomb Family Rarities";"1";"10229"
"The Waterboys";"A Little Bit At A Time: Spacebomb Family Rarities";"1";"10230"
"Sleepwalkers";"A Little Bit At A Time: Spacebomb Family Rarities";"1";"10231"
"Jackie Cohen";"A Little Bit At A Time: Spacebomb Family Rarities";"1";"10232"
"Cocoon";"A Little Bit At A Time: Spacebomb Family Rarities";"1";"10233"
"Tim Heidecker";"A Little Bit At A Time: Spacebomb Family Rarities";"1";"10234"
"Trey Pollard";"A Little Bit At A Time: Spacebomb Family Rarities";"1";"10235"
"Cameron Ralston";"A Little Bit At A Time: Spacebomb Family Rarities";"1";"10236"
"Landon Elliott";"A Little Bit At A Time: Spacebomb Family Rarities";"1";"10237"
"Karl Blau";"A Little Bit At A Time: Spacebomb Family Rarities";"1";"10238"
"Andy Jenkins";"A Little Bit At A Time: Spacebomb Family Rarities";"1";"10239"
"Good Dog Nigel";"A Little Bit At A Time: Spacebomb Family Rarities";"1";"10240"
"Charlie Fink";"A Little Bit At A Time: Spacebomb Family Rarities";"1";"10241"
"LEX AMOR";"New Tangents In Kampala, London and Nairobi, Vol. 1";"1";"10242"
"Maxwell Owin";"New Tangents In Kampala, London and Nairobi, Vol. 1";"2";"6599"
"Die Orangen";"Zwei Orangen";"1";"10243"
"Becker & Mukai";"Spice War Part One";"1";"10244"
"Earth, Wind & Fire";"September";"1";"10245"
"Shire Tea";"fabric presents Maribou State (DJ Mix)";"1";"10246"
"Hailu Mergia";"fabric presents Maribou State (DJ Mix)";"1";"10247"
"Julianna Barwick";"Healing is a Miracle";"11";"1416"
"Maurice Fulton";"Earth EP";"1";"10248"
"Oberst & Buchner";"Heimlich I";"1";"10249"
"Dan Bay";"One Night in Kerala EP";"2";"6600"
"Drugface";"Cult Dubs [Phase One]";"3";"4889"
"Prins Thomas";"Træns";"5";"3148"
"Matthew Halsall & The Gondwana Orchestra";"Soul Jazz Records presents KALEIDOSCOPE - New Spirits Known and Unknown";"3";"4890"
"Bonaparte";"Good Morning / Not Today";"7";"2275"
"Shire Tea";"Hackney Birdwatch";"7";"2276"
"HAAi";"Put Your Head Above The Parakeets";"3";"4891"
"Yazmin Lacey";"Soul Jazz Records presents KALEIDOSCOPE - New Spirits Known and Unknown";"3";"4892"
"Hector Plimmer";"Soul Jazz Records presents KALEIDOSCOPE - New Spirits Known and Unknown";"6";"2656"
"Ill Considered";"Soul Jazz Records presents KALEIDOSCOPE - New Spirits Known and Unknown";"2";"6601"
"The Expansions";"Soul Jazz Records presents KALEIDOSCOPE - New Spirits Known and Unknown";"6";"2657"
"Chip Wickham";"Soul Jazz Records presents KALEIDOSCOPE - New Spirits Known and Unknown";"4";"3846"
"Levitation Orchestra";"Soul Jazz Records presents KALEIDOSCOPE - New Spirits Known and Unknown";"3";"4893"
"Emma-Jean Thackray's WALRUS";"Soul Jazz Records presents KALEIDOSCOPE - New Spirits Known and Unknown";"2";"6602"
"Tenderlonious";"Soul Jazz Records presents KALEIDOSCOPE - New Spirits Known and Unknown";"1";"10250"
"hiatt db";"6 O'Clock Rock";"5";"3149"
"Sepalot";"NOWNEXT";"1";"10251"
"WOOM";"Seigfried / Self Control / White Ferrari";"1";"10252"
"Ronin Arkestra";"Fallen Angel (Kelpe Remix)";"1";"10253"
"K. Leimer";"Irrational Overcast";"15";"956"
"Big Wild";"6’s to 9’s (NEIL FRANCES Remix)";"6";"2658"
"Nicola Cruz";"Cult Dubs [Phase One]";"1";"10254"
"Zongamin";"Cult Dubs [Phase One]";"1";"10255"
"Lukas Endhardt";"Buteo EP";"1";"10256"
"I Am Oak";"Our Blood";"1";"10257"
"Tutu Atrash";"Path Integral II";"1";"10258"
"Move D";"To The Disco '77 (Live Rework)";"3";"4894"
"Duval Timothy";"2 Sim";"1";"10259"
"Jyoti";"This Walk";"1";"10260"
"Tom Misch";"What Kinda Music";"1";"10261"
"Albrecht La'Brooy";"Tidal River";"4";"3847"
"Oriyin";"Roll The Dice";"1";"10262"
"Hannah James";"The Woman and Her Words";"10";"1585"
"Kousto";"The Aquarium Effect";"1";"10263"
"Mosley Jr";"At Night I Stare";"21";"595"
"Alex Izenberg";"Caravan Château";"11";"1417"
"Dengue Dengue Dengue";"Door to the Cosmos - OntheCorner Dancefloor Sampler";"1";"10264"
"THE DIABOLICAL LIBERTIES";"Door to the Cosmos - OntheCorner Dancefloor Sampler";"1";"10265"
"Uffe";"Door to the Cosmos - OntheCorner Dancefloor Sampler";"3";"4895"
"Black Classical";"Door to the Cosmos - OntheCorner Dancefloor Sampler";"3";"4896"
"Clive From Accounts";"Door to the Cosmos - OntheCorner Dancefloor Sampler";"2";"6603"
"Romare";"Home";"85";"78"
"Peaking Lights";"E S C A P E";"27";"420"
"Tracey";"Skyfall";"1";"10266"
"Unhappybirthday";"Margo";"1";"10267"
"Andrew Ashong";"Flowers";"3";"4897"
"Omar S";"The Best!";"1";"10268"
"Akasha System";"Echo Earth";"7";"2277"
"Molero";"Ficciones Del Trópico";"19";"694"
"Bandé-Gamboa";"Horizonte - Revamping Rare Gems from Cabo Verde and Guinea-Bissau";"1";"10269"
"Global Communication";"Transmissions Sampler";"1";"10270"
"Akasha System";"Temple Images";"1";"10271"
"EARTH BOYS";"Battery Boys (Baltra's White Cherry Gelato Mix)";"1";"10272"
"Seahawks";"Escape Hatch (Bonus Track Version)";"2";"6604"
"Moondog";"Eucalyptus";"1";"10273"
"The Heliocentrics";"Fallen Angels (the Singles Collection)";"1";"10274"
"Mark Pritchard";"The Four Worlds";"16";"872"
"Avishai Cohen";"Big Vicious";"2";"6605"
"J Lloyd";"Kosmos";"11";"1418"
"Howie B";"My Left Pussyfoot";"2";"6606"
"CFCF";"Self Service";"4";"3848"
"Sessa";"Grandeza";"102";"48"
"Oni Ayhun";"OAR003";"5";"3150"
"Pantha du Prince";"Pius in Tacet (feat. Jungstötter)";"1";"10275"
"Galcher Lustwerk";"Information";"7";"2278"
"Barney McAll";"Precious Energy (Mike Gurrieri Remix)";"1";"10276"
"Febueder";"Tomalin Has Etched In";"2";"6607"
"Matthew Halsall";"Oneness";"1";"10277"
"Surv";"Je k'abere";"6";"2659"
"Snazzback";"Grook";"3";"4898"
"Gianni Brezzo";"Traditional Heart";"2";"6608"
"Elsa Hewitt";"Invisible Threads";"2";"6609"
"Los Days";"Singing Sands";"11";"1419"
"Blonde Koala";"M O O N S E T";"1";"10278"
"Julian Stetter";"Sensual EP";"2";"6610"
"Moon Duo";"Stars Are the Light";"6";"2660"
"Portico Quartet";"We Welcome Tomorrow";"3";"4899"
"Tsha";"Me You";"1";"10279"
"Gigi Masin";"Calypso";"4";"3849"
"Oma";"Tropic of Capricorn";"1";"10280"
"Glows";"J.L. HOOKER LOVE PLEASURE FOREVER";"2";"6611"
"Petter Eldh";"Koma Mate / Jagd";"4";"3850"
"B.J. Smith";"Between Ship and Shore, Pt.1";"1";"10281"
"Felipe Granda";"Oko EP";"2";"6612"
"Circle Of Live";"Live At Freerotation 2018";"1";"10282"
"Wolfsmond";"Proper Sunburn - Forgotten Sunscreen Applied By Basso";"1";"10283"
"Little People";"We Are But Hunks of Wood";"1";"10284"
"Käptn Peng";"Das nullte Kapitel";"3";"4900"
"moscoman";"Dévoué EP";"1";"10285"
"Jimmy Smith";"Midnight Special (Remastered)";"1";"10286"
"Hiromi";"Voice";"1";"10287"
"Jimmy Smith";"The Dynamic Duo";"1";"10288"
"DJ Cam Quartet";"Diggin";"2";"6613"
"Blockhead";"The Music Scene";"1";"10289"
"Fat Freddy's Drop";"Live In Munich";"1";"10290"
"Blockhead";"Music By Cavelight";"1";"10291"
"Moon Duo";"Planet Caravan";"1";"10292"
"Red Hot Chili Peppers";"Californication (Deluxe Edition)";"1";"10293"
"Johann Sebastian Bach";"Albinoni: Adagio in G minor / Pachelbel: Canon";"1";"10294"
"Wilma Archer";"A Western Circular";"8";"2000"
"Photay";"Waking Hours";"11";"1420"
"Mosley Jr";"Nothing in Between";"3";"4901"
"Sol Seppy";"The Bells Of 1 2";"5";"3151"
"MC Palakata";"Door to the Cosmos - OntheCorner Dancefloor Sampler";"2";"6614"
"Sunken Cages";"Door to the Cosmos - OntheCorner Dancefloor Sampler";"1";"10295"
"Hedrun";"Vulnerable in Bihag / Mose Bole Na";"10";"1586"
"Radiohead";"Kid A";"3";"4902"
"Quin Kirchner";"Batá Chop (Edit)";"1";"10296"
"Swarvy";"Sunny Days Blue";"11";"1421"
"Pigmalião";"Pigmalião Remixed";"1";"10297"
"Mickey Moonlight";"Interplanetary Music";"1";"10298"
"Tommy James & The Shondells";"Anthology";"4";"3851"
"Jaakko Eino Kalevi";"The Search (Domenique Dumont Remix)";"1";"10299"
"Flying Lotus";"Cosmogramma";"1";"10300"
"Edgar Rothermich";"Blade Runner: A 30th Anniversary Celebration (Music from the Motion Picture)";"1";"10301"
"Lesley Gore";"The Essential Collection";"1";"10302"
"Daphni";"Jiaolong";"1";"10303"
"Pusha T";"My Name Is My Name";"2";"6615"
"Eddie Kendricks";"The Eddie Kendricks Collection, Volume 1";"1";"10304"
"Joanie Sommers";"The Very Best of Joanie Sommers";"1";"10305"
"Romare";"Heaven";"1";"10306"
"Benge";"Twenty Systems";"2";"6616"
"Tracy Chapman";"Tracy Chapman";"1";"10307"
"Studio Deep";"Kamni";"4";"3852"
"Nubya Garcia";"Source";"47";"210"
"kurup";"Restinga";"2";"6617"
"Gonzalo Bolla";"Tripsica";"1";"10308"
"Kraut";"Atemporal EP";"3";"4903"
"Crussen";"Geoffrey Rolls";"2";"6618"
"Asha Puthli";"The devil is loose";"15";"957"
"Danika Smith";"Suit of Armour";"5";"3152"
"Quantic";"You Used To Love Me - A COLORS SHOW";"1";"10309"
"Funkadelic";"Reworked By Detroiters";"3";"4904"
"Sad City";"Shapes In Formation";"1";"10310"
"Sixty";"Boy Reel";"1";"10311"
"Boozoo Bajou";"Same Sun";"1";"10312"
"somni";"Home";"1";"10313"
"NATUREBOY FLAKO";"Andar Y Volar";"1";"10314"
"Wilson Tanner";"II";"12";"1273"
"David Marston";"Mercury in Retrograde";"1";"10315"
"Shire T";"Hackney Birdwatch";"6";"2661"
"O'Flynn";"O'Flynn - Mesablanca (O'Flynn & Ekhe Dub)";"1";"10316"
"Floco Floco";"On m'a dit";"1";"10317"
"ESG";"Come Away With ESG";"1";"10318"
"Makaya McCraven";"Universal Beings E&F Sides";"10";"1587"
"New Jackson";"From Night to Night";"1";"10319"
"Caribou";"Never Come Back (Morgan Geist Remix)";"1";"10320"
"Witch";"Witch: We Intend to Cause Havoc!";"5";"3153"
"Paul Simon";"Graceland (Alben für die Ewigkeit)";"1";"10321"
"Daft Punk";"Random Access Memories";"2";"6619"
"walterwarm";"Bamboo Forest";"1";"10322"
"Prince";"1999 (Super Deluxe Edition)";"2";"6620"
"Sofie";"Cult Survivor";"29";"383"
"Sweatson Klank";"Good Days";"12";"1274"
"Kelly Lee Owens";"Inner Song";"16";"873"
"Barış Manço";"Ben Bilirim";"1";"10323"
"Mano Le Tough";"Kind Of";"1";"10324"
"Midland";"The Alchemy of Circumstance";"3";"4905"
"Theo Parrish";"This is for You";"1";"10325"
"Nick Hakim";"Where Will We Go, Pt. 2";"1";"10326"
"Keinemusik";"Highsnobiety";"4";"3853"
"Myd";"Together We Stand (Bullion Remix)";"1";"10327"
"Poté";"Rose, Vol. 2";"1";"10328"
"Kutiman";"Wachaga";"2";"6621"
"fleet.dreams";"EKG (Club Mix)";"2";"6622"
"Hedrun";"Dear Craving/Chirp";"2";"6623"
"Jimi Tenor";"Sugar And Spice";"1";"10329"
"Ego Ella May";"Honey For Wounds";"1";"10330"
"Super Mama Djombo";"Black Atlantica Edits";"3";"4906"
"Aguas Ardientes";"Bogotá (Vivo)";"2";"6624"
"Bufiman";"Albumsi Rhythm Trax";"2";"6625"
"Oceanvs Orientalis";"Forlorn Hope";"3";"4907"
"Rhodri Parry";"Flatcap";"2";"6626"
"GLOWE";"Bitter";"1";"10331"
"Karl Hector & The Malcouns";"Omeble Reprise";"2";"6627"
"Happa.";"Explorations in Music for Dancing: Vol. 1";"3";"4908"
"Captain Planet";"No Visa";"1";"10332"
"KAYTRANADA";"99.9%";"1";"10333"
"Bacao Rhythm & Steel Band";"The Serpent's Mouth";"2";"6628"
"Jai Paul";"Do You Love Her Now / He";"1";"10334"
"Shelley Thomas";"Joy";"1";"10335"
"Kendrick Lamar";"To Pimp a Butterfly";"2";"6629"
"Onra";"Chinoiseries pt 2";"4";"3854"
"Shanti Celeste";"Tangerine";"6";"2662"
"Bacao Rhythm & Steel Band";"My Jamaican Dub";"1";"10336"
"The Bacao Rhythm & Steel Band";"55";"1";"10337"
"Bacao Rhythm & Steel Band";"55";"1";"10338"
"Antonio Vivaldi";"Concerto in mi bemolle maggiore RV 253 ""La Tempesta di Mare"", per violino, archi e b.c.: III. Presto";"1";"10339"
"Räubermukke";"Whirling";"1";"10340"
"A Winged Victory for the Sullen";"The Undivided Five";"12";"1275"
"Fred P";"Detroit Love Vol. 4 - Mixed By Mirko Loko";"8";"2001"
"Mirko Loko";"Detroit Love Vol. 4 - Mixed By Mirko Loko";"36";"298"
"FEATER";"Detroit Love Vol. 4 - Mixed By Mirko Loko";"8";"2002"
"Chaos in the CBD";"Detroit Love Vol. 4 - Mixed By Mirko Loko";"9";"1775"
"Sergie Rezza";"Detroit Love Vol. 4 - Mixed By Mirko Loko";"10";"1588"
"Still";"Detroit Love Vol. 4 - Mixed By Mirko Loko";"8";"2003"
"Takuya Yamashita";"Detroit Love Vol. 4 - Mixed By Mirko Loko";"7";"2279"
"Eduardo de la Calle";"Detroit Love Vol. 4 - Mixed By Mirko Loko";"6";"2663"
"Scott Ferguson";"Detroit Love Vol. 4 - Mixed By Mirko Loko";"7";"2280"
"Nils Frahm";"All Encores";"20";"644"
"Atish";"Atish + Friends";"2";"6630"
"Serge Perzh";"Uh Uh Uh";"1";"10341"
"Mabel";"Thinking Of You - EP";"1";"10342"
"Wincent Kunth";"Detroit Love Vol. 4 - Mixed By Mirko Loko";"7";"2281"
"Rhi";"Shapes: Sideways (Compiled by Robert Luis)";"3";"4909"
"The Seshen";"Shapes: Sideways (Compiled by Robert Luis)";"2";"6631"
"Moonchild";"Shapes: Sideways (Compiled by Robert Luis)";"2";"6632"
"Quantic";"Shapes: Sideways (Compiled by Robert Luis)";"3";"4910"
"Teeth Agency";"Piano Man Breeds Love";"63";"136"
"The Webb People";"The Detroit Funk Vaults";"1";"10343"
"Aphrodite's Child";"6 6 6";"1";"10344"
"Roy Davis Jr.";"Late Night Tales: Django Django";"2";"6633"
"Moomin";"Blackest Forest Ever";"6";"2664"
"Mark Slee";"Grapeseed";"1";"10345"
"Jimi Hendrix";"Axis: Bold as Love";"6";"2665"
"Neil Cowley";"Building Blocks Pt. 1";"69";"116"
"Pata de perro";"Ecos";"1";"10346"
"Kevin Saunderson";"Detroit Love Vol. 2 (DJ Mix)";"4";"3855"
"Dave Aju";"Detroit Love Vol. 2 (DJ Mix)";"3";"4911"
"Green Velvet";"Detroit Love Vol. 2 (DJ Mix)";"2";"6634"
"Miracle Tones";"528 Hz Transformation and Miracles (DNA Repair)";"3";"4912"
"Jimi Hendrix";"Experience Hendrix: The Best of Jimi Hendrix";"1";"10347"
"Asa Tone";"Temporary Music";"17";"808"
"Richi M";"Songs of Tomorrow";"1";"10348"
"Young Franco";"Electro Chill: Take a Deep Breath and Relax with the Ultimate Electronic Selection";"1";"10349"
"Cristian Monak";"Oko EP";"1";"10350"
"Maarlem";"Oko EP";"1";"10351"
"Santi De";"AB";"4";"3856"
"SheBeKeke";"Ephemera";"15";"958"
"Sir Was";"Holding On To A Dream";"70";"113"
"Lukas Lauermann";"true";"1";"10352"
"O'Flynn";"O'Flynn - Painted Wolf (K-Lone Remix)";"2";"6635"
"O/Y";"The Prophet";"5";"3154"
"MAKENESS";"Friend Credits (Ben Hauke Remix)";"1";"10353"
"Sebastian Mullaert";"Natthall";"11";"1422"
"Azu Tiwaline";"Door To The Cosmos";"2";"6636"
"Azu Tiwaline";"Magnetic Service EP";"7";"2282"
"Khalab";"Door To The Cosmos";"2";"6637"
"DNGDNGDNG";"Door To The Cosmos";"2";"6638"
"Celer";"SMM: Opiate";"1";"10354"
"Yellow Days";"A Day in a Yellow Beat";"6";"2666"
"Butcher Brown";"#KingButch";"15";"959"
"Béliz";"Mémoires";"8";"2004"
"Acid Pauli";"MOD";"7";"2283"
"Joe Armon-Jones";"Soul Jazz Records presents KALEIDOSCOPE - New Spirits Known and Unknown";"1";"10355"
"Atish";"Warbler";"2";"6639"
"Tiawa";"Shapes: Sideways (Compiled by Robert Luis)";"1";"10356"
"Sly5thAve";"Shapes: Sideways (Compiled by Robert Luis)";"2";"6640"
"Sefi Zisling";"Shapes: Sideways (Compiled by Robert Luis)";"1";"10357"
"sUb_modU";"Shapes: Sideways (Compiled by Robert Luis)";"1";"10358"
"Pieces of a Man";"Shapes: Sideways (Compiled by Robert Luis)";"1";"10359"
"Terror Danjah";"Shapes: Sideways (Compiled by Robert Luis)";"1";"10360"
"Anchorsong";"Shapes: Sideways (Compiled by Robert Luis)";"1";"10361"
"Nikitch";"Shapes: Sideways (Compiled by Robert Luis)";"2";"6641"
"Gawd Status";"Shapes: Sideways (Compiled by Robert Luis)";"2";"6642"
"Bryony Jarman-Pinto";"Shapes: Sideways (Compiled by Robert Luis)";"2";"6643"
"Yves Tumor";"Mono No Aware";"2";"6644"
"The Alvaret Ensemble";"Ea";"3";"4913"
"Felicia Atkinson";"The Flower And The Vessel";"1";"10362"
"Victoria Santa Cruz";"Black Atlantica Edits";"1";"10363"
"Francis Bebey";"Black Atlantica Edits";"1";"10364"
"Dj Havaiana";"Black Atlantica Edits";"1";"10365"
"Master Chivero";"Black Atlantica Edits";"1";"10366"
"CK Mann + Carousel 7";"Black Atlantica Edits";"1";"10367"
"Soul Brothers";"Black Atlantica Edits";"1";"10368"
"J-Felix";"Shapes: Sideways (Compiled by Robert Luis)";"1";"10369"
"WheelUP";"Shapes: Sideways (Compiled by Robert Luis)";"1";"10370"
"WheelUP";"The Ndebele - EP";"4";"3857"
"Rabii Harnoune";"Shapes: Sideways (Compiled by Robert Luis)";"2";"6645"
"Flowdan";"Shapes: Sideways (Compiled by Robert Luis)";"2";"6646"
"NoNames";"Shapes: Sideways (Compiled by Robert Luis)";"1";"10371"
"Hot 8 Brass Band";"Shapes: Sideways (Compiled by Robert Luis)";"1";"10372"
"Blludd Relations";"Blludd Relations";"10";"1589"
"Fatima";"Follow You EP (feat. Floating Points)";"3";"4914"
"Mariam the Believer";"The Wind EP";"1";"10373"
"Marlene";"Angeldust";"1";"10374"
"Octave One";"Detroit Love Vol. 2 (DJ Mix)";"1";"10375"
"HNNY";"Hosoi";"5";"3155"
"HNNY";"So Sunshine";"4";"3858"
"HNNY";"Montara";"1";"10376"
"HNNY";"Kindness";"4";"3859"
"Bmg";"Detroit Love Vol. 2 (DJ Mix)";"1";"10377"
"Claude VonStroke";"Detroit Love Vol. 2 (DJ Mix)";"1";"10378"
"Delano Smith";"Detroit Love Vol. 2 (DJ Mix)";"1";"10379"
"Mr. G";"Detroit Love Vol. 2 (DJ Mix)";"1";"10380"
"Mirko Loko";"Detroit Love Vol. 2 (DJ Mix)";"2";"6647"
"Ataxia";"Detroit Love Vol. 2 (DJ Mix)";"1";"10381"
"Mildlife";"Automatic";"29";"384"
"Felbm";"Tape 3";"30";"364"
"Haruomi Hosono";"DJ-Kicks (Leon Vynehall) [DJ Mix]";"1";"10382"
"Two Lone Swordsmen";"Further Reminders";"4";"3860"
"Solgior";"Moon";"3";"4915"
"Soulful Abstraction";"Doing It! (Instrumental Version)";"1";"10383"
"Kido Sheep";"Starring In The Night";"1";"10384"
"Skylab";"#1";"4";"3861"
"Luke Abbott";"Kagen Sound";"1";"10385"
"The Vernon Spring";"Mother's Love";"2";"6648"
"DJ Yenchy";"LET's DO IT";"1";"10386"
"Wilma Archer";"Cures and Wounds";"1";"10387"
"Sessa";"Sereia Sentimental";"1";"10388"
"Elkka";"Every Body Is Welcome";"3";"4916"
"Malin Genie";"Eschaton EP";"1";"10389"
"Rejoicer";"Spiritual Sleaze";"1";"10390"
"KerenDun";"Caterpillar Style";"1";"10391"
"The Quiet Temple";"The Last Opium Den (On Earth) [Moon Duo Remix]";"1";"10392"
"Vex Ruffin";"LiteAce Frequency";"4";"3862"
"Caroline";"Dark blue";"2";"6649"
"Tamdara";"In My Mind";"1";"10393"
"Earth's Seed";"Exit (Instrumental)";"1";"10394"
"Byron the Aquarius";"Fish Soup - EP";"6";"2667"
"TheGrimmer";"Grim Reaper";"1";"10395"
"Neneh Cherry";"I've Got You Under My Skin (Remixes)";"1";"10396"
"Laurence Guy";"Your Good Times Will Come";"1";"10397"
"Photay";"The People (Ensemble Entendu Remix)";"4";"3863"
"Mytron & Ofofo";"Miteinander";"1";"10398"
"Damian Lazarus";"Flourish";"1";"10399"
"Isaac Soto";"Pendulum Music";"1";"10400"
"Islandman";"Kara Toprak";"1";"10401"
"Call Super";"Every Mouth Teeth Missing";"19";"695"
"Celeste Gomez Machado";"Las Hojas Tienen Mudanza (Tribilin Sound Remix)";"1";"10402"
"Avalon Emerson";"DJ-Kicks EP";"1";"10403"
"YellowStraps";"The Ballad";"1";"10404"
"Jazzanova";"What Do You Want (Don Philippe Remix)";"1";"10405"
"Schmieds Puls";"Manic Acid Love";"4";"3864"
"Mumford & Sons";"Delta";"5";"3156"
"Schmieds Puls";"I care a little less about everything now";"1";"10406"
"Ben Howard";"Every Kingdom";"1";"10407"
"Gisbert zu Knyphausen";"Das Licht dieser Welt";"1";"10408"
"Bon Iver";"Bon Iver";"1";"10409"
"Angus & Julia Stone";"Angus & Julia Stone";"2";"6650"
"Mine";"Das Ziel ist im Weg";"1";"10410"
"AnnenMayKantereit";"Schlagschatten";"2";"6651"
"Bon Iver";"Faith";"1";"10411"
"Mine";"Klebstoff";"1";"10412"
"Alicia Edelweiss";"When I'm enlightened, everything will be better.";"1";"10413"
"Lisa Hannigan";"At Swim";"24";"495"
"Moby";"Morningside (Kornél Kovács Remix)";"2";"6652"
"Acid Pauli";"My Private Couch Beats, Vol. 6";"5";"3157"
"Hologram Teen";"Pizza Conspiracy (Reheated)";"1";"10414"
"Martin Green";"The Portal";"1";"10415"
"Gaye Su Akyol";"Remiks İmparatorluğu III";"1";"10416"
"Lambert";"Studying";"1";"10417"
"Viktor Marek";"This Land Will Change";"8";"2005"
"James Blake";"TIME";"1";"10418"
"Brian Eno";"TIME";"1";"10419"
"Her";"Travailler le matin";"3";"4917"
"Her";"Travailler le soir";"1";"10420"
"O/Y";"Roads EP";"7";"2284"
"Sun Ra Arkestra";"Rocket No. 9";"1";"10421"
"Afriqua";"Colored";"1";"10422"
"Nicolas Godin";"Concrete And Glass";"2";"6653"
"Luke Vibert";"Luke Vibert presents Rave Hop";"1";"10423"
"Arvo Pärt";"arvo pärt";"1";"10424"
"Neil Cowley";"Building Blocks Pt. 2";"7";"2285"
"WhoMadeWho";"Armada Chill - Summer Sessions 2020";"1";"10425"
"Hidden Spheres";"My Private Couch Beats, Vol. 6";"1";"10426"
"Skee Mask";"Modeselektion Vol. 04";"1";"10427"
"Shida Shahabi";"Homes";"5";"3158"
"Nicolas Jaar";"Telas";"3";"4918"
"Coladera";"Mantafro (Jazzanova Remix)";"1";"10428"
"Aquiles Navarro";"Pueblo";"2";"6654"
"Elkka";"Stay (Warm Edit)";"1";"10429"
"Elkka";"I. Miss. Raving.";"2";"6655"
"Hector Plimmer";"Joyfulness (Elkka Remix)";"1";"10430"
"Elkka";"I. Miss. Raving. / Bleep+";"1";"10431"
"Rodrigo Gallardo";"Altovalsol EP";"2";"6656"
"Rodrigo Gallardo";"La Montaña Sin Nombre";"1";"10432"
"Chelou";"Real";"34";"314"
"Amir Bresler";"Puzzles, Vol. 3";"1";"10433"
"Steve Hiett";"Girls In The Grass";"5";"3159"
"79.5";"My Dream";"2";"6657"
"The Orb";"Abolition of the Royal Familia";"1";"10434"
"Absolute.";"Make The Call";"1";"10435"
"Swamimillion";"Beats for the Road to Essaouira (feat. Fawda Trio)";"1";"10436"
"Corben";"Programmer";"1";"10437"
"Machinedrum";"Braided Leaves";"1";"10438"
"Barker";"Utility";"1";"10439"
"Holy Fuck";"Deleter Remixed";"6";"2668"
"Moby";"All Visible Objects";"1";"10440"
"Al Dobson Jr.";"Rye Lane Versions";"4";"3865"
"Maxmillion Dunbar";"Cool Water";"3";"4919"
"Darkstar";"Civic Jams";"8";"2006"
"Para One";"Yret";"3";"4920"
"30/70";"Fluid Motion Remixed";"4";"3866"
"Coladera";"La Dôtu Lado";"7";"2286"
"Giuseppe Martucci";"Brahms & Martucci: Two Sonatas and Two Romances for Cello and Piano";"9";"1776"
"Johannes Brahms";"Brahms & Martucci: Two Sonatas and Two Romances for Cello and Piano";"29";"385"
"Baba Stiltz";"Running to Chad";"5";"3160"
"Qnete";"Fry";"5";"3161"
"Brijean";"Moody";"2";"6658"
"Iron Curtis";"Moon II";"2";"6659"
"The Gaslamp Killer";"Heart Math";"23";"527"
"moscoman";"Time Slips Away";"3";"4921"
"Rob Mazurek";"A Wrinkle in Time Sets Concentric Circles Reeling";"2";"6660"
"Kush Jones";"EP";"5";"3162"
"Beatprods";"Edit, Vol. 1";"2";"6661"
"Mark Hawkins";"Lunar EP";"6";"2669"
"Bjarki";"Psychotic_Window";"5";"3163"
"Ultraísta";"Ordinary Boy (Floating Points Remix)";"2";"6662"
"Janko Nilovic";"Maze of Sounds";"11";"1423"
"Bantey";"Thank You (Live)";"1";"10441"
"Dougie Stu";"Henny";"1";"10442"
"Gianni Brezzo";"Senza";"3";"4922"
"Throwing Snow";"Snowing Throw – The Folly Of Pangloss";"1";"10443"
"Bullion";"We Had A Good Time";"3";"4923"
"Dan Shake";"A Pirate's Eye (Ft. Amp Fiddler)";"2";"6663"
"Local Artist";"Dancer";"3";"4924"
"DJ Cam";"Paradise Garage";"1";"10444"
"Sol Monk";"Beats, Not Words";"3";"4925"
"Kahil El'Zabar";"HOW CAN WE MEND A BROKEN HEART";"3";"4926"
"STR4TA";"Aspects";"3";"4927"
"Isaac Soto";"After the Burn";"2";"6664"
"El Búho";"Aguas Profundas (Inspired by 'The Outlaw Ocean' a book by Ian Urbina)";"5";"3164"
"Eris Drew";"Reactiv-8";"1";"10445"
"Evelyn ""Champagne"" King";"Legends";"6";"2670"
"Charles Webster";"The Spell (Burial Mix)";"22";"555"
"arp Frique";"Minina Bem Li";"42";"246"
"Kraak & Smaak";"Pleasure Centre";"1";"10446"
"Pan Amsterdam";"HA Chu";"2";"6665"
"Lee Mcdonald";"I ll Do Anything For You";"11";"1424"
"Gold Panda";"DJ Koze Presents Pampa, Vol. 1";"1";"10447"
"Porij";"150";"2";"6666"
"Girls of the Internet";"SYRUP";"1";"10448"
"Yin Yin";"Haw Phin / Chông Ky";"4";"3867"
"Black Nile";"Second Serving";"1";"10449"
"Adult Fiction";"Love Without Words - Hidden Spheres Rooibos Mix";"1";"10450"
"Kelly Moran";"Helix (Edit)";"2";"6667"
"okvsho";"Traphouse Jazz";"1";"10451"
"Forest Drive West";"Parallel Space EP";"2";"6668"
"Minor Science";"Second Language";"1";"10452"
"Octo Octa";"Between Two Selves";"2";"6669"
"Maya Jane Coles";"CARE4LIFE";"1";"10453"
"Ronald Langestraat";"Searching";"2";"6670"
"Linkwood Family";"Firecracker EP1";"18";"751"
"Floating Points";"King Bromeliad / Montparnasse";"1";"10454"
"Xique-Xique";"Xaxoeira";"1";"10455"
"Don Laka";"Boogie Breakdown - South African Synth Disco: 1980 to 1984";"3";"4928"
"Alton McClain & Destiny";"100 Essential Soul & Funk Classics";"4";"3868"
"Dodô Da Bahia & As Virgens De Porto Seguro";"Onda De Amor: Synthesized Brazilian Hits That Never Were (1984-94)";"4";"3869"
"Dan Kye";"Joy, Ease, Lightness";"8";"2007"
"Neil Cowley";"Building Blocks Pt. 3";"23";"528"
"Lambert";"Brack St. Twen";"1";"10456"
"Theo Parrish";"Wuddaji";"1";"10457"
"Linkwood";"Firecracker EP2";"5";"3165"
"Parris";"Terrapin EP";"1";"10458"
"Leo Pol";"iile 04";"2";"6671"
"Elsa Hewitt";"Massive Charade";"1";"10459"
"Richard Spaven";"Spaven x Sandunes";"6";"2671"
"SPAZA";"UPRIZE! (Original Motion Picture Soundtrack)";"2";"6672"
"Bibio";"Ribbons";"2";"6673"
"Sam Prekop";"Comma";"1";"10460"
"Kate NV";"для FOR";"12";"1276"
"Bing & Ruth";"Badwater Psalm (Khotin Remix)";"1";"10461"
"Jesse Futerman";"Waterzone";"8";"2008"
"Musclecars";"Street Dreams";"16";"874"
"AceMoMa";"AceMoma";"1";"10462"
"Nils Frahm";"Empty";"68";"120"
"SPAZA";"Spaza";"1";"10463"
"H.Takahashi";"Sonne und Wasser";"3";"4929"
"Fabrizio Paterlini";"Secret Book";"20";"645"
"&lez";"Panir";"2";"6674"
"Moullinex";"Running in the Dark (Seb Wildblood Remix)";"2";"6675"
"Jeff Parker";"Suite for Max Brown";"4";"3870"
"Girls in Airports";"Broke";"1";"10464"
"Henri Guédon";"Cosmozouk Percussion";"9";"1777"
"Stavroz";"Bleached Flamingo";"1";"10465"
"A Grape Dope";"Backyard Blenders: The Remixes";"2";"6676"
"TRANS-4M";"Sublunar Oracles";"1";"10466"
"Vakula";"Night Walks";"4";"3871"
"Pauline Anna Strom";"Spectre";"7";"2287"
"Fudge Fingas";"Firecracker EP2";"1";"10467"
"The Complainers";"Firecracker EP2";"1";"10468"
"The Gap Band";"Gap Gold - Best Of The Gap Band";"2";"6677"
"Vakula";"SHEVC002";"2";"6678"
"Four Hands";"Hizou";"1";"10469"
"Sudan Archives";"Black Vivaldi Sonata - A COLORS ENCORE";"1";"10470"
"The Velvet Circle";"Velvet Desert Music Vol. 2";"4";"3872"
"Mount Obsidian";"Velvet Desert Music Vol. 2";"7";"2288"
"Superpitcher";"Velvet Desert Music Vol. 2";"10";"1590"
"Golden Bug";"Velvet Desert Music Vol. 2";"3";"4930"
"Rebolledo";"Velvet Desert Music Vol. 2";"3";"4931"
"Fantastic Twins";"Velvet Desert Music Vol. 2";"4";"3873"
"Gen Pop";"Velvet Desert Music Vol. 2";"3";"4932"
"Sascha Funke";"Velvet Desert Music Vol. 2";"2";"6679"
"Paulor";"Velvet Desert Music Vol. 2";"4";"3874"
"Lake Turner";"Velvet Desert Music Vol. 2";"2";"6680"
"The Novotones";"Velvet Desert Music Vol. 2";"2";"6681"
"Pluramon";"Velvet Desert Music Vol. 2";"2";"6682"
"Cesária Évora";"Cesaria";"2";"6683"
"Esa";"The Best of Esa";"4";"3875"
"Jungle by Night";"The Traveller";"3";"4933"
"Rainbow Team";"A Song for You (LP)";"4";"3876"
"Odyssey";"I Got the Melody (Expanded Edition)";"5";"3166"
"Eko";"Funky Disco Music";"4";"3877"
"Cotonete";"Parribean Disco";"5";"3167"
"Banda Black Rio";"Gafieira Universal";"7";"2289"
"Greg Fox";"From the Cessation of What";"1";"10471"
"Afrik Bawantu";"Noko Hewon";"2";"6684"
"Delight";"Maxis 80, Programme 19/25 (Les meilleurs maxi 45T des années 80)";"2";"6685"
"Uptown Funk Empire";"The Remix Strikes Back";"5";"3168"
"Chilly Gonzales";"Silent Night";"1";"10472"
"Potatohead People";"Mellow Fantasy";"2";"6686"
"Michal Turtle";"Michal Turtle Reinterpreted";"1";"10473"
"Iorie";"MCB";"1";"10474"
"Katerine";"Mes Mauvaises Frequentations";"1";"10475"
"Chelou";"Wayward";"3";"4934"
"Skinshape";"Arrogance is the Death of Men";"1";"10476"
"Souleance";"P'ti Sega";"5";"3169"
"Hunee";"Tide / Minnoch";"1";"10477"
"Ben Hauke";"EVERY RECORD / ALWAYS THINKING";"1";"10478"
"The 9th Creation";"A Step Ahead";"1";"10479"
"B.B. & Q. Band";"All Night Long";"1";"10480"
"Leo Brouwer";"¡danza! The Music of Dance";"1";"10481"
"Kimosabe";"Feelins For Ur Own Revolution";"1";"10482"
"Kalabrese";"Bananenräuber EP (incl. Ripperton Remix)";"1";"10483"
"Evgeny KoTT";"Connections VI";"1";"10484"
"Michael Mayer";"Velvet Desert Music Vol. 2";"3";"4935"
"Bato Bato";"Bato Bato";"10";"1591"
"Jon Hopkins";"Scene Suspended";"6";"2672"
"Michael Price";"Entanglement";"8";"2009"
"Bill Evans";"You Must Believe in Spring";"6";"2673"
"Rival Consoles";"Winter's Lament";"9";"1778"
"David Allred";"The Cell";"7";"2290"
"Aphex Twin";"Drukqs";"7";"2291"
"Thelonious Monk";"Monk's Dream";"5";"3170"
"Jan Johansson";"Jazz på svenska";"8";"2010"
"Niklas Paschburg";"Svalbard";"16";"875"
"Greg Haines";"Moments Eluding";"4";"3878"
"Anouar Brahem";"Le Voyage De Sahar";"8";"2011"
"坂本龍一";"1996 (Re-Mastered)";"5";"3171"
"Goldmund";"The Malady Of Elegance";"4";"3879"
"Hania Rani";"Esja";"7";"2292"
"Anne Müller";"Heliopause";"5";"3172"
"Valeska Rautenberg";"Veins (Songs For Piano, Wind & Water)";"23";"529"
"Deaf Center";"Low Distance";"10";"1592"
"Douglas Dare";"Milkteeth";"35";"308"
"Johann Sebastian Bach";"Bach: The Goldberg Variations, BWV 988 (1981 Gould Remaster)";"5";"3173"
"Avishai Cohen";"Seven Seas";"7";"2293"
"A Winged Victory for the Sullen";"A Winged Victory for the Sullen";"4";"3880"
"Balmorhea";"Clear Language";"23";"530"
"Jacob Pavek";"BLOMMA";"9";"1779"
"Aphex Twin";"Syro";"6";"2674"
"Deaf Center";"Owl Splinters";"5";"3174"
"Federico Albanese";"The Twelve (Original Motion Picture Soundtrack)";"10";"1593"
"Khyaam Haque";"Most Things Are Beautiful";"4";"3881"
"Meredith Monk";"Dolmen Music";"4";"3882"
"Brambles";"Charcoal";"9";"1780"
"The Cinematic Orchestra";"To Believe (Remixes)";"11";"1425"
"Oded Tzur";"Here Be Dragons";"5";"3175"
"Eluvium";"False Readings On";"4";"3883"
"Luke Howard";"Open Heart Story";"6";"2675"
"Mal Waldron";"All Alone";"17";"809"
"Jóhann Jóhannsson";"Orphée";"14";"1042"
"Joep Beving";"Solipsism";"6";"2676"
"Alice Baldwin";"please tell my mum to burn me";"4";"3884"
"Frances Shelley";"The Minimal Piano Series 2";"7";"2294"
"Alva Noto";"Vrioon";"4";"3885"
"Roedelius";"Einfluss";"16";"876"
"Keith Jarrett";"My Song";"2";"6687"
"Bill Evans";"Undercurrent";"24";"496"
"Malakoff Kowalski";"My First Piano";"14";"1043"
"Rachel Grimes";"Eights";"7";"2295"
"Peter Broderick";"Docile";"4";"3886"
"Matti Bye";"Elephant Made The Piano – EP";"10";"1594"
"Alexandra Hamilton-Ayres";"19-88";"4";"3887"
"Ketil Bjørnstad";"The Sea";"8";"2012"
"Tigran Hamasyan";"Atmosphères";"7";"2296"
"Enrique Granados";"Alicia de Larrocha plays Granados";"4";"3888"
"Gonzales";"Solo Piano";"133";"30"
"Carlos Cipa";"Retronyms";"6";"2677"
"Högni";"Music for Brainwaves";"6";"2678"
"Cotonete";"A.E.I.O.U. (Dimitri From Paris Remix)";"2";"6688"
"CABO VERDE BAND";"Radio Verde (Compiled by Arp Frique & Americo Brito)";"4";"3889"
"Américo Brito";"Radio Verde (Compiled by Arp Frique & Americo Brito)";"3";"4936"
"Cabo Verde Show";"Radio Verde (Compiled by Arp Frique & Americo Brito)";"2";"6689"
"Elisio Vieira";"Radio Verde (Compiled by Arp Frique & Americo Brito)";"2";"6690"
"Vlu";"Radio Verde (Compiled by Arp Frique & Americo Brito)";"2";"6691"
"Matthew Bourne";"Montauk Variations";"5";"3176"
"Erik Satie";"Satie: Avant-dernières pensées (Bonus Track Version)";"6";"2679"
"Dustin O'Halloran";"Piano Solos Vol. 2";"32";"338"
"Penguin Cafe Orchestra";"Preludes, Airs And Yodels (A Penguin Cafe Primer)";"21";"596"
"Keith Jarrett";"Last Dance";"14";"1044"
"Ólafur Arnalds";"Island Songs";"6";"2680"
"Dustin O'Halloran";"Lion (Original Motion Picture Soundtrack)";"11";"1426"
"Ben Lukas Boysen";"Gravity (Special Edition)";"6";"2681"
"Paul Bley";"Memoirs";"3";"4937"
"Light of the World";"Round Trip [Plus Bonus Tracks]";"3";"4938"
"Galaxia 2000";"Radio Verde (Compiled by Arp Frique & Americo Brito)";"1";"10485"
"Mendes & Mendes";"Radio Verde (Compiled by Arp Frique & Americo Brito)";"1";"10486"
"Danny Carvalho";"Radio Verde (Compiled by Arp Frique & Americo Brito)";"1";"10487"
"Mendes";"Radio Verde (Compiled by Arp Frique & Americo Brito)";"1";"10488"
"JOSE CASIMIRO";"Radio Verde (Compiled by Arp Frique & Americo Brito)";"1";"10489"
"Greg Fox";"Contact";"3";"4939"
"Sascha Funke";"Lotos Land";"3";"4940"
"Zeca & Zeze Di Nha Reinalda";"Radio Verde (Compiled by Arp Frique & Americo Brito)";"1";"10490"
"Bullion";"Hula";"1";"10491"
"Surprise Chef";"All News Is Good News";"74";"103"
"Yin Yin";"The Rabbit That Hunts Tigers";"19";"696"
"Omar S";"Side Trakx, Vol, 5";"1";"10492"
"upsammy";"Wild Chamber";"1";"10493"
"Jungle by Night";"Livingstone";"1";"10494"
"Terrapin";"Velvet Desert Music, Vol. 1";"2";"6692"
"The Modernist";"Velvet Desert Music, Vol. 1";"7";"2297"
"burger/ink";"Velvet Desert Music, Vol. 1";"2";"6693"
"The Novotones";"Velvet Desert Music, Vol. 1";"3";"4941"
"COLOGNE TAPE";"Velvet Desert Music, Vol. 1";"3";"4942"
"Locked Groove";"Out Of Orbit";"1";"10495"
"Bill Coday";"The Best Years";"1";"10496"
"P.Cock";"Psychemagik Presents: Magik Sunset, Pt. 1";"1";"10497"
"Martha Wash";"Martha Wash";"4";"3890"
"Jordan Rakei";"Origin";"1";"10498"
"Rose Royce";"Rose Royce III: Strikes Again!";"1";"10499"
"Rob";"Funky Rob Way (Analog Africa Dance Edition No. 2)";"1";"10500"
"Stacey";"AOR Global Sounds, Vol. 3";"1";"10501"
"Bootsy Collins";"Back In The Day: The Best Of Bootsy";"1";"10502"
"Hypnotic Brass Ensemble";"Book of Sound";"1";"10503"
"Gonzales";"Haven't Stopped";"1";"10504"
"Slow Meadow";"Costero";"16";"877"
"Yann Tiersen";"The Waltz of the Monsters";"3";"4943"
"Max Richter";"The Blue Notebooks (15 Years)";"10";"1595"
"Lubomyr Melnyk";"Fallen Trees";"8";"2013"
"Snorri Hallgrímsson";"Chasing the Present (Original Motion Picture Soundtrack)";"6";"2682"
"Tiny Leaves";"Alone, Not Alone";"16";"878"
"Jacob Pavek";"Circulation";"5";"3177"
"Ben Frost";"By The Throat";"4";"3891"
"Sophie Hutchings";"A Small Kind Of Revival";"3";"4944"
"Nils Frahm";"Wintermusik";"4";"3892"
"Valgeir Sigurðsson";"Draumalandið";"3";"4945"
"Fantastic Twins";"Obakodomo";"1";"10505"
"Sascha Funke";"Kreidekreis";"3";"4946"
"Skinshape";"Another Day";"1";"10506"
"Sebastian Mullaert";"In The Mist We Appeared";"1";"10507"
"ONIPA";"We No Be Machine: Rewired";"1";"10508"
"Ed Ed";"The Ellcrys";"2";"6694"
"UJI";"Andarele";"1";"10509"
"Oscar Jerome";"Breathe Deep Remixes";"1";"10510"
"kurup";"Joeira";"2";"6695"
"Quixosis";"Micropótamo";"1";"10511"
"Neil Cowley";"She Lives in Golden Sands";"16";"879"
"Seb Wildblood";"Take Your Time (feat. Deem Spencer)";"1";"10512"
"Hector Plimmer";"Tapeloop (Kidkanevil Remix)";"1";"10513"
"Bonobo";"Heartbreak / 6000 Ft.";"6";"2683"
"Mr Beatnick";"Honeycomb (Hector Plimmer Remix)";"1";"10514"
"Kelpe";"All the Way Round (Photay Remix)";"1";"10515"
"The Notwist";"Where You Find Me";"1";"10516"
"Mei River";"Blue (Kornél Kovács Remix)";"1";"10517"
"Jon Gurd";"The Dream (Max Cooper & Rob Clouth Remix)";"1";"10518"
"HYENAH";"The Message EP";"1";"10519"
"Twenty Committee";"This Town (Kornél Kovács Remix)";"1";"10520"
"Zwanie Jonson";"Hate Is Coming Back (Niklas Wandt Remix)";"1";"10521"
"123 Mixtape";"For a Friend";"4";"3893"
"SLV";"Gizeh EP";"2";"6696"
"Paul Frick";"Neo Biedermeier / Baby Bell";"1";"10522"
"Hieroglyphic Being and The Configurative or Modular ME Trio";"Cosmic Bebop";"2";"6697"
"SELLING";"On Reflection";"2";"6698"
"Marc Bianco";"Girl (Young French Women of N.A.)";"2";"6699"
"George Michael";"Listen Without Prejudice / MTV Unplugged (Deluxe)";"2";"6700"
"Shake";"Lost in Space";"2";"6701"
"Roger Eno";"Mixing Colours";"274";"4"
"Aroop Roy";"Hustle do Brasil";"2";"6702"
"Dan Kye";"Small Moments";"67";"123"
"El Remolón";"Pantano Lontano";"3";"4947"
"Domenique Dumont";"People on Sunday";"15";"960"
"Brin";"Soft Gaiden / Featherdrift";"1";"10523"
"The Golden Islands";"In the Hidden Chambers of Caracol";"1";"10524"
"Mary Lattimore";"Sometimes He's In My Dreams";"1";"10525"
"Ana Roxanne";"Because of a Flower";"12";"1277"
"Group Listening";"Clarinet & Piano: Selected Works, Vol. 1";"1";"10526"
"Four Tet";"4T Recordings";"1";"10527"
"K-Lone";"Cape Cira";"15";"961"
"The Golden Islands";"A Short Story of the Mahale Mountains";"1";"10528"
"Mollis";"Sleeping Beauty";"1";"10529"
"Colleen";"The Golden Morning Breaks";"1";"10530"
"Mort Garson";"Mother Earth's Plantasia";"1";"10531"
"The Golden Islands";"Underwater Temples of Mahabalipuram";"2";"6703"
"Guustavv";"Sova";"1";"10532"
"Arbour";"Sights & Sounds";"1";"10533"
"Alaskan Tapes";"The Ocean No Longer Wants Us";"1";"10534"
"The Hardy Tree";"Through Passages of Time.";"1";"10535"
"Jiony";"Cotorra Serrana Occidental";"1";"10536"
"A Lily";"Sleep Through the Storm";"1";"10537"
"Louie Zong";"greenhouse";"1";"10538"
"NoDes";"Pantano Lontano";"2";"6704"
"Aeromancias";"Auroras";"2";"6705"
"Domenique Dumont";"Comme Ça";"5";"3178"
"Room7";"ROOM7";"1";"10539"
"Jeanette ""Lady"" Day";"Star-Funk, Vol. 5";"6";"2684"
"Various artists (5)";"Afro Edits";"19";"697"
"Topo Bandido";"Pantano Lontano";"1";"10540"
"Santiago Navas";"Pantano Lontano";"1";"10541"
"H2O";"Pantano Lontano";"2";"6706"
"Montuno";"Pantano Lontano";"1";"10542"
"Mente Orgánica";"Pantano Lontano";"1";"10543"
"H2O";"Soil";"1";"10544"
"Gold Panda";"Half Of Where You Live";"2";"6707"
"Andy Stott";"Faith In Strangers";"3";"4948"
"HTRK";"Over The Rainbow";"1";"10545"
"Bvdub";"A Step In The Dark";"1";"10546"
"Library Tapes";"Air Texture, Vol. II";"1";"10547"
"Hieroglyphic Being";"The Replicant Dream Sequence (Blue Pa14 Series)";"1";"10548"
"Brett Naucke";"SEED";"2";"6708"
"Burial";"Tunes 2011-2019";"1";"10549"
"Brooklyn Raga Massive";"Terry Riley In C";"1";"10550"
"Cédric Stevens";"Hanging in the Wires";"1";"10551"
"Actress";"R.I.P.";"1";"10552"
"Hieroglyphic Being";"The Disco's Of Imhotep";"2";"6709"
"Ludovico Einaudi";"I Giorni";"1";"10553"
"Oliver Coates";"John Luther Adams’ Canticles of the Sky + Three High Places";"3";"4949"
"Felicia Atkinson";"Hand In Hand";"1";"10554"
"Timo Andres";"Thrive on Routine";"1";"10555"
"Sokif";"Affectionate Unselfish";"1";"10556"
"Biosphere";"Substrata + Man with a Movie Camera";"2";"6710"
"Bvdub";"Epilogues for the End of the Sky";"1";"10557"
"Loscil";"Air Texture, Vol. I - Compiled by bvdub and Andrew Thomas";"1";"10558"
"John Metcalfe";"So Clear";"1";"10559"
"Masayoshi Fujita";"Schaum";"4";"3894"
"High Plains";"Cinderland";"1";"10560"
"Blair French";"Through the Blinds";"1";"10561"
"Caroline Shaw";"Caroline Shaw: Orange";"1";"10562"
"Justin Walter";"Unseen Forces";"1";"10563"
"Donato Dozzy";"Plays Bee Mask";"46";"215"
"The Dead Texan";"The Dead Texan";"1";"10564"
"Dalot";"A Strangely Isolated Place / Europe";"1";"10565"
"Ken Camden";"Dream Memory";"1";"10566"
"Kenneth James Gibson";"The Evening Falls";"1";"10567"
"James K";"PET";"2";"6711"
"Brian Eno";"Small Craft on a Milk Sea";"12";"1278"
"Carlos Niño & Friends";"Flutes, Echoes, It's All Happening!";"5";"3179"
"Konntinent";"Air Texture, Vol. I - Compiled by bvdub and Andrew Thomas";"1";"10568"
"Goldmund";"Sometimes";"2";"6712"
"Lambert";"Inez & Doug & Kira (Original Motion Picture Soundtrack)";"21";"597"
"Tom Zé";"Estudando o samba";"1";"10569"
"Lambert";"Lost Tapes";"31";"349"
"Jockstrap";"Acid";"1";"10570"
"Röyksopp";"Gentle Movement (Lost Tapes)";"1";"10571"
"Fatoumata Diawara";"Nterini (Sparrow & Barbossa Remix)";"1";"10572"
"Get a Room!";"Ecuador / The Reef";"1";"10573"
"Jac the Disco";"Manglik";"13";"1163"
"Woods";"Strange To Explain";"2";"6713"
"The Soft Pink Truth";"Shall We Go On Sinning So That Grace May Increase?";"9";"1781"
"Westerman";"Your Hero Is Not Dead";"1";"10574"
"Keeley Forsyth";"Debris";"1";"10575"
"Fatima Yamaha";"Spontaneous Order";"2";"6714"
"Rupa";"Disco Jazz";"3";"4950"
"Prefab Sprout";"I Trawl the Megahertz";"1";"10576"
"Greg Foat";"Photosynthesis";"3";"4951"
"Devadip Carlos Santana";"Late Night Tales: Khruangbin";"5";"3180"
"Brilliantes del Vuelo";"Late Night Tales: Khruangbin";"16";"880"
"Kelly Doyle";"Late Night Tales: Khruangbin";"4";"3895"
"Sanullim";"Late Night Tales: Khruangbin";"4";"3896"
"Maxwell Udoh";"Late Night Tales: Khruangbin";"3";"4952"
"David Marez";"Late Night Tales: Khruangbin";"3";"4953"
"Gerald Lee";"Late Night Tales: Khruangbin";"3";"4954"
"Justine & The Victorian Punks";"Late Night Tales: Khruangbin";"2";"6715"
"George Yagani";"Late Night Tales: Khruangbin";"1";"10577"
"Pesniary";"Late Night Tales: Khruangbin";"1";"10578"
"Khruangbin";"Late Night Tales: Khruangbin";"2";"6716"
"Paloma San Basilio";"Late Night Tales: Khruangbin";"2";"6717"
"The Roha Band";"Late Night Tales: Khruangbin";"2";"6718"
"Tierney Malone";"Late Night Tales: Khruangbin";"18";"752"
"Kruder & Dorfmeister";"1995";"60";"144"
"North Downs";"Dad's Old Tapes";"37";"292"
"North Downs";"Plastic Clouds";"2";"6719"
"Tourist";"Wild";"1";"10579"
"515 Connection";"fabric presents Octo Octa & Eris Drew (Mixed)";"3";"4955"
"Cortex";"Legal Tender";"4";"3897"
"Jon Hassell";"Last Night The Moon Came Dropping Its Clothes In The Street";"7";"2298"
"Meredith Monk";"Meredith Monk: Piano Songs";"3";"4956"
"Håkon Kornstad";"Bremen";"3";"4957"
"Nonkeen";"The Gamble";"3";"4958"
"Harold Budd";"The Pearl";"2";"6720"
"Hans-Joachim Roedelius";"Jardin Au Fou";"2";"6721"
"Martyn Heyne";"Open Lines";"2";"6722"
"Stars of the Lid";"and Their Refinement of the Decline";"2";"6723"
"The Gentleman Losers";"Dustland";"2";"6724"
"Bell Orchestre";"IX: Nature That's It That's All.";"2";"6725"
"Eluvium";"Copia";"3";"4959"
"Nils Frahm";"Fundamental Values";"1";"10580"
"David Darling";"Cello";"1";"10581"
"Thomas Adès";"Enchanted Isle";"1";"10582"
"Nils Frahm";"Tripping with Nils Frahm";"1";"10583"
"Björn Meyer";"Provenance";"2";"6726"
"Arvo Pärt";"Arvo Pärt: De Profundis";"1";"10584"
"David Behrman";"Late Night Tales: Belle and Sebastian, Vol. 2";"2";"6727"
"Christina Vantzou";"No. 2";"2";"6728"
"Eivind Aarset";"Dream Logic";"1";"10585"
"Alice Coltrane";"Ptah The El Daoud";"2";"6729"
"Валентин Васильович Сильвестров";"Bagatellen und Serenaden";"1";"10586"
"Sofie";"Asleep";"1";"10587"
"Mndsgn";"Sofie's SOS Tape";"1";"10588"
"Axel Boman";"Radionova (Essential Mix)";"6";"2685"
"Gianni Brezzo";"New Magic";"13";"1164"
"Matthew Halsall";"Into Forever";"1";"10589"
"Julia Holter";"Gold Dust Woman";"1";"10590"
"Mogwai";"Dry Fantasy";"1";"10591"
"Nail";"Cassiopeia";"21";"598"
"Axel Boman";"Pink Mist";"2";"6730"
"Bing Crosby";"White Christmas";"5";"3181"
"Beth";"Acoustic Christmas Hits";"1";"10592"
"Gregory Oberle";"Yuletide";"1";"10593"
"Stian Jarrell";"Seven Joys Of Mary";"1";"10594"
"Chad Lawson";"A Solo Piano Christmas";"3";"4960"
"Lillith Love";"Where Are You, Christmas?";"2";"6731"
"Wolfgang Hesse";"Wolfgang Hesse";"3";"4961"
"Charles Bolt";"A Peaceful Christmas";"1";"10595"
"Michiko Mullins";"Light The Candles";"2";"6732"
"Hak Huyun Lee";"X-Mas";"5";"3182"
"Manny Heights";"I Heard The Bells On Christmas Day";"3";"4962"
"Sasha Cohn";"Weinachten";"2";"6733"
"Rhett Week";"Happy Xmas";"3";"4963"
"Jules Amaro";"Piano Christmas";"2";"6734"
"Brad Jacobsen";"Deck the Halls ~ Solo Piano Christmas";"1";"10596"
"Ken Dorset";"Sans Day Carol";"1";"10597"
"Pietra Costa";"Navidad";"1";"10598"
"Charles Bolt";"Grown Up Christmas List";"2";"6735"
"Annie Leigh";"Wonderful Christmastime";"1";"10599"
"Milos Foreman";"All I Want For Christmas Is You";"1";"10600"
"Emma Shynes";"Star of Bethlehem";"2";"6736"
"Amy Yeager";"The Joy of Christmas";"1";"10601"
"John Bladh";"Joy Of Christmas";"3";"4964"
"Sabine Moncler";"Soft Christmas";"1";"10602"
"Tony Austero";"Silent Night";"1";"10603"
"Meghan Summers";"Jolly Old Saint Nicholas";"1";"10604"
"Brandon Mills";"Jingle Bells";"1";"10605"
"Damian Syslo";"Blue Christmas";"1";"10606"
"Dave Brubeck";"A Dave Brubeck Christmas";"1";"10607"
"Mira Sorentido";"The Prayer";"2";"6737"
"Kevin Duncan";"Christmas at the Piano";"1";"10608"
"Dana Daoud";"The Holly And The Ivy";"1";"10609"
"Stephan Moccio";"What Child Is This? (arr. Piano) / The Christmas Song (arr. Piano)";"2";"6738"
"Marvin Simmons";"It's Christmas Every Day";"1";"10610"
"Chris Beard";"We Three Kings";"2";"6739"
"Dan Evmark";"Away in a Manger";"1";"10611"
"Ali Farka Touré";"Talking Timbuktu (with Ry Cooder)";"74";"104"
"David Bowie";"Station To Station (2016 Remaster)";"7";"2299"
"The Jungle Giants";"In Her Eyes (Kornél Kovacs Remix)";"1";"10612"
"Genevieve Artadi";"Dizzy Strange Summer";"2";"6740"
"Teebs";"Anicca";"42";"247"
"The Kinks";"Arthur (Deluxe Edition)";"6";"2686"
"Bonobo";"Linked";"1";"10613"
"Kornél Kovács";"Radionova (Essential Mix)";"2";"6741"
"Coss";"Machinations";"1";"10614"
"Tulioxi";"The Downside of Being an Asshole EP";"1";"10615"
"Coss";"Casual International EP";"1";"10616"
"Ólafur Arnalds";"some kind of peace";"44";"229"
"Hélène Vogelsinger";"Contemplation";"25";"466"
"Mykola Dmytrovych Leontovych";"Home Alone (Original Motion Picture Soundtrack) [Anniversary Edition]";"2";"6742"
"Eagles";"The Very Best of the Eagles (2013 Remaster)";"1";"10617"
"Tony Deans";"Christmas Magic";"1";"10618"
"Faye Mosley";"Light of the World";"1";"10619"
"Wendy Salisbury";"We Wish You a Merry Christmas";"1";"10620"
"Dana Daoud";"Rockin' Around The Christmas Tree";"1";"10621"
"Amy Soonyoung";"Christmas Time Is Here";"1";"10622"
"Sonny Beckerlee";"Stardust";"1";"10623"
"Various artists (4)";"Christmas Hits";"4";"3898"
"Idina Menzel";"Christmas Wishes";"1";"10624"
"Jason Starman";"Christmas Time Is Here";"1";"10625"
"Lori Mechem";"Christmas Jazz 2";"1";"10626"
"Grayville Trio";"That Christmas Feel";"1";"10627"
"William Chu";"Santa Baby";"1";"10628"
"Charlie James-Walker";"I Saw Three Ships";"1";"10629"
"John Fulford Music";"Holiday Jazz";"1";"10630"
"Denis Solee";"Christmas By Candlelight";"1";"10631"
"Mother's Daughter";"The Secret Of Christmas";"1";"10632"
"The Mayries";"A Very Mayries Christmas";"1";"10633"
"The Barr Brothers";"Dear Mrs. Claus";"1";"10634"
"Wood Star Lane";"Voices of Christmas";"1";"10635"
"Blitzen Trapper";"I'll Stay 'Til After Christmas";"1";"10636"
"Joni Mitchell";"Songs Of A Prairie Girl (US Release)";"1";"10637"
"Boom Forest";"Boom Forest Invites You to a Very Cookie Christmas, Vol. 1";"1";"10638"
"Chilly Gonzales";"A very chilly christmas";"1";"10639"
"Eels";"Useless Trinkets-B Sides, Soundtracks, Rarieties and Unreleased 1996-2006";"1";"10640"
"Andrew Bird";"Holidays Rule";"1";"10641"
"Sufjan Stevens";"Lonely Man of Winter";"1";"10642"
"HAIM";"Hallelujah";"1";"10643"
"Fleet Foxes";"White Winter Hymnal";"1";"10644"
"Kacey Musgraves";"The Kacey Musgraves Christmas Show";"1";"10645"
"Phoebe Bridgers";"Have Yourself a Merry Little Christmas";"1";"10646"
"Khruangbin";"Christmas Time Is Here b/w Christmas Time Is Here (Version Mary)";"1";"10647"
"Andrew Bird";"HARK!";"10";"1596"
"Phoebe Bridgers";"Christmas Song";"1";"10648"
"The Shins";"Christmas Rules";"1";"10649"
"This Is the Kit";"Christmas Time Is Here B/W La Peregrinación";"1";"10650"
"The Staves";"Home Alone, Too";"1";"10651"
"Willie J Healey";"Merry Christmas";"1";"10652"
"Feet";"Vegetarian Christmas";"1";"10653"
"Julia Jacklin";"baby jesus is nobody's baby now";"1";"10654"
"Sam Fender";"Winter Song";"1";"10655"
"Marinelli";"Christmas";"1";"10656"
"NÉRIJA";"Blume";"1";"10657"
"Tigran Hamasyan";"The Call Within";"8";"2014"
"Tom & Jerry";"Jungle Hits, Vol. 1";"18";"753"
"Four Tet";"Parallel";"20";"646"
"Meat Beat Manifesto";"Version Galore";"11";"1427"
"Phil Moffa";"Rareforms";"10";"1597"
"Beny Moré";"Manzanillo (Remastered)";"9";"1782"
"Roni Size";"New Forms";"1";"10658"
"Eden Burns";"Big Beat Manifesto";"17";"810"
"Frits Wentink";"Double Man";"22";"556"
"Frits Wentink";"Wasted Years of Pumping Iron";"1";"10659"
"Dave DK";"Ahh, So So";"15";"962"
"Bambounou";"033";"13";"1165"
"Gidge";"New Light";"8";"2015"
"The Avalanches";"We Will Always Love You";"12";"1279"
"Geju";"Bird Box";"1";"10660"
"Ulla";"Tumbling Towards A Wall";"1";"10661"
"Rodríguez";"Late Night Tales: Midlake (Sampler)";"1";"10662"
"Rodríguez";"Cold Fact";"28";"401"
"Michael Dues";"I've Never Been to Nashville (Anniversary Edition)";"17";"811"
"Linda Perhacs";"Parallelograms";"19";"698"
"Manuel Darquart";"Next Dance";"3";"4965"
"Manuel Darquart";"Wolfep058";"9";"1783"
"Little Dragon";"The Other Lover (Little Dragon & Moses Sumney)";"6";"2687"
"Kerri Chandler";"Spiritual Life Music";"1";"10663"
"Benjamin Brunn";"Hello Ammmerika - EP";"2";"6743"
"Burial";"Her Revolution / His Rope";"1";"10664"
"Tyrone Davis";"Original Brunswick Hit Recordings";"1";"10665"
"Andy Shauf";"Living Room";"1";"10666"
"Westerman";"The Line";"1";"10667"
"Tom Ashbrook";"Sensibus";"1";"10668"
"Dal";"Those Days";"2";"6744"
"Seb Wildblood";"The One with the Emoticon";"1";"10669"
"Laura Misch";"Lonely City";"4";"3899"
"Max Pope";"Didn’t I";"1";"10670"
"Szymon";"Blue Coloured Mountain";"38";"279"
"Leisure";"Side A";"1";"10671"
"North Downs";"Nothin'";"1";"10672"
"Tsha";"Sacred";"1";"10673"
"Elder Island";"Small Plastic Heart";"1";"10674"
"Pete Josef";"I Rise With The Birds";"1";"10675"
"Ariana Popal";"Home";"1";"10676"
"Illnoledge";"The Champion (Homegrown Session)";"2";"6745"
"Baby's Berserk";"What I Mean";"1";"10677"
"palazzi d'oriente";"Flux 101";"1";"10678"
"H ZETTRIO";"Never Ending";"2";"6746"
"Yellowjackets";"Jackets XL";"1";"10679"
"NTHNG";"Hypnotherapy";"11";"1428"
"Eddie Chacon";"Pleasure, Joy and Happiness";"14";"1045"
"Daniel Avery";"Dusting For Smoke";"2";"6747"
"Youandewan";"Cola Beach / Dolphin Splash Keyboards";"1";"10680"
"Project Sound";"fabric presents Octo Octa & Eris Drew (Mixed)";"2";"6748"
"RM Project";"fabric presents Octo Octa & Eris Drew (Mixed)";"2";"6749"
"Y U QT";"fabric presents Octo Octa & Eris Drew (Mixed)";"2";"6750"
"CZR";"fabric presents Octo Octa & Eris Drew (Mixed)";"2";"6751"
"D'Menace";"fabric presents Octo Octa & Eris Drew (Mixed)";"2";"6752"
"DHS";"Mind Control EP";"1";"10681"
"Casino Times";"Casino Edits 4";"1";"10682"
"fLako";"Get Lost VI mixed by Totally Enormous Extinct Dinosaurs";"2";"6753"
"Kevin Harrison";"Get Lost VI mixed by Totally Enormous Extinct Dinosaurs";"2";"6754"
"Valentina";"Get Lost VI mixed by Totally Enormous Extinct Dinosaurs";"2";"6755"
"Whatever";"Dancing with Friends";"3";"4966"
"Anna Calvi";"You’re Not God (From ‘Peaky Blinders’ Original Soundtrack)";"1";"10683"
"Axel Boman";"Get Lost VI mixed by Totally Enormous Extinct Dinosaurs";"1";"10684"
"Jorge Velez";"Get Lost VI mixed by Totally Enormous Extinct Dinosaurs";"1";"10685"
"Christophe!";"Get Lost VI mixed by Totally Enormous Extinct Dinosaurs";"1";"10686"
"Matthias Zimmerman";"Get Lost VI mixed by Totally Enormous Extinct Dinosaurs";"1";"10687"
"Dave Aju";"Get Lost VI mixed by Totally Enormous Extinct Dinosaurs";"1";"10688"
"Millenium";"Get Lost VI mixed by Totally Enormous Extinct Dinosaurs";"1";"10689"
"Kenny Glasgow";"Get Lost VI mixed by Totally Enormous Extinct Dinosaurs";"3";"4967"
"Traumprinz";"Get Lost VI mixed by Totally Enormous Extinct Dinosaurs";"2";"6756"
"Pitto";"Get Lost VI mixed by Totally Enormous Extinct Dinosaurs";"17";"812"
"Kathy Stack";"Psychemagik Presents: Magik Sunset, Pt. 1";"1";"10690"
"Greg Sonnleitner";"Psychemagik Presents: Magik Sunset, Pt. 1";"1";"10691"
"Nathan Perkins Band";"Psychemagik Presents: Magik Sunset, Pt. 1";"1";"10692"
"Crossection";"Psychemagik Presents: Magik Sunset, Pt. 1";"1";"10693"
"3 Winans Brothers";"Dance";"12";"1280"
"City People";"It's All In The Groove";"1";"10694"
"Maurizio";"Ploy";"2";"6757"
"Son Mieux";"Easy";"1";"10695"
"Davorka Poljak";"Radožda";"1";"10696"
"Flavio Apicella";"Variante Alta";"1";"10697"
"Hayden Cargile";"Chapman's Swift";"1";"10698"
"Sophie Ronstadt";"Lost in a Dream";"1";"10699"
"Carrie Lucas";"Dance With You - The Best Of";"1";"10700"
"Gladys Knight & The Pips";"Everybody Needs Love";"1";"10701"
"Jackie Wilson";"Higher and Higher";"2";"6758"
"Jerry Lee Lewis";"The Essential Jerry Lee Lewis [The Sun Sessions]";"1";"10702"
"Leon Bridges";"Coming Home (Deluxe)";"3";"4968"
"The Shirelles";"Because I Said So (Music From And Inspired By The Motion Picture)";"2";"6759"
"Martha Reeves & The Vandellas";"20th Century Masters: The Millennium Collection: Best Of Martha Reeves & The Vandellas";"1";"10703"
"Christina Vantzou";"Late Night Tales: Hot Chip (LNT Mix)";"1";"10704"
"Nazia Hassan";"Late Night Tales: Khruangbin";"4";"3900"
"Gotts Street Park";"Everything";"1";"10705"
"Rhye";"Beautiful";"1";"10706"
"Caribou";"You and I";"1";"10707"
"Caribou";"Suddenly";"1";"10708"
"Westerman";"Blue Comanche";"1";"10709"
"Arlo Parks";"Eugene";"2";"6760"
"The Avalanches";"We Will Always Love You (feat. Blood Orange)";"1";"10710"
"Alice Phoebe Lou";"Dusk";"1";"10711"
"Soulphiction";"24/7 Love Affair VIP Edition";"19";"699"
"LCD Soundsystem";"45:33 Remixes";"1";"10712"
"Armando";"Downfall";"1";"10713"
"Kurt Harman Project";"From the Vaults : The Definive Sounds of Prescription Records - EP, Vol. 1";"1";"10714"
"Moodymann";"Silentintroduction";"1";"10715"
"Ex-Pylon";"Shakes";"20";"647"
"Kornél Kovács";"Stockholm Marathon Remixes";"1";"10716"
"Art Alfie";"Reveries Of";"14";"1046"
"Jack Tennis";"Take It To Church";"1";"10717"
"Hugh Masekela";"Early Hugh Masekela";"1";"10718"
"Ronn Matlock";"Love City (Expanded & Remastered)";"1";"10719"
"Dr. Jeffrey Thompson";"Gamma Meditation System 2.0";"2";"6761"
"Barry White";"The Man";"1";"10720"
"Ahmed Fakroun";"Awedny";"1";"10721"
"Green-House";"Chysis";"7";"2300"
"h hunt";"playing piano for dad";"16";"881"
"Gaussian Curve";"Clouds";"5";"3183"
"Jon Hopkins";"Late Night Tales: Jon Hopkins";"1";"10722"
"Saint Saviour";"Tomorrow Again";"3";"4969"
"Sly5thAve";"Right Here (NYC Edit)";"1";"10723"
"Kiasmos";"Blurred (Sven Helbig Rework)";"1";"10724"
"Steve Spacek";"Houses";"3";"4970"
"Rymden";"Space sailors";"5";"3184"
"Gil Scott-Heron";"Pieces of a Man";"2";"6762"
"For Those I Love";"I Have a Love (Overmono Remix)";"7";"2301"
"Holy Other";"With U";"10";"1598"
"Lapola Kalu";"El Espíritu de la Escalera";"1";"10725"
"Rymden";"Spacesailors";"14";"1047"
"Khotin";"Finds You Well";"13";"1166"
"Pantha du Prince";"Conference of Trees";"87";"72"
"Erik Satie";"Gymnopédie No. 1";"1";"10726"
"Daniel Avery";"Illusion Of Time";"14";"1048"
"Group Listening";"What's A Girl To Do";"7";"2302"
"John Carroll Kirby";"Wind";"1";"10727"
"Patricia Brennan";"Solar";"1";"10728"
"Jon Hassell";"Fearless";"2";"6763"
"Cucina Povera";"Hilja";"36";"299"
"SQÜRL";"Magic Hour";"1";"10729"
"Ólafur Arnalds";"Loom";"27";"421"
"Soul Capsule";"Seth Troxler - The Lab 03";"16";"882"
"Studio Mule";"Carnaval Superpitcher Remixes";"12";"1281"
"Axel Boman";"Black Magic Boman EP";"14";"1049"
"Justo Betancourt";"Funky Sabroso Mix";"3";"4971"
"Jitwam";"enchanté EP";"20";"648"
"Darkside";"PSYCHIC LIVE JULY 17 2014";"1";"10730"
"Lavan";"Dancing with Friends";"1";"10731"
"Joe Cleen";"Dancing with Friends";"2";"6764"
"Carlo";"Dancing with Friends";"2";"6765"
"Philippa";"Dancing with Friends";"1";"10732"
"Felipe Gordon";"Dancing with Friends";"1";"10733"
"Gayle Adams";"Love Fever";"1";"10734"
"SØNIN";"Swans";"1";"10735"
"Dave DK";"Chicama EP";"1";"10736"
"Pantha du Prince";"Diamond Daze";"1";"10737"
"Kelpe";"Boiling, Steaming and Poaching";"1";"10738"
"Nicolas Jaar";"Pomegranates";"1";"10739"
"Clark";"Daniel Isn’t Real (Expanded Edition)";"10";"1599"
"Pantha du Prince";"Pius in Tacet (Grandbrothers Remix)";"3";"4972"
"Signal";"Philip Glass: Glassworks - Live at (le) Poisson Rouge";"5";"3185"
"Jenny Hval";"The Practice of Love";"1";"10740"
"Dalai Lama";"Inner World";"2";"6766"
"Miguel Atwood-Ferguson";"Library Selection";"17";"813"
"To Rococo Rot";"The Amateur View";"3";"4973"
"Hainbach";"Assertion";"1";"10741"
"Rival Consoles";"Odyssey / Sonne";"1";"10742"
"Kelpe";"All the Way Round";"1";"10743"
"Dustin O'Halloran";"Marie Antoinette (Original Motion Picture Soundtrack)";"3";"4974"
"Dustin O'Halloran";"Other Lights";"3";"4975"
"Luke Howard";"Sun, Cloud";"3";"4976"
"Philip Glass";"Cities II";"3";"4977"
"Dustin O'Halloran";"The Beauty Inside (Original Film Score)";"3";"4978"
"Niklas Paschburg";"Oceanic";"26";"441"
"Peter Broderick";"Eyes Closed And Traveling";"2";"6767"
"Akira Kosemura";"Wavering Heart";"1";"10744"
"Luke Howard";"Forgotten Postcards";"2";"6768"
"Chad Lawson";"You Finally Knew";"3";"4979"
"Alexis Ffrench";"Evolution";"1";"10745"
"Philip Glass";"Etudes for Piano Vol 1 No. 1-10";"1";"10746"
"Dustin O'Halloran";"Breathe In (Drake Doremus' Original Motion Picture Soundtrack)";"1";"10747"
"Luke Howard";"Howard: Dappled Light";"1";"10748"
"Eluvium";"Virga I";"1";"10749"
"Dario Marianelli";"Everest (Original Motion Picture Soundtrack)";"1";"10750"
"Alexis Ffrench";"Dreamland";"1";"10751"
"Joep Beving";"The London Session";"1";"10752"
"Max Richter";"Sleep";"310";"3"
"Dustin O'Halloran";"Ammonite (Original Motion Picture Soundtrack)";"13";"1167"
"Fabrizio Paterlini";"Winter Stories";"2";"6769"
"Ludovico Einaudi";"Seven Days Walking (Day 1)";"1";"10753"
"Luke Howard";"Open";"2";"6770"
"Neil Cowley";"Just Above it All";"1";"10754"
"Luke Slater";"Love Remixes";"9";"1784"
"L.B. Dub Corp";"Ostgut Ton | Zehn";"1";"10755"
"Neil Cowley";"Tramlines";"3";"4980"
"Valerie Allington";"Italian Funk Collection";"15";"963"
"Everything Is Recorded";"FRIDAY FOREVER";"1";"10756"
"Lime";"Your Love";"2";"6771"
"Yazoo";"Upstairs at Eric's";"1";"10757"
"Electric Mind";"Summing Up (12 Inc)";"1";"10758"
"SYCUM";"Speicher 116";"6";"2688"
"Rufus";"Rufus Featuring Chaka Khan";"4";"3901"
"Gonzales";"Solo Piano II";"88";"69"
"Joep Beving";"Prehension";"3";"4981"
"Baxter Dury";"The Night Chancers";"1";"10759"
"Pantha du Prince";"Black Noise";"42";"248"
"ADMAS";"Sons of Ethiopia";"33";"325"
"Avalon Emerson";"Whities 006";"1";"10760"
"Voilaaa";"Fighting Slowly";"1";"10761"
"Greg Foat";"Symphonie Pacifique";"8";"2016"
"Makaya McCraven";"A Day In The Life: Impressions Of Pepper";"1";"10762"
"Alabaster Deplume";"To Cy & Lee: Instrumentals Vol. 1";"2";"6772"
"Jitwam";"HONEYCOMB";"13";"1168"
"The Sweet Enoughs";"Marshmallow";"24";"497"
"Surprise Chef";"Daylight Savings";"4";"3902"
"Sam Gendel";"Pure Imagination (Lo Fi)";"1";"10763"
"Alabaster Deplume";"Copernicus - The Good Book of No";"4";"3903"
"Godtet";"Godtet";"2";"6773"
"Azymuth";"Zé e Paraná";"3";"4982"
"Sam Gendel";"Satin Doll";"2";"6774"
"Holy Hive";"Float Back To You";"17";"814"
"Andrew Wasylyk";"Fugitive Light and Themes of Consolation";"6";"2689"
"Tenderlonious";"AFTER THE STORM";"1";"10764"
"Sam Gendel";"Music for Saxofone & Bass Guitar";"6";"2690"
"Little Dragon";"Machine Dreams";"1";"10765"
"Azymuth";"Azymuth (Deluxe Edition)";"5";"3186"
"Surprise Chef";"Deadlines";"1";"10766"
"Orions Belte";"Cherchez La Ghost";"1";"10767"
"Godtet";"II";"5";"3187"
"Barulinho";"Siesta";"4";"3904"
"Ex-Pylon";"Hammerfest";"1";"10768"
"Kill Emil";"Green Line";"1";"10769"
"Ours Samplus";"Last Frontier";"28";"402"
"The Cancel";"Look of Love";"10";"1600"
"Boogie Belgique";"Rhythm";"1";"10770"
"El Jazzy Chavo";"Fantasia";"1";"10771"
"Kill Emil";"One Night in Bogota";"1";"10772"
"Poldoore";"Shade";"1";"10773"
"Moderator";"Sinner's Syndrome";"9";"1785"
"The Architect";"Une plage sur la lune";"76";"97"
"Ancient Astronauts";"Break My Heart In 2";"1";"10774"
"Kill Emil";"Alpine Grooves Easy Beats 2 (Kristallhütte)";"1";"10775"
"Degiheugi";"dancing chords and fireflies";"2";"6775"
"The Cancel";"Reply from space";"1";"10776"
"Poldoore";"Street Bangerz Volume 6: Playhouse";"1";"10777"
"Boogie Belgique";"Volta";"3";"4983"
"Kill Emil";"Salvation";"2";"6776"
"Ours Samplus";"Antares";"204";"8"
"Afterclapp";"Zambi";"1";"10778"
"The Cancel";"No Way To Stay";"2";"6777"
"Kill Emil";"Risky Business";"2";"6778"
"Hugo Kant";"Far From Home";"3";"4984"
"Smokedbeat";"The Jazz Jousters Sessions #1";"1";"10779"
"Poldoore";"Alfama";"1";"10780"
"Moderator";"Rose";"3";"4985"
"Mononome";"Come Close";"1";"10781"
"Eddie Floyd";"The Very Best Of Eddie Floyd";"1";"10782"
"Roy Orbison";"Oh, Pretty Woman";"1";"10783"
"Otis Redding";"The Very Best of Otis Redding";"1";"10784"
"The Beach Boys";"Good Vibrations 40th Anniversary";"1";"10785"
"The Silhouettes";"Get a Job";"1";"10786"
"Ray Charles";"Ray Charles (aka: Hallelujah, I Love Her So)";"2";"6779"
"The Isley Brothers";"It's Your Thing: The Story of The Isley Brothers";"1";"10787"
"The Impressions";"The Impressions";"1";"10788"
"Fats Domino";"The Fats Domino Jukebox: 20 Greatest Hits the Way You Originally Heard Them";"1";"10789"
"Sam Cooke";"Ain't That Good News";"1";"10790"
"Clarence ""Frogman"" Henry";"Ain't Got No Home: The Best Of Clarence ""Frogman"" Henry";"1";"10791"
"Little Richard";"The Georgia Peach";"1";"10792"
"Smokey Robinson and The Miracles";"Going to a Go-Go";"1";"10793"
"Shannon and the Clams";"Dreams In The Rat House";"1";"10794"
"This Is the Kit";"Wriggle Out the Restless";"1";"10795"
"Teddy Mike";"On Point";"1";"10796"
"Pink Rhythm";"Melodies of love";"1";"10797"
"Golden Retriever";"Capablanca";"3";"4986"
"Jordan Rakei";"Wallflower";"1";"10798"
"James Heather";"Stories From Far Away On Piano";"1";"10799"
"Lambert";"False";"16";"883"
"Rapossa";"Matches Remixes";"18";"754"
"Johann Sebastian Bach";"Glenn Gould joue Bach";"2";"6780"
"Bon Iver";"22, a Million";"2";"6781"
"Jan Johansson";"Jazz På Ryska";"2";"6782"
"Solomon Grey";"Selected Works (Music From “The Casual Vacancy”)";"2";"6783"
"Jon Brion";"Synecdoche, New York (Original Motion Picture Soundtrack)";"2";"6784"
"Paradise Cinema";"Paradise Cinema";"11";"1429"
"Tommy Guerrero";"Perpetual";"1";"10800"
"Chancha Via Circuito";"Pleamar";"2";"6785"
"Monte";"Sonic Forest";"4";"3905"
"De Juepuchas";"Ojos Atemporales (Azules)";"2";"6786"
"The Garifuna Collective";"Black Catbird";"4";"3906"
"Terror/Cactus";"Corriente EP";"1";"10801"
"Oumou Sangaré";"Oumou";"7";"2303"
"Coco";"Empty Beach";"15";"964"
"ōme";"Akashic Tale 001: Landhouse (DJ Mix)";"1";"10802"
"Morgan Dope";"Akashic Tale 001: Landhouse (DJ Mix)";"1";"10803"
"LeVold";"Akashic Tale 001: Landhouse (DJ Mix)";"1";"10804"
"Landhouse";"Akashic Tale 001: Landhouse (DJ Mix)";"1";"10805"
"Deep Ändi";"Akashic Tale 001: Landhouse (DJ Mix)";"1";"10806"
"Xaman";"Akashic Tale 001: Landhouse (DJ Mix)";"1";"10807"
"Paul Traeumer";"Akashic Tale 001: Landhouse (DJ Mix)";"1";"10808"
"Victor Norman";"Akashic Tale 001: Landhouse (DJ Mix)";"1";"10809"
"RASAR";"Akashic Tale 001: Landhouse (DJ Mix)";"1";"10810"
"Skúli Sverrisson";"Sería";"1";"10811"
"Sarah Tandy";"London on Key";"1";"10812"
"Bobby Wright";"Blood Of An American";"2";"6787"
"Sordid Sound System";"Lost Transmissions From the Off-World Territories";"1";"10813"
"Ant Orange";"Deeper Detroit 7";"1";"10814"
"Kate Tempest";"The Book Of Traps And Lessons";"1";"10815"
"Persian Empire";"Post Empire";"9";"1786"
"Larry de Kat";"Grooveroots EP";"1";"10816"
"Rahsaan Roland Kirk";"Simmer, Reduce, Garnish & Serve";"1";"10817"
"Barrio Lindo";"Pasacaballos";"2";"6788"
"Green-House";"Passiflora";"1";"10818"
"Jacob Pavek";"Café del Mar Piano Works - Chapter II";"1";"10819"
"Lemon Jelly";"Nice Weather for Ducks";"1";"10820"
"Majid Bekkas";"Magic Spirit Quartet";"1";"10821"
"Mark McGuire";"Along the Way";"66";"127"
"Jefre Cantu-Ledesma";"Tracing Back The Radiance";"2";"6789"
"Jonny Nash";"Breath Chant";"1";"10822"
"The Durutti Column";"Vini Reilly";"4";"3907"
"Catrin Finch";"SOAR";"13";"1169"
"OG Keemo";"Skalp";"8";"2017"
"OG Keemo";"Malik";"1";"10823"
"OG Keemo";"Geist";"25";"467"
"Bill Callahan";"Dream River";"1";"10824"
"OG Keemo";"Neptun";"1";"10825"
"Fern Kinney";"Groove Me";"1";"10826"
"Peter Richard";"Frozen Red (LP)";"1";"10827"
"Lipps, Inc.";"Funkyworld: The Best Of Lipps Inc";"2";"6790"
"Arrangement";"Coconut Mango";"1";"10828"
"Masumi Hara";"To Live in the Sea";"1";"10829"
"Joanna Brouk";"Healing Music";"4";"3908"
"Ascending Wave";"Ascending Wave";"13";"1170"
"Yoshio Ojima";"Kankyō Ongaku: Japanese Ambient, Environmental & New Age Music 1980-1990";"2";"6791"
"Grouper";"Paradise Valley";"4";"3909"
"Chelou";"The Quiet";"2";"6792"
"Chelou";"She Rock I Roll (Remixed)";"1";"10830"
"Chelou";"Halfway to Nowhere (Ross from Friends Remix)";"1";"10831"
"Leon Vynehall";"Mothra / Ecce! Ego!";"3";"4987"
"Nicola Cruz";"Barretto (Tienes Algo)";"1";"10832"
"Chilly Gonzales";"Room 29";"3";"4988"
"Roger Eno";"Celeste";"2";"6793"
"Satoshi & Makoto";"CZ-5000 Sounds & Sequences";"7";"2304"
"Peter Richard";"Walking In the Neon (Orange Rare Mix)";"17";"815"
"Aaaron";"Dixon Presents Transmoderna Part 2/4";"1";"10833"
"Charlotte Adigéry";"Paténipat";"1";"10834"
"Elliot Adamson";"Self (Entitled)";"3";"4989"
"Vladimir Dubyshkin";"budni nashego kolhoza";"2";"6794"
"Caribou";"Never Come Back (Koreless Remix)";"2";"6795"
"Pilou";"France chébran: French Boogie (1980 - 1985)";"1";"10835"
"Dominik Eulberg";"Mannigfaltig";"1";"10836"
"Max Cooper";"One Hundred Billion Sparks Remixed";"1";"10837"
"Emerson Kitamura";"Balearic 4";"1";"10838"
"Axel Boman";"BAM! (Massproductions Dub)";"2";"6796"
"Nicola Cruz";"Subtropique";"4";"3910"
"Baba Stiltz";"A Slice of'' Heaven'' EP";"1";"10839"
"Project Pablo";"Priorities";"1";"10840"
"Khotin";"New Tab";"4";"3911"
"Moodymann";"Black Mahogani";"18";"755"
"HNNY";"If This Is House I Want My Money Back 3";"3";"4990"
"Session Victim";"See You When You Get There";"16";"884"
"A.R.T. Wilson";"Overworld";"15";"965"
"Alex Johnson";"Reach";"1";"10841"
"Green-House";"Sunflower Dance";"2";"6797"
"Fine Young Cannibals";"Fine Young Cannibals Remix EP";"2";"6798"
"Schatrax";"A Question Of Timing / Get It Right";"4";"3912"
"Nils Frahm";"The Bells";"9";"1787"
"F.S. Blumm";"Music For Lovers, Music Versus Time";"9";"1788"
"Nils Frahm";"7fingers";"11";"1430"
"Nils Frahm";"Felt";"9";"1789"
"Vicky Montefusco";"Rollin";"4";"3913"
"Bruce Brubaker";"Glassforms Versions";"1";"10842"
"Barrio Lindo";"Futuro Incierto";"4";"3914"
"Novalima";"Ch'usay Remixes";"12";"1282"
"Biomigrant";"Las Américas";"19";"700"
"Brian Eno";"Music For Installations";"18";"756"
"Apparat";"Soundtracks: Capri-Revolution";"1";"10843"
"THE TAKE VIBE E.P.";"Golden Brown";"2";"6799"
"Mette Henriette";"Mette Henriette";"1";"10844"
"Wandl";"Untitled";"1";"10845"
"Roman Flügel";"DJ Koze Presents Pampa, Vol. 1";"7";"2305"
"Hikaru Hayashi";"The Naked Island (L'ile nue) [Original Motion Picture Soundtrack]";"1";"10846"
"Yu Su";"Yellow River Blue";"2";"6800"
"Praktika";"TamaLyon";"17";"816"
"Roger Eno";"Mixing Colours (Expanded)";"119";"41"
"Serenity Music Zone";"World of African Drumming (Ancient Egypt Atmosphere, New Age Sound of the Far Orient, Tribal African Drums, Relaxation Music Oasis)";"1";"10847"
"Soukouss Ta: African Drums and Music";"Soukouss Ta: African Drums and Music - The African Tribal Experience";"1";"10848"
"The Bobby Hamilton Quintet Unlimited";"Dream Queen";"1";"10849"
"Florence + the Machine";"You've Got The Love (Jamie xx Rework)";"1";"10850"
"Romy";"Lifetime Remixes";"1";"10851"
"Underspreche";"Secret Weapons Part 12";"1";"10852"
"Peter Sandberg";"Motion";"1";"10853"
"Carlos Cipa";"Today and it’s gone (Munich Session)";"1";"10854"
"Ben Lukas Boysen";"Late Night Tales: Jon Hopkins";"1";"10855"
"Max Richter";"The Leftovers: Season 1 (Music From The HBO Series)";"2";"6801"
"Akira Kosemura";"Spiral";"1";"10856"
"Fabrizio Paterlini";"When Orange is the Sky";"1";"10857"
"Peter Sandberg";"Rise";"1";"10858"
"Dustin O'Halloran";"Puzzle (Original Motion Picture Soundtrack)";"1";"10859"
"Alexis Ffrench";"Walk With Us (For Black Lives Matter)";"1";"10860"
"Dustin O'Halloran";"Lumiere";"2";"6802"
"Otto Totland";"Pinô";"13";"1171"
"Angus MacRae";"Camera Obscura";"1";"10861"
"Portico Quartet";"Knee-Deep In The North Sea";"5";"3188"
"Jóhann Jóhannsson";"The Theory of Everything (Original Motion Picture Soundtrack)";"3";"4991"
"Max Richter";"Sleep (Remixes)";"1";"10862"
"Stephan Moccio";"Whitby";"1";"10863"
"Joep Beving";"Henosis";"2";"6803"
"Gavin Luke";"Da Capo";"1";"10864"
"Portico Quartet";"Portico Quartet / Hania Rani";"1";"10865"
"Max Richter";"To The Stars (From ""Ad Astra"" Soundtrack)";"1";"10866"
"Stephan Moccio";"Tales of Solace";"1";"10867"
"Jóhann Jóhannsson";"Mandy (Original Motion Picture Soundtrack)";"1";"10868"
"Helios";"Veriditas";"1";"10869"
"Akira Kosemura";"Asymptote";"1";"10870"
"Olivia Belli";"Ambro";"1";"10871"
"Slow Meadow";"Slow Meadow";"1";"10872"
"Carlos Cipa";"Correlations B-Sides (on Yamaha Upright, 1981)";"3";"4992"
"Gavin Luke";"Inversion";"1";"10873"
"Peter Sandberg";"Pinetrees";"1";"10874"
"Max Richter";"Taboo (Music From The Original TV Series)";"2";"6804"
"Matt Stewart-Evans";"Closer";"1";"10875"
"Gavin Luke";"Summer Memories";"2";"6805"
"Ola Gjeilo";"Still";"1";"10876"
"Stephan Moccio";"Sea Change";"1";"10877"
"Akira Kosemura";"In The Dark Woods";"1";"10878"
"Alexis Ffrench";"The Secret Piano";"1";"10879"
"Lambert";"Tegel";"1";"10880"
"Slow Meadow";"The Tragedy of the Commons";"1";"10881"
"Stephan Moccio";"Freddie's Theme";"1";"10882"
"Max Richter";"The Leftovers: Season 3 (Music from the HBO Series)";"1";"10883"
"Peter Sandberg";"A Scandinavian Thing";"1";"10884"
"Dirk Maassen";"Diaries (from Home)";"1";"10885"
"Rone";"Polichinelle";"1";"10886"
"Matthew Halsall";"Fletcher Moss Park";"1";"10887"
"Patrick Watson";"Je te laisserai des mots";"1";"10888"
"Sophie Hunger";"1983";"1";"10889"
"Erlend Øye";"For The Time Being";"1";"10890"
"Patrick Watson";"Lost With You";"1";"10891"
"Portico Quartet";"Nest (Portico Quartet Remix)";"1";"10892"
"Sébastien Tellier";"Politics";"1";"10893"
"Flavien Berger";"Contre-Temps";"1";"10894"
"Patrick Watson";"Wave";"1";"10895"
"Flavien Berger";"Deep See Blue Song";"12";"1283"
"Feu! Chatterton";"Monde Nouveau";"1";"10896"
"Mark E";"Outdoor Pursuits";"11";"1431"
"A Certain Ratio";"ACR Loco";"2";"6806"
"Rudi Stöher";"Afterhourromantik";"12";"1284"
"Sampa the Great";"F E M A L E";"13";"1172"
"DA IGUANA";"Animals of The Earth Vol1";"1";"10897"
"Lost Souls Of Saturn";"Cycloned by Pépé Bradock";"1";"10898"
"Sebastian Mullaert";"Kikaqu";"1";"10899"
"Myele Manzanza";"Brixton Blues";"1";"10900"
"Hector Plimmer";"Step (Daz I Kue Remix)";"1";"10901"
"Tunnelvisions";"Acid Neverland";"1";"10902"
"Anna Ternheim";"Everytime We Fall (feat. Lambert)";"1";"10903"
"Iorie";"Summer Remixes";"1";"10904"
"BLVK INFINITE";"Right Time";"1";"10905"
"Ftp";"Mutumbu / Munschon (Joker)";"1";"10906"
"Chelou";"In the Meantime";"1";"10907"
"Neneh Cherry";"Kong (Parris Remix)";"18";"757"
"Mawimbi";"Fôli Kadi";"1";"10908"
"Scrimshire";"Tanto Tiempo";"1";"10909"
"LT";"I Need";"1";"10910"
"Prins Thomas";"Ambitions Remixes I";"1";"10911"
"Alessandro Cortini";"CHIAROSCURO";"1";"10912"
"Frédéric Chopin";"Chopin Nocturnes";"1";"10913"
"Pat Metheny Group";"Secret Story";"1";"10914"
"Ólafur Arnalds";"Living Room Songs";"1";"10915"
"Sufjan Stevens";"Carrie & Lowell";"1";"10916"
"Dengue Dengue Dengue";"Zenit & Nadir";"1";"10917"
"Neil Cowley";"Hall of Mirrors";"11";"1432"
"P'tit Belliveau";"Greatest Hits Vol.1";"11";"1433"
"Ben Hauke";"Cranes in Brains";"1";"10918"
"Disclosure";"ENERGY (Deluxe)";"1";"10919"
"Adrian Younge";"The American Negro";"3";"4993"
"Roman Flügel";"Anima EP";"1";"10920"
"GoGo Penguin";"F Maj Pixie (Squarepusher Remix)";"14";"1050"
"Emanative";"The Volume of the Light";"21";"599"
"Johannes Klingebiel";"Galera";"16";"885"
"Nicola Cruz";"Invocacion";"2";"6807"
"Hermanos Gutierrez";"El Camino De MI Alma";"1";"10921"
"Nicolas Jaar";"Space Is Only Noise";"15";"966"
"Rainer Scheurenbrand";"Jardim";"1";"10922"
"Quantic";"The Clock Won't Tick";"1";"10923"
"Brian Eno";"Lux";"9";"1790"
"Day Fly";"Her Light";"2";"6808"
"Kusht";"Savage Curios";"1";"10924"
"Daniel Casimir";"Safe, Pt. 1";"1";"10925"
"Jungle Kitchen";"Toubilla (Rodrigo Gallardo Remix)";"1";"10926"
"Matthew E. White";"I’m Not Tripping/Composition 8";"1";"10927"
"Sophia Kennedy";"I Can See You";"1";"10928"
"Fumio Itabashi";"Watarase";"12";"1285"
"Monolink";"The Prey (Mind Against Remix)";"1";"10929"
"Morcheeba";"Oh Oh Yeah (Hector Plimmer Remix)";"1";"10930"
"Castello Branco";"Aloe Vera";"14";"1051"
"Hidden Spheres";"Laamore";"3";"4994"
"Hidden Spheres";"Breathing Deep";"1";"10931"
"Luca Musto";"Toledo";"1";"10932"
"Nicola Cruz";"Hybridism Remixes";"1";"10933"
"Midnight Sister";"Painting the Roses";"6";"2691"
"Chick Corea";"Children's Songs";"18";"758"
"Sergei Rachmaninoff";"Sviatoslav Richter plays Rakhmaninov & Prokofiev";"16";"886"
"Nils Frahm";"About Coming and Leaving";"15";"967"
"Valentin Silvestrov";"Silvestrov: Silent Songs";"13";"1173"
"Mary Lou Williams";"Mary Lou Williams Presents Black Christ of the Andes";"33";"326"
"A Winged Victory for the Sullen";"Invisible Cities";"12";"1286"
"Alexandra Hamilton-Ayres";"2 YEARS STRANGER";"21";"600"
"Shida Shahabi";"Shifts";"12";"1287"
"Ludwig van Beethoven";"Beethoven: Cello Sonatas Op.69 & 102; Variations";"16";"887"
"Maurice Ravel";"Ravel & Rachmaninov: Preludes";"12";"1288"
"Anna Phoebe";"Look Up (Re-Imagined)";"12";"1289"
"Jon Hopkins";"Dawn Chorus";"12";"1290"
"David Allred";"Felt The Transition";"12";"1291"
"Dmitry Evgrafov";"Illumination";"12";"1292"
"Jan Garbarek";"Witchi-Tai-to";"14";"1052"
"Mal Waldron Trio";"Free At Last (Extended Edition)";"12";"1293"
"Thomas Bartlett";"Shelter";"11";"1434"
"Vijay Iyer";"Solo";"10";"1601"
"Büşra Kayıkçı";"Eskizler";"10";"1602"
"Gary Burton";"Crystal Silence";"14";"1053"
"Goldmund";"The Time It Takes";"14";"1054"
"Claude Debussy";"Work From Home With Piano Music";"9";"1791"
"Carla Bley";"Life Goes On";"9";"1792"
"Makiko Hirabayashi";"Surely";"7";"2306"
"Ceeys";"Hiddensee";"11";"1435"
"Hélène Grimaud";"Memory Echo";"8";"2018"
"Illuminine";"Dear, Piano";"8";"2019"
"Toshiko Akiyoshi";"Toshiko Akiyoshi Recital";"28";"403"
"Wolfgang Amadeus Mozart";"Mozart: Piano Sonatas K.309, K.332 & K.570";"79";"90"
"Jean-Philippe Rameau";"Wanda Landowska in Peformance, Vol. 2";"8";"2020"
"Paul Bley Trio";"Closer";"7";"2307"
"Kapiton Neklyudov";"Circles";"8";"2021"
"Paula Präktig";"Small Piano Waltz";"9";"1793"
"Robert Schumann";"Schumann: Kinderszenen; Arabesque; Fantasie; Träumerei";"7";"2308"
"Grace Ferguson";"Voler";"14";"1055"
"Bill Evans";"From Left To Right (Expanded Edition)";"12";"1294"
"Maurice Ravel";"Martha Argerich - Debut Recital";"8";"2022"
"avem";"43 Katzen tanzen auf'm Tisch - Acidbogen (Pt. 1)";"1";"10934"
"Geju";"43 Katzen tanzen auf'm Tisch - Acidbogen (Pt. 1)";"21";"601"
"Wide Awake";"43 Katzen tanzen auf'm Tisch - Acidbogen (Pt. 1)";"3";"4995"
"Arutani";"43 Katzen tanzen auf'm Tisch - Acidbogen (Pt. 1)";"3";"4996"
"Johannes Ton";"43 Katzen tanzen auf'm Tisch - Acidbogen (Pt. 1)";"1";"10935"
"Ape Chimba";"Metcha Quito, Vol. 1";"15";"968"
"坂本龍一";"Ongaku Zukan -2015 Edition-";"11";"1436"
"tebra";"Buddha Bar Elements";"1";"10936"
"The Emperor Machine";"Moscow Not Safari (Version 54 Mixes)";"10";"1603"
"Groove Armada";"Get Out on the Dancefloor (feat. Nick Littlemore) [The Remixes]";"1";"10937"
"ELAINE & ELLEN";"The Funk Is on the One";"1";"10938"
"Ahzumjot";"Haifisch";"2";"6809"
"Perdurabo";"The Answer";"21";"602"
"Nils Frahm";"Graz";"7";"2309"
"bastien keb";"The Killing of Eugene Peeps";"4";"3915"
"Olivier St.Louis";"M.O.T.H. (Matters Of The Heartless)";"12";"1295"
"Nina Simone";"Pastel Blues";"10";"1604"
"Digitonal";"Piano 001 : The Ambient Zone";"1";"10939"
"Novalima";"Planetario";"4";"3916"
"Jon Hopkins";"Piano 001 : The Ambient Zone";"2";"6810"
"Marconi Union";"Piano 001 : The Ambient Zone";"1";"10940"
"Luca Longobardi";"Piano 001 : The Ambient Zone";"1";"10941"
"Dear Gravity";"Piano 001 : The Ambient Zone";"1";"10942"
"Rob Lewis";"Piano 001 : The Ambient Zone";"1";"10943"
"Chris Coco";"Piano 001 : The Ambient Zone";"1";"10944"
"Odeko";"Piano 001 : The Ambient Zone";"1";"10945"
"Joe Alexander Shepherd";"Piano 001 : The Ambient Zone";"1";"10946"
"Francisco Sonur";"Piano 001 : The Ambient Zone";"1";"10947"
"nami sato";"Piano 001 : The Ambient Zone";"1";"10948"
"Jonathan S Griff";"Piano 001 : The Ambient Zone";"1";"10949"
"Still-Life";"Piano 001 : The Ambient Zone";"1";"10950"
"The Ambient Zone";"Piano 001 : The Ambient Zone";"1";"10951"
"Shamanic Catharsis";"Metcha Quito, Vol. 1";"1";"10952"
"James Blake";"Covers";"6";"2692"
"Photay";"On Hold";"2";"6811"
"U.S. Girls";"4 American Dollars (Buffetlibre Remix)";"1";"10953"
"Golden Panda";"Get Lost VI mixed by Totally Enormous Extinct Dinosaurs";"1";"10954"
"LFO";"Get Lost VI mixed by Totally Enormous Extinct Dinosaurs";"1";"10955"
"Albinos";"Get Lost VI mixed by Totally Enormous Extinct Dinosaurs";"1";"10956"
"Asa-Chang & 巡礼";"Get Lost VI mixed by Totally Enormous Extinct Dinosaurs";"1";"10957"
"Deutsche Wertarbeit";"Get Lost VI mixed by Totally Enormous Extinct Dinosaurs";"1";"10958"
"Underground Resistance";"Get Lost VI mixed by Totally Enormous Extinct Dinosaurs";"1";"10959"
"Richard H. Kirk";"Get Lost VI mixed by Totally Enormous Extinct Dinosaurs";"1";"10960"
"Visnadi";"Get Lost VI mixed by Totally Enormous Extinct Dinosaurs";"1";"10961"
"Fuego 77";"Funky Sabroso Mix";"2";"6812"
"Frankie Dante Cerda";"Funky Sabroso Mix";"1";"10962"
"Joe Bataan";"Funky Sabroso Mix";"1";"10963"
"Ray Barretto";"Funky Sabroso Mix";"1";"10964"
"Jungle Fire";"Jungle Fire";"1";"10965"
"whiskey barons";"Funky Sabroso Mix, Vol. 2";"1";"10966"
"Portico Quartet";"Memory Streams";"1";"10967"
"Quantic";"The 5th Exotic";"4";"3917"
"Neil Cowley Trio";"The City and the Stars - Reimagined";"1";"10968"
"Hania Rani";"Live from Studio S2";"13";"1174"
"Johann Sebastian Bach";"Bach: Toccatas, BWV 910-916";"20";"649"
"Rival Consoles";"Improvisation in E minor";"15";"969"
"Víkingur Ólafsson";"Reflections";"9";"1794"
"Joel Pike";"The Sweetness of the Morning";"7";"2310"
"Muhal Richard Abrams";"Afrisong";"25";"468"
"Morton Feldman";"EP02";"9";"1795"
"Tord Gustavsen Trio";"The Other Side";"10";"1605"
"Lil Hardin Armstrong";"Boogie Me";"11";"1437"
"Naoko Sakata";"Dancing Spirits";"7";"2311"
"Esbjörn Svensson Trio";"Seven Days of Falling";"11";"1438"
"Denial";"The Bedroom Tapes: A Compilation Of Minimal Wave From Around The World 1980-1991";"9";"1796"
"William Orbit";"Strange Cargo III";"7";"2312"
"Johann Sebastian Bach";"Re:Works";"1";"10969"
"Various artists (11)";"Josey In Space";"18";"759"
"Herr Jan";"Herr Jan";"1";"10970"
"Falle Nioke";"Wonama yo ema";"3";"4997"
"Falle Nioke";"Rain";"14";"1056"
"Drexciya";"Journey of the Deep Sea Dweller IV";"4";"3918"
"Mickey Hart";"Planet Drum Supralingua";"18";"760"
"Gman";"Quo Vadis / Sparticus";"2";"6813"
"Foremost Poets";"Moonraker";"1";"10971"
"Popnoname";"Horizons Remixes EP";"2";"6814"
"Alfa Mist";"Bring Backs";"3";"4998"
"Moses Boyd";"Bridge the Gap / Dirty South";"3";"4999"
"Midnight Magic";"Beam Me Up (Prins Thomas Diskomiks - Single Edit)";"24";"498"
"Rodrigo Gallardo";"Lupuna";"1";"10972"
"Mathias Modica";"Mica Male";"1";"10973"
"Hélène Vogelsinger";"Reminiscence";"2";"6815"
"Terrence Parker";"Tribute";"1";"10974"
"Dave Clarke";"Dave Clarke (Live)";"1";"10975"
"Nasty Habits";"Shadow Boxing (Om Unit Remix)";"1";"10976"
"Humate";"The Best Of Love Stimulation - The Remixes";"1";"10977"
"Sons of Kemet";"To Never Forget The Source";"1";"10978"
"LSB";"Faded (Calibre Remix)";"1";"10979"
"Will Lister";"Time Piece / Comfort Zone";"9";"1797"
"Tenderlonious";"Tek-88";"2";"6816"
"Alejandro Mosso";"Other Worlds Vol. 2";"1";"10980"
"Disclosure";"ENERGY (Special Edition)";"14";"1057"
"Blood Wine or Honey";"Testing Time";"1";"10981"
"Stimming";"The Hyve";"1";"10982"
"Plunky";"Every Way But Loose (Extended Version)";"11";"1439"
"Nana Adjoa";"No Room (Johannes Klingebiel Remix)";"1";"10983"
"Johannes Klingebiel";"Latewood EP";"28";"404"
"Johannes Klingebiel";"Positional Play";"2";"6817"
"Krishna Das";"Door Of Faith";"2";"6818"
"Deuter";"Mystic Voyage";"1";"10984"
"Craig Pruess and Ananda";"108 Sacred Names of Mother Divine - Sacred Chants of Devi";"2";"6819"
"MC Yogi";"Elephant Power";"2";"6820"
"Wah!";"Savasana";"2";"6821"
"Sacred Earth";"Call to the Divine";"1";"10985"
"Jane Winther";"Mantra";"1";"10986"
"Ty Burhoe";"Invocation";"1";"10987"
"Meditative Mind";"Mantras for Deep Inner Peace";"1";"10988"
"Ajeet";"Darshan";"1";"10989"
"Matteo Silva";"Sacred Planet (From women & man to gods & godnesses)";"1";"10990"
"Todd Norian";"Bija: Soothing Music and Mantras";"1";"10991"
"Jai Uttal";"Lifeline: The Essential Jai Uttal and Ben Leinbach Collection";"1";"10992"
"Leon Vynehall";"Rare, Forever";"7";"2313"
"Sault";"5";"24";"499"
"Giselle World";"Tribal Waters";"17";"817"
"Flying Lotus";"Yasuke";"27";"422"
"Charlie Hunter";"Baboon Strength";"2";"6822"
"Cinnaman";"Kingfisher";"7";"2314"
"Qrion";"LNOE Introducing Vol. 1";"2";"6823"
"Erosion Flow";"Spectrums Vol. 2";"1";"10993"
"Special Request";"Bedroom Tapes";"1";"10994"
"Sebastian Mullaert";"Live at Malmö Live 2019";"5";"3189"
"Lianne La Havas";"Seven Times (Wu-Lu Remix)";"1";"10995"
"Butcher Brown";"Truck Fump";"1";"10996"
"Luca Musto";"Lawlessness (Inspired by ‘The Outlaw Ocean’ a book by Ian Urbina)";"1";"10997"
"Sandra Bernardo";"Es el Momento";"4";"3919"
"Matthew E. White";"Broken Mirror: A Selfie Reflection";"1";"10998"
"Emma-Jean Thackray";"Say Something";"1";"10999"
"L'Rain";"Blame Me";"14";"1058"
"The Limiñanas";"Saul";"1";"11000"
"dictaphone";"Goats & Distortions 5";"1";"11001"
"Paul McCartney";"Pretty Boys (feat. Khruangbin)";"1";"11002"
"Federico Albanese";"Too Lost To Be Found";"1";"11003"
"The Polish Ambassador";"Lost Kingdom (Acid Pauli Remix)";"1";"11004"
"Roman Flügel";"Eating Darkness";"1";"11005"
"Max Cooper";"Weakness Of The Flesh";"1";"11006"
"Kelly Lee Owens";"Wake-Up (Loraine James Remix)";"1";"11007"
"João Donato";"Adrian, Ali and Gregory";"1";"11008"
"Viggo Dyst";"Everything Else Is Secondary (Baltra Remix)";"1";"11009"
"Jaubi";"Raga Gujri Todi";"10";"1606"
"Niklas Wandt";"Balearische Bibliothek";"1";"11010"
"Bremer/McCoy";"Mit Hjerte";"1";"11011"
"Mathias Modica";"Kontainer Kollektif";"1";"11012"
"GoGo Penguin";"GGP/RMX";"2";"6824"
"O'Flynn";"Talia";"26";"442"
"Two Another";"Two Sides (Deluxe)";"4";"3920"
"Bronson";"BRONSON Remixes N°.1";"3";"5000"
"Sophia Kennedy";"Monsters";"5";"3190"
"Pinty";"Another Lost Soul";"1";"11013"
"Gregor Salto";"Child of the Rainbow";"1";"11014"
"Nu";"NO WAKE";"1";"11015"
"Sonnymoon";"Sonnymoon";"10";"1607"
"Keith Kirchoff";"The Electro-Acoustic Piano, Vol. One";"1";"11016"
"Various artists (11)";"DJ-Kicks: Jayda G";"36";"300"
"Floating Points";"Promises";"7";"2315"
"Aeroplane";"We Can't Fly";"22";"557"
"Gümix";"Beijoca";"1";"11017"
"Mustard";"Like the Sauce";"9";"1798"
"Sotomayor";"Orígenes";"17";"818"
"Anka Foh";"Kounady - EP";"31";"350"
"Hania Rani";"Home";"15";"970"
"Julien Dyne";"fabric presents Maribou State (DJ Mix)";"2";"6825"
"Long Island Sound";"fabric presents Maribou State (DJ Mix)";"3";"5001"
"Shire T";"fabric presents Maribou State (DJ Mix)";"2";"6826"
"Radiohead";"fabric presents Maribou State (DJ Mix)";"1";"11018"
"Long Island Sound";"Initial Ascent";"4";"3921"
"Shire T";"Blue Kiss";"2";"6827"
"Colors In Waves";"Ultraviolet";"1";"11019"
"Bremer/McCoy";"Utopia";"2";"6828"
"Long Island Sound";"Broken Signals";"25";"469"
"Västlänken";"Moebel/Autobaba";"10";"1608"
"Art Feynman";"Half Price at 3:30";"1";"11020"
"Jose Neil Gomes";"Queen of Spades";"2";"6829"
"Pascal Schumacher";"Drops & Points";"1";"11021"
"･ ･－･ ･－ ･･･ ･ －･･";"・-・・ ・ - ・・ - --・ ---";"1";"11022"
"Dal";"Fontanel";"1";"11023"
"Gregoire Maret";"Americana";"1";"11024"
"Mali Music";"Mali Music";"71";"111"
"Seba Campos";"Hijos De La Tierra";"2";"6830"
"DJ Motion";"Of a Galactic Funk";"5";"3191"
"Acid Pauli";"Mind at Large - Part One";"1";"11025"
"Teleplasmiste";"Frequency Is The New Ecstasy";"1";"11026"
"Mammal Hands";"Oni / Lantern";"1";"11027"
"Montoya";"Otun";"18";"761"
"Neil Cowley";"Tramlines (Otzeki Remix)";"3";"5002"
"&ME";"Before The Flood";"1";"11028"
"Mathias Modica";"Le Sud (Hot Radio Version)";"1";"11029"
"Yelfris Valdés";"Ancestry (K15 Remix)";"1";"11030"
"Stimming";"Circle of Thirds";"1";"11031"
"Penya";"Penya";"5";"3192"
"Marteria";"Paradise Delay";"5";"3193"
"Scrimshire";"Love Is Loving (Photay Remix)";"1";"11032"
"Prince";"Sign ""O"" The Times";"2";"6831"
"Sea Moya";"The Long Run";"1";"11033"
"Talking Heads";"Speaking In Tongues (Deluxe Version)";"1";"11034"
"Aphex Twin";"...I Care Because You Do";"1";"11035"
"Robert Lamm";"Skinny Boy 2.0";"1";"11036"
"Sun Ra";"The Nubians of Plutonia";"3";"5003"
"&ME";"Discoteca";"10";"1609"
"Caribou";"The Milk of Human Kindness";"1";"11037"
"Can";"Tago Mago (Remastered)";"1";"11038"
"James Blake";"Love What Happened Here";"1";"11039"
"Pete Rock";"PeteStrumentals";"1";"11040"
"Little Simz";"GREY Area";"16";"888"
"Big Thief";"Capacity";"60";"145"
"Guy Gerber";"What To Do (Remixes)";"1";"11041"
"&ME";"The Rapture Pt.II";"2";"6832"
"Falle Nioke";"Marasi EP";"38";"280"
"Sir Was";"Spend A Lifetime";"1";"11042"
"Sir Was";"Digging A Tunnel";"6";"2693"
"Falle Nioke";"Youkounkoun EP";"1";"11043"
"Pagany";"Disco Kings";"1";"11044"
"Cero39";"6";"4";"3922"
"Sea Moya";"Sea Moya on Audiotree Live";"4";"3923"
"X-101";"SubBerlin (The Story of Tresor)";"2";"6833"
"Bree Tranter";"Keyboards & Conversations";"1";"11045"
"Jaakko Eino Kalevi";"Modern Life";"11";"1440"
"Teaspoon";"Mr Bongo Record Club Volume 2";"2";"6834"
"Shabazz Palaces";"Quazarz: Born on a Gangster Star";"1";"11046"
"Slauson Malone";"A Quiet Farwell, Twenty Sixteen to Twenty Eighteen";"1";"11047"
"Supreme Jubilees";"It'll All Be Over";"1";"11048"
"Slauson Malone";"A Quiet Farwell, 2016–2018 (Crater Speak)";"2";"6835"
"Bibio";"Ambivalence Avenue";"2";"6836"
"Bon Iver";"Hey, Ma";"1";"11049"
"Tirzah";"No Romance";"2";"6837"
"Ry Cooder";"Music by Ry Cooder";"1";"11050"
"Kosheen";"Independence";"1";"11051"
"DJ Marky";"Audio Architecture";"1";"11052"
"Aaron Diehl";"The Vagabond";"1";"11053"
"Gabriels";"Love and Hate in a Different Time";"1";"11054"
"Martin Kohlstedt";"Strom";"1";"11055"
"Dario Lessing";"DNA";"1";"11056"
"The Black Dog";"Spanners";"1";"11057"
"Greg Foat";"The Mage";"2";"6838"
"Rhythm & Sound";"Late Night Tales: Hot Chip (LNT Mix)";"1";"11058"
"Chris Hyson";"Chaps";"1";"11059"
"Joanne Forman";"Cave Vaults of the Moon";"1";"11060"
"Compro Oro";"Bombarda";"2";"6839"
"Zonderling";"Cluster EP";"12";"1296"
"Daphni";"Joli Mai";"7";"2316"
"King Gizzard & The Lizard Wizard";"I'm in Your Mind Fuzz";"1";"11061"
"Scuba Z";"The Vanishing American Family";"1";"11062"
"Queen Yahna";"Ain't It Time";"14";"1059"
"Bobby Womack";"The Best Of Bobby Womack - The Soul Years";"1";"11063"
"Angelo De Augustine";"Swim Inside the Moon";"11";"1441"
"Michael White";"Pneuma";"1";"11064"
"Donny Hathaway";"Someday We'll All Be Free";"1";"11065"
"Onra";"Chinoiseries pt.3";"1";"11066"
"Metronomy";"Walking In The Dark";"1";"11067"
"Nick Hakim";"Green Twins";"1";"11068"
"Ours Samplus";"Empty Building";"21";"603"
"Nuri";"Yiri (Martha van Straaten and M.RUX Remix)";"19";"701"
"Marie Davidson";"My Love (Young Marco Remix)";"6";"2694"
"Damon Locks";"Keep Your Mind Free";"3";"5004"
"Bronson";"KEEP MOVING (HAAi Remix)";"1";"11069"
"Les Mamans du Congo";"Les Mamans du Congo & Rrobin";"29";"386"
"Christine Salem";"Mersi";"4";"3924"
"Tony Allen";"HomeCooking";"3";"5005"
"Baltra";"I Want You (I Need You)";"13";"1175"
"Space Ghost";"Time To Dance";"6";"2695"
"Glen Brown";"No More Slavery";"8";"2023"
"Batida apresenta: IKOQWE";"VaiVai (Raz & Afla Remix)";"15";"971"
"Folamour";"The Journey";"4";"3925"
"Eluvium";"Field Works: Dusk Tempi";"1";"11070"
"Adam Port";"MISBHV 002: Meditations: a sonic response, Pt. 2";"1";"11071"
"Risco Connection";"Ain't No Stopping Us Now / Chapter Three";"13";"1176"
"Shire T";"Full Attention";"3";"5006"
"Nuyorican Soul";"Nuyorican Soul";"5";"3194"
"Köni";"Mind at Large";"3";"5007"
"El Remolón";"Mind at Large";"3";"5008"
"Geju";"Mind at Large";"3";"5009"
"Bliz Nochi";"Mind at Large";"1";"11072"
"The Oddness";"Mind at Large";"2";"6840"
"Nat Barrera";"Mind at Large";"2";"6841"
"Uabos";"Mystic Force";"13";"1177"
"Bushwacka!";"4 Da Night";"4";"3926"
"Aukai";"Game Trails";"1";"11073"
"Gerard Cousins";"Philip Glass: Escape";"1";"11074"
"Moff & Tarkin";"Tale of Tales";"10";"1610"
"Gesloten Cirkel";"Bad Manners 7";"6";"2696"
"Bob Holroyd";"African Drug Rhino Mix - Single";"14";"1060"
"Collins";"Autophobia";"13";"1178"
"Tober & Tober";"Concept of Words";"11";"1442"
"deep dimension";"So 1992";"1";"11075"
"Acid Pauli";"Acid Pauli@Fusion 2011";"1";"11076"
"Martha Van Straaten";"Mixes";"1";"11077"
"martha fun straaten";"Mixes";"2";"6842"
"zmeyev";"Urban Melancholy";"2";"6843"
"La Fine Equipe";"La boulangerie (Back Burners)";"6";"2697"
"Radio Citizen";"Berlin Serengeti";"28";"405"
"Phlocalyst";"Relatives";"1";"11078"
"Slipfunc";"Missing U";"1";"11079"
"The Doors";"The Doors";"1";"11080"
"Nu Genea";"fabric presents Maribou State (DJ Mix)";"1";"11081"
"Cloudchord";"Birds";"1";"11082"
"Hugo Kant";"The Point Of No Return";"1";"11083"
"Hoffy Beats";"Lunar";"1";"11084"
"Moderator";"Chasing the Sun";"2";"6844"
"zmeyev";"Lime Juice";"1";"11085"
"Martha Van Straaten";"Shika Shika Monthly Flavour of the Month";"1";"11086"
"R.E.M.";"Out Of Time (25th Anniversary Edition)";"1";"11087"
"The Cure";"Three Imaginary Boys";"1";"11088"
"Janis Joplin";"Pearl (Legacy Edition)";"2";"6845"
"Naty Seres";"Virtual Cloud Dimension";"1";"11089"
"Kahil El'Zabar";"Kahil El’Zabar’s Spirit Groove";"5";"3195"
"Dreems";"Flying Tiger";"2";"6846"
"Portico Quartet";"Endless (Extended Version)";"1";"11090"
"Masayoshi Fujita";"Apologues";"1";"11091"
"Damon Albarn";"Everyday Robots";"53";"180"
"Reverie";"Ain't Shit";"1";"11092"
"OG Keemo";"Blanko";"1";"11093"
"OG Keemo";"Glakky Freestyle";"2";"6847"
"Manu Delago";"Metromonk";"1";"11094"
"Beak>";">>>";"1";"11095"
"My Morning Jacket";"Red Hot + Fela";"3";"5010"
"00110100 01010100";"871";"1";"11096"
"Mark Pritchard";"MP Productions - EP 1";"16";"889"
"Shakarchi & Stranéus";"Dödskallar Och Korallrev";"1";"11097"
"Shakarchi & Stranéus";"Lemonad / Hissmusik";"1";"11098"
"Ape Chimba";"Niña del Mas Allá (Chancha Via Circuito Remix)";"1";"11099"
"Tranquility Bass";"Music For Dining In Space, Vol 2: Compiled By DJ Darkhorse";"12";"1297"
"EOB";"Earth";"5";"3196"
"Janax Pacha";"We Afro Shamans";"16";"890"
"Neil Cowley";"Hall of Mirrors (Reflected)";"23";"531"
"Tiefe Wasser Berlin";"Die Grüne Stadt";"1";"11100"
"Lakou Mizik";"Lamizè Pa Dous (Henrik Schwarz Remix)";"1";"11101"
"Catrin Finch";"Clychau Dibon";"7";"2317"
"Lucio Battisti";"Anima Latina";"1";"11102"
"João Gilberto";"João Gilberto (1973)";"2";"6848"
"Henrik Schwarz";"Masse Box";"19";"702"
"ntombi ndaba";"Tomorrow";"13";"1179"
"Themba";"Sound Of Freedom (Damian Lazarus Re-Shape)";"1";"11103"
"Move D";"House Grooves, Vol. 1 (2020 Remaster)";"2";"6849"
"Oscar Jerome";"No Need";"38";"281"
"SONNS";"On My MInd";"11";"1443"
"Dauwd";"Psssh 002";"2";"6850"
"Djrum";"Portrait with Firewood";"3";"5011"
"Oracle Sisters";"Asc. Scorpio";"1";"11104"
"Seckou Keita";"Seckou Keita: 22 Strings";"12";"1298"
"Oceanvs Orientalis";"Akustikhane Across (Live at All Saints Moda Church)";"8";"2024"
"David Rausch";"More (Incl. Landhouse & Sima Remix)";"2";"6851"
"30/70";"Tastes Like Freedom (Chaos In The CBD Remix)";"5";"3197"
"Darkside";"Spiral";"19";"703"
"Alejandro Mosso";"mosso008";"4";"3927"
"Goat Girl";"Goat Girl";"1";"11105"
"Public Service Broadcasting";"Inform - Educate - Entertain";"1";"11106"
"Jane Weaver";"Modern Kosmology";"1";"11107"
"Thom Yorke";"Suspiria (Music for the Luca Guadagnino Film)";"1";"11108"
"She Drew the Gun";"Trouble Every Day";"1";"11109"
"Karen O";"Lux Prima";"1";"11110"
"Kae Tempest";"People's Faces (Streatham Version)";"1";"11111"
"James Blake";"Life Is Not The Same";"1";"11112"
"Islandman";"Akustikhane Across (Live at Burgaz)";"1";"11113"
"Shire T";"Tomorrow’s People";"14";"1061"
"El Michels Affair meets Liam Bailey";"Ekundayo Inversions";"58";"156"
"Vaughan Mason";"Feel My Love";"1";"11114"
"Tonbruket";"Forevergreens";"6";"2698"
"Håkon Kornstad";"Out of the Loop";"1";"11115"
"Commodo";"Loan Shark";"1";"11116"
"Midnight Magic";"Midnight Creepers Remixes";"11";"1444"
"Girls in Airports";"Dive";"4";"3928"
"Erland Cooper";"Hether Blether";"1";"11117"
"Kenny Wheeler";"Music For Large & Small Ensembles";"2";"6852"
"Quixosis";"Micropótamo (El Búho Remix)";"2";"6853"
"Islandman";"Godless Ceremony";"2";"6854"
"Alexis Taylor";"Death of Silence";"1";"11118"
"Matthew E. White";"K Bay";"14";"1062"
"Colleen";"The Tunnel and the Clearing";"4";"3929"
"Koreless";"Agor";"2";"6855"
"Daniel Avery";"Into The Arms Of Stillness";"1";"11119"
"Jitwam";"Confessions";"5";"3198"
"Jacob Haage";"RIPTIDE";"1";"11120"
"Astrid Sonne";"exchange";"1";"11121"
"Yasuaki Shimizu";"Kakashi";"2";"6856"
"Space Afrika";"Somewhere Decent to Live";"1";"11122"
"Skalpel";"Escape (Hania Rani Remix)";"3";"5012"
"Sun Ra";"Sleeping Beauty (Expanded Edition)";"16";"891"
"Quasimoto";"Yessir Whatever";"1";"11123"
"Dogger";"The Time Is Yours EP";"1";"11124"
"El Michels Affair";"Sounding Out the City";"1";"11125"
"Orions Belte";"Villa Amorini";"29";"387"
"El Michels Affair";"Return to the 37th Chamber";"2";"6857"
"Shy FX";"Soon Come";"1";"11126"
"El Michels Affair";"Enter The 37th Chamber";"3";"5013"
"Mòo & Jo";"Papa Wemba";"1";"11127"
"Nubya Garcia";"Pace (Moses Boyd Remix)";"3";"5014"
"China Moses";"Put It on the Line (Vibe Tribe Version)";"1";"11128"
"ONIPA";"Tapes of Utopia (Mixtape)";"26";"443"
"Emanative";"The Inner Unity of the Opposites";"2";"6858"
"Rogue D";"Electric Safari EP";"1";"11129"
"Skinshape";"…and We Dance";"2";"6859"
"Lakou Mizik";"Sanba Yo Pran Pale (DJ Koze Remix)";"11";"1445"
"Off The Meds";"Off The Meds";"10";"1611"
"Molly Lewis";"Oceanic Feeling";"1";"11130"
"Alessandro Cortini";"SCURO CHIARO";"5";"3199"
"ChairmanK";"Weightless";"2";"6860"
"Flying Lotus";"Presents INFINITY “Infinitum” - Maida Vale Session";"2";"6861"
"Christian Scott aTunde Adjuah";"Yesterday You Said Tomorrow";"1";"11131"
"Takuya Kuroda";"Rising Son";"4";"3930"
"Ill Considered";"Loosed";"1";"11132"
"Amaro Freitas";"Sankofa";"25";"470"
"Richard Spaven";"Faded (Sandunes Remix) (feat. Jordan Rakei)";"3";"5015"
"Digital Afrika";"Gnawa (feat. Radouan Naim) [TEYMORI Remix]";"1";"11133"
"UDM";"Funk Magic (80's Funk Music Rare Tracks)";"1";"11134"
"Maga Bo";"Quilombo do Futuro Remixed";"10";"1612"
"HaHa Sounds Collective";"Silk Rock";"1";"11135"
"Waldo's Gift";"The Hut";"1";"11136"
"Menahan Street Band";"The Exciting Sounds of Menahan Street Band";"8";"2025"
"John Lurie";"African Swim and Manny & Lo - Two Film Scores By John Lurie";"21";"604"
"Dadawah";"Barry Myers Presents Scratchy Sounds (Ska, Dub, Roots & Reggae Nuggets)";"1";"11137"
"Web Web";"WEB MAX";"77";"93"
"Quantic";"Theme from Selva";"2";"6862"
"Bacao Rhythm & Steel Band";"Expansions";"7";"2318"
"The Still Brothers";"Wake Up";"2";"6863"
"Janelle Monáe";"The ArchAndroid";"2";"6864"
"Don Cherry";"Organic Music Society";"2";"6865"
"Annette Peacock";"The Perfect Release";"1";"11138"
"Terry Riley";"Riley, T.: In C Remixed";"1";"11139"
"Bullion";"Yawn";"15";"972"
"Session Victim";"The City";"1";"11140"
"Seb Wildblood";"MDS (with Theophilus London)";"14";"1063"
"Marcus Hamblett";"Retritus";"1";"11141"
"Chancha Via Circuito";"Sano";"1";"11142"
"&ME";"Saving My Love";"25";"471"
"HAAi";"The Sun Made For A Soft Landing";"13";"1180"
"Wayne Snow";"Figurine";"16";"892"
"El Búho";"Los Glaciares (Natura Sonora)";"1";"11143"
"Butcher Brown";"Remind Me";"1";"11144"
"Shigeto";"The Approach";"2";"6866"
"Iorie";"Urban Cosmonaut Reveries";"2";"6867"
"David Walters";"Mama (Unplugged Version) [Henrik Schwarz Remix]";"15";"973"
"Farhot";"Kabul Fire Vol. 2";"1";"11145"
"420";"420 Sampler";"1";"11146"
"Balkan Taksim";"Disko Telegraf";"1";"11147"
"Faithless";"All Blessed";"1";"11148"
"Nils Wülker";"On";"1";"11149"
"Joaquín Cornejo";"Las Frutas";"1";"11150"
"Zebra Centauri";"True Story";"4";"3931"
"Mitski";"Working for the Knife";"1";"11151"
"Alma Negra";"Zouk Combat EP";"1";"11152"
"Nubya Garcia";"The Message Continues (DJ Harrison Remix)";"1";"11153"
"Potatohead People";"Bonzai View";"3";"5016"
"The Notwist";"Vertigo Dubs Vol. 1: Odd Nosdam";"1";"11154"
"Ben Hauke";"NOBOL";"11";"1446"
"Tor";"Lens (O'Flynn Remix)";"4";"3932"
"les enfants sauvages";"Foggy Dreams (Henrik Schwarz Remix)";"1";"11155"
"Ben Hauke";"From Here";"1";"11156"
"Ìxtahuele";"Dharmaland";"1";"11157"
"Mahmoud Guinia";"Marhaba";"4";"3933"
"Erik von Spreckelsen";"Chance of a Day, Pt. 1";"2";"6868"
"18 Rays";"18 Rays";"3";"5017"
"Dream Stars";"Pop Makossa - The Invasive Dance Beat of Cameroon 1976-1984";"1";"11158"
"Loscil";"Clara";"1";"11159"
"Sedibus";"The Heavens";"1";"11160"
"G.B. Beckers";"Walkman";"1";"11161"
"Tony Allen";"We've Landed (Matthew Herbert's Absence Dub Remix)";"1";"11162"
"Fusion Groove Orchestra";"If Only I Could (feat. Steve Lucas)";"3";"5018"
"Nubya Garcia";"Source ⧺ We Move";"27";"423"
"Sarah Neufeld";"Detritus";"2";"6869"
"Penguin Cafe";"Umbrella";"1";"11163"
"Dürerstuben";"Music Lovers Club #001";"1";"11164"
"Deer";"Music Lovers Club #001";"1";"11165"
"Wide Awake";"Music Lovers Club #001";"2";"6870"
"avem";"Music Lovers Club #001";"3";"5019"
"kalupke";"Music Lovers Club #001";"1";"11166"
"Ninze";"Music Lovers Club #001";"1";"11167"
"Thor Rixon";"Music Lovers Club #001";"1";"11168"
"Nutia";"Music Lovers Club #001";"1";"11169"
"lokke";"Music Lovers Club #001";"1";"11170"
"Fran & Flora";"La Obreja (Portico Quartet Remix)";"1";"11171"
"Luca Musto";"Music Lovers Club #001";"2";"6871"
"Dan Bay";"Music Lovers Club #001";"2";"6872"
"Johanna Burnheart";"Sisyphos (Acid Pauli Remix)";"1";"11172"
"Hidden Orchestra";"East London Street (Edit)";"2";"6873"
"ishmael ensemble";"Visions Of Light";"67";"124"
"Laurence Guy";"I Know You Feel Sad";"1";"11173"
"Little Simz";"Sometimes I Might Be Introvert";"4";"3934"
"Esteble";"Music Lovers Club #001";"1";"11174"
"Little Simz";"Venom";"1";"11175"
"Stimming x Lambert";"Positive";"26";"444"
"Prince Fatty";"Black Rabbit";"4";"3935"
"Call Super";"Cherry Drops II";"1";"11176"
"Nightmares on Wax";"Shout Out! To Freedom...";"47";"211"
"Sven Wunder";"Snowdrops";"1";"11177"
"Bonobo";"Rosewood";"2";"6874"
"Bonobo";"Tides";"1";"11178"
"Bonobo";"Otomo";"26";"445"
"Ben Lukas Boysen";"Mirage";"1";"11179"
"Connan Mockasin";"It's Just Wind";"1";"11180"
"Jon Kennedy";"Corporeal";"9";"1799"
"Phil Stroud";"Sunny Side Up";"6";"2699"
"Steve Reich";"Reich: Remixed 2006";"8";"2026"
"Chapelier Fou";"Méridiens";"1";"11181"
"Chris Merrick Hughes";"Shift (Remastered)";"1";"11182"
"Nu Genea";"World";"2";"6875"
"Session Victim";"House in the Hills";"1";"11183"
"ishi vu";"La Luz";"10";"1613"
"Kaidi Tatham";"An Insight To All Minds";"17";"819"
"Mama";"Unmask Me";"14";"1064"
"Mabe Fratti";"Será que ahora podremos entendernos";"4";"3936"
"jPattersson";"The Landing";"1";"11184"
"Alyson McNamara";"After Hours (Yu Su Remix)";"8";"2027"
"Ghost Funk Orchestra";"Asphalt Homeland";"2";"6876"
"Tee Mango";"Don't Let It Slip";"2";"6877"
"Little People";"Mickey Mouse Operation";"2";"6878"
"Romare";"Love Songs, Pt. 1";"3";"5020"
"Yppah";"Ninja Tune XX (Volume 2)";"2";"6879"
"Guts";"Guts (Le Bienheureux)";"34";"315"
"Thievery Corporation";"The Mirror Conspiracy";"1";"11185"
"Bell Orchestre";"House Music";"1";"11186"
"Patrick Pulsinger";"Dogmatic Sequences, Vol. 2";"1";"11187"
"Joseph Shabason";"Our Place ft. Thom Gill";"2";"6880"
"Sun Palace";"Raw Movements | Rude Movements";"1";"11188"
"Function";"Anticipation";"7";"2319"
"&ME";"Send Return";"13";"1181"
"Letta Mbulu";"In The Music The Village Never Ends";"62";"138"
"The Gentleman Losers";"Permanently Midnight";"1";"11189"
"Kalabrese";"Let Love Rumpel (Part 1)";"9";"1800"
"Green-House";"Music for Living Spaces";"41";"256"
"C.A.R.";"Befunde ab 1999";"2";"6881"
"Richard H. Kirk";"Virtual State";"7";"2320"
"Erland Cooper";"Holm Sound";"3";"5021"
"Glenn Astro";"Homespun";"4";"3937"
"Cihangir Aslan";"Night Owl";"18";"762"
"Tidiane Thiam";"Siftorde";"2";"6882"
"Rosie Lowe";"Son";"9";"1801"
"Anthony Naples";"Chameleon";"5";"3200"
"Sam Gendel";"Fresh Bread";"1";"11190"
"Michael Kiwanuka";"Jaime (Reimagined)";"2";"6883"
"The KBCS";"Pockets";"1";"11191"
"Rone";"Les Olympiades (Original Motion Picture Soundtrack)";"1";"11192"
"Chelou";"Loose Fix / Miller Tree";"3";"5022"
"Harvey Sutherland";"Jouissance (Adrian Sherwood Dub)";"1";"11193"
"Butcher Brown";"Frontline (CARRTOONS Remix)";"1";"11194"
"Aukai";"Waves (Stimming Rework)";"2";"6884"
"brother portrait";"Haleema's Song";"1";"11195"
"Alfa Mist";"Two For Mistake";"1";"11196"
"Ego Ella May";"For The Both Of Us";"1";"11197"
"Wu-Lu";"Broken Homes";"2";"6885"
"Mom";"Esperanza";"1";"11198"
"Adrian Younge";"Soulsea (Cut Chemist Remix)";"1";"11199"
"San Ignacio";"El tiempo de las cosas que frenan";"1";"11200"
"Moses Sumney";"Bystanders (in space)";"1";"11201"
"Ian Pooley";"Meridian 2016";"3";"5023"
"Josiah Steinbrick";"Liquid / Devotion & Tongue Street Blue";"9";"1802"
"Ulises Conti";"1234,8";"1";"11202"
"Glenn Gould";"Uninvited Guests";"1";"11203"
"Bonobo";"Shadows";"22";"558"
"80’s Child";"Cruise Control";"1";"11204"
"Yasmin Williams";"Urban Driftwood";"2";"6886"
"Vanishing Twin";"The Age Of Immunology";"2";"6887"
"Tiawa";"Moonlit Train";"1";"11205"
"Arooj Aftab";"Vulture Prince";"16";"893"
"Alain Goraguer";"Sour Soul";"1";"11206"
"DJ Shadow";"Our Pathetic Age";"1";"11207"
"Leslie Winer";"When I Hit You — You'll Feel It";"1";"11208"
"Haiku Salut";"Pattern Thinker";"16";"894"
"Nailah Hunter";"Bassin Bleu";"1";"11209"
"TALsounds";"Acquiesce";"1";"11210"
"Carm";"CARM";"1";"11211"
"Eris Drew";"Quivering In Time";"20";"650"
"D.K.";"Island Of Dreams";"1";"11212"
"Jessy Lanza";"DJ-KICKS: JESSY LANZA";"1";"11213"
"Karen y Los Remedios";"Bosque";"1";"11214"
"Moses Sumney";"Live From Blackalachia";"3";"5024"
"Rodrigo Gallardo";"Sendero Cósmico";"1";"11215"
"Session Victim";"10.000 Hours";"11";"1447"
"Ben Hauke";"Concrete Womb";"2";"6888"
"Ronald Christoph";"Take Off, Baby! (Landhouse Remix)";"2";"6889"
"Chancha Via Circuito";"El Sultán";"4";"3938"
"Al Doum & The Faryds";"Freaky People";"1";"11216"
"El Búho";"Cenotes (Deluxe Edition)";"3";"5025"
"Khruangbin";"B-Side";"1";"11217"
"Steffen Kirchhoff";"Split Series, Pt. 2 (Baltic Sea)";"10";"1614"
"Fergie";"Global Underground #38: Carl Cox - Black Rock Desert";"10";"1615"
"Binker and Moses";"Feed Infinite";"2";"6890"
"Penya";"PENYA___PENYA REMIXED";"14";"1065"
"Cro";"EASY X LAMBERT REWORK";"1";"11218"
"Cro";"Melodie";"1";"11219"
"Axel Boman";"Don't Breathe Yet";"9";"1803"
"Alivenique";"Tune In (El Búho Remix)";"1";"11220"
"Chelou";"Weight / Just A Little Blip";"2";"6891"
"Drames Rurals";"drames rurals";"8";"2028"
"Big Thief";"No Reason / Spud Infinity";"4";"3939"
"Milo";"Issues";"2";"6892"
"Mitski";"Heat Lightning";"17";"820"
"King Gizzard & The Lizard Wizard";"Neu Butterfly 3000";"2";"6893"
"Skiifall";"Break of Dawn";"2";"6894"
"Ezra Collective";"More Than A Hustler";"21";"605"
"Ol' Burger Beats";"Split Seconds";"12";"1299"
"El Michels Affair";"The Abominable EP";"1";"11221"
"Julien Dyne";"Modes";"32";"339"
"Adrian Younge";"Remixes JID010";"6";"2700"
"Silky Drip";"Spaceship";"1";"11222"
"Henrik Schwarz";"Moodmusic 25 Years, Pt. II";"2";"6895"
"Jacana People";"And The Lake Was...";"1";"11223"
"-M-";"La route de soi (Inspirée du film ""Rosy"")";"1";"11224"
"Milo";"Mandwell Basin";"1";"11225"
"Tsegue-Maryam Guebrou";"Ethiopiques, vol. 21: Emahoy (Piano Solo)";"4";"3940"
"The Heliocentrics";"A World of Masks";"5";"3201"
"Arthur Verocai";"Encore";"3";"5026"
"Luiz Bonfá";"Solo in Rio 1959";"1";"11226"
"Ikebe Shakedown";"Stone By Stone";"3";"5027"
"Foehn Trio";"Highlines";"3";"5028"
"Alva Noto";"Monomom";"1";"11227"
"Move D";"Badboy (Remix for MC Uproar)";"1";"11228"
"Kairo";"For You";"1";"11229"
"Tara Clerkin Trio";"Tara Clerkin Trio";"1";"11230"
"Godtet";"III";"5";"3202"
"monki";"Yurican Soul";"3";"5029"
"Ebo Taylor";"Ebo Taylor";"2";"6896"
"Gonz Cabrera";"Walüng II";"2";"6897"
"Shakarchi & Stranéus";"Hessingen";"3";"5030"
"Moomin";"Yesterday's Tomorrows";"8";"2029"
"Colin Vallon";"Danse";"2";"6898"
"Ólafur Arnalds";"Saudade (When We Are Born)";"1";"11231"
"Lord of the Isles";"Whities 029";"3";"5031"
"Erland Cooper";"Sule Skerry";"3";"5032"
"Christina Vantzou";"Multi Natural";"1";"11232"
"Evamuss";"Despierta, remedio, cuenta";"1";"11233"
"TM Juke";"Marbles & Drains";"18";"763"
"Filippo Moscatello";"Moodmusic 25 Years, Pt. II";"1";"11234"
"Chris Stath";"Gold (Remix)";"1";"11235"
"King Gizzard & The Lizard Wizard";"Shanghai (Dub by The Scientist)";"1";"11236"
"Aera";"Danza Invisible Remixes";"1";"11237"
"Move D";"Inside The Freero Dome";"2";"6899"
"Phish";"Billy Breathes";"1";"11238"
"Rival Consoles";"Overflow";"1";"11239"
"Kairo";"Sovereign";"1";"11240"
"Dylevn";"Inconnu";"1";"11241"
"Peter Luedemann";"The Now Generation: Percussive Underscores";"1";"11242"
"Warmth";"The Best Of Don McCaslin's Warmth";"3";"5033"
"Emeka Ogboh";"Beyond The Yellow Haze";"14";"1066"
"Arjuna Oakes";"Even When You're Gone";"3";"5034"
"Minoru Muraoka";"Bamboo";"22";"559"
"Tinariwen";"Wartilla (Dan Carey Dub)";"2";"6900"
"SMERZ";"Believer (Bonus Edition)";"1";"11243"
"Damon Locks";"NOW";"1";"11244"
"Phase Phorce";"Detroit Love Vol. 4 - Mixed By Mirko Loko";"5";"3203"
"Adryan";"Detroit Love Vol. 4 - Mixed By Mirko Loko";"5";"3204"
"GILB";"Detroit Love Vol. 4 - Mixed By Mirko Loko";"5";"3205"
"Bel-Air Ltd";"Detroit Love Vol. 4 - Mixed By Mirko Loko";"5";"3206"
"Dj Duke";"Detroit Love Vol. 4 - Mixed By Mirko Loko";"5";"3207"
"Tevo Howard";"Detroit Love Vol. 4 - Mixed By Mirko Loko";"5";"3208"
"The Prince of Dance Music";"Detroit Love Vol. 4 - Mixed By Mirko Loko";"5";"3209"
"Jared Wilson";"Detroit Love Vol. 4 - Mixed By Mirko Loko";"4";"3941"
"The Godson";"Detroit Love Vol. 4 - Mixed By Mirko Loko";"4";"3942"
"Lady B";"Detroit Love Vol. 4 - Mixed By Mirko Loko";"4";"3943"
"Paul White";"Smile (See the Light)";"2";"6901"
"Kiefer";"Friends";"1";"11245"
"Melodiesinfonie";"Akindstream";"4";"3944"
"Kiefer";"Between Days";"1";"11246"
"Bluestaeb";"She (Instrumentals)";"1";"11247"
"Mansur Brown";"Shiroi";"19";"704"
"Max Cooper";"3D Reworks 001";"7";"2321"
"Bonobo";"From You";"1";"11248"
"Koffee";"Rapture EP";"16";"895"
"Mathew Jonson";"Marionette";"18";"764"
"Geju";"Mind at Large (Compiled by Noema)";"14";"1067"
"Bonobo";"Fragments";"387";"2"
"Wig Wam";"Non Stop Rock 'N Roll";"6";"2701"
"Bang Camaro";"Bang Camaro";"11";"1448"
"Otis Sandsjö";"Compagni di Merende";"4";"3945"
"-M-";"ROSY (Bande originale du film-documentaire)";"2";"6902"
"Wig Wam";"Non Stop Rock'n Roll";"4";"3946"
"King Gizzard & The Lizard Wizard";"Sketches of Brunswick East";"1";"11249"
"Dumbo Gets Mad";"Thank You Neil";"1";"11250"
"Sound Earth Legacy";"Nova";"2";"6903"
"Max Cooper";"Everything";"2";"6904"
"The Art of Noise";"Born Again";"1";"11251"
"Big Thief";"simulation swarm";"24";"500"
"Federico Albanese";"Teodora And Her Mysteries";"1";"11252"
"Darkside";"Ecdysis!";"1";"11253"
"Mitski";"Love Me More";"9";"1804"
"FloFilz";"Uteki";"2";"6905"
"Skinshape";"Soul Groove";"1";"11254"
"Persian Empire";"50€";"1";"11255"
"Digital Afrika";"Gnawa (Acoustic)";"1";"11256"
"Monolink";"Fidale (I Feel)";"1";"11257"
"Khruangbin";"Chocolate Hills";"1";"11258"
"Kraut";"Tribu Ancestral, Vol. 2 (Compiled by David Madrid)";"1";"11259"
"Maxim Lany";"Disruption (Robag Wruhme Vargula Troh NB Remix)";"2";"6906"
"K15";"Hold On";"1";"11260"
"Gab Ferreira";"karma (Baltra Remix)";"2";"6907"
"Melt Yourself Down";"Balance";"1";"11261"
"King Gizzard & The Lizard Wizard";"Butterfly 3001";"1";"11262"
"DJ Pippi";"Mr. P (Remixes)";"13";"1182"
"Fabulous/Arabia";"Henry";"1";"11263"
"Stevie Wonder";"Songs in the Key of Life";"2";"6908"
"Makaya McCraven";"Deciphering The Message";"4";"3947"
"Valerie June";"The Moon And Stars: Prescriptions For Dreamers";"1";"11264"
"Michael Kiwanuka";"Solid Ground (Virgil Abloh Remix)";"1";"11265"
"Alain Bellaïche";"Late Night Tales: Floating Points (DJ Mix)";"2";"6909"
"Inwards";"Bright Serpent";"16";"896"
"The Poets of Rhythm";"DISCERN / DEFINE";"7";"2322"
"Let Your Hair Down";"Waiting Room";"1";"11266"
"Doctor Flake";"Hands";"2";"6910"
"Clem Beatz";"Daydream";"1";"11267"
"Ancient Astronauts";"We Are To Answer";"5";"3210"
"Ours Samplus";"Friday Remixes";"4";"3948"
"Ancient Astronauts";"Into Bass and Time";"8";"2030"
"Doctor Flake";"Winterness";"17";"821"
"Clem Beatz";"Hymne";"2";"6911"
"The Geek x Vrv";"Nostalgia";"2";"6912"
"Ancient Astronauts";"Themes From Tomorrowland";"1";"11268"
"brass.beats";"Lazy Morning";"1";"11269"
"Doctor Flake";"Minder Surprises";"2";"6913"
"Dafuniks";"Past Present Future...";"9";"1805"
"Clem Beatz";"So Cold, So Sweet, So Fair";"3";"5035"
"Downtown Owl";"Chilled Moments";"2";"6914"
"Doctor Flake";"Divagations";"2";"6915"
"Novvel";"Bakers Gonna Bake";"2";"6916"
"Downtown Owl";"Okay";"3";"5036"
"Lemeria";"Cloudy Day";"1";"11270"
"JK Soul";"Slurping Ramen in Tokyo";"1";"11271"
"Bequem";"La Fiesta";"2";"6917"
"Ours Samplus";"Orphan Loops";"10";"1616"
"The Geek x Vrv";"Chinese Morning";"1";"11272"
"Ross From Friends";"Tread";"14";"1068"
"Quantic";"I Won't Fade Away";"16";"897"
"Daniel Avery";"Together in Static";"2";"6918"
"Sir Was";"Let the Morning Come";"12";"1300"
"Logic1000";"In The Sweetness of You";"1";"11273"
"David Holmes";"Hope Is The Last Thing To Die";"1";"11274"
"Jacques Greene";"ANTH01";"1";"11275"
"Quantic";"Let The Sparks Fly";"1";"11276"
"Wolfgang Amadeus Mozart";"Silent Night - Mozart";"2";"6919"
"Cascadeur";"La promesse (Deep Pianos)";"1";"11277"
"Joep Beving";"Nocturnal";"1";"11278"
"Frédéric Chopin";"Nocturne Op. 62, No. 2 in E Major";"1";"11279"
"Christina Higham";"Bodies of Water (Inspired by ‘The Outlaw Ocean’ a book by Ian Urbina)";"3";"5037"
"Hideyuki Hashimoto";"MIRROR";"2";"6920"
"Sofia Nystrand";"Efterskalv";"1";"11280"
"Rob Burger";"The Grid";"2";"6921"
"Carlo Boscolli";"Il Colibrì";"3";"5038"
"William Cas";"Drifting Sand";"1";"11281"
"Roger Eno";"The Turning Year";"1";"11282"
"Víkingur Ólafsson";"Reflections Pt. 3 / RWKS";"2";"6922"
"Illuminine";"#2 Reworks";"1";"11283"
"Sergio Díaz De Rojas";"December 03";"2";"6923"
"Dennis Korn";"The Winter Waltz";"2";"6924"
"Masayoshi Fujita";"Sadness (Carlos Cipa Rework)";"1";"11284"
"Sofiane Pamart";"LOVE";"1";"11285"
"Ludovico Einaudi";"Rolling Like A Ball";"2";"6925"
"William Cas";"Desert Wind";"1";"11286"
"Balmorhea";"Time In The Hand";"1";"11287"
"Ryuichi Sakamoto";"Playing the Piano 12122020";"1";"11288"
"Clap! Clap!";"Ox";"1";"11289"
"Black Flower";"Magma";"1";"11290"
"Ben Lukas Boysen";"Clarion (Kiasmos Remix)";"1";"11291"
"Jazzanova";"Creative Musicians (Waajeed & Henrik Schwarz Remixes)";"2";"6926"
"Asfar Hussain";"Mehram";"1";"11292"
"Neil Cowley";"Sangro River";"1";"11293"
"James Blake";"(Pick Me Up) Euphoria [From ""Euphoria"" An HBO Original Series]";"1";"11294"
"Gábor Szabó";"1969";"2";"6927"
"The Heliocentrics";"The Sunshine Makers (Original Motion Picture Soundtrack)";"1";"11295"
"Bobby Hutcherson";"Candy";"1";"11296"
"Gábor Szabó";"Bacchanal";"2";"6928"
"Janko Nilovic";"Pop Impressions (Remastered)";"1";"11297"
"Gábor Szabó";"Nightflight";"1";"11298"
"Azymuth";"Outubro";"3";"5039"
"Sun Ra";"We Travel the Spaceways";"1";"11299"
"Cal Tjader";"Verve Jazz Masters 39";"1";"11300"
"Felbm";"Tape 2";"1";"11301"
"Gábor Szabó";"Wind, Sky And Diamonds";"1";"11302"
"Luiz Bonfá";"Plays and Sings Bossa Nova (Original Bossa Nova Album Plus Bonus Tracks)";"3";"5040"
"Quarter to Africa";"The Layback";"2";"6929"
"avem";"Fukada Tree";"19";"705"
"Mira (Berlin)";"Deía Remixes";"15";"974"
"avem";"Au Coeur";"3";"5041"
"avem";"Halcyon EP";"1";"11303"
"avem";"Nocturne";"1";"11304"
"New Age Doom";"Lee ""Scratch"" Perry's Guide to the Universe";"1";"11305"
"Craig Leon";"Anthology of Interplanetary Folk Music Vol. 2: The Canon";"1";"11306"
"µ-Ziq";"Unheard Melodies (Edit)";"1";"11307"
"Tristan Arp";"Sculpturegardening";"2";"6930"
"Dandara";"Third in Line";"9";"1806"
"Dandara";"Out of the Dust";"8";"2031"
"Dandara";"Viracochas, Vol. 1";"1";"11308"
"Dandara";"Eva";"1";"11309"
"Riyoon";"Change of Plans";"1";"11310"
"Hrag Mikkel";"Mirroring Responses";"1";"11311"
"Geju";"La cassetto della nonna";"1";"11312"
"FEATHERED SUN";"Bulbo";"2";"6931"
"Seb Wildblood";"Jobi";"1";"11313"
"Lee Clarke";"Ping Pong";"2";"6932"
"The Smile";"The Smoke";"2";"6933"
"Mitski";"Laurel Hell";"25";"472"
"Landhouse";"Ambeela";"1";"11314"
"Nina Simone";"My Baby Just Cares For Me (HONNE Remix)";"2";"6934"
"Chelou";"Fistful Of Bs Vol I";"2";"6935"
"Laurent Bardainne";"Hymne au soleil";"10";"1617"
"Mast";"Ay Işığında İki Gece";"1";"11315"
"Silky Drip";"Drippin' in the Sauce";"1";"11316"
"Amber Mark";"Three Dimensions Deep";"1";"11317"
"Emma-Jean Thackray";"Yellower Vol. 1";"1";"11318"
"Los Bitchos";"Let The Festivities Begin!";"20";"651"
"Dargz";"The Duke";"5";"3211"
"Riyoon";"Last Sun Dance";"1";"11319"
"Portico Quartet";"Monument";"11";"1449"
"Fleetwood Mac";"Rumours";"55";"169"
"In Aeternam Vale";"DJ-Kicks (Daniel Avery) [DJ Mix]";"2";"6936"
"Daniel Avery";"DJ-Kicks (Daniel Avery) [DJ Mix]";"13";"1183"
"Shlømo";"DJ-Kicks (Daniel Avery) [DJ Mix]";"2";"6937"
"Planetary Assault Systems";"DJ-Kicks (Daniel Avery) [DJ Mix]";"1";"11320"
"EKSERD";"DJ-Kicks (Daniel Avery) [DJ Mix]";"1";"11321"
"Mishka";"Above The Bones";"1";"11322"
"General Elektriks";"Corne de gazelle";"1";"11323"
"Agoria";"What If Earth Would Turn Faster (Damian Lazarus Re-Shape)";"1";"11324"
"Spaniol";"Marchinha Rancheira";"1";"11325"
"Spaniol";"Suites do Amar";"6";"2702"
"Spaniol";"Confluencias II: Montaña";"1";"11326"
"Fleetwood Mac";"Tango in the Night (Deluxe Edition)";"1";"11327"
"10cc";"Bloody Tourists";"1";"11328"
"Carole King";"Tapestry";"1";"11329"
"Joe Walsh";"There Goes The Neighborhood";"1";"11330"
"Robert Palmer";"Double Fun";"1";"11331"
"Supertramp";"Breakfast In America (Deluxe Edition)";"1";"11332"
"Boz Scaggs";"Silk Degrees";"1";"11333"
"America";"America";"1";"11334"
"Robert Palmer";"Clues";"1";"11335"
"Fleetwood Mac";"Mystery to Me";"2";"6938"
"The Police";"Reggatta de Blanc (Remastered 2003)";"1";"11336"
"The Band";"Music From Big Pink (Remastered)";"1";"11337"
"The Kinks";"Something Else (Deluxe Edition)";"1";"11338"
"Van Morrison";"Days Like This";"1";"11339"
"Fleetwood Mac";"Rumours (Super Deluxe)";"1";"11340"
"10cc";"The Original Soundtrack";"1";"11341"
"Ashley Henry";"My Voice";"10";"1618"
"Blue Lab Beats";"Blue Skies";"5";"3212"
"Ashley Henry";"Call Me";"1";"11342"
"Chip Wickham";"Blue To Red";"3";"5042"
"Raffy Bushman";"Beginner's Mind";"1";"11343"
"Blue Lab Beats";"The Idea";"3";"5043"
"Sam Gendel";"Music for Saxofone & Bass Guitar More Songs";"14";"1069"
"Elton John";"Goodbye Yellow Brick Road (Remastered)";"1";"11344"
"Diana Ross";"Diana";"1";"11345"
"Funkadelic";"Maggot Brain";"3";"5044"
"Bill Withers";"Menagerie";"1";"11346"
"Sam & Dave";"Hold on, I'm Comin'";"1";"11347"
"Stevie Wonder";"For Once in My Life";"1";"11348"
"The Jackson 5";"Diana Ross Presents the Jackson 5";"1";"11349"
"Earth, Wind & Fire";"I Am";"1";"11350"
"Bastille";"Bad Blood";"1";"11351"
"Prince";"Parade - Music From the Motion Picture Under the Cherry Moon";"1";"11352"
"The O'Jays";"Back Stabbers";"1";"11353"
"The Doobie Brothers";"Toulouse Street";"1";"11354"
"Wolfgang Amadeus Mozart";"Mozart: Piano Sonatas K280, K281, K310 & K333";"1";"11355"
"Felix Mendelssohn";"Hummel - Weber - Mendelssohn";"1";"11356"
"Maurice Ravel";"Ravel: Piano Music For 4 Hands";"1";"11357"
"Antonín Dvořák";"My First Lullaby Album";"1";"11358"
"George Frideric Handel";"Baroque Arias for Horn (Beyond Words)";"1";"11359"
"Franz Joseph Haydn";"Haydn: Cello Concertos (Remastered)";"1";"11360"
"Wolfgang Amadeus Mozart";"Mozart: Piano Sonatas, Vol. 3";"1";"11361"
"Pyotr Ilyich Tchaikovsky";"Piano Recital: Rosenberger, Carol - Kabalevsky, D. / Tchaikovsky, P. (Perchance To Dream - A Lullaby Album for Children and Adults)";"1";"11362"
"Felix Mendelssohn";"Mendelssohn, Felix: Songs Without Words, Vol. 1";"1";"11363"
"Sergei Rachmaninoff";"Reflections";"1";"11364"
"Edvard Grieg";"GRIEG: Lyric Pieces, Books 1 - 4, Opp. 12, 38, 43 and 47";"1";"11365"
"Wolfgang Amadeus Mozart";"MOZART: Nozze di Figaro (Le) (The Marriage of Figaro)";"1";"11366"
"Franz Liszt";"Liszt Complete Piano Music, Vol. 6: Complete Song Transcriptions of Chopin, Mendelssohn and Robert & Clara Schumann";"1";"11367"
"Johann Sebastian Bach";"Bach: Goldberg Variations: Variation 1 (Arranged for Harp)";"1";"11368"
"Ludwig van Beethoven";"Beethoven: Piano Sonatas Opp. 78, 79, 14, 49";"1";"11369"
"Frédéric Chopin";"Chopin: Waltzes";"1";"11370"
"Wolfgang Amadeus Mozart";"Mozart Motivation";"1";"11371"
"Franz Schubert";"Schubert: Nacht und Träume, Op. 43 No. 2, D. 827";"1";"11372"
"Georges Bizet";"Piano Fantasy: Music For Two Pianos";"1";"11373"
"George Frideric Handel";"La grande sarabande de Handel";"1";"11374"
"Johann Sebastian Bach";"Bach: Overtures (Suites) Nos. 1-4";"2";"6939"
"Wolfgang Amadeus Mozart";"Mozart: Piano Concertos, Vol. 6";"1";"11375"
"Sergei Rachmaninoff";"Benjamin Moser (Edition Ruhr Piano Festival, Vol. 28) [Live]";"1";"11376"
"Antonio Vivaldi";"Vivaldi: The Complete Viola d'amore Concertos";"1";"11377"
"Frédéric Chopin";"The Best Chopin";"1";"11378"
"Edvard Grieg";"111 Piano Hits - Vol. 5 (World Premiere Recordings)";"1";"11379"
"Wolfgang Amadeus Mozart";"The Messenger";"1";"11380"
"Johann Sebastian Bach";"Bach & Beethoven - Bach: Flute Sonata No. 2 in E-Flat Major, BWV 1031: II. Siciliano (Arr. for Piano by Kempff)";"1";"11381"
"Felix Mendelssohn";"Grieg: Lyric Pieces - Mendelssohn: Lieder ohne Worte";"1";"11382"
"Claude Debussy";"Debussy: Images";"1";"11383"
"Frédéric Chopin";"Chopin: Complete Noctures, Barcarolle, Berceuse";"1";"11384"
"Wolfgang Amadeus Mozart";"MOZART: Solemn Vespers";"1";"11385"
"Antonio Vivaldi";"Vivaldi: Concertos for Strings";"1";"11386"
"Claude Debussy";"Debussy Piano Edition";"1";"11387"
"Johann Sebastian Bach";"Bach: Suites for Violoncello Nos. 1-3, BWV 1007-1009";"1";"11388"
"Antonín Dvořák";"Dvořák: Cello Concerto";"1";"11389"
"Wolfgang Amadeus Mozart";"Mozart & Flute in Paris - Concerto for Flute and Harp, K. 299: II. Andantino";"1";"11390"
"Frédéric Chopin";"Chopin: Etudes, Op. 10 - Fantasy, Op. 49 - Impromptu No. 4 - Nocturnes";"1";"11391"
"Georges Bizet";"Bizet: Carmen & L'Arlésienne Suites";"1";"11392"
"Wolfgang Amadeus Mozart";"Mozart: Clarinet Concerto & Kegelstatt Trio";"1";"11393"
"Ludwig van Beethoven";"BEETHOVEN: Chamber Music for Horns, Winds and Strings";"1";"11394"
"Antonio Vivaldi";"Sinkovsky plays and sings Vivaldi";"1";"11395"
"Wolfgang Amadeus Mozart";"MOZART: Wind Serenades";"1";"11396"
"Edvard Grieg";"Grieg: Concerto Pour Piano & Pièces Lyriques";"1";"11397"
"Franz Schubert";"Schubert: Du bist die Ruh', D. 776 (Transc. for Cello & Piano)";"1";"11398"
"Kokoroko";"Something's Going On";"16";"898"
"Mansur Brown";"Heiwa";"7";"2323"
"Blue Lab Beats";"We Will Rise";"1";"11399"
"Oscar Jerome";"Where Are Your Branches?";"1";"11400"
"Blue Lab Beats";"Motherland Journey";"1";"11401"
"Robohands";"Shapes";"11";"1450"
"Makaya McCraven";"Black Rhythm Happening";"1";"11402"
"Blue Lab Beats";"Dat It (feat. Kiefer)";"1";"11403"
"Jacques Blanc";"Moving Slowly";"2";"6940"
"Gabríel Ólafs";"Piano Works";"1";"11404"
"Iñaki García";"Caricias";"1";"11405"
"James Heather";"Immortal Beloved";"1";"11406"
"Angus MacRae";"Silent Fall";"2";"6941"
"Arvo Pärt";"Arvo Pärt: Spiegel im Spiegel";"3";"5045"
"Vetle Nærø";"Isolation";"2";"6942"
"Nadia Oak";"Eunoia";"1";"11407"
"Areni Agbabian";"Bloom";"1";"11408"
"Hideyuki Hashimoto";"Echo";"1";"11409"
"Arash SaneE";"Tehran";"3";"5046"
"Nils Frahm";"Old Friends New Friends";"1";"11410"
"Nils Frahm";"O I End";"2";"6943"
"Alice In Winter";"Spun from Reverence";"1";"11411"
"Jørg Sorensen";"Träumerei";"2";"6944"
"Wolfgang Amadeus Mozart";"Mozart: Piano Concerto No. 23 in A Major, K. 488: II. Adagio";"1";"11412"
"Hania Rani";"Inner Symphonies";"1";"11413"
"Flóki";"Kokachin";"1";"11414"
"Music Lab Collective";"Easy On Me";"2";"6945"
"Poppy Ackroyd";"Stillness";"1";"11415"
"Eik Octobre";"Everything Has Its Echo";"1";"11416"
"Deaf Center";"Pale Ravine";"2";"6946"
"Wide Eyed";"Mia (Solo Piano Version)";"1";"11417"
"Mahan Farzad";"Piano Days 1";"1";"11418"
"Stephan Moccio";"Lionheart";"1";"11419"
"Roger Eno";"Dust of Stars";"1";"11420"
"Burial";"Nova / Moth";"21";"606"
"Logic1000";"What You Like";"10";"1619"
"Tomaga";"Intimate Immensity";"1";"11421"
"Dark Sky";"Revolve";"17";"822"
"John Glacier";"SHILOH: Lost For Words";"17";"823"
"Kedr Livanskiy";"Liminal Soul";"1";"11422"
"Daniel Avery";"Lone Swordsman (Chris Carter Remix)";"1";"11423"
"Hamburg Spinners";"Skorpion im Stiefel";"5";"3213"
"Hailu Mergia";"Tezeta";"2";"6947"
"l'éclair";"Sauropoda";"7";"2324"
"Andy Stott";"It Should Be Us";"1";"11424"
"John Carroll Kirby";"My Garden";"2";"6948"
"Eiji Nakayama";"J-Jazz – Deep Modern Jazz from Japan 1969-1984";"1";"11425"
"_by.ALEXANDER";"000 CHANNEL BLACK";"5";"3214"
"Nala Sinephro";"SPACE 1.8";"8";"2032"
"Mindy Meng Wang 王萌";"Nervous Energy 一触即发";"2";"6949"
"Susumu Yokota";"Cloud Hidden";"1";"11426"
"Scion";"Arrange And Process Basic Channel Tracks";"9";"1807"
"Fatima";"#1";"1";"11427"
"Jean Carn";"Come As You Are";"1";"11428"
"Emma-Jean Thackray";"Erax (Original Score From The Netflix Film)";"3";"5047"
"Andi Otto";"Konnakol Disguise";"1";"11429"
"Harvey Sutherland";"Feeling Of Love";"1";"11430"
"Jianbo";"Mongkok Madness";"1";"11431"
"Neil Cowley";"Dip Your Toe";"1";"11432"
"Iorie";"Wolf";"1";"11433"
"Roman Flügel";"Mega EP";"1";"11434"
"Stimming";"Pelikan (Aukai Rework)";"1";"11435"
"Binker and Moses";"After The Machine Settles";"1";"11436"
"Khruangbin";"Texas Moon";"1";"11437"
"Fred again..";"Lights Out (HAAi Remix)";"1";"11438"
"Pantha du Prince";"The Crown Territory (Roman Flügel Remix)";"1";"11439"
"Sebastian Mullaert";"Whispering Of Knives";"2";"6950"
"Lambert";"Alles in bester Ordnung (Original Motion Picture Soundtrack)";"1";"11440"
"Hubbabubbaklubb";"Fjellet / Intensjon (Remixed)";"1";"11441"
"Max Cooper";"Exotic Contents / Pulse at the Centre of Being";"1";"11442"
"José González";"Tjomme (DJ Koze Remix)";"15";"975"
"Peter Power";"Earth Love";"1";"11443"
"Your Planet Is Next";"Mr. Music";"1";"11444"
"Blutch";"Gratis";"1";"11445"
"Ali Farka Touré";"Ali & Toumani";"2";"6951"
"Huw Marc Bennett";"Afon Colhuw";"1";"11446"
"Huw Marc Bennett";"Tresilian Bay";"9";"1808"
"Move 78";"The Algorithm Smiles Upon You";"57";"163"
"Zeitgeist Freedom Energy Exchange";"Kreuzberg Kix";"28";"406"
"Pantha du Prince";"THE TRIAD";"1";"11447"
"Plaid";"Rest Proof Clockwork";"4";"3949"
"Silent Poets";"Words And Silence";"3";"5048"
"Jon Kennedy";"Enchantica";"25";"473"
"Seb Wildblood";"Keep On (feat. Ouri)";"1";"11448"
"Seb Wildblood";"U";"1";"11449"
"Maurizio";"Domina";"2";"6952"
"Luca Lozano";"Dobb Meep / Different Circles";"6";"2703"
"Andi Otto";"Bangalore Whispers";"6";"2704"
"Luca De-Santo";"Requiem EP";"7";"2325"
"Damon Albarn";"The Nearer the Fountain, More Pure the Stream Flows";"11";"1451"
"Rejjie Snow";"Baw Baw Black Sheep";"25";"474"
"Oki";"Tonkori in the moonlight";"4";"3950"
"Wilson Tanner";"69";"5";"3215"
"Apifera";"Beyond The Sunrays";"2";"6953"
"Aurora Dee Raynes";"Invisible Things";"1";"11450"
"Peter Gregson";"The Dive";"1";"11451"
"Rose Riebl";"Do Not Move Stones";"1";"11452"
"Doug Thomas";"Ballades";"1";"11453"
"Caoimhín Ó Raghallaigh";"Caoimhín Ó Raghallaigh & Thomas Bartlett";"1";"11454"
"Ola Claësson";"Eurytmi";"1";"11455"
"Franz Becker";"Open Mind Open Heart";"1";"11456"
"Jess Gillam";"Thom Yorke: Suspirium (Arr. Rimmer)";"1";"11457"
"Otto A Totland";"Pinô";"1";"11458"
"Sergei Rachmaninoff";"Rhapsody";"1";"11459"
"Richard Houghten";"Fading into Purple";"12";"1301"
"Jelly Cleaver";"Black Line";"2";"6954"
"Elder Island";"Feral (letherette Remix)";"1";"11460"
"Tarwater";"Silur";"2";"6955"
"Sebastian Plano";"Save Me Not";"1";"11461"
"Green-House";"Peace Piece";"1";"11462"
"Suricata";"The Only Way Out Is In";"1";"11463"
"Nubya Garcia";"The Message Continues (Mark de Clive-Lowe Remix)";"15";"976"
"Nubya Garcia";"Source (Makaya McCraven Remix)";"1";"11464"
"Cornelius Doctor";"Myths Of Adulthood";"7";"2326"
"Markoza";"Dive to Vibe";"1";"11465"
"Mind End";"Singularity";"1";"11466"
"Ludwig van Beethoven";"After Dinner with Beethoven";"1";"11467"
"Svaneborg Kardyb";"Haven";"11";"1452"
"Los Days";"West Winds";"1";"11468"
"Polo & Pan";"Caravelle";"1";"11469"
"Islandman";"Kaybola (Deluxe Version)";"6";"2705"
"Web Web";"Meskel Flowers (Alternate Version)";"2";"6956"
"Web Web";"Safar (Flip Remix) / Dada (Sátyr Remix)";"1";"11470"
"Sven Wunder";"Natura Morta";"8";"2033"
"Herbert";"Musca";"83";"83"
"Mano Le Tough";"At the Moment";"2";"6957"
"Koreless";"Black Rainbow / Moonlight";"2";"6958"
"Sibusile Xaba";"Umdali";"1";"11471"
"Peter Broderick";"Blackberry";"2";"6959"
"Sun Ra";"Nuclear War (Bassically Kick and Bass Rerub)";"7";"2327"
"박혜진 Park Hye Jin";"Before I Die";"2";"6960"
"Lady Blackbird";"Black Acid Soul";"2";"6961"
"Ballaké Sissoko";"A Touma";"19";"706"
"Fuubutsushi";"Fuubutsushi";"1";"11472"
"Vivian Roost";"The Memory of Time";"1";"11473"
"Kimbra";"Vows";"1";"11474"
"Sound Of Mint";"Ya Sidi (Ali Kuru Remix)";"1";"11475"
"Kokoroko";"We Give Thanks";"2";"6962"
"Nicola Conte";"Inner Light Joe Claussell Sacred Rhythms Versions";"12";"1302"
"Penguin Cafe";"Harry Piers 2021";"1";"11476"
"Lee Jones";"One Grain";"1";"11477"
"WYS";"North Pole";"1";"11478"
"Gotye";"Making Mirrors";"1";"11479"
"KYONGPAUL";"Kelima";"22";"560"
"Andrew Bird";"My Finest Work Yet";"42";"249"
"Quantic";"Dog With a Rope (Quantic Presenta Flowering Inferno)";"1";"11480"
"The Poets of Rhythm";"Practice What You Preach";"1";"11481"
"Nostalgia 77";"Skeletons Present: Smile";"1";"11482"
"Bitchin Bajas";"Switched On Ra";"1";"11483"
"Carmen Villain";"Only Love From Now On";"1";"11484"
"Dave Okumu";"Knopperz";"1";"11485"
"Ben Marc";"Breathe Suite B";"1";"11486"
"Rogér Fakhr";"Fine Anyway (Habibi Funk 016)";"7";"2328"
"Koki Nakano";"Overlay (KMRU Remix)";"1";"11487"
"Meduza";"Lose Control";"1";"11488"
"Deepend";"Woke up in Bangkok (feat. Martin Gallop)";"1";"11489"
"Kalipo";"Footsteps (feat. Rampue)";"7";"2329"
"Charles Mingus";"Mingus Mingus Mingus Mingus Mingus";"2";"6963"
"Girls in Airports";"Leap";"2";"6964"
"Simon Lovermann";"Handwerke";"3";"5049"
"Tom Misch";"Quarantine Sessions";"1";"11490"
"Helado Negro";"Sound and Vision";"1";"11491"
"St Germain";"Tourist (Remastered)";"12";"1303"
"LI YILEI";"之 / OF";"9";"1809"
"St Germain";"From Detroit To St Germain (The Complete Series For Connoisseurs)";"29";"388"
"Matthew Halsall";"On The Go (Special Edition)";"1";"11492"
"Gene Lawrence";"Beach Diggin', Vol. 3";"1";"11493"
"Yom";"Songs for the Old Man";"1";"11494"
"Rosinha de Valença";"Um Violão Em Primeiro Plano";"12";"1304"
"Blundetto";"Warm my soul";"1";"11495"
"Galt Macdermot";"Shapes of Rhythm/Woman Is Sweeter";"1";"11496"
"Hardkandy";"Last to Leave";"1";"11497"
"Ernest Ranglin";"Below The Bassline";"2";"6965"
"Ruby Rushton";"Sun Khosi";"1";"11498"
"Boris Garbiner Happening";"Beach Diggin', Vol. 4";"1";"11499"
"Gil Scott-Heron & Brian Jackson";"Secrets";"15";"977"
"Girma Bèyènè";"Mistakes on Purpose (Ethiopiques 30)";"1";"11500"
"Jungle by Night";"Jungle By Night";"1";"11501"
"Black Flower";"Artifacts";"1";"11502"
"Baba Ali";"Nomad EP";"3";"5050"
"Amir Bresler";"Afro Golden Line";"2";"6966"
"Laurent Bardainne";"Marvin";"1";"11503"
"Supergombo";"Sigitolo";"62";"139"
"Oscar Jerome";"Do You Really";"1";"11504"
"Hologram Teen";"Pizza Conspiracy";"13";"1184"
"Dana Gavanski";"I Talk To The Wind";"2";"6967"
"e.vax";"E.VAX";"4";"3951"
"All Day Breakfast Cafe";"What if Nile Rodgers and Fela Kuti Were Friends";"12";"1305"
"Kit Sebastian";"Melodi";"2";"6968"
"pijama land";"le soleil levant (house of the rising sun)";"2";"6969"
"The KLF";"Come Down Dawn";"9";"1810"
"Chip Wickham";"Sais (Egypt)";"3";"5051"
"Voyou";"Chroniques terrestres (Vol.1)";"1";"11505"
"Lonely Guest";"Lonely Guest";"2";"6970"
"Alina Bzhezhinska";"Soul Vibrations";"1";"11506"
"Vega Trails";"Epic Dream";"2";"6971"
"Yin Yin";"The Age of Aquarius";"19";"707"
"Harry Mudie";"Harry Mudie Meet King Tubby In Dub Confrence Volume One";"15";"978"
"Extra Golden";"OK-Oyot System";"2";"6972"
"Say She She";"Forget Me Not";"24";"501"
"Marisa Anderson";"Into the Light";"1";"11507"
"Gitkin";"Safe Passage";"2";"6973"
"Apifera";"Overstand";"9";"1811"
"Victor Norman";"Tatanka and the Toad";"3";"5052"
"Victor Norman";"Stateless";"1";"11508"
"Le Parody";"Summer Rain";"1";"11509"
"Happyness";"Weird Little Birthday";"2";"6974"
"Eli & Fur";"Kontor Sunset Chill - In the Mix 2019";"1";"11510"
"Thelonious Monk";"Genius Of Modern Music (Vol.1, Expanded Edition)";"24";"502"
"Adrian Younge";"The Griot";"1";"11511"
"Larry Goldings";"Django";"6";"2706"
"Roni Size";"New Forms (20th Anniversary Edition)";"2";"6975"
"Jeremiah Chiu";"Recordings from the Åland Islands";"9";"1812"
"Lambert";"Amsterdam";"1";"11512"
"Supergombo";"Explorations";"3";"5053"
"The Scorpions";"Jazz, Jazz, Jazz (Habibi Funk 009)";"13";"1185"
"Pyramid Project";"Mangroves (Contours edit)";"7";"2330"
"Gianni Brezzo";"Flower Rain";"9";"1813"
"The Natural Yogurt Band";"57 Lashes of the Mallet / Mysterious Planet";"5";"3216"
"Bananagun";"The True Story of Bananagun";"40";"263"
"Fred Pallem";"Sound Trax";"12";"1306"
"Sefi Zisling";"Expanse";"1";"11513"
"Cochemea";"All My Relations";"21";"607"
"Maria Chiara Argirò";"Clouds";"1";"11514"
"1000 Beasts";"You (1000 Beasts Remix)";"1";"11515"
"Ted Lucas";"Ted Lucas";"21";"608"
"Minnie Riperton";"Come to My Garden";"13";"1186"
"Daniel Herskedal";"Slow Eastbound Train";"1";"11516"
"Moon Diagrams";"Lifetime Of Love";"3";"5054"
"Arushi Jain";"Zid";"1";"11517"
"Houston & Dorsey";"You're Not from Around Here";"1";"11518"
"Joe Emerson";"Dreamin' Wild";"2";"6976"
"Kae Tempest";"The Line Is A Curve";"3";"5055"
"Moritz von Oswald Trio";"Chapter 6 (Carl Craig Remix)";"1";"11519"
"Richie Hawtin";"Consumed In Key";"3";"5056"
"Ben Hauke";"I Kinda Missed It, Pt. 2 // We Want the Bag";"3";"5057"
"Seb Wildblood";"For Emotional Use Only";"1";"11520"
"Dub Syndicate";"No Bed Of Roses";"1";"11521"
"Trippin Jaguar";"Arecibo";"2";"6977"
"Roderic";"It All Depends";"18";"765"
"Guts";"paradise for all";"2";"6978"
"Jon Kennedy";"HA!";"4";"3952"
"The Herbaliser";"Very Mercenary";"5";"3217"
"Backini";"Threads";"1";"11522"
"Protassov";"Innocence";"1";"11523"
"Degiheugi";"Endless Smile";"2";"6979"
"The Spy from Cairo";"Nafas";"1";"11524"
"Scratch Bandits Crew";"Stereo 7";"1";"11525"
"Nubiyan Twist";"Freedom Fables";"2";"6980"
"Marco Kleebauer";"Never Be Yours (Dub)";"1";"11526"
"Da Break";"Da Break";"5";"3218"
"Big Thief";"Dragon New Warm Mountain I Believe in You";"4";"3953"
"Axel Boman";"Quest for fire";"32";"340"
"Deepside Ludovic Navarre";"From Detroit To St Germain (The Complete Series For Connoisseurs)";"3";"5058"
"Wet Leg";"Wet Leg";"1";"11527"
"The Maccabees";"Colour It In";"1";"11528"
"Miret";"Paloma + Remixes";"11";"1453"
"Axel Boman";"LUZ";"89";"66"
"Girma Hadgu";"Ethiopiques, Vol. 4: Ethio Jazz 1969-1974";"2";"6981"
"Robbie Basho";"Live in Forlì, Italy 1982";"2";"6982"
"Leo Nocentelli";"Another Side";"2";"6983"
"Novalima";"Inside the Dance, Vol. 3";"1";"11529"
"Alsarah & The Nubatones";"Inside the Dance, Vol. 3";"1";"11530"
"Yukicito";"Inside the Dance, Vol. 3";"1";"11531"
"Poirier";"Inside the Dance, Vol. 3";"1";"11532"
"Yør Kultura";"Vlucht";"2";"6984"
"Aera";"Line of Conception";"1";"11533"
"Seed Ensemble";"Driftglass";"1";"11534"
"Potatohead People";"Nick & Astro's Guide To The Galaxy";"5";"3219"
"Digital Afrika";"Heart of Drums";"9";"1814"
"Peggy Gou";"I Go (Remixes)";"1";"11535"
"Spaniol";"Steinblume";"1";"11536"
"Werkha";"Beauty & The Bloc";"1";"11537"
"Andrew Bird";"Underlands";"2";"6985"
"Olof Dreijer";"Echoes From Mamori";"6";"2707"
"Taylor McFerrin";"Early Riser";"3";"5059"
"Grupo Bahia";"Ya Se Liberó";"2";"6986"
"Ms. Lauryn Hill";"Queen & Slim: The Soundtrack";"1";"11538"
"Ms. Lauryn Hill";"Guarding The Gates (From ""Queen & Slim: The Soundtrack"")";"1";"11539"
"Duval Timothy";"Fall Again";"1";"11540"
"Mark de Clive-Lowe";"The Silk Road";"1";"11541"
"Mark de Clive-Lowe";"Heritage II";"1";"11542"
"Miles Davis";"Nefertiti (Expanded Edition)";"2";"6987"
"Sault";"Untitled (Black Is)";"22";"561"
"Melanie Charles";"Trill Suite, No.1 (Daydreaming | Skylark)";"2";"6988"
"Orchestre Tout Puissant Marcel Duchamp";"We're OK. But We're Lost Anyway.";"4";"3954"
"Sirens Of Lesbos";"SOL";"1";"11543"
"Para One";"SPECTRE: Machines of Loving Grace";"1";"11544"
"Bibio";"A Mineral Love";"1";"11545"
"Ben Hauke";"Turn It On";"17";"824"
"Alex Izenberg";"Sorrows Blue Tapestry";"10";"1620"
"Werkha";"All Werk Is Play";"30";"365"
"Sexy Lazer";"Mr. Lava Lava";"9";"1815"
"Charlotte Adigéry";"Topical Dancer";"157";"21"
"Sawako";"Planetary Music : Tokyo Yoga Sleep Meditation 001";"1";"11546"
"Omni Gardens";"Moss King";"2";"6989"
"Kelly Lee Owens";"LP.8";"5";"3220"
"Skrillex";"Butterflies (with Starrah & Four Tet)";"1";"11547"
"Harvey Sutherland";"Boy";"1";"11548"
"Mildlife";"Live from South Channel Island";"30";"366"
"Dexter Story";"Feel Recordings Volume 1";"10";"1621"
"David Walters";"Nocturne";"122";"35"
"Endel";"Pastoral Journey";"7";"2331"
"David Walters";"Soleil Kréyol";"15";"979"
"Red Hot Chili Peppers";"Unlimited Love";"12";"1307"
"Bolis Pupul";"Neon Buddha";"15";"980"
"Bolis Pupul";"Wèi? / Teknow";"10";"1622"
"Lambert";"Open";"1";"11549"
"All Day Breakfast Cafe";"Old School Struggling";"1";"11550"
"Lonnie Holley";"National Freedom";"8";"2034"
"Warpaint";"Radiate Like This";"49";"194"
"Common Saints";"Idol Eyes";"5";"3221"
"Anthony Joseph";"The rich are only defeated when running for their lives";"1";"11551"
"Pasteur Lappe";"We, the People";"1";"11552"
"Jacob Groening";"Kanun";"11";"1454"
"Actress";"Karma & Desire";"1";"11553"
"K15";"Tomorrow's Promise";"3";"5060"
"Lauren Ritter";"Particles of Sound";"1";"11554"
"WhoMadeWho";"UUUU (&ME Remix)";"1";"11555"
"bastien keb";"Pasadena";"1";"11556"
"Cool Maritime";"Big Earth Energy";"6";"2708"
"Sofie Royer";"Cult Survivor";"11";"1455"
"Shabaka";"Afrikan Culture";"6";"2709"
"Mathew Jonson";"Blurry Remixes";"1";"11557"
"Mathew Jonson";"Repeating Pattern, Numbers And Letters";"1";"11558"
"Kendrick Lamar";"good kid, m.A.A.d city";"56";"166"
"Alex Izenberg";"I'm Not Here";"4";"3955"
"OG Keemo";"Mann beisst Hund";"13";"1187"
"Payfone";"Sofian";"8";"2035"
"Islandman";"Bahar";"70";"114"
"Maria Chiara Argirò";"Forest City";"5";"3222"
"Donald's House";"The Final Front Ear";"1";"11559"
"Andrew Bird";"Make a Picture";"3";"5061"
"Kimyan Law";"Xylo";"2";"6990"
"Johannes Klingebiel";"Warenhaus";"3";"5062"
"Auntie Flo";"Ma";"1";"11560"
"Kornél Kovács";"KK Remixes";"2";"6991"
"Haiyti";"Lobby";"1";"11561"
"Yør Kultura";"Rebolledo / DJ Ground / Yør Kultura Reworks";"3";"5063"
"XOA";"Program Change";"4";"3956"
"Moritz von Oswald Trio";"Dissent Remixes (feat. Laurel Halo)";"9";"1816"
"Violetta Parisini";"Flatterndes Herz";"1";"11562"
"Souleance";"Guili Guili";"2";"6992"
"Dj Divo";"Butterfly Ballet";"7";"2332"
"Chloé (Thévenin)";"Night Rider (Roman Flügel Remix)";"1";"11563"
"Bonfante";"Aldeapolis";"1";"11564"
"Nu";"Farsi";"1";"11565"
"Barry Can't Swim";"Can We Still Be Friends?";"4";"3957"
"Jean Carn";"Jean Carne Jid012";"3";"5064"
"Moritz von Oswald Trio";"Dissent (feat. Laurel Halo)";"8";"2036"
"Heinrich Kobberling";"Kobberling, Heinrich: Sonnenschirm";"8";"2037"
"Lady Zu";"DIVERSOS";"9";"1817"
"Carlinhos Trompete";"DIVERSOS";"7";"2333"
"Luís Vagner";"DIVERSOS";"7";"2334"
"Tony Bizarro";"DIVERSOS";"8";"2038"
"Toni Tornado";"DIVERSOS";"7";"2335"
"HAAi";"Baby, We're Ascending";"2";"6993"
"Name UL";"Choice(s)";"1";"11566"
"King Ghazi Presents Abu Sayah";"Houran & Shamaleh";"1";"11567"
"Islandman";"VAUS 2 - Random Colletive Records";"1";"11568"
"SEBASTIEN CASANOVA";"Cloudy Others";"6";"2710"
"Y E L A G U A";"Urban Cosmonaut Reveries";"1";"11569"
"Yom";"With Love";"1";"11570"
"Elektro Hafız";"Disko Hafıza / Ali Rodrigez";"16";"899"
"Loli Molina";"Los Andes";"1";"11571"
"Paulo Coração";"Caminho Coração";"1";"11572"
"Junior Mendes";"Copacabana Sadia";"1";"11573"
"Serginho Meriti";"Bons Momentos";"1";"11574"
"Anacy Arcanjo";"Onda De Amor: Synthesized Brazilian Hits That Never Were (1984-94)";"1";"11575"
"Rival Consoles";"Them Is Us";"15";"981"
"Felix Laband";"Dark Days Exit";"3";"5065"
"Emancipator";"Baralku";"1";"11576"
"Nu";"GOLD";"1";"11577"
"Joaquín Cornejo";"The Dogon Orchestra";"1";"11578"
"Dope Lemon";"Home Soon";"1";"11579"
"Hidden Orchestra";"Night Walks";"3";"5066"
"Kokoroko";"Age Of Ascent";"2";"6994"
"Kenneth Bager";"All I Want is You";"14";"1070"
"Nicola Cruz";"Surface Tension";"1";"11580"
"Landhouse";"Femergy";"2";"6995"
"Ezra Collective";"Victory Dance";"1";"11581"
"UJI";"Kinto";"2";"6996"
"Adam Port";"Forms Of Love";"7";"2336"
"Glue Trip";"Tempo Presente";"1";"11582"
"MILJON";"Can I See You Tonight (Young Marco Remix)";"1";"11583"
"Solomun";"Nobody Is Not Loved, Remixes, Pt. 2";"1";"11584"
"Moby";"Natural Blues (Max Cooper Remix)";"1";"11585"
"Great Time";"Sounds Like ____ [Vol. 3]";"1";"11586"
"Ego Ella May";"The Morning Side of Love";"2";"6997"
"Katalyst";"Juneteenth";"12";"1308"
"GoGo Penguin";"The Antidote Is in the Poison";"1";"11587"
"Phoebe Killdeer and the Short Straws";"innerquake";"1";"11588"
"Brock Berrigan";"Four Walls and an Amplifier";"1";"11589"
"Altin Gün";"Goca Dünya";"1";"11590"
"Hooverphonic";"A New Stereophonic Sound Spectacular";"1";"11591"
"I Monster";"Dear John EP";"1";"11592"
"Andy Shauf";"The Party";"1";"11593"
"Hedflux";"Kin";"1";"11594"
"Khruangbin";"A Calf Born In Winter";"3";"5067"
"Gramatik";"SB2";"1";"11595"
"Niklas Paschburg";"Tuur mang Welten";"12";"1309"
"Still Corners";"Strange Pleasures";"2";"6998"
"Santi & Tuğçe";"A Twice Told Tale - Reworks Chapter I";"1";"11596"
"Monkey Marc";"As The Market Crashed";"1";"11597"
"Michael Nau";"Mowing";"1";"11598"
"Stimming";"Alpe Lusia";"1";"11599"
"Trinity FM";"Elephants & Astronauts EP";"1";"11600"
"Benoît Pioulard";"Hymnal (Remixes)";"1";"11601"
"The Bongo Hop";"Satingarona, Vol. 1";"1";"11602"
"Emancipator";"Dusk to dawn";"1";"11603"
"Ólöf Arnalds";"Innundir Skinni";"1";"11604"
"DJ Double";"Minimal Selection";"1";"11605"
"01001101";"Yellow Flowers";"1";"11606"
"Ricardo Villalobos";"Salvador";"16";"900"
"Cesar Merveille";"Maayancholy";"2";"6999"
"Mathew Jonson";"Typerope EP";"1";"11607"
"STL";"At Disconnected Moments";"12";"1310"
"Reboot";"Shunyata";"1";"11608"
"Moritz von Oswald";"Cocoon Compilation J";"2";"7000"
"Rhadoo";"Dor Mit Oru";"2";"7001"
"Sampology";"Regrowth";"25";"475"
"Up, Bustle and Out";"The Breeze Was Mellow";"12";"1311"
"I Monster";"Neveroddoreven";"3";"5068"
"Brandon Coleman";"Interstellar Black Space";"7";"2337"
"Batbait";"In Fiction";"4";"3958"
"Zé Roberto";"Lotus 72 D";"1";"11609"
"Washed Out";"Paracosm";"17";"825"
"Elvis Presley";"Blue Hawaii";"2";"7002"
"Louis Armstrong";"What A Wonderful World";"1";"11610"
"Axel Thesleff";"Bad Karma";"1";"11611"
"Tame Impala";"Borderline (Blood Orange Remix)";"2";"7003"
"Sepalot";"A New Cycle";"1";"11612"
"Frankey & Sandrino";"Acamar EP";"3";"5069"
"Fka Mash";"Watergate 27 EP #1";"9";"1818"
"Washed Out";"Life of Leisure";"2";"7004"
"Gorillaz";"Humanz (Deluxe)";"1";"11613"
"Akofa Akoussah";"Akofa Akoussah";"7";"2338"
"Anushka";"Yemaya";"1";"11614"
"Brittany Howard";"Jaime (Reimagined)";"1";"11615"
"Stringtronics";"Tropicola";"1";"11616"
"Mamman Sani";"Unreleased Tapes 1981-1984";"5";"3223"
"Petter Eldh";"Koma West";"1";"11617"
"Clark";"Playground In A Lake";"1";"11618"
"Makers";"Don’t Challenge Me / You’re Shy";"1";"11619"
"Pole";"Fading";"13";"1188"
"Aldorande";"Aldorande";"4";"3959"
"Nicola Cruz";"Sun Gaze II";"7";"2339"
"Philip Ackowsky";"Walking on the Clouds (Remixes)";"2";"7005"
"Kronotrope";"Life Saving Dance Music, Vol. 12";"1";"11620"
"Stephen Disario";"Perfect Circuit";"2";"7006"
"Rozi Plain";"Silent Fan";"1";"11621"
"SW.";"The Album";"2";"7007"
"Jason Peters";"Lost in Space";"5";"3224"
"Massimiliano Pagliara";"Nothing Stays in One Place for Long";"1";"11622"
"Rage Against the Machine";"Rage Against The Machine - XX (20th Anniversary Special Edition)";"1";"11623"
"Rage Against the Machine";"The Battle of Los Angeles";"2";"7008"
"Daniel Kehlmann";"Die Vermessung der Welt (Ungekürzte Lesung)";"1";"11624"
"Loli Molina";"Al Sur";"14";"1071"
"Loli Molina";"Rubí";"1";"11625"
"Martín Buscaglia";"El Evangelio Según Mi Jardinero";"1";"11626"
"Aca Seca Trio";"Trino";"1";"11627"
"Tour-Maubourg";"Paradis artificiels";"42";"250"
"Mitski";"Love Me More (Clark Remix)";"1";"11628"
"Charles Webster";"Decision Time";"1";"11629"
"Ian Simmonds";"The Brunswick Variations";"1";"11630"
"The Detroit Escalator Co.";"Excerpts";"1";"11631"
"Blanka";"Flares";"2";"7009"
"Don Melody Club";"Pure Donzin";"1";"11632"
"Space Farm";"Egyptology 0.5";"1";"11633"
"Golden Bug";"Piscolabis";"1";"11634"
"Fred und Luna";"Im Element (UFO Hawaii Streichholz Mix)";"9";"1819"
"La Chica";"La Loba";"2";"7010"
"Arooj Aftab";"Vulture Prince (Deluxe Edition)";"1";"11635"
"Wayward";"Sapphire Eyes";"1";"11636"
"Yalnayak";"Binboğa";"11";"1456"
"Bloom Bat";"Dawn";"1";"11637"
"QUINQUIS";"SEIM";"1";"11638"
"Rhi";"The Pale Queen";"3";"5070"
"Tinariwen";"Alkhar Dessouf (Zeid Hamdan Remix)";"1";"11639"
"Marengo";"Ritmo Fantasía: Balearic Spanish Synth-Pop, Boogie And House (1982-1992)";"1";"11640"
"Ibeyi";"Spell 31";"1";"11641"
"Greg Foat";"The Dreaming Jewels";"1";"11642"
"John Roberts";"Glass Eights";"1";"11643"
"space echo";"Come Back Home (Prins Thomas Diskomiks)";"1";"11644"
"Melé";"Talkin' Drums";"2";"7011"
"Sudan Archives";"NBPQ (Topless)";"24";"503"
"Jaded";"Pancake (Feat. Ashnikko)";"8";"2039"
"Wu-Lu";"LOGGERHEAD";"1";"11645"
"Romare";"Quiet Corners Of My Mind";"29";"389"
"The Diasonics";"Origin of Forms";"6";"2711"
"McCoy Tyner";"Echoes Of A Friend";"1";"11646"
"YokoO";"Elements # 01";"7";"2340"
"Francis Harris";"Leland Remixes, Vol. 1";"7";"2341"
"Kate Simko";"Kabuki Drop EP";"2";"7012"
"Triorität";"ALG0";"3";"5071"
"Leifur James";"Sirens";"3";"5072"
"Ghetto Priest";"Late Night Tales Presents Version Excursion Selected by Don Letts";"8";"2040"
"Rosinha De Valencia";"Brazilian Beats 2 (Mr. Bongo presents)";"1";"11647"
"Immersion";"Nanocluster, Vol .1";"1";"11648"
"Conclave";"All That I Need (Photay Remixes)";"5";"3225"
"Akasha";"Cinematique";"11";"1457"
"WOOM";"Walk";"1";"11649"
"Freestyle Man";"Moabit";"22";"562"
"Klangkarussell";"Netzwerk";"1";"11650"
"Alabaster Deplume";"GOLD";"3";"5073"
"Ruby Goon";"Cold Wind";"2";"7013"
"Surprise Chef";"The Positive and the Negative";"1";"11651"
"Wau Wau Collectif";"Yaral Sa Doom";"21";"609"
"Superpitcher";"Lonely Lover";"19";"708"
"Nailah Hunter";"Forest Dark";"12";"1312"
"Lucien Johnson";"Wax /// Wane";"1";"11652"
"Elijah Minnelli";"SLATS";"1";"11653"
"Eduardo Castillo";"Afro Balearic EP";"11";"1458"
"El Michels Affair";"Yeti Season (Deluxe Version)";"13";"1189"
"Geju";"Easy Tiger";"13";"1190"
"Paula Tape";"Body Nature";"10";"1623"
"Pale Jay";"The Celestial Suite";"6";"2712"
"Shawn Lee's Ping Pong Orchestra";"Rocket Ship";"2";"7014"
"Facta";"Blush";"2";"7015"
"Brainstory";"Ripe";"5";"3226"
"Derya Yıldırım & Grup Şimşek";"Hastane Önü";"2";"7016"
"Guy Contact";"Drinking From The Mirage";"2";"7017"
"Febueder";"RE-ETCHED";"1";"11654"
"Greentea Peng";"MAN MADE";"28";"407"
"Prefuse 73";"Vocal Studies + Uprock Narratives";"4";"3960"
"Matt Berry";"Like Stone (Moon Duo Remix)";"1";"11655"
"Eric Hilton";"Infinite Everywhere";"2";"7018"
"Stimming x Lambert";"Positive - Piano Visions";"3";"5074"
"Etran de L'AÏr";"Agadez";"2";"7019"
"Astrid Engberg";"Tulpa";"8";"2041"
"Crimewave";"Disposable";"4";"3961"
"Bright & Findlay";"Slow Dance";"2";"7020"
"Irreversible Entanglements";"Open the Gates";"3";"5075"
"DJ Cam";"Tropical Gypsy";"30";"367"
"Mar Seck";"Vagabonde (From Super Cap-Vert to Number One, Unreleased recordings 1969-1980)";"1";"11656"
"You'll Never Get to Heaven";"Wave Your Moonlight Hat for the Snowfall Train";"1";"11657"
"Roman Flügel";"Happiness Is Happening";"1";"11658"
"Superpitcher";"lush life";"11";"1459"
"Lindstrøm";"Real Life Is No Cool";"1";"11659"
"Auntie Flo";"Shruti Dances";"8";"2042"
"Gorillaz";"Song Machine, Season One: Strange Timez (Deluxe)";"80";"87"
"Barbara Keith";"Barbara Keith";"3";"5076"
"Wu-Tang Clan";"Legend Of The Wu-Tang: Wu-Tang Clan's Greatest Hits";"1";"11660"
"Peppe Nastri";"Something For Your Mind";"2";"7021"
"The Cactus Channel";"Stay A While";"1";"11661"
"Channo";"Vertebrae";"1";"11662"
"Shute";"Stay Home";"1";"11663"
"Tōth";"Practice Magic And Seek Professional Help When Necessary";"1";"11664"
"mindchatter";"Imaginary Audience";"31";"351"
"Holy Hive";"Holy Hive";"2";"7022"
"Marcoca";"Silent Struggles";"2";"7023"
"Neil Frances";"There Is No Neil Frances";"16";"901"
"Oracle Sisters";"The Dandelion";"1";"11665"
"Richard Houghten";"Sailing Through Rainbows of Sound";"1";"11666"
"J Lloyd";"Beato Classico";"1";"11667"
"Tor";"Oasis Sky";"5";"3227"
"Coco";"COCO";"2";"7024"
"Freak Slug";"Radio";"1";"11668"
"Desmond Cheese";"Peace & Quiet";"5";"3228"
"Orions Belte";"Slim";"1";"11669"
"Saint Jude";"saint jude";"1";"11670"
"Alice Phoebe Lou";"Glow";"1";"11671"
"Hector Gachan";"Untitled '91";"1";"11672"
"Common Saints";"Summer Sun";"1";"11673"
"Tōth";"You and Me and Everything";"3";"5077"
"Blue Material";"Blue Blood";"1";"11674"
"Will Van Horn";"A Horse Named Zelda";"1";"11675"
"Model Man";"Model Man";"1";"11676"
"Saint Jude";"Deaf Ears, Blind Years";"1";"11677"
"Adrian Younge";"Katalyst JID013";"1";"11678"
"Katalyst";"Katalyst JID013";"6";"2713"
"Dargz";"Happiness";"13";"1191"
"okvsho";"Orange Wine";"162";"19"
"Jazzbois";"Jazzbois Goes Blunt II";"13";"1192"
"Ebi Soda";"Ugh";"6";"2714"
"Nduduzo Makhathini";"In The Spirit Of Ntu";"1";"11679"
"Amanda Whiting";"Lost in Abstraction";"5";"3229"
"Gianni Brezzo";"Tutto Passa";"5";"3230"
"Immanuel Wilkins";"The 7th Hand";"27";"424"
"Move 78";"Follow the Earworm / Hectic As...";"24";"504"
"Inner Wave";"Schemin";"1";"11680"
"Quelle Chris";"Sudden Death";"2";"7025"
"bastien keb";"Organ Recital";"1";"11681"
"José González";"Swing EP";"1";"11682"
"Carthnage";"Alf Leila we Leila · Lamman Galo";"2";"7026"
"Bassekou Kouyate";"Miri";"53";"181"
"Kek'star";"Revolution not Be Televised";"10";"1624"
"Àbáse";"Laroyê";"62";"140"
"Shay Hazan";"Reclusive Rituals";"8";"2043"
"Tosca";"Osam";"31";"352"
"Felipe Gordon";"A Landscape Onomatopeya";"39";"268"
"Islandman";"Betrayal";"1";"11683"
"Islandman";"Karavan Sessions (Live)";"1";"11684"
"Felipe Gordon";"Superimposition";"8";"2044"
"CRÁNEO";"RUBIK";"3";"5078"
"Felipe Gordon";"Wait on Me EP";"10";"1625"
"Felipe Gordon";"Socorro & Jüpiter";"3";"5079"
"Felipe Gordon";"Highly Smooth Tone (Edit)";"1";"11685"
"Felipe Gordon";"On Birdland";"1";"11686"
"Funki Porcini";"On";"25";"476"
"Cookiee Kawaii";"Vanice";"1";"11687"
"Inji";"GASLIGHT";"1";"11688"
"Ark Patrol";"Let Go";"1";"11689"
"Madonna";"Frozen";"1";"11690"
"Kokoroko";"Could We Be More";"149";"25"
"Docx";"I8";"1";"11691"
"Athletic Progression";"Athletic Progression";"112";"45"
"Dargz";"Lou's Tune";"4";"3962"
"Laura Misch";"Playground";"5";"3231"
"Yaya Bey";"Remember Your North Star";"8";"2045"
"Barney Artist";"93";"1";"11692"
"Dargz";"Hold On, Pt.2";"1";"11693"
"40 Winks";"Field Recordings";"7";"2342"
"Jonny Trunk";"The Inside Outside";"1";"11694"
"Roy of the Ravers";"2 LATE 4 LOVE";"1";"11695"
"Skinshape";"Sua Alma (Manny Talvez & Alӕ Remix)";"2";"7027"
"Butch Cassidy Sound System";"Butches Brew";"2";"7028"
"Kibrom Birhane";"Here And There";"211";"6"
"Reginald Omas Mamode IV";"Stand Strong";"4";"3963"
"A. Billi Free";"Holy Body Roll";"19";"709"
"Portico Quartet";"Next Stop";"1";"11696"
"Kyoto Jazz Massive";"Message From A New Dawn";"3";"5080"
"Tirzah";"Highgrade";"5";"3232"
"International Soleil Band";"Ta Lassa";"12";"1313"
"Knowsum";"Knowsum's Fantastic Loop Machine";"6";"2715"
"Remulak";"Drifting";"1";"11697"
"Ikebe Shakedown";"The Beast / Road Song";"2";"7029"
"Joe Corfield";"Grey Kimono";"1";"11698"
"Glass Animals";"Waterfalls Coming Out Your Mouth (Clap! Clap! Remix)";"1";"11699"
"Say She She";"Norma";"2";"7030"
"Suzanne Ciani";"@0 EP1";"2";"7031"
"Jean Sibelius";"Sibelius";"1";"11700"
"Superpitcher";"The Golden Ravedays 1";"1";"11701"
"Superpitcher";"Kilimanjaro";"1";"11702"
"Superpitcher";"So Far So Super";"24";"505"
"Floating Points";"Grammar";"2";"7032"
"Eraan";"ORTHODOX";"1";"11703"
"Scrimshire";"Nothing Feels Like Everything";"10";"1626"
"NeTam";"Yabani";"3";"5081"
"Overmono";"Cash Romantic";"2";"7033"
"Dorothy Ashby";"The Rubáiyát of Dorothy Ashby";"8";"2046"
"SPARKLE DIVISION";"To Feel Embraced";"1";"11704"
"The Deadbeats";"Got It Going On Remixes";"2";"7034"
"Pachyman";"The Return of…";"4";"3964"
"ishmael ensemble";"Tunnels";"2";"7035"
"Eva Geist";"Urban Monogamy";"1";"11705"
"Sofie Birch";"Humidity";"2";"7036"
"Sessa";"Estrela Acesa";"28";"408"
"Tstewart";"elysian";"7";"2343"
"Jesper Ryom";"Beaches";"21";"610"
"Deadbeat";"LPs 2002-2005";"6";"2716"
"Monophonics";"Sage Motel";"9";"1820"
"Hannah Holland";"Tectonic";"3";"5082"
"Mkwaju Ensemble";"Computer Incarnations For World Peace III";"2";"7037"
"Damiano von Erckert";"LOVE BASED MUSIC.";"7";"2344"
"Neue Grafik Ensemble";"Foulden Road Part II";"1";"11706"
"Charles Stepney";"Step On Step";"9";"1821"
"Barda";"Canto Rodado";"2";"7038"
"Magdy Al Hussainy";"Habibi Funk: An Eclectic Selection of Music from the Arab World (Part 2) (Habibi Funk 015)";"5";"3233"
"Vieux Farka Touré";"Savanne";"2";"7039"
"Saint Petersburg Disco Spin Club & Lipelis";"Can't You See Me";"21";"611"
"BALTHVS";"Cause & Effect";"1";"11707"
"Blockhead";"Space Werewolves Will Be the End of Us All";"1";"11708"
"Little Dragon";"New Me, Same Us";"136";"28"
"Neil Frances";"Show Me The Right";"4";"3965"
"Bobby Oroza";"Get On The Otherside";"5";"3234"
"Timbaland";"Tim's Bio (International Version)";"1";"11709"
"Prince Jammy";"Uhuru In Dub";"1";"11710"
"Risco Connection";"Ain't No Stopping us Now & Chapter Three";"1";"11711"
"Wayne Snow";"Red Runner EP";"1";"11712"
"Prince";"Purple Rain (Deluxe Expanded Edition)";"1";"11713"
"Emancipator";"Mountain of Memory (Remixes)";"4";"3966"
"Rezident";"Reflection";"12";"1314"
"Nomas";"FG Top 10: August 2021";"2";"7040"
"Ko Shin Moon";"Antelias";"6";"2717"
"Ko Shin Moon";"Miniature 1";"22";"563"
"Brian Tyler";"Battle: Los Angeles (Original Motion Picture Soundtrack)";"1";"11714"
"Little Dragon";"Frisco";"19";"710"
"Ahmed Malek";"Musique originale de films (Habibi Funk 003)";"8";"2047"
"Ranil";"Ranil y su Conjunto Tropical (Analog Africa Dance Edition No. 11)";"6";"2718"
"Dombrance";"Giscard d'Estaing";"1";"11715"
"Derya Yıldırım & Grup Şimşek";"Kar Yağar";"1";"11716"
"Fyfe";"Spirographs";"1";"11717"
"Szun Waves";"Earth Patterns";"1";"11718"
"⣎⡇ꉺლ༽இ•̛)ྀ◞ ༎ຶ ༽ৣৢ؞ৢ؞ؖ ꉺლ";"()vȯ)) ̷̨ʅ(۝ʅ(Ɵʅ():::()̵̳̗̊(Ɵʅ()vȯ)) ̷̨ʅ";"10";"1627"
"⣎⡇ꉺლ༽இ•̛)ྀ◞ ༎ຶ ༽ৣৢ؞ৢ؞ؖ ꉺლ";"ʅ͡͡͡͡͡͡͡͡͡͡͡(ƟӨ)ʃ͡͡͡͡͡͡͡͡͡͡ ꐑ(ཀ ඊູ ఠీੂ೧ູ࿃ूੂ✧ළඕั࿃ूੂ࿃ूੂੂ࿃ूੂළඕั✧ı̴̴̡ ̡̡͡|̲̲̲͡ ̲̲̲͡͡π̲̲͡͡ ɵੂ≢࿃ूੂ೧ູఠీੂ ඊູཀ ꐑ(ʅ͡͡͡͡͡͡͡͡͡͡͡(ƟӨ)ʃ͡͡͡͡͡͡͡͡͡͡";"6";"2719"
"⣎⡇ꉺლ༽இ•̛)ྀ◞ ༎ຶ ༽ৣৢ؞ৢ؞ؖ ꉺლ";")✧⃛*";"7";"2345"
"⣎⡇ꉺლ༽இ•̛)ྀ◞ ༎ຶ ༽ৣৢ؞ৢ؞ؖ ꉺლ";"・✧(๑ඕัළ*.。 * ̈°。";"3";"5083"
"Pantha du Prince";"Gymnopédie No. 3 [Pantha du Prince Rework (FRAGMENTS / Erik Satie)]";"2";"7041"
"Romare";"Walking In The Rain";"26";"446"
"Mr. Ho";"HOMEBOYS";"1";"11719"
"Echt!";"INWANE";"1";"11720"
"⣎⡇ꉺლ༽இ•̛)ྀ◞ ༎ຶ ༽ৣৢ؞ৢ؞ؖ ꉺლ";"҉.·.·* ́ ̈.·*:・✧๑ඕั ҉";"1";"11721"
"Helena Hauff";"Discreet Desires";"1";"11722"
"Round";"Glass / Float";"2";"7042"
"Pavel Dovgal";"The Aura";"7";"2346"
"Jay Daniel";"Broken Knowz";"4";"3967"
"Fort Romeau";"Insides";"1";"11723"
"Modica";"Broccoli affogati";"1";"11724"
"Francis Harris";"Minutes of Sleep";"19";"711"
"Illum Sphere";"Glass";"1";"11725"
"Pole";"Grauer Sand";"1";"11726"
"Pional";"When Love Hurts";"1";"11727"
"Mark Barrott";"Sketches From An Island 2";"4";"3968"
"Efdemin";"DJ-Kicks (Mount Kimbie) [DJ Mix]";"3";"5084"
"Pearson Sound";"Raindrops";"1";"11728"
"Manu Dibango";"African Voodoo";"1";"11729"
"Robohands";"Violet";"12";"1315"
"Chip Wickham";"The Hit";"1";"11730"
"Retromigration";"Debris";"1";"11731"
"Yussef Dayes";"The Yussef Dayes Experience Live at Joshua Tree (Presented by Soulection)";"2";"7043"
"Connie Han";"The Gallû Pursuit";"1";"11732"
"Takuya Kuroda";"Midnight Crisp";"8";"2048"
"Robben Ford";"Sentimental Mode";"1";"11733"
"Jean-Pierre Como";"You Don't Know What Love Is";"1";"11734"
"Glimlip";"Birds of Rocky Point";"1";"11735"
"Swindle";"Miss Kane";"1";"11736"
"Kansas Smitty's";"Face in the Crowd";"8";"2049"
"Walt Weiskopf";"European Quartet: Diamonds and Other Jewels";"1";"11737"
"June Chikuma";"Something Is Technically Wrong";"1";"11738"
"Steven Cooper";"Key West Afternoon";"5";"3235"
"Julianna Barwick";"Nepenthe";"1";"11739"
"Upper Astral";"Crystal Cave (Back To Atlantis)";"5";"3236"
"Peter Winnipeg";"Blood Moon";"5";"3237"
"Goldwash";"Flat Earth Surf Club";"1";"11740"
"clayjay";"Leave No Trace";"1";"11741"
"Fhin";"Trauma";"1";"11742"
"Sarathy Korwar";"Utopia Is A Colonial Project";"1";"11743"
"Dougie Stu";"Henny (Resavoir Remix)";"2";"7044"
"Web Web";"Worshippers";"5";"3238"
"Brothers Of My Uncle";"Saucy Experiments";"2";"7045"
"Kinkajous";"Hidden Lines";"2";"7046"
"Katalyst";"Nine Lives";"2";"7047"
"Marcos Resende";"Marcos Resende & Index";"1";"11744"
"Anna Butterss";"Activities";"2";"7048"
"Melissa Aldana";"12 Stars";"1";"11745"
"Bonus Points";"The Match";"4";"3969"
"The Zenmenn";"Enter The Zenmenn";"4";"3970"
"Kifu Mitsuhashi";"Shakuhachi / The Ballads of the Mountain";"2";"7049"
"Lucrecia Dalt";"No tiempo";"2";"7050"
"Skeleten";"Walking On Your Name";"1";"11746"
"Space Dimension Controller";"Love Beyond The Intersect";"3";"5085"
"Daniel Ögren";"Fastingen -92";"11";"1460"
"AcidSlop";"Forever Is a Dollar";"7";"2347"
"Group Listening";"Clarinet & Piano: Selected Works, Vol. 2";"2";"7051"
"Slow Rotation Inc";"Slow Rotation Inc";"22";"564"
"Deantoni Parks";"Virtual Self";"2";"7052"
"Kikagaku Moyo";"Kumoyo Island";"24";"506"
"Harold Al Souk";"Nagila Redingoted";"9";"1822"
"44th Move";"44th Move";"2";"7053"
"FYI Chris";"Black Dragon Loop";"1";"11747"
"Nubiyan Twist";"The Remixes";"1";"11748"
"Sefi Zisling";"Welcome Sunset";"10";"1628"
"Jack J";"Opening the Door";"4";"3971"
"COUSIN KULA";"Double Dinners";"4";"3972"
"Rejoicer";"Voodoo at Home";"2";"7054"
"Pachakuti";"Semilla";"1";"11749"
"Javier Santiago";"ReBirth - EP";"5";"3239"
"Athletic Progression";"Dark Smoke";"1";"11750"
"Plastikman";"Consumed";"5";"3240"
"Train";"Drops of Jupiter";"1";"11751"
"Lipphead";"In The Nude";"7";"2348"
"Mindy Meng Wang 王萌";"Body of Water (What Is Love) 一线之间 [Tim's Alt Mix]";"1";"11752"
"Ezéchiel Pailhès";"Oh !";"2";"7055"
"Various artists (15)";"Deviation Classics";"49";"195"
"Ada";"Moon Rider EP";"11";"1461"
"MadOne";"Reconstructing the Universe";"1";"11753"
"Klein Zage";"The Sayers";"11";"1462"
"Moonfish";"Mahi Mahi";"1";"11754"
"The Movers";"The Movers,Vol. 1 - 1970-1976 (Analog Africa No. 35)";"24";"507"
"KMRU";"Logue";"1";"11755"
"Orlando Weeks";"Hop Up";"2";"7056"
"Stella Chiweshe";"Ambuya! (Remastered)";"2";"7057"
"Lion's Drums";"Kagabas";"1";"11756"
"Sam Gendel";"Uroko (鱗, fish scales)";"1";"11757"
"Klein Zage";"Womanhood EP";"1";"11758"
"Four Tet";"Mango Feedback";"4";"3973"
"Sudan Archives";"Selfish Soul";"1";"11759"
"Alabaster Deplume";"Peach";"2";"7058"
"Anderson .Paak";"Venice";"8";"2050"
"Francis Harris";"Leland";"3";"5086"
"United Freedom Collective";"1994";"4";"3974"
"United Freedom Collective";"MERCY";"8";"2051"
"The Suffers";"The Suffers";"14";"1072"
"Falle Nioke";"Leywole (Edit)";"1";"11760"
"Ol' Burger Beats";"Daybreaks";"1";"11761"
"Gorillaz";"New Gold (feat. Tame Impala and Bootie Brown)";"1";"11762"
"Mark Hawkins";"DJ-Kicks (Will Saul) [Mixed Tracks]";"1";"11763"
"Second Storey";"DJ-Kicks (Will Saul) [Mixed Tracks]";"1";"11764"
"Kassem Mosse";"Workshop 08";"2";"7059"
"Soccer96";"Dopamine";"13";"1193"
"Booka Shade";"Movements";"90";"61"
"Metro Area";"Metro Area (15th Anniversary Edition)";"27";"425"
"Branko Mataja";"Sreo Sam Te";"1";"11765"
"Tony Palkovic";"Born With A Desire";"3";"5087"
"Robert Slap";"Mystic Memories";"3";"5088"
"Bonobo";"ATK";"18";"766"
"Mim Suleiman";"Poa";"1";"11766"
"Koreless";"Joy Squad / Primes (Facta & K-Lone and Parris Remixes)";"1";"11767"
"Charbonneau / Amato";"Synth Works Vol.2";"1";"11768"
"Elmiene";"Golden";"1";"11769"
"Eiko Ishibashi";"Drive My Car Original Soundtrack";"2";"7060"
"Chevals";"Afterparty";"1";"11770"
"Jack Chrysalis";"Jack Chrysalis";"1";"11771"
"Upper Astral";"Valley Of The Sun: Field Guide To Inner Harmony";"3";"5089"
"Kikagaku Moyo";"Masana Temples";"2";"7061"
"Sudan Archives";"Natural Brown Prom Queen";"24";"508"
"Paulor";"Velvet Desert Music, Vol. 1";"1";"11772"
"Jordan De La Sierra";"Valentine Eleven";"5";"3241"
"Ernest Hood";"Bedroom of the Absent Child";"1";"11773"
"O'Flynn";"You Need Me";"6";"2720"
"Sterling Grove";"Wake Up (Nuage Remix)";"1";"11774"
"Barry Can't Swim";"More Content";"40";"264"
"Moomin";"For Willow";"5";"3242"
"BongBeck";"Winter Sleep EP";"1";"11775"
"Ben Böhmer";"Begin Again";"2";"7062"
"Duke Boara";"Rain";"1";"11776"
"Jacana People";"Amaya";"1";"11777"
"Sau Poler";"Blooms";"10";"1629"
"Max Cooper";"Reflect";"10";"1630"
"Brutalist";"South Street";"1";"11778"
"Christian Löffler";"Ronda";"1";"11779"
"Loure";"Westside Movements";"17";"826"
"Stereoclip";"Echoes";"1";"11780"
"Christian Löffler";"Parallels: Shellac Reworks By Christian Löffler";"1";"11781"
"Sunflwr";"what i remember of san francisco";"2";"7063"
"Sunflwr";"kawamurra";"9";"1823"
"Mndsgn";"Snaxx";"4";"3975"
"Jadu Heart";"Hyper Romance";"1";"11782"
"Little Dragon";"Drifting Out EP";"1";"11783"
"Free Nationals";"Free Nationals";"5";"3243"
"Ginny Reilly";"Wayfaring Strangers: Ladies From The Canyon";"8";"2052"
"Ginny Reilly";"Oh, Reilly!";"2";"7064"
"Ginny Reilly";"Doodleedoin'";"2";"7065"
"Ginny Reilly";"Ginny Reilly Sings Bessie Smith";"1";"11784"
"Mukhtar Ramadan Idii";"Mogadisco - Dancing Mogadishu (Somalia 1972 - 1991) [Analog Africa No.29]";"2";"7066"
"United Future Organization";"JAZZIN’";"2";"7067"
"Flanger";"Midnight Sound";"3";"5090"
"Hania Rani";"Abu Simbel (Hania Rani Invalides Version)";"1";"11785"
"Moin";"Moot!";"1";"11786"
"Fila Brazillia";"Power Clown";"1";"11787"
"Duval Timothy";"Help";"7";"2349"
"Kapitan";"Alaska";"1";"11788"
"Dam Swindle";"The Break Up (Emma-Jean Thackray Remix - Edit)";"13";"1194"
"Laraaji";"Celestial Vibration";"1";"11789"
"Charlotte Day Wilson";"Take Care of You / Summertime";"1";"11790"
"column";"a year in your garden";"1";"11791"
"Sweatson Klank";"Yves Klein Blue";"2";"7068"
"Buddy Love";"Pleasure (Now & Forever)";"1";"11792"
"Romaal Kultan";"One Moment Please";"1";"11793"
"Pépe";"Aerial";"2";"7069"
"A Mountain of One";"STAR";"6";"2721"
"Frankie Reyes";"Originalitos";"7";"2350"
"John Haycock";"In a Bloopy Mood";"2";"7070"
"Stan Forebee";"Day Walk";"5";"3244"
"The Breed";"Moony";"3";"5091"
"yeyts.";"Caliber";"1";"11794"
"Athletic Progression";"Canteen Culture";"8";"2053"
"VBND";"Daughter of the Sun";"2";"7071"
"Mothra";"Removement";"6";"2722"
"Boztown";"The Interlude of the Sun";"1";"11795"
"Frenic";"Return: Monomyth, Pt.3";"1";"11796"
"Blood Orange";"Angel's Pulse";"1";"11797"
"Maple Syrup";"Barça";"7";"2351"
"Suff Daddy";"Basically Sober";"2";"7072"
"Joe Corfield";"Ko-Op 2 - EP";"1";"11798"
"okvsho";"Kamala's Danz";"16";"902"
"Spaze Windu";"Garigue";"3";"5092"
"Pachakuti";"Juego de Olas";"4";"3976"
"DJ Harrison";"Stashboxxx";"7";"2352"
"S. Fidelity";"Fidelity Radio Club";"96";"54"
"Duan Wasi";"Laid Back Perspectives";"1";"11799"
"Felbm";"Tape 1";"3";"5093"
"Oscar Jerome";"Breathe Deep";"2";"7073"
"Al Dobson Jr.";"Sounds from the Village, Vol. 2";"7";"2353"
"Arjuna Oakes";"First Nights";"4";"3977"
"okvsho";"Orange Wine Remixes";"4";"3978"
"Butcher Brown";"Butcher Brown Presents Triple Trey";"6";"2723"
"AJMW";"1994";"3";"5094"
"Burrito Brown";"Maple Syrup";"2";"7074"
"Figub Brazlevic";"EXPEDITion 100 Vol.1: Figub Hadzi-Jusuf";"4";"3979"
"Raul Lovisoni";"Prati Bagnati Del Monte Analogo";"6";"2724"
"Solomun";"Black Label #36";"5";"3245"
"Hidden Spheres";"Well Well";"6";"2725"
"Andras";"Embassy Cafe";"22";"565"
"Eddie C";"Wonderful Dub";"11";"1463"
"Brooke Nils";"Passion";"1";"11800"
"Tornado Wallace";"Trax 3 Lascivious Summer";"1";"11801"
"Metro Area";"Escape To Formentera";"2";"7075"
"Prins Emanuel";"Arbete/Fritid";"5";"3246"
"Lindstrøm";"I Feel Space";"3";"5095"
"Robert Slap";"Ascension To The All That Is";"1";"11802"
"Vieux Farka Touré";"Ali";"18";"767"
"Stan Forebee";"One Month Study Project, Vol. 2";"1";"11803"
"Carrtoons";"Homegrown";"28";"409"
"yeyts.";"seat back";"1";"11804"
"K, Le Maestro";"Gold";"1";"11805"
"yeyts.";"Linda Lawson";"3";"5096"
"Konteks";"Time for Two";"3";"5097"
"yeyts.";"Rubberband";"2";"7076"
"Stan Forebee";"Daydreams";"1";"11806"
"Pachakuti";"Aurora";"3";"5098"
"Die Antwoord";"Age Of Illusion";"2";"7077"
"Weval";"Changed for the Better";"3";"5099"
"Jimmy Whoo";"Motel Music Pt. III";"1";"11807"
"Sagans";"Coherence";"9";"1824"
"Alvin Curran";"Dead Beats";"1";"11808"
"Peter Kardas";"I Saw You";"3";"5100"
"Ricardo Villalobos";"Cocoon 100";"1";"11809"
"Booka Shade";"The Sun & The Neon Light";"1";"11810"
"Booka Shade";"More!";"1";"11811"
"Booka Shade";"Eve";"2";"7078"
"Simina Grigoriu";"Techno Monkey Remixed, Vol. 1: Paul Kalkbrenner Remix";"1";"11812"
"N O R M a L";"daytoday";"1";"11813"
"Telemakus";"The New Heritage";"1";"11814"
"Gianni Brezzo";"Hold Tight (Remixed)";"1";"11815"
"Hugo";"Pueblo";"1";"11816"
"Matt Quentin";"Skyline";"1";"11817"
"FloFilz";"Close Distance (Deluxe)";"3";"5101"
"Koralle";"Beat Kiosk";"2";"7079"
"Jake Milliner";"Did It Yesterday";"3";"5102"
"halfpastseven";"Train Ride";"2";"7080"
"The Breed";"Rocket Science";"2";"7081"
"Jon Kennedy";"14";"6";"2726"
"9 Lazy 9";"Sweet Jones";"7";"2354"
"The Herbaliser";"Remedies";"9";"1825"
"Jon Kennedy";"Useless Wooden Toys";"10";"1631"
"Cerrone";"Summer Lovin'";"1";"11818"
"O'Flynn";"Satyr";"3";"5103"
"London Grammar";"Hey Now EP";"2";"7082"
"DJ Seinfeld";"MIRRORS (REMIXED)";"19";"712"
"Barry Can't Swim";"Amor Fati";"4";"3980"
"Jon Kennedy";"Take My Drum to England";"7";"2355"
"Quantic";"Death Of The Revolution";"7";"2356"
"LP Giobbi";"All In A Dream";"2";"7083"
"Catching Flies";"Oi";"3";"5104"
"Little Dragon";"Opening The Door";"5";"3247"
"The Quantic Soul Orchestra";"Tropidélico";"7";"2357"
"Mount Kimbie";"MK 3.5: In Your Eyes & A Deities Encore | Q & Quartz";"2";"7084"
"DJ Cam";"Aquaverde";"17";"827"
"Iugou";"Tres";"2";"7085"
"Emancipator";"11th Orbit";"1";"11819"
"Sam Wilkes";"Perform the Compositions of Sam Wilkes & Jacob Mann";"4";"3981"
"Les Loups";"Elephant & Ivory (Vanilla's Version)";"1";"11820"
"Boozoo Bajou";"Höhensonne";"4";"3982"
"Tsha";"Giving Up";"1";"11821"
"Max Cooper";"Unspoken Words";"1";"11822"
"Clark";"Sparrow Arc Tall";"1";"11823"
"Seb Wildblood";"Keep On (SUCHI Remix)";"1";"11824"
"Lemongrass";"Soulshine";"2";"7086"
"Nosaj Thing";"Blue Hour";"1";"11825"
"Floating Points";"Problems";"6";"2727"
"Various artists (2)";"Nafs at Peace";"7";"2358"
"Kingsley Ibeneche";"Udo";"45";"223"
"Terence Etc.";"The Merchant of Flatbush";"1";"11826"
"Fresh Pepper";"Fresh Pepper";"3";"5105"
"Braxton Cook";"The Same";"1";"11827"
"Quinn Oulton";"Show Your Face";"1";"11828"
"Charlotte dos Santos";"Patience";"1";"11829"
"Lil Silva";"Yesterday is Heavy";"29";"390"
"Terence Etc.";"In Contemplation of Clair’s Scent";"1";"11830"
"Jerome Thomas";"Mood Swings, Vol. 1";"2";"7087"
"Lionel Boy";"Down at 8";"1";"11831"
"Rosa Cecilia";"Gold Chains";"1";"11832"
"Misha";"Imagination";"1";"11833"
"Kabwasa";"To Be A Star";"1";"11834"
"Eddie Chacon";"Holy Hell";"2";"7088"
"Satchy";"Warm Absence";"1";"11835"
"Harrison Lipton";"Speedracer";"1";"11836"
"Björk";"Fossora";"13";"1195"
"PVA";"Hero Man";"1";"11837"
"Coucou Chloe";"ONE";"1";"11838"
"Beth Orton";"Weather Alive";"1";"11839"
"Brijean";"Feelings";"1";"11840"
"Jai Paul";"Leak 04-13 (Bait Ones)";"1";"11841"
"Biig Piig";"Sunny";"2";"7089"
"Madison McFerrin";"You + I";"3";"5106"
"Yusef Lateef";"Eastern Sounds";"1";"11842"
"Joesef";"Think That I Don't Need Your Love";"1";"11843"
"Brijean";"Crushing on You";"1";"11844"
"Mereba";"AZEB - EP";"1";"11845"
"Caroline Rose";"Superstar";"1";"11846"
"duendita";"mind";"2";"7090"
"Brijean";"Walkie Talkie";"9";"1826"
"Mereba";"The Jungle Is The Only Way Out";"1";"11847"
"TOPS";"I Feel Alive";"31";"353"
"Thelonious Monk";"The Complete Riverside Recordings";"1";"11848"
"Wes Montgomery Trio";"The Wes Montgomery Trio";"1";"11849"
"Elmo Hope";"Trio And Quintet";"1";"11850"
"Charlie Parker Quartet";"Unheard Bird: The Unissued Takes";"1";"11851"
"Max Cooper";"Kindred";"1";"11852"
"Robag Wruhme";"Thora Vukk";"3";"5107"
"Frivolous";"Meteorology";"2";"7091"
"Moderat";"II";"1";"11853"
"Sau Poler";"Bercy";"15";"982"
"Romare";"Seventh Seal";"11";"1464"
"The Brkn Record";"The Architecture of Oppression, Pt. 1";"2";"7092"
"El Michels Affair";"Adult Themes";"1";"11854"
"Mount Kimbie";"MK 3.5: f1 racer & locked in | Zone 1 (24 Hours)";"1";"11855"
"Say She She";"Prism";"81";"86"
"Yaya Bey";"The Things I Can't Take With Me";"1";"11856"
"Pearl & the Oysters";"Canned Music";"1";"11857"
"Eats Everything";"Space Raiders (Charlotte de Witte Remix)";"5";"3248"
"YUNGMORPHEUS";"Distant Place";"3";"5108"
"The Comet Is Coming";"Hyper-Dimensional Expansion Beam";"1";"11858"
"tyroneisaacstuart";"Knees";"1";"11859"
"Me and My Friends";"Before I Saw The Sea";"2";"7093"
"FloFilz";"We See Things As We Are";"2";"7094"
"Lambert";"Cry Me A River";"1";"11860"
"Call Super";"Swallow Me";"1";"11861"
"NEU!";"4+1=5";"1";"11862"
"Surprise Chef";"Iconoclasts";"5";"3249"
"Upper Astral";"Manifestation";"1";"11863"
"Cybe";"Tropisch Verlangen";"7";"2359"
"Justin Martin";"Molokini (Seb Wildblood Remix)";"2";"7095"
"Dumbo Tracks";"Everybody Knows";"14";"1073"
"Chaos in the CBD";"Intimate Fantasy - EP";"8";"2054"
"Anna Calvi";"Hunter (Live at The Roundhouse)";"1";"11864"
"The Collective";"Black Queen";"1";"11865"
"Alexis Taylor";"Silence (Deluxe Edition)";"1";"11866"
"Pinty";"Pinty's House";"1";"11867"
"Kornél Kovács";"Get Goofy";"1";"11868"
"UJI";"Lunay";"1";"11869"
"Nick Hakim";"M1";"1";"11870"
"Workdub";"Workdub II";"1";"11871"
"Landhouse";"Flandor";"1";"11872"
"Johannes Klingebiel";"Flight (Prins Thomas Diskomiks)";"1";"11873"
"Spaniol";"Magic (Timboletti Remix)";"1";"11874"
"Skinshape";"Turn Away";"1";"11875"
"Maarja Nuut";"Tributaries Vol. 2";"1";"11876"
"Yellow Days";"Inner Peace";"1";"11877"
"Grandamme";"Holy Mountain";"2";"7096"
"O'Flynn";"Holsten";"10";"1632"
"Persian Empire";"Restaurant Bangkok";"1";"11878"
"Justin Martin";"Ruff Stuff (Melé Remix)";"1";"11879"
"Photay";"An Offering";"2";"7097"
"Mehmet Aslan";"Garden";"1";"11880"
"Barda";"Rama en el Río";"1";"11881"
"Josin";"Traveller (Lambert rework)";"1";"11882"
"Budjerah";"Ready For The Sky (Harvey Sutherland Remix)";"1";"11883"
"Daniel Avery";"Wall Of Sleep";"2";"7098"
"Avalon Emerson";"060";"1";"11884"
"Mary Lattimore";"Hundreds of Days";"4";"3983"
"Nicola Conte";"Nigeria / African Spirits (Remixes)";"6";"2728"
"A Forest Mighty Black";"Mellowdramatic";"4";"3984"
"DJ Cam Quartet";"Summer Breeze";"3";"5109"
"Boozoo Bajou";"Orfeu";"1";"11885"
"The Dining Rooms";"Turn To See Me";"1";"11886"
"Minus 8";"Elysian Fields";"1";"11887"
"DJ Cam";"Lost Found 2";"7";"2360"
"Boozoo Bajou";"Under My Sensi";"1";"11888"
"The Dining Rooms";"Tre";"3";"5110"
"Lord";"Lord & dego";"8";"2055"
"Freestyle Man";"Absorbent";"1";"11889"
"Nicola Conte";"Garota Moderna";"1";"11890"
"Boozoo Bajou";"Tiefer";"1";"11891"
"Shazz";"In The Light";"1";"11892"
"Gerardo Frisina";"Blue Latin";"2";"7099"
"DJ Cam Quartet";"Stay";"1";"11893"
"Boozoo Bajou";"A New Moanin'";"2";"7100"
"Nicola Conte";"Other Directions (Remastered and Unreleased Tracks)";"2";"7101"
"Minus 8";"Minuit";"3";"5111"
"Lemongrass";"Trust In Love";"4";"3985"
"Nicola Conte";"People Need People";"1";"11894"
"Gerardo Frisina";"Moving Ahead";"2";"7102"
"Barrio Jazz Gang";"Barrio Jazz Gang, Vol. 2";"2";"7103"
"Dumbo Tracks";"Information Overload";"1";"11895"
"Dumbo Tracks";"Always Something (Indra Dunis Vocal Edit)";"6";"2729"
"Σtella";"Up and Away";"54";"173"
"Boozoo Bajou";"Satta";"1";"11896"
"HEMAI";"Strange Beauty Instrumental";"1";"11897"
"K15";"The Black Tape";"6";"2730"
"Trüby Trio";"Elevator Music";"3";"5112"
"The Dining Rooms";"Subterranean Modern Vol. 1";"3";"5113"
"Nicola Conte";"Jet Sounds";"3";"5114"
"Greyboy";"15 Years of West Coast Cool";"1";"11898"
"Boozoo Bajou";"Grains";"1";"11899"
"Alina Bzhezhinska";"Afro Blue / Paris Sur Le Toit DJ Spinna Remix & Sly Johnson's Tagi Remix";"1";"11900"
"The Bahama Soul Club";"Havana ´58";"2";"7104"
"Boozoo Bajou";"Take It Slow (Mousse T. Remixes)";"1";"11901"
"Lemongrass";"Golden Touch";"1";"11902"
"Oscar Jerome";"The Spoon";"1";"11903"
"Kevin Yost";"Future Flashback Remixed";"19";"713"
"The Dining Rooms";"Numero Deux";"21";"612"
"Madison McFerrin";"Stay Away (From Me)";"2";"7105"
"Dzihan & Kamien";"99";"2";"7106"
"Gerardo Frisina";"Movement";"6";"2731"
"Clear Path Ensemble";"Solar Eclipse";"2";"7107"
"Luke Vibert";"Cold Krush Cuts";"1";"11904"
"Jamiroquai";"The Return Of The Space Cowboy (Remastered)";"1";"11905"
"Bomb the Bass";"Island Records Post Punk Box Set - Out Come The Freaks";"1";"11906"
"Ian Pooley";"Since Then. 2017";"5";"3250"
"Massive Attack";"Blue Lines (2012 Mix/Master)";"1";"11907"
"DJ Shadow";"Preemptive Strike";"1";"11908"
"Nightmares on Wax";"Smokers Delight (Digital Deluxe)";"1";"11909"
"Bonobo";"Animal Magic";"1";"11910"
"Coldcut";"Ninja Cuts - Funkjazztical Tricknology";"1";"11911"
"Kruder & Dorfmeister";"G-Stoned";"6";"2732"
"DJ Vadim";"Ninja Cuts - Flexistentialism";"1";"11912"
"David Holmes";"Let's Get Killed";"3";"5115"
"9 Lazy 9";"Ninja Cuts - Funkjazztical Tricknology";"1";"11913"
"DJ Cam";"Underground Vibes";"2";"7108"
"Kevin Yost";"One Starry Night";"4";"3986"
"Bonobo";"Defender";"13";"1196"
"Barry Can't Swim";"God Is The Space Between Us";"2";"7109"
"Redeyes";"Broken Soul";"1";"11914"
"The Kount";"Vignette";"2";"7110"
"Islandman";"Yorgunum Kaptan";"1";"11915"
"MA/SA";"It's Still About Time";"1";"11916"
"Say She She";"Blow My Mind";"1";"11917"
"Say She She";"Trouble";"1";"11918"
"Henry Wu";"Phone Call";"1";"11919"
"Cristobal Tapia de Veer";"The White Lotus (Soundtrack from the HBO® Original Limited Series)";"11";"1465"
"Cid Rim";"Behind The Sun";"1";"11920"
"Sons of Kemet";"Black to the Future";"1";"11921"
"Animali";"Mary D. Kay";"1";"11922"
"Pender Street Steppers";"Pender Street Steppers";"1";"11923"
"Salamanda";"Sphere";"5";"3251"
"The Vernon Spring";"Sidewalk 8";"2";"7111"
"Say She She";"It's Still About Time";"1";"11924"
"Les McCann";"Layers";"20";"652"
"Kaelin Ellis";"THE FUNK WILL PREVAIL";"3";"5116"
"Kamaal Williams";"Wu Hen";"66";"128"
"Unc D";"Toots";"1";"11925"
"STR4TA";"Aspects (Greg Wilson Mix)";"3";"5117"
"The Sure Fire Soul Ensemble";"Step Down";"2";"7112"
"Moods";"Music Ruined My Life";"21";"613"
"Otis McDonald";"London 1969";"2";"7113"
"Anthony Joseph";"Swing Praxis (Kaidi Tatham Remix)";"2";"7114"
"Unc D";"Toots (Radio Edit)";"1";"11926"
"Romare";"Fantasy";"39";"269"
"Nina Simone";"It Is Finished (Expanded Edition)";"1";"11927"
"New Cool Collective";"Yunikōn";"1";"11928"
"Yarni";"Pigna";"13";"1197"
"O'Flynn";"Shimmer";"28";"410"
"O'Flynn";"Oberyn / Spyglass";"5";"3252"
"Nina Simone";"I Put a Spell on You";"2";"7115"
"Byron the Aquarius";"Shall Not Fade: Denyl Brook (DJ Mix)";"4";"3987"
"Barry Can't Swim";"Shall Not Fade: Denyl Brook (DJ Mix)";"4";"3988"
"DJ Psychiatre";"Shall Not Fade: Denyl Brook (DJ Mix)";"5";"3253"
"O'Flynn";"TKOTN / Siberian Goose Down";"1";"11929"
"O'Flynn";"Glow Worm / Aloha Ice Jam";"4";"3989"
"Maajo";"Water Of Life";"16";"903"
"Ebo Taylor";"Yen Ara";"1";"11930"
"Hermanos Gutierrez";"Hijos Del Sol";"3";"5118"
"Move 78";"Keyword Salad";"1";"11931"
"Reuben Vaun Smith";"Sounds From The Workshop";"19";"714"
"Kazam";"Misterio";"1";"11932"
"Tristan De Liege";"Sabor (feat. Fabiano do Nascimento) [Kennebec Remix]";"2";"7116"
"Skinshape";"Nostalgia";"2";"7117"
"Jitwam";"Hey Papi";"5";"3254"
"Ancestral Elephants";"Infinitum";"2";"7118"
"Robohands";"Giallo";"3";"5119"
"Melodiesinfonie";"We Gonna Be Ok";"2";"7119"
"Desmond Cheese";"Just Melt";"1";"11933"
"Blundetto";"Good Good Things";"5";"3255"
"Asy";"Hona";"1";"11934"
"Barry Can't Swim";"Rah That's A Mad Question";"24";"509"
"Tilman";"Shall Not Fade: Denyl Brook (DJ Mix)";"4";"3990"
"Denyl Brook";"Shall Not Fade: Denyl Brook (DJ Mix)";"5";"3256"
"Cinthie";"Shall Not Fade: Denyl Brook (DJ Mix)";"2";"7120"
"Romeo Louisa";"Shall Not Fade: Denyl Brook (DJ Mix)";"2";"7121"
"Interstate";"Shall Not Fade: Denyl Brook (DJ Mix)";"2";"7122"
"Delinquent Habits";"Merry Go Round";"20";"653"
"Gravediggaz";"Adults Only Hip-Hop";"1";"11935"
"House of Pain";"House of Pain (Fine Malt Lyrics) [30 Years] [Deluxe Edition]";"1";"11936"
"Artifacts";"That's Them";"1";"11937"
"Apathy";"Where's Your Album?!!";"1";"11938"
"Snoop Dogg";"Hip Hop Originals";"1";"11939"
"Gasoline";"Journey into abstract hip hop";"2";"7123"
"Jeru the Damaja";"Wrath Of The Math";"1";"11940"
"Max Romeo";"Best Of";"1";"11941"
"Awon";"The Actual Proof";"1";"11942"
"Soulchef";"Good Vibes";"1";"11943"
"GZA/Genius";"Beneath The Surface";"1";"11944"
"Group Home";"Livin' Proof";"1";"11945"
"Chelsea Carmichael";"The River Doesn’t Like Strangers";"1";"11946"
"Sunflwr";"porco rosso";"1";"11947"
"Sunflwr";"lp trading sessions";"1";"11948"
"David Sylvian";"Gone To Earth (Remastered 2003)";"1";"11949"
"Chihei Hatakeyama";"Black swallow";"2";"7124"
"Tim Hecker";"Dropped Pianos";"1";"11950"
"William Basinski";"Melancholia";"3";"5120"
"Chihei Hatakeyama";"A Long Journey";"1";"11951"
"Axel Boman";"Velvet Pony Trax 11 part 2";"2";"7125"
"Brian Eno";"More Music for Films";"1";"11952"
"Jon Hopkins";"Monsters (Original Motion Picture Soundtrack)";"1";"11953"
"Ben Lukas Boysen";"Gravity";"1";"11954"
"Igluu";"Stutter EP";"5";"3257"
"Fred again..";"Actual Life (April 14 - December 17 2020)";"7";"2361"
"Felix Laband";"The Soft White Hand";"10";"1633"
"Kadhja Bonet";"Dear Gina";"1";"11955"
"Village Of The Sun";"First Light";"4";"3991"
"Harry Mack";"Contents Under Pressure";"1";"11956"
"Harry Mack";"Top 50 Omegle Bars, Vol. 2";"2";"7126"
"Traumer";"Gettraum 006";"5";"3258"
"Vril";"Anima Mundi";"16";"904"
"Bonobo";"Days to Come";"2";"7127"
"Emancipator";"Tangerine Sour";"1";"11957"
"DJ Krush";"Modern Mantra";"2";"7128"
"Ezra Collective";"Where I'm Meant To Be";"103";"47"
"Louis VI";"YONN MANMAN LATÉ (NIGHTMARES ON WAX REMIX)";"2";"7129"
"Jazz Liberatorz";"Fruit of the Past";"5";"3259"
"Emapea";"Reflection";"4";"3992"
"DJ Cam Quartet";"The Essential";"2";"7130"
"DJ Nu-Mark";"Blend Crafters, Vol. 1";"2";"7131"
"Oscar Jerome";"Aya & Bartholomew (Rework)";"1";"11958"
"Tony Allen";"Afrobeat Makers (Tony Allen Rhythms Revisited)";"1";"11959"
"Emapea";"Seeds, Roots & Fruits";"3";"5121"
"DJ Cam Quartet";"Rebirth of Cool";"5";"3260"
"Karmawin";"Rainy";"3";"5122"
"Mioclono";"Pell De Serp / Disobedience";"7";"2362"
"Seb Wildblood";"floor science";"1";"11960"
"DJ AMIGA";"Harunohi 432 Hz";"1";"11961"
"Daphni";"Cherry";"7";"2363"
"Elkka";"Harmonic Frequencies";"3";"5123"
"Djrum";"Forgetting EP";"4";"3993"
"Indian Wells";"Black Trees";"1";"11962"
"Floating Points";"Vocoder";"1";"11963"
"Teebs";"Ardour";"5";"3261"
"Maribou State";"Portraits Outtakes";"5";"3262"
"DJ Cam";"Lost & Found Compilation";"4";"3994"
"Bonobo";"Stay The Same";"1";"11964"
"Caribou";"Yeti";"1";"11965"
"Red Hot Chili Peppers";"Return of the Dream Canteen";"5";"3263"
"Brenda Lee";"Merry Christmas from Brenda Lee";"3";"5124"
"Vince Guaraldi Trio";"Charlie Brown Holiday Hits";"2";"7132"
"Nat King Cole";"The Christmas Song (Expanded Edition)";"6";"2733"
"Bing Crosby";"Bing Crosby - Christmas Classics";"3";"5125"
"Dean Martin";"A Winter Romance";"5";"3264"
"Frank Sinatra";"Christmas";"1";"11966"
"Perry Como";"A Perry Como Christmas";"4";"3995"
"Johnny Mathis";"I Only Have Eyes For You";"1";"11967"
"The Beach Boys";"Christmas With The Beach Boys";"1";"11968"
"Frank Sinatra";"A Jolly Christmas from Frank Sinatra";"2";"7133"
"Tony Bennett";"Snowfall: The Tony Bennett Christmas Album";"2";"7134"
"Judy Garland";"Meet Me in St. Louis";"1";"11969"
"Gene Autry";"Rudolph The Red Nosed Reindeer and other Christmas Classics";"2";"7135"
"Eartha Kitt";"The Essential Eartha Kitt";"1";"11970"
"The Ronettes";"A Christmas Gift for You From Phil Spector";"2";"7136"
"Ella Fitzgerald";"Ella Fitzgerald's Christmas (Deluxe Edition)";"1";"11971"
"John Denver";"A Christmas Together";"1";"11972"
"Perry Como";"Greatest Christmas Songs";"2";"7137"
"Harry Belafonte";"3 Originals";"1";"11973"
"José Feliciano";"Feliz Navidad";"2";"7138"
"Bing Crosby";"Bing's Gold Records - The Original Decca Recordings";"1";"11974"
"Eagles";"Please Come Home for Christmas / Funky New Year (2013 Remaster)";"2";"7139"
"Kay Starr";"A Capitol Christmas";"1";"11975"
"Etta James";"Twelve Songs Of Christmas";"1";"11976"
"Peggy Lee";"Christmas Carousel";"1";"11977"
"Shawn Mendes";"Wonder (Deluxe)";"1";"11978"
"Fluffy";"Christmas Lofi";"1";"11979"
"Alessia Cara";"Make It To Christmas";"1";"11980"
"Beloved Melodies";"Christmas Favourites on Piano";"2";"7140"
"David Schultz";"Christmas Piano, Vol. 2";"4";"3996"
"David Schultz";"Christmas Piano (Vol. 3)";"3";"5126"
"David Schultz";"Julmusik på piano (Vol. 2)";"2";"7141"
"Espen Gjelstad Gundersen";"Julestemning på piano";"2";"7142"
"David Schultz";"Christmas Piano (Vol. 5)";"4";"3997"
"Henry Smith";"Piano Christmas";"3";"5127"
"David Schultz";"Julmusik på piano";"6";"2734"
"David Schultz";"Christmas Piano (Vol. 4)";"5";"3265"
"Goldbæk";"a Christmas yet to come";"1";"11981"
"Adolphe Adam";"Home";"1";"11982"
"Elin Porsinger";"Christmas Piano Collection";"5";"3266"
"Michael Forster";"Christmas Piano Chill";"1";"11983"
"David Schultz";"Julklassiker på piano";"4";"3998"
"David Schultz";"Christmas Piano";"2";"7143"
"Traditional";"Christmas Portraits";"1";"11984"
"Chloe Flower";"Have Yourself A Merry Little Christmas";"1";"11985"
"Traditional";"O Tannenbaum";"1";"11986"
"Alexis Ffrench";"Have Yourself a Merry Little Christmas";"1";"11987"
"Three Good Reasons";"Christmas Piano Music";"1";"11988"
"Martin Doepke";"Piano Dreams - Peaceful Winter Moods";"1";"11989"
"The Hated";"Best Piece Of Shit Vol. 4";"2";"7144"
"Mike Franklyn";"Pie Dye";"1";"11990"
"Gold Panda";"The Work";"3";"5128"
"Ko Shin Moon";"Miniature I";"1";"11991"
"The Paradox";"Live at Montreux Jazz Festival";"1";"11992"
"Adrian Quesada";"Boleros Psicodélicos";"39";"270"
"Adrian Quesada";"Jaguar Sound";"3";"5129"
"80purppp";"Hex";"1";"11993"
"Post Malone";"Spider-Man: Into the Spider-Verse (Soundtrack From & Inspired by the Motion Picture)";"1";"11994"
"Lofi Temptation";"make you love me";"1";"11995"
"Ours Samplus";"Morning Sunset";"5";"3267"
"Ours Samplus";"Smile";"4";"3999"
"Ours Samplus";"Special Tropical";"4";"4000"
"Ours Samplus";"Isteri";"12";"1316"
"Ours Samplus";"Moose Head";"4";"4001"
"Ours Samplus";"One Day One Beat";"9";"1827"
"Ours Samplus";"Sleepy";"3";"5130"
"Ours Samplus";"Capture";"2";"7145"
"Karmawin";"Crossway";"3";"5131"
"Ours Samplus";"One Day One Beat, Vol. 2";"7";"2364"
"Ours Samplus";"Tour de manège, Vol. 1";"3";"5132"
"Ours Samplus";"Hip Hop Symposium, Vol. 1 (Spotlight, Guests)";"3";"5133"
"Ours Samplus";"Nosteke";"1";"11996"
"Moderator";"Funk for Food";"2";"7146"
"Clément Matrat";"Somethin' Jazzy";"1";"11997"
"Dafuniks";"Enter the Sideshow Groove";"2";"7147"
"Ouska";"Expressions";"2";"7148"
"a s t r o";"Wax";"1";"11998"
"Konteks";"If Only";"1";"11999"
"Emapea";"Zoning out Vol. 1";"1";"12000"
"Figub Brazlevic";"EXPEDITion 100, Vol.1: Figub Hadzi-Jusuf";"4";"4002"
"Moods";"Sincere";"1";"12001"
"Degiheugi";"Foreglow";"2";"7149"
"Boztown";"In Memory of Freedom";"1";"12002"
"Noflik";"Night Shift";"2";"7150"
"Wax Tailor";"Seize The Day";"1";"12003"
"The Geek x Vrv";"Btos, Vol. 4";"2";"7151"
"Q Funktion";"Like I Usually Do";"1";"12004"
"Pueblo Vista";"Latenite Joints 011";"1";"12005"
"Blazo";"Colors of Jazz";"1";"12006"
"Desmond Cheese";"Sunrise and Set";"2";"7152"
"Gyvus";"Venice";"1";"12007"
"FloFilz";"Letsoh";"1";"12008"
"mujo";"A Beauty";"1";"12009"
"Tabala";"Weaving Genres, Vol. 2: Extended Versions";"1";"12010"
"Morena";"Weaving Genres, Vol. 2: Extended Versions";"1";"12011"
"Golden Bug";"One Night Stands";"1";"12012"
"In Flagranti";"One Night Stands";"1";"12013"
"Akkan";"One Night Stands";"1";"12014"
"Middle Sky Boom";"One Night Stands";"1";"12015"
"Youkounkoun";"One Night Stands";"1";"12016"
"Niv Ast";"One Night Stands";"1";"12017"
"DESTIINO";"One Night Stands";"1";"12018"
"Ozzy";"One Night Stands";"1";"12019"
"Sebastopol";"One Night Stands";"1";"12020"
"Afriquoi";"fabric Presents Bonobo (DJ Mix)";"1";"12021"
"Superpitcher";"Superpitcher Meets Repeat Orchestra";"1";"12022"
"Bonobo";"Black Sands";"2";"7153"
"Fort Knox Five";"Hôtel Costes 7";"1";"12023"
"9 Lazy 9";"Paradise Blown";"7";"2365"
"Lack of Afro";"Music for Adverts";"1";"12024"
"Morcheeba";"Who Can You Trust? / Beats & B-Sides";"3";"5134"
"Nuages";"From Detroit To St Germain (The Complete Series For Connoisseurs)";"1";"12025"
"Nilüfer Yanya";"PAINLESS";"3";"5135"
"jamesjamesjames";"Shall Not Fade: Denyl Brook (DJ Mix)";"1";"12026"
"Marc Brauner";"Shall Not Fade: Denyl Brook (DJ Mix)";"1";"12027"
"Conor Harris";"Deep In Space";"1";"12028"
"Chaos in the CBD";"816 to Nunhead";"25";"477"
"Riohv";"Places I've Been";"1";"12029"
"Platania & Del Pra";"Sounds Good, Vol.164";"1";"12030"
"Echo Tanker";"Fetch the Flamingo";"1";"12031"
"Takuya Yamashita";"Daybreak";"1";"12032"
"Chaos in the CBD";"Constraints of Time Travel";"30";"368"
"FA.ded.AF";"Vol. 1";"7";"2366"
"Ismab Adis";"The Legacy";"1";"12033"
"Mr. Norman";"24 Hours instrumentals";"1";"12034"
"Lana Boleyn";"Hello";"1";"12035"
"Chez Damier";"Untitled E.P.";"1";"12036"
"Tyree";"Jack'd Volume 1";"1";"12037"
"Dinozone";"The Yearning Skerry";"1";"12038"
"FEATER";"Socialo Blanco";"1";"12039"
"Gene Six";"Storyline";"1";"12040"
"Wincent Kunth";"MDR 08";"1";"12041"
"Gym Tavo Magnum";"Crossfit Maximum Motivation";"1";"12042"
"Gean Ryon";"Eternal love";"1";"12043"
"FEATER";"Money";"2";"7154"
"Herbert";"Around the House (Special Edition)";"4";"4003"
"Takuya Yamashita";"Deneb Cygni";"1";"12044"
"Juri Tognazzi";"Lock Down Vol. 31";"1";"12045"
"DIGITAL HOPKINS";"By the Seaside";"1";"12046"
"Priori";"Your Own Power";"1";"12047"
"Luzzardi & Torosani";"Beautiful";"1";"12048"
"Patrice Scott";"Detroit Love Vol. 3 - Mixed by Waajeed";"1";"12049"
"Posthumanscape";"Quantum";"1";"12050"
"Russo & Fornara";"DJ Love Me 23";"1";"12051"
"Trey Awong";"My Soul Fades";"1";"12052"
"Hotaru Naru";"The Light";"1";"12053"
"Kamiji";"Life Is a Dream";"1";"12054"
"Scott Grain";"Signore";"1";"12055"
"Enhanced Culture";"Kush Mind Frame";"1";"12056"
"Jimin Bayden";"Peace Theory";"1";"12057"
"Peach";"Dead or Alive";"1";"12058"
"Sanya Rucker";"Back2Front (AI Music)";"1";"12059"
"Scardicchio & Ceo";"Beach Teenage Selection 2021";"1";"12060"
"Leeland Brunet";"Total Random (AI Music)";"1";"12061"
"Norm Talley";"Travlin";"1";"12062"
"KIM HUA";"Jim Fan";"1";"12063"
"Basilisk Matador";"Kerry Chapman";"1";"12064"
"Mister Cypha";"Up In Smoke";"1";"12065"
"Eduardo de la Calle";"The Methodical Machines";"1";"12066"
"Char Carr";"Cozy Things";"1";"12067"
"Donadi & Laboudallon";"SWAGGERING COMPILATION 2020";"1";"12068"
"Fred P";"DJ-Kicks (Motor City Drum Ensemble) [DJ Mix]";"1";"12069"
"Levon Vincent";"Love Technique";"1";"12070"
"Johnny D";"Walkman EP";"1";"12071"
"Marcial Prine";"Vibes (AI Music)";"1";"12072"
"Galactic";"MERCURY";"1";"12073"
"Mazzoleni & Praderi";"Quarantunes Vol, 14";"1";"12074"
"Shakeelrazu";"Discovering Love";"1";"12075"
"ETAL";"Betty Read";"1";"12076"
"Sny321";"Into It";"1";"12077"
"Mistee Stevens";"Blair Fullsurge";"1";"12078"
"Top Inner Circle";"Red flags";"1";"12079"
"Gerard Penister PhD";"Londa";"1";"12080"
"Sun Shrine";"Bright Idea";"1";"12081"
"acossa";"エレクトロ, Vol. 99 -Instrumental BGM- by Audiostock";"1";"12082"
"Clotop";"Life";"1";"12083"
"CCC DAO";"Shaman";"1";"12084"
"Dream 2 Science";"Dream 2 Science";"3";"5136"
"Pezzaioli & Tarnassi";"Quarantunes Vol, 85";"1";"12085"
"Pmpboy";"cold";"1";"12086"
"Murano & Platania";"AMIABLE MUSIC SELECTION 2020";"1";"12087"
"Drinkolino";"No Puedo Encontrar La Paz";"1";"12088"
"WarnedAndHistory";"No guarantees";"1";"12089"
"Dj Spastastikus";"Hop On";"1";"12090"
"Fred P";"Out All Night (4 AM Version)";"1";"12091"
"Yovavh";"Magnetic fields";"1";"12092"
"Ozed Half";"The Reason";"1";"12093"
"Dehboubi";"Strange Reality";"1";"12094"
"Bonez MC";"Palmen aus Plastik";"1";"12095"
"Wax Tailor";"Tales of the Forgotten Melodies";"1";"12096"
"Amon Tobin";"Permutation";"2";"7155"
"Little Dragon";"Ritual Union";"1";"12097"
"Guru Griff";"Apex";"2";"7156"
"The moon";"Dear Good Sun";"1";"12098"
"Jaeden Camstra";"Kids' Menu";"2";"7157"
"miscél";"One";"1";"12099"
"Guru Griff";"Nature Boi";"1";"12100"
"Billy Hammer";"bloom";"1";"12101"
"mt. fujitive";"Zzz..";"1";"12102"
".clouds";"beautiful morning";"1";"12103"
"AJMW";"Ninetyfour";"1";"12104"
"Kuranes";"Landslide";"1";"12105"
"Guru Griff";"Lifelines";"1";"12106"
"J.Folk";"Bittersweet Days a Week";"1";"12107"
".clouds";"apnea";"1";"12108"
"Desmond Cheese";"Visions";"4";"4004"
"isaintjames";"Luton";"1";"12109"
"twit one";"Venetian Blinds";"1";"12110"
"The Herbaliser";"Something Wicked This Way Comes";"1";"12111"
"Staysea";"Every cloud has a silver lining";"2";"7158"
"Kojey Radical";"Reason to Smile";"5";"3268"
"Enfant Sauvage";"Petrichor";"1";"12112"
"Kadhja Bonet";"For You (Many Selves Version)";"19";"715"
"Sarathy Korwar";"KALAK";"2";"7159"
"Romare";"Meditations on Afrocentrism";"2";"7160"
"Move 78";"Follow the Earworm";"3";"5137"
"Seb Wildblood";"do you feel it too?";"1";"12113"
"Weval";"Time Goes";"1";"12114"
"Monster Rally";"Botanica Dream";"3";"5138"
"HNNY";"Family";"3";"5139"
"Weval";"Forever";"1";"12115"
"Move 78";"Automated Improvisation";"3";"5140"
"Teebs";"Did It Again";"1";"12116"
"Session Victim";"Basic Instinct";"7";"2367"
"Photay";"Lexdray Mix - Welcome To Woodstock";"1";"12117"
"Rasco";"Thin Line";"9";"1828"
"Kev Brown";"I Do What I Do (Instrumentals)";"10";"1634"
"Bronze Nazareth";"Bronzestrumentals Vol. 1";"10";"1635"
"DJ Premier";"Beats That Collected Dust Vol. 1";"44";"230"
"Infamous Mobb";"DJ Hotday Present Lost & Unreleased Instrumentals";"6";"2735"
"DJ Premier";"Beats That Collected Dust Vol. 2";"30";"369"
"Misled Children";"Peoples Market";"2";"7161"
"Joe Goddard";"Electric Lines (Bonus Edition)";"1";"12118"
"Yusef Lateef";"Live at Ronnie Scott's: 15th January 1966";"1";"12119"
"J. Rawls";"The Hip-Hop Affect (Instrumentals)";"4";"4005"
"Large Professor";"Main Source (Instrumentals)";"10";"1636"
"O.C.";"Word...Life (Deluxe Edition)";"14";"1074"
"Masta Killa";"Therapy";"8";"2056"
"AZ";"Greatest Beats (Instrumentals)";"21";"614"
"Lord Finesse";"The Awakening [25th Anniversary (Remaster)]";"19";"716"
"Blaq Poet";"The Blaqprint: The Instrumentals";"3";"5141"
"Mobb Deep";"DJ Hotday Present Lost & Unreleased Instrumentals";"7";"2368"
"Panik";"Vinyl Edition Instrumentals";"5";"3269"
"Diamond D";"The Diam Piece Instrumentals";"15";"983"
"Sadat X";"Wild Cowboys II - EP";"8";"2057"
"Statik Selektah";"100 Proof (The Hangover) - The Instrumentals";"9";"1829"
"Marley Marl";"Re-Entry";"7";"2369"
"Diamond D";"Dat's That Shit! (An Exclusive Collection of Rare Instrumentals from the Dat Vault)";"6";"2736"
"Nas";"Halftime EP";"6";"2737"
"DJ Premier";"Hiphop Instrumentals Vol 3";"6";"2738"
"Black Moon";"Headz Ain't Redee";"8";"2058"
"Kool G Rap";"Naturally Born";"5";"3270"
"The Notorious B.I.G.";"Juicy / Unbelievable";"6";"2739"
"Black Moon";"I GOT CHA OPIN b/w REALITY (KILLING EVERY...)";"2";"7162"
"Supernatural";"Altitude - EP";"4";"4006"
"Royce da 5'9""";"Boom/Soldier's Story";"5";"3271"
"Cormega";"DJ Hotday Present Lost & Unreleased Instrumentals";"12";"1317"
"Mic Geronimo";"Masta I.C. - EP";"4";"4007"
"Grand Puba";"I See Dead People (feat. Lord Jamar of Brand Nubian & Rell) (12"")";"3";"5142"
"Mic Geronimo";"The Natural - EP";"5";"3272"
"50 Cent";"Outta Control";"6";"2740"
"Black Moon";"BUCK 'eM DOWN b/w MURDER MC's";"4";"4008"
"Pete Rock";"Petestrumentals - 10th Anniversary Expanded & Limited Edition";"6";"2741"
"Mood";"Karma - EP";"5";"3273"
"EPMD";"Serious B/w U Can't";"5";"3274"
"Erick Sermon";"The Funk Lord Instrumentals";"10";"1637"
"DJ Premier";"Instrumentals Vol 5";"5";"3275"
"KRS-One";"Outta Here EP";"3";"5143"
"Smif-n-Wessun";"Wrektime b/w K.I.M.";"5";"3276"
"Showbiz & A.G.";"Runaway Beats Instrumentals";"4";"4009"
"Sean Price";"Monkey Barz (Instrumentals)";"6";"2742"
"Snowgoons";"The Snowgoons Instrumentals";"7";"2370"
"Marco Polo";"Port Authority: Instrumentals";"6";"2743"
"MF DOOM";"Operation: Doomsday (Complete)";"4";"4010"
"Statik Selektah";"Statik Selektah Presents: Spell My Name Right (The Instrumentals)";"5";"3277"
"Rockwilder";"Rockstrumentals";"6";"2744"
"Will Sessions";"The Elmatic Instrumentals";"4";"4011"
"Souls of Mischief";"Tour Stories";"4";"4012"
"Nathan Fake";"Drowning in a Sea of Love";"1";"12120"
"Booka Shade";"Cut The Strings";"1";"12121"
"M.A.N.D.Y.";"Body Language (Danniel Selfmade Infamous Vision Edit)";"1";"12122"
"Recondite";"Hinterland";"1";"12123"
"Kollektiv Turmstrasse";"Rebellion der Träumer";"1";"12124"
"Paul Kalkbrenner";"Berlin Calling (The Soundtrack By Paul Kalkbrenner)";"1";"12125"
"Bailey";"Fire & Rain (Durante Remix)";"1";"12126"
"Funki Porcini";"Love Pussycats & Carwrecks";"1";"12127"
"The Herbaliser";"Blow Your Headphones";"2";"7163"
"Funki Porcini";"Fast Asleep";"4";"4013"
"DJ Cam";"Soulshine";"1";"12128"
"Dynamic Syncopation";"Dynamism";"2";"7164"
"DJ Cam";"90's";"4";"4014"
"Funki Porcini";"Le Banquet Cassio";"1";"12129"
"Nightmares on Wax";"A Word of Science";"3";"5144"
"Blockhead";"The Art of the Sample";"1";"12130"
"Thievery Corporation";"The Richest Man in Babylon";"1";"12131"
"Wildcookie";"The Wildcookie Cookie Dough Instrumentals";"5";"3278"
"DJ Vadim";"USSR Repertoire / The Theory Of Verticality";"1";"12132"
"DJ Cam";"Seven";"2";"7165"
"Nightmares on Wax";"In A Space Outta Sound";"2";"7166"
"Greentea Peng";"Top Steppa V2 (feat. Nightmares On Wax)";"1";"12133"
"Nightmares on Wax";"Smokers Delight";"2";"7167"
"Nightmares on Wax";"Carboot Soul";"1";"12134"
"Nightmares on Wax";"Thought So…";"1";"12135"
"Nightmares on Wax";"Mind Elevation";"2";"7168"
"Nightmares on Wax";"Re-Imagineering Meditation Mix";"5";"3279"
"Ko Shin Moon";"Miniature 2";"6";"2745"
"Ladi6";"Back to Mine: Nightmares on Wax";"1";"12136"
"Nightmares on Wax";"N.O.W. IS THE TIME";"1";"12137"
"Danilo Plessow";"Raw Cuts #3";"1";"12138"
"Wayne Snow";"Freedom TV";"6";"2746"
"Morcheeba";"Who Can You Trust?";"1";"12139"
"Boards of Canada";"The Campfire Headphase";"2";"7169"
"Major Force Productions";"MAJOR FORCE RARE TRACKS";"1";"12140"
"Cathetus b";"Cute Ghost (Freak'n Chill Out)";"1";"12141"
"Joy";"Joyride";"11";"1466"
"Ol' Burger Beats";"Loft";"1";"12142"
"Vladimir Rokovic";"BURKA";"3";"5145"
"Capt. Raelene Gibbard";"Theatrical Patriot";"3";"5146"
"Venus the Viper";"Treasure Mephistopheles";"1";"12143"
"Tickles the Turkey";"Gracie Robinson";"2";"7170"
"Klubbheads";"Klubbhopping";"1";"12144"
"Watcher Vulcan";"Glorious Boy Scout";"1";"12145"
"Quantic";"An Announcement To Answer";"1";"12146"
"Joy";"Feel My Heartbeat";"1";"12147"
"Harper Williams";"Jess Powell";"1";"12148"
"Cathetus b";"Hearts";"1";"12149"
"Aqualite";"Waveforms";"1";"12150"
"Thornato";"Escape plan";"1";"12151"
"COEO";"Mydonna";"9";"1830"
"dreamcastmoe";"Liquid Deep";"1";"12152"
"Conclave";"All That I Need (Photay Remix)";"8";"2059"
"Dabeull";"Intimate Fonk";"3";"5147"
"Stimulator Jones";"Cupcakes";"1";"12153"
"Ivan Conti";"Katmandu (Jazzanova Remix)";"1";"12154"
"Les Sins";"DJ-Kicks (Moodymann) [DJ Mix]";"3";"5148"
"Al Dobson Jr.";"Rye Lane Vol. 1";"14";"1075"
"Stimulator Jones";"La Mano";"2";"7171"
"Salami Rose Joe Louis";"Zdenka 2080";"4";"4015"
"mar-feliz";"morning mood";"1";"12155"
"Chaos in the CBD";"Subterranean Storm";"1";"12156"
"Mista Savona";"Havana Meets Kingston";"1";"12157"
"Papi Churro";"El Clásico";"14";"1076"
"Chaos in the CBD";"Zona Del Silencio";"1";"12158"
"Chaos in the CBD";"Higher Elevation";"3";"5149"
"Chaos in the CBD";"DeLorean Dreams";"1";"12159"
"Red Axes";"Flawless";"14";"1077"
"United Freedom Collective";"Space Intention";"5";"3280"
"Mademoiselle Sabah";"A La Luna";"10";"1638"
"United Freedom Collective";"Am Ta EP";"36";"301"
"Derya Yıldırım & Grup Şimşek";"Bal";"15";"984"
"Wolfgang Amadeus Mozart";"Mozart: Piano Sonatas Nos. 11 & 12";"1";"12160"
"N-Gynn";"Gottwax EP4";"15";"985"
"Mademoiselle Sabah";"Le Soleil";"1";"12161"
"Mademoiselle Sabah";"Hope";"1";"12162"
"Mademoiselle Sabah";"Everybody";"1";"12163"
"Sofia Kourtesis";"La Perla";"1";"12164"
"Move D";"Compost Black Label #14";"8";"2060"
"Galcher Lustwerk";"Information (Redacted)";"6";"2747"
"Laurence Guy";"Kojak - EP";"6";"2748"
"Project Pablo";"I Want To Believe";"1";"12165"
"Mano Le Tough";"Changing Days";"1";"12166"
"Nicola Conte";"African Spirits / Tribes (Fred P Interpretation)";"6";"2749"
"United Freedom Collective";"Manifest Bliss";"2";"7172"
"Bay Ledges";"Ritual";"4";"4016"
"Tristan De Liege";"A Light For Dark Moments";"1";"12167"
"Guohan";"Lost Sound Book";"32";"341"
"Ben Marc";"Glass Effect";"89";"67"
"Beanfield";"Beanfield";"3";"5150"
"Supergombo";"Le rêve de kovacks";"6";"2750"
"United Freedom Collective";"Even The Very Wonder Was Coloured";"30";"370"
"Weval";"Everything Went Well";"2";"7173"
"Karnaval Blues";"You Come With The Rain";"1";"12168"
"Mozez";"Nothing (Jon Kennedy Version)";"1";"12169"
"daste.";"Same as It Ever Was";"1";"12170"
"Kenny Beats";"LOUIE";"1";"12171"
"Duñe";"Hundred Fifty Roses";"6";"2751"
"Dargz";"Dough";"1";"12172"
"FACESOUL";"YSRA";"5";"3281"
"St. Panther";"Problems";"1";"12173"
"Nikitch";"Jowa";"18";"768"
"izy";"Irene";"1";"12174"
"Elder Island";"Swimming Static Remixed";"1";"12175"
"Dargz";"Freedom of Choosin";"2";"7174"
"mindchatter";"Gilligan Moss (Deluxe Edition)";"1";"12176"
"Kirby";"Black Leaves";"19";"717"
"Tsha";"Capricorn Sun";"1";"12177"
"Yaya Bey";"exodus the north star";"1";"12178"
"FACESOUL";"THROUGH THE DARK - A COLORS SHOW";"1";"12179"
"Tep No";"Finding Sounds";"2";"7175"
"cero ismael";"AS MUCH AS YOU DID BEFORE";"1";"12180"
"Palm Skin Productions";"Other Times";"3";"5151"
"Jones";"Around (feat. Nardeydey)";"1";"12181"
"Aaron Taylor";"Ebbs and Flows";"1";"12182"
"GAIDAA";"Figures";"2";"7176"
"Collard";"Brown";"1";"12183"
"Gotts Street Park";"Summer Breeze";"1";"12184"
"Aaron London";"Do For Love (Extended Version)";"1";"12185"
"Pale Jay";"By The Lake";"1";"12186"
"Leisure";"Mesmerised (Sumac Dub Remix)";"20";"654"
"Kaitlyn Aurelia Smith";"You Already Know (Pivot Signal Rework)";"1";"12187"
"Retiree";"Coming Together";"1";"12188"
"ishmael ensemble";"New Era";"2";"7177"
"Ella Grace";"Reverence";"23";"532"
"Neil Frances";"High";"1";"12189"
"Kutiman";"Darkness In My Light";"1";"12190"
"Dargz";"Nobody (Like You)";"1";"12191"
"Berlioz";"nyc in 1940";"4";"4017"
"okaywill";"Tomorrow";"2";"7178"
"Andrew Bird";"Never Fall Apart";"2";"7179"
"The Natural Yogurt Band";"Braille, Slate & Stylus";"15";"986"
"Vega Trails";"Tremors in the Static";"7";"2371"
"Amanda Whiting";"After Dark";"1";"12192"
"Sven Wunder";"Mosaic";"1";"12193"
"Marijus Aleksa";"As They Are";"2";"7180"
"Joshua Idehen";"I Got You Every Step of the Way (For Leone Ross)";"14";"1078"
"David Naegele";"Temple in the Forest";"76";"98"
"John Carroll Kirby";"Septet";"9";"1831"
"Laraaji";"Koto";"4";"4018"
"Braxton Cook";"Who Are You When No One is Watching?";"38";"282"
"Ruby Rushton";"Trudi's Songbook, Vol. 1";"3";"5152"
"Tom Doolie";"Train Tales";"1";"12194"
"Sidibe";"Diamond in the Desert";"1";"12195"
"Underground Canopy";"Bluestaeb and S. Fidelity Present Underground Canopy";"8";"2061"
"Greg Spero";"Careless (Tiny Room Sessions)";"1";"12196"
"MXXWLL";"SHEEESH";"1";"12197"
"Sam Wills";"Breathe";"1";"12198"
"Javier Santiago";"Phoenix";"1";"12199"
"Taylor McFerrin";"Love's Last Chance";"2";"7181"
"Flwr Chyld";"Flow";"1";"12200"
"Michael Benedikt";"Sunday Groove";"1";"12201"
"Marcus Strickland";"Revive Music Presents Supreme Sonacy (Vol. 1)";"1";"12202"
"Anomalie";"Galerie";"1";"12203"
"Greg Spero";"Organized Crime";"1";"12204"
"Bongeziwe Mabandla";"Mangaliso";"2";"7182"
"Morgan Szymanski";"Music for the Moon and the Trees";"1";"12205"
"David Naegele";"Dreamscapes";"3";"5153"
"John D. Curnow";"Northern Wilderness";"2";"7183"
"Laraaji";"All Pervading";"1";"12206"
"Guohan";"City of the Sun and Moon";"2";"7184"
"Gianni Brezzo";"Centric";"1";"12207"
"Contour";"Weight";"2";"7185"
"Cktrl";"Robyn";"8";"2062"
"Lexx";"New Affinity";"1";"12208"
"Silvan Strauss";"FACING";"3";"5154"
"Dego";"The Negative Positive";"1";"12209"
"Move 78";"Hal Wandered Off";"2";"7186"
"Harold Budd";"Ambient 2: The Plateaux Of Mirror (Remastered 2004)";"1";"12210"
"William Basinski";"Selva Oscura";"1";"12211"
"Boards of Canada";"Geogaddi";"1";"12212"
"Patrick Hunt";"Mona Lisa";"1";"12213"
"Holy Hydrogen";"Gravitons";"1";"12214"
"Felix Laband";"We Know Major Tom's A Junkie (Frivolous Remix)";"1";"12215"
"Toro y Moi";"Anything In Return (Instrumentals)";"12";"1318"
"Marcos Valle";"Previsão Do Tempo";"1";"12216"
"Hudson People";"Trip To Your Mind";"17";"828"
"Deepspace";"Superradiance";"2";"7187"
"Theo Croker";"BY THE WAY";"2";"7188"
"Rayana Jay";"Love Me Like";"1";"12217"
"Greentea Peng";"Greenzone 108";"3";"5155"
"Kenny Beats";"Last Words (Extended Edit)";"1";"12218"
"King Canyon";"King Canyon";"1";"12219"
"Arjuna Oakes";"Final Days";"19";"718"
"Tora";"A Force Majeure";"1";"12220"
"Arjuna Oakes";"Future Lullaby";"1";"12221"
"Chet Faker";"It Could Be Nice";"1";"12222"
"Common Saints";"Starchild";"1";"12223"
"Robert Slap";"The Eternal OM";"2";"7189"
"Los Bitchos";"Pah!";"1";"12224"
"Flow Sadico";"Mi Chinita";"2";"7190"
"Les Amazones d'Afrique";"Dogon (JO BISSA Remix)";"2";"7191"
"Coladera";"A Luz De Yayá";"1";"12225"
"Krak In Dub";"Catleya (Bogotá Sessions)";"2";"7192"
"Andrea Benini";"Drumphilia Vol. 1";"13";"1198"
"Barry Can't Swim";"Sunsleeper";"16";"905"
"Estrada Poznańska";"Alpaka Song";"1";"12226"
"The Rural Alberta Advantage";"Plague Dogs";"1";"12227"
"Evan Klar";"Figure It out B Side";"1";"12228"
"Moglii";"Tu y Yo";"1";"12229"
"The Wiseguys";"Executive Suite";"1";"12230"
"Leroy Hutson";"Hutson II";"21";"615"
"Willie Wright";"Telling The Truth";"1";"12231"
"Joan Bibiloni";"El Sur";"6";"2752"
"Willie Bobo";"Hell Of An Act To Follow";"15";"987"
"Fatback Band";"Yum Yum";"4";"4019"
"La Tromba";"Palenque Palenque: Champeta Criolla & Afro Roots in Colombia 1975-91";"1";"12232"
"Joe Bataan";"Anthology";"2";"7193"
"Gwen McCrae";"Together";"2";"7194"
"Cloud One";"Atmosphere Strut";"2";"7195"
"Sharon Revoal";"Reaching For Our Star b/w Run Between The Raindrops (While My Teardrops Fall)";"4";"4020"
"Christy Essien";"One Understanding";"5";"3282"
"Split Decision Band";"Watchin' Out";"3";"5156"
"Tim Maia";"Disco Club";"7";"2372"
"Nohelani Cypriano";"Lihue";"4";"4021"
"Archie Whitewater";"Archie Whitewater";"1";"12233"
"Barbara St Clair";"Teacherman";"2";"7196"
"Aged in Harmony";"You're A Melody";"16";"906"
"Fatback Band";"Keep on Steppin'";"2";"7197"
"Zammuto";"Veryone";"12";"1319"
"Tommy Guerrero";"Loose Grooves and Bastard Blues";"13";"1199"
"Dizzy Gillespie";"Best of Perception Records Sampler: Matrix b/w Take It Easy My Brother Charlie";"2";"7198"
"Gene Ammons";"The Boss Is Back!";"2";"7199"
"Johnny Pate";"Shaft in africa";"2";"7200"
"Willie Bobo";"Bobo! Do That Thing";"1";"12234"
"Hampton Hawes";"Sourced";"1";"12235"
"Mongo Santamaria";"Watermelon Man";"1";"12236"
"Ray Parker Jr.";"The Other Woman (Expanded Edition)";"1";"12237"
"Tania Maria";"The Best of Tania Maria";"1";"12238"
"Eddie Kendricks";"People... Hold On";"1";"12239"
"Mongo Santamaria";"Workin' On A Groovy Thing";"1";"12240"
"Michel Sardaby";"Various Bilongo";"1";"12241"
"The Beginning Of The End";"Funky Nassau";"2";"7201"
"Willie Bobo";"Bobo Motion";"1";"12242"
"Tom Scott & The L.A. Express";"Bluestreak";"1";"12243"
"Willie Bobo";"Spanish Grease";"1";"12244"
"Greyboy";"Freestylin’";"2";"7202"
"Catalyst";"The Funkiest Band You Never Heard";"1";"12245"
"Candido";"Beautiful";"1";"12246"
"Young-Holt Unlimited";"The Definitive Young-Holt Unlimited";"1";"12247"
"Johnny Lytle";"On Green Dolphin Street";"1";"12248"
"Willie Bobo";"Dig My Feeling";"1";"12249"
"Mongo Santamaria";"Skins";"1";"12250"
"Willie Bobo";"Uno Dos Tres 1-2-3";"1";"12251"
"Jon Lucien";"Rashida (Expanded Edition)";"8";"2063"
"Willie Bobo";"Juicy";"1";"12252"
"Donny Hathaway";"Extension of a Man";"1";"12253"
"Ray Barretto";"Barretto Power";"1";"12254"
"H.Takahashi";"Escapism";"2";"7203"
"Nabihah Iqbal";"Is This Where It Ends";"3";"5157"
"Pure X";"Pleasure";"1";"12255"
"Kadhja Bonet";"For You";"1";"12256"
"Automatic";"Signal";"1";"12257"
"Ariel Pink";"A Decade Deeper";"1";"12258"
"Laura Groves";"A Private Road";"1";"12259"
"Seb Wildblood";"Night Ride (with Lex Amor)";"1";"12260"
"Session Victim";"Dromedary Twist";"4";"4022"
"HNNY";"Being In Love";"1";"12261"
"Joy Orbison";"still slipping vol. 1";"8";"2064"
"Jasper Tygner";"Eyes Open EP";"1";"12262"
"Porij";"Baby Face";"1";"12263"
"Biig Piig";"Bubblegum";"1";"12264"
"Drama";"Don't Wait Up (Remixes)";"1";"12265"
"Logic1000";"Safe In My Arms / YourLove";"2";"7204"
"Obli";"Change";"1";"12266"
"Duskus";"Let Go";"18";"769"
"Franc Moody";"Into The Ether";"2";"7205"
"Barry Can't Swim";"Everything Is Going To Be Alright";"1";"12267"
"Joesef";"Permanent Damage";"1";"12268"
"Sunflwr";"pass on over";"2";"7206"
"Everything But the Girl";"Nothing Left To Lose";"1";"12269"
"Sound Quelle";"Kinkajou / Vozzhayevka";"1";"12270"
"Sunflwr";"hyperspeed";"1";"12271"
"Barry Can't Swim";"Jazz Club After Hours";"3";"5158"
"Khazali";"Passion Controller";"1";"12272"
"Gilligan Moss";"Gilligan Moss";"1";"12273"
"Barry Can't Swim";"Lone Raver";"2";"7207"
"Brijean";"Angelo";"1";"12274"
"Mild Minds";"DEVOTION";"1";"12275"
"Jasper Tygner";"Kashmer";"1";"12276"
"Angelo Ferreri";"Oh Honey";"1";"12277"
"Maribou State";"Portraits";"1";"12278"
"Barry Can't Swim";"Skylab District";"1";"12279"
"Francis James";"Red Moon";"3";"5159"
"Universal Togetherness Band";"My Sentiment b/w Missing You";"2";"7208"
"James Brown";"Bodyheat";"3";"5160"
"Sunbear";"Sunbear";"1";"12280"
"Cymande";"Promised Heights";"1";"12281"
"Chocolate Milk";"Action Speaks Louder Than Words";"2";"7209"
"Roy Ayers Ubiquity";"Everybody Loves The Sunshine (Reissue)";"3";"5161"
"Jerry Blacksheer";"Defected";"1";"12282"
"Leroy Hutson";"Hutson";"4";"4023"
"Billy Paul";"First Class";"1";"12283"
"Wizdom";"Miami Funk, Vol. 4";"2";"7210"
"The Reality Band and Show";"Gangsterboy";"1";"12284"
"Don Blackman";"Just Can't Stay Away";"3";"5162"
"Pamoja";"Oooh, Baby";"3";"5163"
"Oro";"Napoli Segreta";"14";"1079"
"A Brief Encounter";"Human";"3";"5164"
"Chocolate Milk";"We're All In This Together";"1";"12285"
"Womack & Womack";"Conscience";"2";"7211"
"Banda Black Rio";"Saci Pererê";"17";"829"
"Universal Togetherness Band";"""Saturday Night"" b/w ""More Than Enough""";"2";"7212"
"Sarah Webster Fabio";"Soul Jazz Records Presents Soul of a Nation: Afro-Centric Visions in the Age of Black Power (Underground Jazz, Street Funk & the Roots of Rap 1968-79)";"3";"5165"
"The Gap Band";"The Gap Band I";"2";"7213"
"Leroy Hutson";"Feel The Spirit";"2";"7214"
"Average White Band";"Soul Searching";"2";"7215"
"Patti Jo";"Patti Jo - Extended Play";"2";"7216"
"Atmosfear";"En Trance";"1";"12286"
"James Mason";"Rhythm of Life";"2";"7217"
"Samuel Jonathan Johnson";"My Music";"2";"7218"
"African Music Machine";"Black Water Gold";"1";"12287"
"Universal Togetherness Band";"Universal Togetherness Band";"1";"12288"
"Usje Sukatma";"Waiting For Your Love";"2";"7219"
"Oluko Imo";"Caribbean Disco Boogie Sounds";"3";"5166"
"Fatback Band";"Best of Perception & Today Records Sampler: I Keep Asking You Questions b/w Goin To See My Baby";"2";"7220"
"Mark Capanni";"The Soul of Capitol Records: Rare & Well-Done";"2";"7221"
"Jaki Whitren";"International Times";"1";"12289"
"Jim Spencer";"Wrap Myself Up in Your Love";"1";"12290"
"Deep Heat";"Eccentric Soul: Omnibus";"1";"12291"
"Milton Wright";"FRIENDS and BUDDIES";"5";"3283"
"Light of the World";"The Best Of The Light Of The World";"3";"5167"
"94 East";"The Cookhouse Five";"2";"7222"
"Roy Ayers Ubiquity";"Lifeline";"4";"4024"
"Connie Laverne";"Masters of Soul: George Kerr - Singles & Rarities, Vol. 2";"1";"12292"
"Stevens & Fosters";"I Want to Be Love / What Would I Have";"1";"12293"
"Kalima";"(Where Is The) Sunshine";"3";"5168"
"Millie Jackson";"A Moment's Pleasure";"2";"7223"
"Billy Paul";"Let 'Em In";"1";"12294"
"Sisters Love";"With Love";"1";"12295"
"Rotary Connection";"Hey, Love";"1";"12296"
"Frazelle";"Today Is the Day";"2";"7224"
"The Edge Of Daybreak";"Eyes Of Love";"1";"12297"
"Tommy Mcgee";"I'm A Stranger";"1";"12298"
"Aaron Broomfield";"I'm Gonna Mis Ya";"2";"7225"
"The Willow Band";"Down To The Sea And Back: The Continuing Journey Of The Balearic Beat. Volume 1.";"1";"12299"
"Raw Soul Express";"Soul Spectrum Records, Vol. 1";"1";"12300"
"Jack Jacobs";"I Believe It's Alright";"1";"12301"
"Fred Aucagos";"Beach Diggin', Vol. 3";"1";"12302"
"Imagination";"Body Talk";"1";"12303"
"Patrick Holland";"Come To Canada You Will Like It";"1";"12304"
"Daniela La Luz";"DJ-Kicks (Moodymann) [DJ Mix]";"10";"1639"
"Dukwa";"Thoughts";"1";"12305"
"Linkwood";"Linkwood & Foat";"4";"4025"
"EARTH BOYS";"Mythic Music";"8";"2065"
"Tell";"Cool Bananas";"6";"2753"
"Crazy P";"Walk Dance Talk Sing";"17";"830"
"Barry Can't Swim";"Because I Wanted You to Know";"1";"12306"
"p-rallel";"Soundboy";"2";"7226"
"Andras";"Cafe Romantica";"2";"7227"
"Jasper Tygner";"FTLOG";"1";"12307"
"Marvin Gaye";"In Our Lifetime";"2";"7228"
"Richard Houghten";"Quantum Flow";"58";"157"
"Melodiesinfonie";"Tranquil";"1";"12308"
"United Freedom Collective";"Space Intention EP";"7";"2373"
"Blue Mitchell";"The Last Tango Blues";"34";"316"
"Roy Ayers";"Roy Ayers - Universal Masters";"1";"12309"
"Kellee Patterson";"Kellee";"1";"12310"
"Harry Mosco";"Racubah (A Collection of Modern Afro Rhythms)";"1";"12311"
"3 Pieces";"Vibes of Truth";"2";"7229"
"Tee Mac";"Nepa Oh Nepa";"1";"12312"
"camerøn";"Ancestors Speak To Us";"1";"12313"
"The Salsoul Orchestra";"Anthology Vol. 2";"1";"12314"
"24 Carat Black";"III";"1";"12315"
"Moritz von Oswald Trio";"Dissent Remixes";"5";"3284"
"Mark de Clive-Lowe";"Hotel San Claudio";"14";"1080"
"Ashley Henry";"Love Is Alive";"1";"12316"
"Julie Fogany";"Our First Date";"1";"12317"
"Zo!";"Abstractions";"2";"7230"
"Javier Santiago";"Verses Vol. 2";"2";"7231"
"Taylor McFerrin";"Chance to Say My Piece";"2";"7232"
"João Deogracias";"João Deogracias";"1";"12318"
"Nikitch";"Débuts";"59";"153"
"Diggs Duke";"Offering for Anxious";"1";"12319"
"Tenderlonious";"still flute";"5";"3285"
"Eliza Rose";"B.O.T.A. (Baddest Of Them All)";"3";"5169"
"Paradise presents Afrikali";"fabric presents Chaos In the CBD (DJ Mix)";"10";"1640"
"LP Giobbi";"If Love Is A Skill & Georgia";"1";"12320"
"Snarky Puppy";"Empire Central";"1";"12321"
"The Teskey Brothers";"Take My Heart";"1";"12322"
"Mammal Hands";"Gift from the Trees";"36";"302"
"Sven Wunder";"Harmonica and....";"1";"12323"
"Slowly Rolling Camera";"Juniper";"8";"2066"
"Z-Formation";"fabric presents Chaos In the CBD (DJ Mix)";"8";"2067"
"Turntable Terror Trax";"fabric presents Chaos In the CBD (DJ Mix)";"8";"2068"
"Hanna";"fabric presents Chaos In the CBD (DJ Mix)";"7";"2374"
"Ronin";"fabric presents Chaos In the CBD (DJ Mix)";"9";"1832"
"Chris Brann";"fabric presents Chaos In the CBD (DJ Mix)";"7";"2375"
"Miquifaye";"fabric presents Chaos In the CBD (DJ Mix)";"7";"2376"
"Raymond Castoldi";"fabric presents Chaos In the CBD (DJ Mix)";"6";"2754"
"Psychedelic Research Lab";"fabric presents Chaos In the CBD (DJ Mix)";"7";"2377"
"Deep Sided";"fabric presents Chaos In the CBD (DJ Mix)";"5";"3286"
"Joshua";"fabric presents Chaos In the CBD (DJ Mix)";"7";"2378"
"The Element";"fabric presents Chaos In the CBD (DJ Mix)";"5";"3287"
"Byron Burke Presents Komputer Kidz";"fabric presents Chaos In the CBD (DJ Mix)";"6";"2755"
"Chaos in the CBD";"fabric presents Chaos In the CBD (DJ Mix)";"6";"2756"
"Dana Kelley aka Dr. Pompeii";"fabric presents Chaos In the CBD (DJ Mix)";"5";"3288"
"Brothers Of The Undergound";"fabric presents Chaos In the CBD (DJ Mix)";"11";"1467"
"The Logic Box";"fabric presents Chaos In the CBD (DJ Mix)";"5";"3289"
"Juzu a.k.a. Moochy";"fabric presents Chaos In the CBD (DJ Mix)";"8";"2069"
"Blak Beat Niks";"fabric presents Chaos In the CBD (DJ Mix)";"8";"2070"
"Morada";"fabric presents Chaos In the CBD (DJ Mix)";"4";"4026"
"Box Clever";"fabric presents Chaos In the CBD (DJ Mix)";"4";"4027"
"sound clash republic";"fabric presents Chaos In the CBD (DJ Mix)";"4";"4028"
"JD Hall";"fabric presents Chaos In the CBD (DJ Mix)";"4";"4029"
"Session Victim";"The Haunted House of House";"3";"5170"
"Boo Williams";"The Best of Boo Williams";"1";"12324"
"Fantastic Man";"DJ-Kicks (DJ Seinfeld) [DJ Mix]";"1";"12325"
"Jon Sable";"False Awakening / Scumbag Unity";"2";"7233"
"Jitwam";"Back To My Place";"6";"2757"
"Space Ghost";"New World Energy (Sunset Mix)";"1";"12326"
"Yeshua Hedley";"Seat";"1";"12327"
"Da Real Edward";"Morning Star";"1";"12328"
"Playin' 4 the City";"Night Shades";"9";"1833"
"Space Ghost";"Dance Planet";"2";"7234"
"DJ SUNSO";"PARADISE";"1";"12329"
"Jon Sable";"Alishan Forest Railway / Housework";"5";"3290"
"Black Loops";"These Changes";"1";"12330"
"Chaos in the CBD";"Accidental Meetings";"6";"2758"
"Yeshua Hedley";"Surprise";"1";"12331"
"Pom Dérignon";"Future Nostalgia of Roland Period Cap.3";"1";"12332"
"The Angel Owls";"Thankful";"1";"12333"
"Moomin";"A Minor Thought";"3";"5171"
"EARTH BOYS";"A Deal with the Devil";"1";"12334"
"Urulu";"Greetings From Namek";"1";"12335"
"Crystal Waters";"Surprise";"1";"12336"
"One Man Mills";"Small Amounts";"1";"12337"
"One Zillion Cats";"Anomaly";"1";"12338"
"Hanna";"On the Basis of Deference";"1";"12339"
"mimetic64";"Waiting for you";"1";"12340"
"Ceriali & Celia";"Beat Jams, Vol. 35";"1";"12341"
"Sailing Dolls";"Sounds of Thunder";"1";"12342"
"Towel Attack";"Far from Home";"1";"12343"
"My LIght";"Reset";"1";"12344"
"Arkadii Kaplan";"Shut Up";"1";"12345"
"Jamal Olson";"Cold Winter";"1";"12346"
"Monkyee";"Echo";"1";"12347"
"Rihanna Murillo";"Find Me";"1";"12348"
"Lee Rodriguez";"The African Dream LP";"6";"2759"
"gs angel";"Free Now";"1";"12349"
"Alexander Mattnz";"What You're Gonna Do";"1";"12350"
"James Holden";"Imagine This Is A High Dimensional Space of All Possibilities";"38";"283"
"Melanie Charles";"The Girl with the Green Shoes";"18";"770"
"Eddie Chacon";"Sundown";"5";"3291"
"dreamcastmoe";"Complicated (Remix)";"1";"12351"
"Lynda Dawn";"At First Light";"3";"5172"
"Liv.e";"Couldn't Wait To tell You...";"17";"831"
"Rosie Lowe";"Now, You Know";"3";"5173"
"Cruza";"Dog Daze";"2";"7235"
"Anna Wise";"As If It Were Forever";"1";"12352"
"John Carroll Kirby";"High";"1";"12353"
"DJ Harrison";"Tales from the Old Dominion";"1";"12354"
"Terrace Martin";"Drones";"1";"12355"
"April + VISTA";"Pit of My Dreams";"41";"257"
"Melodiesinfonie";"Forever Faking Memoirs";"1";"12356"
"James Tillman";"SENSES VOL. 1";"1";"12357"
"The Growth Eternal";"Bass Tone Paintings";"4";"4030"
"B. Cool-Aid";"Leather Blvd.";"2";"7236"
"The Colours That Rise";"Grey Doubt";"2";"7237"
"Melo-Zed";"Zachary";"3";"5174"
"Yaya Bey";"september 13th";"1";"12358"
"Melanie Charles";"Y’all Don’t (Really) Care About Black Women";"2";"7238"
"keiyaA";"Forever, Ya Girl";"2";"7239"
"Anna Wise";"geovariance";"1";"12359"
"MMYYKK";"ElectroSoul";"1";"12360"
"Pink Siifu";"FlySiifu's";"1";"12361"
"The Growth Eternal";"Things I Imagined";"1";"12362"
"George Riley";"interest rates, a tape";"1";"12363"
"Javier Santiago";"Gaia's Warning (ReBirth)";"1";"12364"
"Clever Austin";"Touching Bass presents: Soon Come";"1";"12365"
"George Riley";"Move";"1";"12366"
"Liv.e";"CWTTY+";"1";"12367"
"Steve Spacek";"DJ-Kicks (Kamaal Williams) [DJ Mix]";"1";"12368"
"dreamcastmoe";"Floral Place";"2";"7240"
"The Growth Eternal";"Kensho !";"1";"12369"
"Demae";"Life Works Out... Usually";"2";"7241"
"Salami Rose Joe Louis";"Chapters of Zdenka";"3";"5175"
"Jamael Dean";"Black Space Tapes";"1";"12370"
"MMYYKK";"Divine";"1";"12371"
"Yaya Bey";"Madison Tapes";"1";"12372"
"Cleo Sol";"Shine";"1";"12373"
"Cktrl";"zero (ft. Mereba)";"1";"12374"
"Anaiis";"this is no longer a dream";"1";"12375"
"Peyton";"PSA";"1";"12376"
"mejiwahn";"Lúil Ó Fadó";"1";"12377"
"Benny Sings";"City Pop";"1";"12378"
"Hiatus Kaiyote";"Mood Valiant";"1";"12379"
"keiyaA";"Do Yourself a Favor";"1";"12380"
"Standing On The Corner";"Standing On The Corner";"1";"12381"
"AcidSlop";"Freedom To Talk";"13";"1200"
"Allysha Joy";"Light It Again";"1";"12382"
"mejiwahn";"Beanna";"1";"12383"
"Andrew Ashong";"Sankofa Season";"2";"7242"
"Say She She";"Reeling";"1";"12384"
"Session Victim";"The Intangibles";"3";"5176"
"Brous One";"Right Away / One For Those That Paved The Way";"1";"12385"
"Leon Vynehall";"Rosebud";"1";"12386"
"Jitwam";"hollatchu";"1";"12387"
"Rioleval";"Teebee03";"1";"12388"
"The Weepies";"Sirens";"9";"1834"
"Ondatrópica";"Baile Bucanero";"49";"196"
"San Ignacio";"La Identidad Es Una Trampa";"1";"12389"
"Lagartijeando";"La Tercera Vision";"2";"7243"
"Raúl Monsalve y los Forajidos";"Bichos";"2";"7244"
"Quantic";"Muévelo Negro / Ñanguita";"1";"12390"
"Bosq";"Y Su Descarga Remixed, Vol. 2";"17";"832"
"Gitkin";"De La Canción";"1";"12391"
"Anka Foh";"Bara";"1";"12392"
"Populous";"Confluencias I: Selva";"1";"12393"
"Calypso Rose";"Heavenly Sweetness Loves Calypso Rose";"1";"12394"
"Balvina Ramos";"Tira Torito";"1";"12395"
"Lagartijeando";"Jallalla";"1";"12396"
"Skinshape";"Beating Heart – Afro Chill (Vol.1)";"1";"12397"
"Guazú";"Shika Shika / Botanas, Vol. 18";"1";"12398"
"Nación Ekeko";"Qomunidad";"1";"12399"
"Mente Orgánica";"El Espacio";"1";"12400"
"CUMBIASOUND";"Cosas Del Universo";"1";"12401"
"Barrio Lindo";"A Guide to the Birdsong of South America";"1";"12402"
"Mystery Wind";"Living It Up";"1";"12403"
"Be Svendsen";"Between a Smile and a Tear";"2";"7245"
"Trippin Jaguar";"In Transit";"3";"5177"
"Sahalé";"Buddha Bar Meets French Kitchen";"16";"907"
"The Spy from Cairo";"Sirens of the Nile / Open Sesame";"1";"12404"
"Jean du Voyage";"Namaskar";"1";"12405"
"Glen Velez";"Nafas";"1";"12406"
"Baba Zula";"Derin Derin";"1";"12407"
"Sahalé";"Buddha Bar (by Sahalé & Ravin)";"7";"2379"
"yeahman";"Confluencias I: Selva";"1";"12408"
"Iorie";"Between Water And Sky";"1";"12409"
"Kenneth Bager";"Late Night Symphonies";"10";"1641"
"Walther";"Butterfly Ballet";"6";"2760"
"Samarana";"Buddha Bar (by Sahalé & Ravin)";"1";"12410"
"Nato (FR)";"Buddha Bar (by Sahalé & Ravin)";"1";"12411"
"George Riley";"Running In Waves";"2";"7246"
"S-Tone Inc.";"Sobrenatural";"2";"7247"
"O'Flynn";"Vesta";"3";"5178"
"Ross From Friends";"The One";"1";"12412"
"Tom Misch";"What Kinda Music (Bonus Tracks)";"1";"12413"
"Chris Dave and the Drumhedz";"Chris Dave And The Drumhedz";"1";"12414"
"Mndsgn";"Rare Pleasure";"1";"12415"
"Baril";"One More Rush";"1";"12416"
"Laraaji";"Kalimba";"3";"5179"
"Upper Astral";"Skybirds";"3";"5180"
"Sofia Kourtesis";"Madres";"28";"411"
"AKRMX";"Eu Te Amo E Open Bar (Remix)";"1";"12417"
"Larry Goldings";"Perpetual Pendulum";"2";"7248"
"Anthonius";"GOSHINBOKU";"1";"12418"
"Pahua";"Espantapájaros";"1";"12419"
"Just a Band";"echo: dawn";"1";"12420"
"Malphino";"Octopus";"1";"12421"
"Lorenzo Morresi";"Cosmica Italiana";"1";"12422"
"Nacho Maldonado";"Dubby Sunday";"1";"12423"
"Lorenzo Morresi";"Pop Flop";"5";"3292"
"Mos Def";"Black On Both Sides";"4";"4031"
"Quakers";"Approach With Caution";"3";"5181"
"Four Tet";"Three Drums";"1";"12424"
"sound clash republic";"Raunchy After Dark";"9";"1835"
"Bonobo";"Fold";"1";"12425"
"Alina Bzhezhinska";"Reflections";"58";"158"
"B Selekt";"Spring Emotions";"12";"1320"
"Dalton";"Alech / Soul Brother";"1";"12426"
"System Olympia";"New Erotica Collection";"2";"7249"
"Sebra Cruz";"Don't Worry Psy Happy";"15";"988"
"Joseph Haydn";"Leif Ove Andsnes Plays Haydn";"8";"2071"
"Sunpalace";"Rude Movements (Moodymann Remix / Kenny Dope Dancefloor Powder Remix)";"12";"1321"
"Penny Goodwin";"Too Soon You're Old";"2";"7250"
"Guess What";"Children In Space";"2";"7251"
"Khruangbin";"Modern Love";"2";"7252"
"Air";"Air";"6";"2761"
"Apiento";"Dish";"3";"5182"
"The Sorcerers";"Summoning the Monkey God";"2";"7253"
"Carlos Niño";"More Energy Fields, Current";"6";"2762"
"Misha Panfilov";"Days As Echoes";"12";"1322"
"Uffe";"Sunrise, Coffe & Cigarettes";"3";"5183"
"Spirit Of Sundaze Ensemble";"Mine To Give";"8";"2072"
"Emma-Jean Thackray";"Movementt";"6";"2763"
"Pablo Fierro";"Yababa (Tunisian Mix)";"5";"3293"
"Talaboman";"Madhouse Dub / Melbourne Bolero";"9";"1836"
"Talaboman";"Bosca Bosca / Bosco Bosco";"15";"989"
"Placebo";"Ball of Eyes";"4";"4032"
"Herbie Hancock";"MR. HANDS";"5";"3294"
"Robert Slap";"Shared Blessings";"56";"167"
"Joris Voorn";"Four";"1";"12427"
"Aja Monet";"give my regards to Brooklyn";"5";"3295"
"Rebles";"Sweetest Taboo (Soca)";"3";"5184"
"Bibio";"BIB10";"1";"12428"
"Mr Twin Sister";"Upright and Even";"2";"7254"
"Calibre";"Feeling Normal";"1";"12429"
"Horatio Luna";"Reworks EP";"2";"7255"
"Theon Cross";"Intra-I";"1";"12430"
"Gilles Peterson";"Butterfly Version";"1";"12431"
"The Jazzual Suspects";"Mushroom Jazz 6";"1";"12432"
"Joe Armon-Jones";"All Ways";"1";"12433"
"Bendik Giske";"Cracks";"1";"12434"
"Against All Logic";"Issue #9";"1";"12435"
"Mansur Brown";"Rise";"1";"12436"
"Colloboh";"Mystic You";"1";"12437"
"Aja Monet";"castaway";"1";"12438"
"Altin Gün";"Aşk";"21";"616"
"Jassbusters";"A Decade Deeper";"4";"4033"
"Sunbörn";"Sunbörn";"10";"1642"
"Donald's House";"VGF";"3";"5185"
"Kutiman";"Open";"5";"3296"
"Elkin & Nelson";"Elkin & Nelson";"25";"478"
"Idrissa Soumaoro";"Nissodia";"15";"990"
"twit one";"The Sit-In";"39";"271"
"DJ Python";"Club Sentimientos, Vol. 2";"6";"2764"
"Jaimie Branch";"FLY or DIE LIVE";"4";"4034"
"Mid Ground";"Love Will Always Catch You";"4";"4035"
"The Smile";"The Smoke (Dennis Bovell RMX)";"4";"4036"
"Kamal Keila";"Muslims and Christians (Habibi Funk 008)";"4";"4037"
"Asta Hiroki";"Entropy";"8";"2073"
"Pino Palladino";"Notes With Attachments";"17";"833"
"Muito Kaballa";"Mamari";"4";"4038"
"La Bellini";"Leo Mas Presents Mediterraneo";"9";"1837"
"Earth Girl Helen Brown";"Earth";"9";"1838"
"Space Ghost";"Private Paradise";"21";"617"
"Jembaa Groove";"Susuma";"9";"1839"
"Kuzich";"Dawn Chorus";"14";"1081"
"Ivan Conti";"Poison Fruit";"5";"3297"
"Naima Bock";"30 Degrees";"14";"1082"
"Call Super";"Illumina";"1";"12439"
"Daniel Villarreal";"panamá 77";"7";"2380"
"Say She She";"Reeling / Don't You Dare Stop";"1";"12440"
"Leon Vynehall";"Rosebud / Black Dove";"1";"12441"
"Der Räuber und der Prinz";"Jagd Auf Den Hirsch";"7";"2381"
"Camilla George";"Ibio-Ibio";"5";"3298"
"||||||||||||||||||||";"Outlook Remains Untouched";"3";"5186"
"Jazzanova";"Strata Records - the Sound of Detroit - Reimagined by Jazzanova";"3";"5187"
"Isis";"In Essense";"3";"5188"
"BLO";"51 Lex Presents: Dance In A Circle (Special Edition)";"3";"5189"
"Pender Street Steppers";"Our Time";"4";"4039"
"Buttering Trio";"I Cried For You (Slow Mix)";"4";"4040"
"Luke Vibert";"GRIT.";"5";"3299"
"Saine";"Halftone";"11";"1468"
"José González";"Local Valley";"129";"33"
"Akusmi";"Fleeting Future";"6";"2765"
"The Rwenzori's";"Mr Bongo Record Club, Vol. 1";"11";"1469"
"Manu Dibango";"Best of";"10";"1643"
"Mocky";"Overtones for the Omniverse";"12";"1323"
"Animanz";"Exotic Other";"3";"5190"
"Salamanda";"Truffles Sprinkles";"2";"7256"
"Pierre Daven-Keller";"Kino Music";"14";"1083"
"Idris Ackamoor";"Shaman!";"14";"1084"
"flatpocket";"Geldfundphantasyen";"8";"2074"
"Little Dragon";"Gold";"1";"12442"
"Joe Dukie";"Midnight Marauders";"2";"7257"
"Marxist Love Disco Ensemble";"MLDE";"7";"2382"
"Kiyoshi Yamaya";"Wamono Groove: Shakuhachi & Koto Jazz Funk '76";"3";"5191"
"Rogê";"Curyman";"4";"4041"
"Huw Marc Bennett";"Y Gwydd (Radio Edit)";"8";"2075"
"muva of Earth";"High";"1";"12443"
"Underground System";"Soul Clap Records 11th Anniversary Remix Compilation (Remixes)";"3";"5192"
"king garbage";"Heavy Metal Greasy Love";"1";"12444"
"Stefano Torossi";"Feelings";"1";"12445"
"izy";"They Don't Care (Yoruba Soul Extended Mix)";"1";"12446"
"WheelUP";"Good Love";"5";"3300"
"Chassol";"Music is God My Love (Ménage à trois Love Edit)";"1";"12447"
"Orgone";"Raw & Direct";"2";"7258"
"Gabriel Gifford";"Arrows";"2";"7259"
"Gerardo Frisina";"Soul Drum";"2";"7260"
"Duke Pearson";"How Insensitive";"2";"7261"
"Sven Wunder";"Wabi Sabi";"3";"5193"
"Lady Blackbird";"Black Acid Soul (Deluxe)";"5";"3301"
"Recloose";"DJ-Kicks (Motor City Drum Ensemble) [DJ Mix]";"2";"7262"
"Tex";"Sound of You";"15";"991"
"Arp";"A Decade Deeper";"6";"2766"
"Guts";"Estrellas";"2";"7263"
"Myd";"Born A Loser";"2";"7264"
"The Fantasy";"Secret Mixes Fixes Vol. 14";"2";"7265"
"DāM-FunK";"Architecture III";"3";"5194"
"Hanah";"Solo";"2";"7266"
"Magic Source";"Voyage Spectral";"9";"1840"
"Funki Porcini";"Hed Phone Sex";"10";"1644"
"Dos Santos";"City of Mirrors";"2";"7267"
"Chip Wickham";"Astral Traveling";"3";"5195"
"Photay";"Photay";"2";"7268"
"Leland Whitty";"Anyhow";"1";"12448"
"Four Tet";"Eat Your Own Ears Recordings EP 1";"1";"12449"
"Laraaji";"Bethlehem";"2";"7269"
"Laurence Guy";"Iron Mask (ft. WAYNE SNOW) / The Sun";"2";"7270"
"Ali Kuru";"Harira";"2";"7271"
"Adam Port";"Point Of No Return (Live From The Studio)";"2";"7272"
"Felix Raphael";"Rising Suns";"2";"7273"
"Catching Flies";"True Colours (Part 2)";"2";"7274"
"EABS";"In Search of a Better Tomorrow";"22";"566"
"Violetta Parisini";"Vorbei";"1";"12450"
"Seb Wildblood";"don't see this (feat. lawrence)";"1";"12451"
"Fridge";"Happiness (Anniversary Edition)";"1";"12452"
"Me & George";"Slash (Baltra Remix)";"1";"12453"
"Max Cooper";"Unspoken Words Remixes III";"1";"12454"
"Santi & Tuğçe";"Madrugada + Remixes";"1";"12455"
"Joel Holmes";"Hot Sauce (Tenderlonious Remix)";"1";"12456"
"Angelo Cruzman";"In Your Mind";"2";"7275"
"Retiree";"Calling Me Back";"1";"12457"
"Penguin Cafe";"Galahad";"1";"12458"
"Islandman";"Godless Ceremony (Hardway Bros Remix)";"1";"12459"
"Nicola Conte";"Arise";"1";"12460"
"Róisín Murphy";"The Universe";"1";"12461"
"Joe Armon-Jones";"Lost In The Function";"1";"12462"
"Das Ende der Liebe";"Fttfhttp (Johannes Klingebiel Brain Freeze Mix)";"1";"12463"
"M. D. PALLAVI";"Song for Broken Ships";"12";"1324"
"The Free Label";"Shine";"1";"12464"
"Khruangbin";"Live at Stubb's";"1";"12465"
"George Fitzgerald";"Venera";"1";"12466"
"Chilly Gonzales";"French Kiss";"1";"12467"
"Niji";"Sounds of the City";"1";"12468"
"Shafiq Husayn";"Crush You";"1";"12469"
"Mor Elian";"Double Dip";"1";"12470"
"Ouhana";"Something Hides";"1";"12471"
"Barnt";"Speicher 125";"1";"12472"
"Portugal. The Man";"Summer of Luv (feat. Unknown Mortal Orchestra)";"1";"12473"
"The Chemical Brothers";"No Reason (O’Flynn Remix)";"1";"12474"
"Move D";"Reissued 2";"1";"12475"
"Flamingods";"Dreams (On The Strip)";"1";"12476"
"ASICS EMEA";"Nothing Feels Better (Spanish)";"1";"12477"
"Tony Allen";"No Beginning";"1";"12478"
"Holly Walker";"How Can I Tell You";"2";"7276"
"Vanishing Twin";"Choose Your Own Adventure";"1";"12479"
"Elaine Howley";"The Distance Between Heart and Mouth";"9";"1841"
"TARA LILY";"Last Flight Out";"1";"12480"
"Cochemea";"Vol. II: Baca Sewa";"3";"5196"
"Junior Delahaye";"Showcase";"1";"12481"
"Footshooter";"Libations & Movement";"12";"1325"
"Waan";"Echo Echo";"1";"12482"
"Şatellites";"Şatellites";"2";"7277"
"Pharoah Sanders";"Love in Us All";"1";"12483"
"Nicholas Britell";"Succession (Music from the Original TV Series)";"1";"12484"
"José González";"Local Valley (Deluxe)";"1";"12485"
"Bob Dylan";"The Freewheelin' Bob Dylan";"1";"12486"
"Nas";"King's Disease II";"11";"1470"
"Islandman";"Butterfly Ballet";"2";"7278"
"Al Hudson And The Partners";"One Way Featuring Al Hudson";"6";"2767"
"DJ PETER G.";"House Of Orgasm";"1";"12487"
"Songhoy Blues";"Music in Exile";"6";"2768"
"Woolfy";"Aeroplane + Eddie C Remixes";"6";"2769"
"Hans Ole Thers";"Hans Ole Thers - A Danish Organ Recital";"1";"12488"
"Idrissa Soumaoro";"Le Tioko-Tioko";"3";"5197"
"Keleketla!";"Keleketla!";"3";"5198"
"Thomas de Pourquery";"Supersonic Play Sun Ra";"10";"1645"
"J.Lamotta";"ככה שמעתי";"2";"7279"
"pool boy";"Movie Night Cancelled (Domenique Dumont Dub Version)";"2";"7280"
"Girls of the Internet";"Above";"3";"5199"
"Parquet Courts";"Plant Life";"2";"7281"
"Thepporn Petchubon";"The Sound Of Siam, Vol. 2 (Molam & Luk Thung Isan From North-East Thailand 1970 - 1982)";"3";"5200"
"Raúl Monsalve y los Forajidos";"Bocón (Orestes Gomez Remix)";"10";"1646"
"César Camargo Mariano";"São Paulo - Brasil";"2";"7282"
"STEVE MONITE";"Only You";"10";"1647"
"Ait Meslayene";"El Fen / Casbah";"2";"7283"
"Kahil El'Zabar";"Kahil El’Zabar’s America the Beautiful";"2";"7284"
"Svaneborg Kardyb";"Over Tage";"2";"7285"
"Rokia Koné";"BAMANAN";"39";"272"
"Nico Mauskovic";"A Big Brain";"2";"7286"
"Lewis Taylor";"Lewis Taylor";"3";"5201"
"Fantasy 15";"Julieta";"2";"7287"
"Acayouman";"Funky Reggae";"1";"12489"
"Ian Finkelstein";"Moonlite (Duality/Detroit Live Version)";"2";"7288"
"BADBADNOTGOOD";"Unfolding (Momentum 73) [Ron Trent Remix]";"1";"12490"
"The Poets of Rhythm";"The Anthology 1992-2003";"1";"12491"
"Cro-Magnon";"V";"7";"2383"
"One Blood";"Be Thankful";"14";"1085"
"Союз";"Force of the Wind";"9";"1842"
"Shelton Kilby";"Good God! Apocryphal Hymns";"1";"12492"
"Beastie Boys";"Licensed to Ill";"1";"12493"
"Johann Sebastian Bach";"Goldberg Variations - The Goldberg Variations, BWV 988";"9";"1843"
"Vakula";"EP5";"1";"12494"
"pølaroit";"Depølar";"7";"2384"
"Gboyega Adelaja";"Colourful Environment";"1";"12495"
"Priya Ragu";"damnshestamil";"6";"2770"
"STAPLES JR. SINGERS";"When Do We Get Paid";"1";"12496"
"Alain Bellaïche";"Late Night Tales: Floating Points";"3";"5202"
"Zeb";"Zebstep";"8";"2076"
"The Heshoo Beshoo Group";"ARMITAGE ROAD";"1";"12497"
"The Ogyatanaa Show Band";"Ghana Special: Modern Highlife, Afro Sounds & Ghanaian Blues 1968-81";"3";"5203"
"gabriel da rosa";"É o que a casa oferece";"3";"5204"
"Anadol";"Felicita";"1";"12498"
"Telefís";"Special Report";"1";"12499"
"K.O.G";"Zone 6, Agege";"2";"7289"
"Mendes & Mendes";"Mendes & Mendes";"2";"7290"
"Mário Rui Silva";"Stories From Another Time 1982-1988";"11";"1471"
"coco maria";"Me veo volar";"1";"12500"
"Joan as Police Woman";"The Solution Is Restless";"2";"7291"
"Floating World Pictures";"The Twenty-three Views";"2";"7292"
"Hidden Spheres";"You Are Not Your Body";"11";"1472"
"Tim Bernardes";"Mil Coisas Invisíveis";"1";"12501"
"SOIL & “PIMP” SESSIONS";"THE ESSENCE OF SOIL";"1";"12502"
"Jorge Ben";"Negro É Lindo";"2";"7293"
"Caterina Barbieri";"Fantas Variations";"2";"7294"
"Miho Hatori";"Between Isekai and Slice of Life ~異世界と日常の間に~";"10";"1648"
"Wildcookie";"Cookie Dough";"9";"1844"
"Chelsea Carmichael";"Bone And Soil (Shabaka Hutchings Remix)";"3";"5205"
"Fai Baba";"Veränderet";"2";"7295"
"Ignacio Maria Gomez";"Belesia";"93";"57"
"The Soft Pink Truth";"Is It Going To Get Any Deeper Than This?";"25";"479"
"Sai Galaxy";"Rendezvous";"4";"4042"
"Beirut";"Artifacts";"4";"4043"
"Cinnamon Soulettes";"I'll Show You How / Wishing On A Wishing Well";"2";"7296"
"Camarão Orkestra";"Nação África";"4";"4044"
"Wax Machine";"Hermit's Grove";"13";"1201"
"Manuel Göttsching";"E2-E4 (Mixed)";"3";"5206"
"Reuben Vaun Smith";"Warm Nights";"3";"5207"
"Rose Juam";"Cabidelo";"3";"5208"
"Rahill";"Aht Uh Mi Hed";"3";"5209"
"Anteloper";"Pink Dolphins";"2";"7297"
"The Free Music";"Free Music (Part 1) (Habibi Funk 021)";"3";"5210"
"Equiknoxx";"Basic Tools Mixtape";"4";"4045"
"Eddie Harris";"I Need Some Money";"3";"5211"
"Sarathy Korwar";"Birthright";"2";"7298"
"Native Soul";"Teenage Dreams";"1";"12503"
"Jonny Faith";"Open My Eyes";"4";"4046"
"Léa Sen";"I Feel Like I'm Blue";"2";"7299"
"Ron Trent";"What do the stars say to you";"14";"1086"
"Lady Wray";"Piece of Me";"7";"2385"
"Ben Lamar Gay";"Open Arms to Open Us";"3";"5212"
"Sign Libra";"Closer to the Equator";"25";"480"
"Voilaaa";"Voiciii";"2";"7300"
"Bembeya Jazz National";"Discothèque 76";"1";"12504"
"Curtis Harding";"If Words Were Flowers";"2";"7301"
"Zakir Hussain";"Zakir Hussain And The Rhythm Experience";"2";"7302"
"Darkside";"Darkside";"1";"12505"
"Darkside";"Live at Spiral House";"1";"12506"
"Dauwd";"Psssh 003x";"7";"2386"
"United Freedom Collective";"ALL LIGHT";"4";"4047"
"Souleance";"Koul Dan Mon Do";"1";"12507"
"kurup";"Drumcode0809";"1";"12508"
"Anna";"Let You In (Max Cooper Remix)";"1";"12509"
"Rone";"L(oo)ping";"12";"1326"
"L'Rain";"New Year's UnResolution (DJ Python Remix)";"1";"12510"
"Penguin Cafe";"Rain Before Seven...";"1";"12511"
"Violetta Parisini";"Vorbei (Radio Edit)";"1";"12512"
"James Blake";"Big Hammer";"1";"12513"
"Islandman";"Jambo Maro (Scorpio Twins Remix)";"1";"12514"
"Axel Boman";"Lucky Luke";"2";"7303"
"El Búho";"Calchaqui";"1";"12515"
"ONIPA";"Danger";"1";"12516"
"Ash Walker";"Running Away";"1";"12517"
"Roman Flügel";"Lucky Charm";"1";"12518"
"Art Feynman";"All I Can Do";"1";"12519"
"Georg Friedrich Händel";"Handel: Alcina";"3";"5213"
"George Frideric Handel";"Handel goes Wild";"13";"1202"
"Antonio Vivaldi";"Handel goes Wild";"1";"12520"
"Giovanni Girolamo Kapsberger";"Handel goes Wild";"1";"12521"
"Franz Liszt";"Tristan";"2";"7304"
"Hans Werner Henze";"Tristan";"1";"12522"
"Laurence Guy";"Living Like There's No Tomorrow, But Killing Yourself In The Process";"45";"224"
"ishmael ensemble";"Reasons";"1";"12523"
"Desire Marea";"Desire";"2";"7305"
"Moiré";"Good Times";"2";"7306"
"Mulatu Astatke";"To Know Without Knowing";"4";"4048"
"Underworld";"1992 - 2012";"2";"7307"
"Say She She";"Trouble / In My Head";"2";"7308"
"General Ehi Duncan";"Africa (My No. 1)";"1";"12524"
"Moin";"Paste";"4";"4049"
"Dawuna";"Glass Lit Dream";"1";"12525"
"Tone";"So I Can See You";"1";"12526"
"Koki Nakano";"Oceanic Feeling";"1";"12527"
"Altin Gün";"Yol";"1";"12528"
"Tonstartssbandht";"Petunia";"1";"12529"
"Otis Sandsjö";"Tremendoce, Pt. 2 & 3 / Skerry";"1";"12530"
"Kolinga";"Legacy";"4";"4050"
"Family Choice";"Soul Jazz Records Presents HUSTLE! Reggae Disco - Kingston, London, New York";"1";"12531"
"Meshell Ndegeocello";"The Omnichord Real Book";"3";"5214"
"Bright & Findlay";"Everything Is Slow";"1";"12532"
"Madison McFerrin";"Finding Foundations (The Remixes)";"1";"12533"
"Piero Umiliani";"Continente Nero";"1";"12534"
"Capinera";"Il volo";"1";"12535"
"João Selva";"Navegar";"1";"12536"
"afrodesia";"Afrodesia – Episode One";"1";"12537"
"Tomu DJ";"Half Moon Bay";"9";"1845"
"Art Tatum";"Piano Starts Here";"1";"12538"
"Matthew Shipp";"Piano Sutras";"1";"12539"
"Pat Thomas";"The Elephant Clock of Al Jazari";"1";"12540"
"Joe Armon-Jones";"Archetype";"76";"99"
"Tour-Maubourg";"Spaces of Silence";"18";"771"
"Sahalé";"Sahalé’s Finest";"1";"12541"
"Tour-Maubourg";"From da Block, Vol. 2";"2";"7309"
"Xique-Xique";"Na Lagoa";"37";"293"
"Naima Bock";"Giant Palm";"8";"2077"
"Amazones de Guinee";"Mr Bongo Record Club, Vol. 1";"1";"12542"
"Evinha";"Mr Bongo Record Club, Vol. 1";"1";"12543"
"Neno Exporta Som";"Mr Bongo Record Club, Vol. 1";"1";"12544"
"Alípio Martins";"Mr Bongo Record Club, Vol. 1";"1";"12545"
"Lemos e Debétio";"Mr Bongo Record Club, Vol. 1";"1";"12546"
"Barbosa";"Mr Bongo Record Club, Vol. 1";"1";"12547"
"Sameed";"Testify / Can't U";"10";"1649"
"tapioca";"Voyage";"4";"4051"
"Wild Fire";"Dance Hits";"1";"12548"
"Raz & Afla";"The cycle";"1";"12549"
"The KLF";"The White Room (Director's Cut)";"5";"3302"
"Angel Rada";"Soul Jazz Records Presents VENEZUELA 70: Cosmic Visions Of A Latin American Earth - Venezuelan Experimental Rock In The 1970s";"4";"4052"
"Miso Extra";"1013";"10";"1650"
"Ibibio Sound Machine";"Electricity";"4";"4053"
"Fatoumata Diawara";"London Ko";"5";"3303"
"Jimi Tenor";"Intervision";"4";"4054"
"Alèmayèhu Eshèté";"Alteleyeshegnem";"5";"3304"
"Willie Griffin";"I Love You";"10";"1651"
"Duval Timothy";"Meeting with a Judas Tree";"5";"3305"
"Cujo";"Adventures in Foam";"5";"3306"
"Fernanda Abreu";"Sla Radical Dance Disco Club";"3";"5215"
"Kadhja Bonet";"JGS";"5";"3307"
"bad tuner";"Coast / Sourire";"7";"2387"
"Kondi Band";"BELLE WAHALLAH";"4";"4055"
"Chronixx";"Never Give Up";"5";"3308"
"Ela Minus";"acts of rebellion";"4";"4056"
"Yoni Mayraz";"Dybbuk Tse!";"6";"2771"
"Thoma";"Ikiru";"10";"1652"
"Teaspoon & the Waves";"Teaspoon And The Waves";"8";"2078"
"Nico Gomez And His Afro Percussion Inc.";"Ritual";"9";"1846"
"Geoffrey Landers";"1 By 1";"2";"7310"
"Yvonne Archer";"Ain't Nobody";"4";"4057"
"Red Axes";"Trips #2: Vietnam";"6";"2772"
"Andi Otto";"VIA";"1";"12550"
"Clap! Clap!";"TOROZEBU";"3";"5216"
"Leon Thomas";"Blues And The Soulful Truth";"4";"4058"
"Maribou State";"Blackoak";"17";"834"
"Arms and Sleepers";"Parallel Dreaming";"27";"426"
"ERA C";"DELIRIA (Expanded Edition)";"1";"12551"
"Lean Low";"Dismissed";"8";"2079"
"Obli";"Deeper (MAX RAD Remix)";"1";"12552"
"Harvey Sutherland";"Boy (Deluxe)";"1";"12553"
"Jason Hersco";"This Is Love";"1";"12554"
"Jaded";"Welcome To The People (Baltra Remix)";"1";"12555"
"Inkswel";"Outerspace Connection";"1";"12556"
"Inkswel";"Soul Clap Presents: Tempo Dreams, Vol. 3";"1";"12557"
"Ten City";"Love Is Love (DRAMA Remix)";"1";"12558"
"Boston Bun";"Don't Wanna Dance (Remixes)";"1";"12559"
"Harvey Sutherland";"Amethyst / I Can See";"1";"12560"
"Desire";"Parisian Time";"1";"12561"
"Feiertag";"Feel Me";"1";"12562"
"Mndsgn";"Body Wash";"1";"12563"
"Lord Echo";"Bohemian Idol / Land of a Thousand Chances (Remixes)";"2";"7311"
"Billy Cobham";"Drum'n Voice (Remixed)";"2";"7312"
"Andras Fox";"Vibrate On Silent";"2";"7313"
"Harvey Sutherland";"Low Altitude";"2";"7314"
"40 Thieves";"Don't Turn It Off (Remixes)";"1";"12564"
"Folamour";"Umami";"5";"3309"
"Manuel Darquart";"birds of paradiso";"8";"2080"
"Keith & Tex";"Redux";"1";"12565"
"Bob Andy";"Retrospective";"1";"12566"
"Ghetto Priest";"Hercules - EP";"1";"12567"
"Tommy McCook";"Soul Jazz Records Presents Studio One Story";"1";"12568"
"Hollie Cook";"Hollie Cook";"2";"7315"
"Joe Bataan";"Gypsy Woman";"1";"12569"
"Susan Cadogan";"Hurt So Good";"2";"7316"
"Cecile Campbell";"Studio One Rocksteady";"1";"12570"
"Junior Murvin";"Bad, Bad, Bad";"1";"12571"
"Marvin Gaye";"Let's Get It On (Deluxe Edition)";"1";"12572"
"Carlton & The Shoes";"Soul Jazz Records presents Studio One Lovers Rock";"2";"7317"
"Joya Landis";"Moonlight Lover";"1";"12573"
"Family Choice";"Soul Jazz Records presents Hustle! Reggae Disco: Kingston, London, New York";"1";"12574"
"Astrud Gilberto";"Best of Perception Records Sampler: Matrix b/w Take It Easy My Brother Charlie";"1";"12575"
"Stranger Cole";"Version Galore";"1";"12576"
"Lloyd Charmers";"The Best of Lloyd Charmers";"1";"12577"
"Johnny Osbourne";"Reggae Anthology: Winston Riley - Quintessential Techniques";"1";"12578"
"Emílio Santiago";"Emilio Santiago";"1";"12579"
"Al Barry";"Al Barry & Friends (Deluxe Edition)";"1";"12580"
"Emílio Santiago";"Emilio Santiago (Remastered)";"1";"12581"
"Big Youth";"Mr Bongo Record Club, Vol. 1";"1";"12582"
"Soul Revivers";"On The Grove";"1";"12583"
"Laraaji";"Ocean";"1";"12584"
"Jackie Mittoo";"Keyboard King At Studio One";"1";"12585"
"Hubbabubbaklubb";"Drømmen Drømmerne Drømmer Remixed";"2";"7318"
"Rozi Plain";"Prize";"2";"7319"
"Nora Dean";"Trojan Reggae Sisters Collection";"2";"7320"
"FaltyDL";"A Nurse To My Patience";"2";"7321"
"Tommy Guerrero";"Sunshine Radio";"2";"7322"
"Derun";"Alambari";"2";"7323"
"Shabason & Krgovich";"At Scaramouche";"6";"2773"
"tony njoku";"Sketches & Noodles of Bloom";"4";"4059"
"T-Power vs. MK Ultra";"This Is Jungle Sky";"2";"7324"
"Afro Cult Foundation";"The Quest";"2";"7325"
"Gábor Szabó";"Spellbinder";"8";"2081"
"Jasmine Myra";"Horizons";"6";"2774"
"Albertine Sarges";"The Sticky Fingers";"3";"5217"
"Hampshire & Foat";"Galaxies Like Grains of Sand";"2";"7326"
"Gilberto Gil";"OK OK OK";"2";"7327"
"Not Waving";"How To Leave Your Body";"1";"12586"
"Spencer Cullum";"Spencer Cullum's Coin Collection";"2";"7328"
"Au Suisse";"Au Suisse";"4";"4060"
"Rhythm & Sound";"With The Artists";"4";"4061"
"Kokoroko";"Baba Ayoola";"4";"4062"
"Mato";"Summer Madness / Use Me";"10";"1653"
"Stavroz";"Fortune Seeker";"1";"12587"
"Brain Damage";"¡Ya No Más!";"1";"12588"
"Dawn Penn";"No, No, No";"1";"12589"
"Iorie";"Fritz Habecker EP";"1";"12590"
"Erasmo Carlos";"Carlos, Erasmo [Versão Com Bônus (1971)]";"1";"12591"
"Mashti";"Buddha Bar XVIII";"2";"7329"
"Dawn Penn";"Vintage 2";"1";"12592"
"Xique-Xique";"Disco Voador & Depois";"1";"12593"
"PAAX (Tulum)";"Sera El Sol (Mixed)";"1";"12594"
"SONYA SPENCE";"Sings Love";"10";"1654"
"Be Svendsen";"Scarecrow";"1";"12595"
"The Hempolics";"Boss Clock Me Style";"1";"12596"
"Passion Coco";"Sudor y Arena";"1";"12597"
"Lyn Christopher";"Lyn Christopher";"1";"12598"
"The Eternals";"Studio One Rocksteady";"1";"12599"
"Hraach";"NO SMILE ON THE STREET";"1";"12600"
"DJ Koze";"Candidasa EP";"20";"655"
"Helena Hauff";"Turn Your Sights Inward";"1";"12601"
"Jenny Lewis";"On the Line";"11";"1473"
"Sofia Kourtesis";"Si Te Portas Bonito";"1";"12602"
"James Blake";"Loading";"1";"12603"
"Róisín Murphy";"You Knew";"2";"7330"
"Skeleten";"Under Utopia";"2";"7331"
"Hiatus Kaiyote";"Mood Variant (The Remixes)";"4";"4063"
"Alex Kassian";"Strings Of Eden";"9";"1847"
"Blundetto";"VTC (Original Soundtrack)";"1";"12604"
"Jim";"Love Makes Magic";"3";"5218"
"Soul Supreme";"Umi Says";"2";"7332"
"Bodikhuu";"Rio / Bodianova";"13";"1203"
"Oumou Sangaré";"Mogoya Remixed";"2";"7333"
"African Head Charge";"Churchical Chant Of The Iyabinghi";"5";"3310"
"The Soul Surfers";"Summer Madness Pt. 1 / Summer Madness Pt. 2";"4";"4064"
"Fallon Jennings";"For The Love Of You, Vol. 2";"1";"12605"
"The Greg Foat Group";"Once Again We Are The Children Of The Sun compiled by Paul Hillery";"1";"12606"
"Kieran Hebden";"Darkness, Darkness / No Services";"3";"5219"
"Al Charles";"Outstanding";"1";"12607"
"Orquestra E Coro Som Livre";"O Semideus";"2";"7334"
"GODriguez";"Vol.1 '14-'18";"2";"7335"
"Alek Lee";"Sfarot";"1";"12608"
"Sault";"Earth";"5";"3311"
"Ernest Ranglin";"Be What You Wanna Be";"2";"7336"
"Typesun";"Late Night Tales Presents After Dark: Nightshift";"4";"4065"
"Wau Wau Collectif";"Mariage";"10";"1655"
"Shabazz Palaces";"The Don of Diamond Dreams";"1";"12609"
"4hero";"Two Pages";"1";"12610"
"Jack Essek";"Vibrations (Landhouse Remix)";"1";"12611"
"African Head Charge";"A Trip To Bolgatanga";"20";"656"
"Songhoy Blues";"Bon Bon (Mike Lindsay Remix)";"5";"3312"
"Talaboman";"Discodrums / Flash Forward";"3";"5220"
"Patrick Holland";"Fog Wall";"1";"12612"
"Kai Campos";"City Planning (Deluxe)";"1";"12613"
"Hidden Spheres";"Tanzen (Paula Tape Remix)";"1";"12614"
"Session Victim";"Orbits of Dust";"5";"3313"
"Burnt Friedman";"DJ-Kicks (Deetron) [Mixed Tracks]";"1";"12615"
"Rival Consoles";"Coda";"1";"12616"
"Sven Väth";"What I Used To Play (Roman Flügel Remix)";"1";"12617"
"HNNY";"Carefree";"1";"12618"
"Patrick Holland";"I Want To Believe";"1";"12619"
"DunDunDun";"Future Hope";"5";"3314"
"Anchorsong";"Mirage";"22";"567"
"KOLUMBO";"Gung Ho";"2";"7337"
"DOUAA";"Haditouni (Habibi Funk 015)";"2";"7338"
"Roméo Poirier";"Hotel Nota";"4";"4066"
"Love Joys";"Lovers Rock / Showcase";"2";"7339"
"Nongoma";"Iskhathi";"2";"7340"
"Plunky";"Make a Change";"1";"12620"
"Sir Was";"Letter";"2";"7341"
"Cain";"Sarissa";"2";"7342"
"Peter King";"Oma Lewa";"1";"12621"
"Muchos Plus";"Nassau's Discos";"1";"12622"
"Takeshi's Cashew";"Akihi ( Surv Remix )";"1";"12623"
"Mangabey";"Time For You & Me";"1";"12624"
"Whoarei";"Love Spectrum";"1";"12625"
"Lucas Santtana";"O Paraíso";"2";"7343"
"Nacho Maldonado";"Point Zero";"1";"12626"
"Conroy Smith";"King Tubbys Presents Soundclash Dubplate Style";"1";"12627"
"Gabriels";"Angels & Queens (Deluxe)";"1";"12628"
"citron citron";"Chagrin Bleu";"1";"12629"
"LX72";"1994";"1";"12630"
"José Carlos Schwarz & Le Cobiana Djazz";"Lua Ki Di Nos";"1";"12631"
"Dip In The Dub";"La Cumbia Del Sufi Que No Sabía Bailar";"1";"12632"
"Haich Ber Na";"Now We're Strangers";"1";"12633"
"Limousine";"L'été suivant...";"1";"12634"
"Luther davis";"Soul Cal";"1";"12635"
"Lynn Avery";"To Live & Die In Space & Time";"13";"1204"
"Santaka";"555";"1";"12636"
"St Francis Hotel";"Enfant Terrible";"1";"12637"
"Kenny Segal";"Indoors";"1";"12638"
"Van Hai";"Future Sounds of Jazz, Vol. 13";"1";"12639"
"Shirley Nanette";"Never Coming Back";"2";"7344"
"Horace Andy";"Midnight Rocker";"1";"12640"
"Werkha";"Beat Tapestry";"1";"12641"
"Okonski";"Magnolia";"8";"2082"
"Miguel Atwood-Ferguson";"Airavata";"1";"12642"
"Men I Trust";"Live at RBC Echo Beach";"3";"5221"
"Sababa 5";"Sababa 5";"16";"908"
"The MFA";"Balance 005 (Mixed by James Holden) [Mixed Version]";"4";"4067"
"Meta.83";"Balance 005 (Mixed by James Holden) [Mixed Version]";"4";"4068"
"Jake Fairley";"Balance 005 (Mixed by James Holden) [Mixed Version]";"4";"4069"
"Zeta Reticula";"Balance 005 (Mixed by James Holden) [Mixed Version]";"3";"5222"
"Petter";"Balance 005 (Mixed by James Holden) [Mixed Version]";"2";"7345"
"Baby Ford & The Ifach Collective";"Balance 005 (Mixed by James Holden) [Mixed Version]";"2";"7346"
"Avus";"Balance 005 (Mixed by James Holden) [Mixed Version]";"1";"12643"
"DJ ESP";"Balance 005 (Mixed by James Holden) [Mixed Version]";"1";"12644"
"Jase From Outta Space";"Balance 005 (Mixed by James Holden) [Mixed Version]";"1";"12645"
"Travis Biggs";"Solar Funk";"13";"1205"
"N'Gou Bagayoko";"Kulu";"15";"992"
"Wagon Christ";"Shadows";"2";"7347"
"Phairo";"9";"2";"7348"
"Ill Considered";"Ill Considered III";"2";"7349"
"Born At Midnite";"Y o Y";"2";"7350"
"Capitol 1212";"Late Night Tales Presents Version Excursion Selected by Don Letts";"2";"7351"
"Raghd";"Easy Go!";"2";"7352"
"Joss Moog";"Contrepied, vol. 1";"12";"1327"
"Datassette";"VOID FILL PRODUCT";"2";"7353"
"Karriem Riggins";"DJ-Kicks (Kamaal Williams) [DJ Mix]";"2";"7354"
"Phil Kieran";"Snakes Crawl EP";"2";"7355"
"Congotronics International";"Where's The One?";"2";"7356"
"Oan Kim";"Oan Kim & the Dirty Jazz";"2";"7357"
"Loris";"Lulua";"2";"7358"
"Jungle";"Volcano";"24";"510"
"Cornershop";"Cornershop & The Double 'O' Groove Of";"2";"7359"
"foshe";"Rhonda's II";"4";"4070"
"Headache";"The Head Hurts but the Heart Knows the Truth";"6";"2775"
"Arc De Soleil";"The Thief in Marrakesh Got Caught in Amsterdam Trying to Escape";"3";"5223"
"Keith Hudson";"Flesh of my Skin Blood Of My Blood";"2";"7360"
"Flaer";"Preludes";"10";"1656"
"jura soundsystem";"Dear Adrian / Udaberri Blues";"6";"2776"
"Luis Navidad";"Would U Leave Him 4 Me?";"2";"7361"
"Nat Home";"Witching Hour";"2";"7362"
"Alan Tew";"Drama Suite Part II";"2";"7363"
"Umeko Ando";"Upopo Sanke";"14";"1087"
"Róisín Murphy";"CooCool";"5";"3315"
"Róisín Murphy";"What Not To Do (Moodymann Remix)";"2";"7364"
"Greg Spero";"The Atwood-Ferguson / Spero Duet";"3";"5224"
"Richard Houghten";"Art Life";"8";"2083"
"Speakers Corner Quartet";"Further Out Than The Edge";"14";"1088"
"Acid Pauli";"Melt the Differences";"3";"5225"
"Kyle McEvoy";"Art Life";"5";"3316"
"Haley";"Walk Among the Dead";"3";"5226"
"Art Feynman";"Passed Over";"3";"5227"
"Róisín Murphy";"Crooked Machine";"19";"719"
"The Vernon Spring";"A Plane Over Woods";"4";"4071"
"Minihi";"Stasis Loops";"1";"12646"
"Soul Sugar";"Excursions in Soul Reggae Funk & Dub";"3";"5228"
"79rs Gang";"Expect the Unexpected";"2";"7365"
"Simon Farintosh";"Aphex Twin for Guitar";"2";"7366"
"Skúli Sverrisson";"Sería II";"23";"533"
"Savana Funk";"Ghibli (The Donkey Sessions)";"7";"2388"
"Kham Meslien";"Fantômes... Futurs";"11";"1474"
"Masahiro Takahashi";"Humid Sun";"2";"7367"
"I Am An Instrument";"IAAI, Vol. 1";"19";"720"
"Scrimshire";"Music for Autumn Lovers";"9";"1848"
"Yom";"Celebration";"15";"993"
"Kassa Overall";"ANIMALS";"5";"3317"
"Bunker Buster";"Anise";"3";"5229"
"Chilly Gonzales";"Cut Dick";"4";"4072"
"Mindy Meng Wang 王萌";"Sleeping Tiger on the Bund 蓄势待发 (Flora Wong Remix)";"3";"5230"
"Grupo Algo Nuevo";"Grupo Algo Nuevo (Remasterizado)";"4";"4073"
"Kandiafa";"Mali Country Remixed";"8";"2084"
"Hysear Don Walker";"Complete Expressions, Vol. 2";"2";"7368"
"Neil Janke";"Dance Politics EP";"11";"1475"
"Tigerbalm";"Nina";"6";"2777"
"Fabiano do Nascimento";"Ykytu";"2";"7369"
"Rolrolrol";"MUSIC";"4";"4074"
"POPP";"Blizz";"1";"12647"
"Fresh & Low";"New Life (Mixed)";"2";"7370"
"Kevin Yost";"Stronger Love (Mixed)";"2";"7371"
"Soul Groove (UK)";"Afro Galactic Jazz (Mixed)";"2";"7372"
"Soul Wun";"Japan Theme (Mixed)";"2";"7373"
"Romanthony";"Trust - Motor City Drum Ensemble Deep Mix (Mixed)";"2";"7374"
"Max Graef";"No 5 (Mixed)";"2";"7375"
"KRYPTOGRAM";"algorhythm (Mixed)";"2";"7376"
"Daniel Leseman";"Drums (Mixed)";"2";"7377"
"Rick Wade";"Feels - LK Remix (Mixed)";"2";"7378"
"see other";"Waitin (Mixed)";"2";"7379"
"Eli Escobar";"Something Inside Of Me (Mixed)";"2";"7380"
"Dam Swindle";"All I Want - Edit (Mixed)";"2";"7381"
"Mike Sharon";"I Feel You - Original Mix (Mixed)";"2";"7382"
"Borrowed Identity";"Shake (Mixed)";"2";"7383"
"Alex Agore";"I Got Something (Mixed)";"3";"5231"
"Gregory Dub";"Deep Moods - Original Mix (Mixed)";"2";"7384"
"Lukas Lyrestam";"H.O.Y.L. (High On Your Love) - Jimpster Remix [Mixed]";"2";"7385"
"Malin Genie";"Follow (Mixed)";"2";"7386"
"Joe Vanditti";"Toxic Touch";"6";"2778"
"Lentos";"Trance Top 100, Vol. 7";"9";"1849"
"Parallelle";"Renegade EP";"10";"1657"
"Tom Esselle";"Praise Bes - EP";"7";"2389"
"DJ Kemit & Luke Austin present The Lounge Lizards";"Detroit Boogie";"2";"7387"
"Adana Twins";"Bleeding";"2";"7388"
"Nanis Weed";"Dejame Volar";"5";"3318"
"One Way";"One Way (Expanded Version)";"5";"3319"
"Radio Slave";"Wild Life";"5";"3320"
"Blake Jarrell";"Esplanade / Almonaster";"1";"12648"
"Progressence";"Life's A Game / Light";"2";"7389"
"The Blaxploited Orchestra";"The Pursuit - EP";"2";"7390"
"Meditative Drift";"Meditative Drifting";"1";"12649"
"Surprise Chef";"Friendship EP";"7";"2390"
"Miryam Solomon";"Pushing the Tide";"4";"4075"
"Folamour";"Manifesto";"3";"5232"
"Human Race";"Human Race b/w Grey Boy";"3";"5233"
"Michel Banabila";"Echo Transformations";"4";"4076"
"Senyaka";"Fuquza (Dance)";"3";"5234"
"The Kimba Unit";"Tezeta (ትዝታ)";"3";"5235"
"Nana Benz du Togo";"Ago";"21";"618"
"Qendresa";"Midnight Request Line";"2";"7391"
"Nia Archives";"Sunrise Bang Ur Head Against Tha Wall";"3";"5236"
"Baque Luar";"Brilha / Arranjo";"3";"5237"
"Baxter Dury";"B.E.D";"2";"7392"
"Amaria Hamadalher";"Agrim Agadez - Musique Guitare de la Republique du Niger";"13";"1206"
"The Fabulous Three";"Truth & Soul presents The Best of The Fabulous Three";"9";"1850"
"Adriana Vasques";"About Time";"3";"5238"
"yes/and";"yes/and";"4";"4077"
"Erobique";"No. 2";"7";"2391"
"Aston 'Family Man' Barrett";"Soul Constitution: Instrumentals & Dubs 1971-1982";"1";"12650"
"Mdou Moctar";"Afrique Victime";"2";"7393"
"Nicolas Jaar";"DJ-KiCKS (Wolf + Lamb vs Soul Clap) [DJ Mix]";"2";"7394"
"Scotty";"Don Letts Presents The Mighty Trojan Sound";"1";"12651"
"Carla dal Forno";"Come Around";"2";"7395"
"Adiga Music Band";"Hegira";"2";"7396"
"Aston 'Family Man' Barrett";"Soul Constitution";"1";"12652"
"Lee Fields";"Sentimental Fool";"1";"12653"
"Acid Pauli";"Bohren & the Acid Field";"3";"5239"
"Kamaal Williams";"Stings";"16";"909"
"Gordon Matthew Sumner";"Saitenwege 2";"2";"7397"
"Róisín Murphy";"Hit Parade";"117";"42"
"Tigerbalm";"International Love Affair";"12";"1328"
"ONIPA";"Marching Over";"10";"1658"
"DJ Deller";"Pure Garage Vol 1 - Collectible CLassics";"3";"5240"
"Blackstone";"RV Trax, Vol. 2";"3";"5241"
"Quintus Project";"Night Flight";"13";"1207"
"PPJ";"Primavera";"9";"1851"
"Pinky Perzelle";"No Games";"5";"3321"
"Sharon Forrester";"Soul Jazz Records Presents HUSTLE! Reggae Disco - Kingston, London, New York";"6";"2779"
"Bruise";"The Dassy Slide";"5";"3322"
"Alogte Oho & His Sounds of Joy";"O Yinne!";"3";"5242"
"Ohma";"Between All Things";"6";"2780"
"Jantra";"Synthesized Sudan: Astro-Nubian Electronic Jaglara Dance Sounds from the Fashaga Underground";"4";"4078"
"Mr. Mitch";"Lazy";"21";"619"
"Pigeon";"Yagana";"3";"5243"
"Don Melody Club";"Zontimenteel";"4";"4079"
"Mount Kimbie";"WXAXRXP Session";"3";"5244"
"Takuya Nakamura";"Spacetak";"2";"7398"
"Derrick Cross";"Never Too Much";"3";"5245"
"Alien Alien";"Back to Mine: Horse Meat Disco (DJ Mix)";"3";"5246"
"Nabihah Iqbal";"DREAMER";"62";"141"
"The Growth Eternal";"PARASAiL-18";"2";"7399"
"Ruthven";"123 Days";"3";"5247"
"Jimetta Rose";"Let The Sunshine In";"2";"7400"
"Jlin";"Autobiography (Music from Wayne McGregor's Autobiography)";"4";"4080"
"Gloria Ann Taylor";"Be Worthy";"2";"7401"
"Conclave";"Conclave";"32";"342"
"Ada";"Black Night (Superpitcher Remix)";"1";"12654"
"Bruise";"The Skyline";"5";"3323"
"Laurel Halo";"Atlas";"1";"12655"
"Gorillaz";"Cracker Island";"12";"1329"
"Immy Owusu";"Brown Supremacy";"3";"5248"
"Mave & Dave";"Mr Bongo Record Club, Vol. 5";"4";"4081"
"Lord Echo";"Rarities 2010 - 2020: Japanese Tour Singles";"46";"216"
"Tim Shiel";"Distractions One";"3";"5249"
"Yussef Dayes";"Black Classical Music";"74";"105"
"Greg Foat";"Dolphin";"7";"2392"
"Immy Owusu";"LO-LIFE!";"35";"309"
"Ronald Langestraat";"Apollo";"13";"1208"
"Begin";"BEGIN";"3";"5250"
"Pachyman";"All Night Long";"10";"1659"
"Horsey";"Wharf (SONLIFE Remix)";"3";"5251"
"Ruby Goon";"Brand New Power";"3";"5252"
"Florence Adooni";"Mam Pe'ela Su'ure";"3";"5253"
"Erick Cosaque";"Cosaque 1978";"3";"5254"
"Fat Freddy's Drop";"Wairunga";"3";"5255"
"Sulah Jordan";"Lady Bug";"3";"5256"
"Molly Lewis";"Mirage";"5";"3324"
"Laura Michele";"America Dream Reserve";"2";"7402"
"Payfone";"I Feel You";"7";"2393"
"Ironsides";"Changing Light";"4";"4082"
"Brian Jackson";"This is Brian Jackson";"3";"5257"
"Don Cherry";"Home Boy, Sister Out";"3";"5258"
"Akofa Akoussah";"Togo Soul 70";"2";"7403"
"Various artists (19)";"DJ-Kicks: Theo Parrish";"87";"73"
"Mystic Jungle";"Deviant Disco";"2";"7404"
"The Lahaar";"The Lahaar";"4";"4083"
"Olefonken";"Ubuntu Tutu";"3";"5259"
"Specter";"Ironside";"9";"1852"
"Oma";"C.R.E.A.M. (Live Instrumental) [Cover]";"8";"2085"
"Oma";"Rapp Snitch Knishes (Live Instrumental) [Cover]";"1";"12656"
"Glass Beams";"Mirage";"22";"568"
"Kandiafa";"Planting trees";"12";"1330"
"Say She She";"Silver";"16";"910"
"Drumetrics";"DRB-ADB-001";"4";"4084"
"Get the Blessing";"Bristopia";"4";"4085"
"june11";"11000 Dreams";"5";"3325"
"Nikita Quasim";"Sunset of a Clown, Vol. 2";"4";"4086"
"Fluxion";"Broadwalk Tales";"4";"4087"
"C'mon Tigre";"Scenario";"2";"7405"
"Les Filles De Illighadad";"Les Filles de Illighadad";"3";"5260"
"Smith & Mudd";"Gorthleck";"3";"5261"
"Local Artist";"Expanding Horizons";"4";"4088"
"LA Priest";"GENE";"3";"5262"
"Nicolas Godin";"Fire of Love (Music From and Inspired by the Motion Picture)";"10";"1660"
"Hugo Santini";"Pueblo";"3";"5263"
"Pete Jolly";"Seasons";"14";"1089"
"ANZ";"All Hours";"3";"5264"
"Walter Astral";"Hyperdruide";"3";"5265"
"Pulshar";"Blood & Mathematics";"3";"5266"
"Nicolini";"SOPRATUTTO";"3";"5267"
"Jeremy Talon";"Stank Face Patrol";"4";"4089"
"KOFFIE";"kokon";"6";"2781"
"P. Morris";"- (Selected Ambient Works 09-21)";"3";"5268"
"Raz Olsher";"Coco María presents Club Coco ¡AHORA! The Latin sound of now";"3";"5269"
"Urb";"Basic Batch";"4";"4090"
"Valentina Magaletti";"A Queer Anthology of Drums";"3";"5270"
"Gabriele Poso";"Tamburo Infinito";"3";"5271"
"Aili";"Dansu EP (Japan Edition)";"3";"5272"
"Ramzi";"hyphea";"5";"3326"
"Stimming";"Elderberry";"2";"7406"
"Butcher Brown";"Solar Music";"88";"70"
"Lord Echo";"Curiosities";"20";"657"
"Lord Echo";"Melodies";"4";"4091"
"Missy Elliott";"Under Construction";"4";"4092"
"FLO";"Fly Girl (feat. Missy Elliott)";"1";"12657"
"Ole Morten Vågan";"Plastic Wave";"1";"12658"
"ONIPA";"Off The Grid";"15";"994"
"Green-House";"A Host for All Kinds of Life";"1";"12659"
"Herbie Hancock";"Head Hunters";"11";"1476"
"Aiden Ayers";"It's Not Enough";"7";"2394"
"David Versace";"Okra";"36";"303"
"Chet Baker";"There Will Never Be Another You (NerdStar Remix)";"6";"2782"
"The Gaslamp Killer";"Legna";"13";"1209"
"James Tillman";"Magic City Thrill";"9";"1853"
"Os Flippers";"Mr. Bongo Record Club, Vol. 3 (Compiled by Mr. Bongo)";"6";"2783"
"Kelly Doyle";"AM";"7";"2395"
"Summer-Pearl";"Green Eyes";"6";"2784"
"Dele Sosimi";"Ride Out The Storm";"7";"2396"
"Gotts Street Park";"Diego";"6";"2785"
"K-Lone";"Swells";"7";"2397"
"Cécile McLorin Salvant";"Wuthering Heights (Kassa Overall Remix)";"9";"1854"
"Dan Shake";"We Have Love";"5";"3327"
"Brién";"IDKWHY";"12";"1331"
"A Vision of Panorama";"Sentimental Coast EP";"7";"2398"
"Moondiver";"Gretchen";"8";"2086"
"Thandii";"A Beat To Make It Better";"13";"1210"
"serebii";"Inside";"9";"1855"
"Supertaste";"But What If We're Wrong (Remix)";"9";"1856"
"Cody Currie";"Lucas";"64";"133"
"Siraba";"Kômo Fôlly";"7";"2399"
"Soul Revivers";"Grove Dub";"7";"2400"
"Bentley";"Less Thinking More Dancing";"9";"1857"
"Akalé Wubé";"Mata";"7";"2401"
"The Offline";"Plage des Casernes";"8";"2087"
"Johann Sebastian Bach";"Johann Sebastian Bach";"85";"79"
"Express Rising";"Fixed Rope (II)";"1";"12660"
"Sharon Forrester";"Soul Jazz Records presents Hustle! Reggae Disco: Kingston, London, New York";"1";"12661"
"Islandman";"Popsicle Obstacle";"30";"371"
"Courtney Barnett";"The Double EP: A Sea of Split Peas";"1";"12662"
"Wolfmother";"Wolfmother (10th Anniversary Deluxe Edition)";"2";"7407"
"Flamingods";"Head of Pomegranate";"13";"1211"
"David Versace";"Love Expressions";"1";"12663"
"David Versace";"Marseille Movement";"1";"12664"
"David Versace";"Forever With Me";"1";"12665"
"Snazzback";"In The Place";"1";"12666"
"David Versace";"In Between";"2";"7408"
"Micah Heathwood";"Club Oof";"7";"2402"
"Princess Nokia";"1992 Deluxe";"14";"1090"
"Wet Leg";"Chaise Longue";"2";"7409"
"CHAI";"WINK";"3";"5273"
"Maral";"wondering dub";"5";"3328"
"Brandt Brauer Frick";"Multi Faith Prayer Room";"10";"1661"
"Owiny Sigoma Band";"Owiny Sigoma Band";"6";"2786"
"Kwame Yeboah";"Aseda";"9";"1858"
"Contour";"Onwards!";"7";"2403"
"Another Chemical Love Story";"give me ur love";"16";"911"
"DJ Nigga Fox";"Cartas Na Manga";"8";"2088"
"Klara Kristin";"Lullaby & Drum Machine";"5";"3329"
"HNNY";"Spring";"4";"4093"
"Moon Mullins";"Water Your Flowers";"5";"3330"
"Emile Londonien";"Legacy";"8";"2089"
"Pejzaż";"Ostatni Dzień Lata";"10";"1662"
"Fulu Miziki";"OK Seke Bien";"5";"3331"
"The Rugged Nuggets";"Odds & Ends";"9";"1859"
"Lee Clarke";"Genes";"6";"2787"
"TLIM SHUG";"dk001";"6";"2788"
"Maxime Denuc";"Nachthorn";"16";"912"
"SHOLTO";"Vampire";"4";"4094"
"Acopia";"Chances";"6";"2789"
"Alex Figueira";"Mentallogenic";"17";"835"
"Belief";"Belief";"8";"2090"
"Resavoir";"Escalator";"10";"1663"
"Nusantara Beat";"Djanger";"5";"3332"
"Paul Prier";"Hard to Be Myself When I'm with U";"4";"4095"
"Abunai";"People Eat Music";"5";"3333"
"Gwairoch";"Dancing With Faeries";"7";"2404"
"Zeitgeist Freedom Energy Exchange";"Sci-Fi Jazz Directions";"38";"284"
"Bella Boo";"DreamySpaceyBlue";"36";"304"
"Bacao Rhythm & Steel Band";"Stranger Things Theme";"1";"12667"
"Bacao Rhythm & Steel Band";"Nuthin’ But A G Thang";"4";"4096"
"el delpha";"Flight Club";"1";"12668"
"Alexander Flood";"Berlin (Radio Edit)";"1";"12669"
"Horatio Luna";"Support Your Local Jazzy House Producer";"10";"1664"
"Horatio Luna";"Boom Boom";"2";"7410"
"Skinshape";"It's Real";"1";"12670"
"Laurent Garnier";"33.T.E.P.S.V Remixes";"1";"12671"
"Groundislava";"Worldware";"1";"12672"
"Dionysos";"Song for Jedi";"1";"12673"
"United Freedom Collective";"A Smile at Last";"2";"7411"
"Rone";"Tikkoun (D'Argent & De Sang Original Series Soundtrack)";"1";"12674"
"Braxton Cook";"90s (Remix)";"1";"12675"
"Raphaël Pannier";"The Angel's Hand";"1";"12676"
"Penguin Cafe";"Perpetuum Mobile";"1";"12677"
"Ego Ella May";"Higher Self";"1";"12678"
"BADBADNOTGOOD";"Sleeper";"1";"12679"
"Credit 00";"Funk the System";"6";"2790"
"Allan Shotter";"British Exit (Prins Thomas Diskomiks)";"1";"12680"
"Forest Swords";"Bolted";"1";"12681"
"Baltra";"Brush Strokes (Jacques Greene Remix)";"1";"12682"
"Viilonyu";"Maya";"1";"12683"
"Konx";"Senza Decoro: Liebe + Anarchia / Switzerland 1980-1990";"1";"12684"
"Moritz von Oswald";"Opaco";"1";"12685"
"Haley";"Hunca Munca";"11";"1477"
"L'Rain";"I Killed Your Dog";"78";"91"
"Pedro Ricardo";"Soprem Bons Ventos";"44";"231"
"JJ Whitefield";"Ethio Meditations / Drama Al Dente";"3";"5274"
"Alle";"Dine pæne Øjne";"13";"1212"
"V/Z";"Suono Assente";"9";"1860"
"absent music";"11000 Dreams";"6";"2791"
"Move 78";"Space For The Kidd";"3";"5275"
"Bruno Berle";"No Reino Dos Afetos";"2";"7412"
"Tara Clerkin Trio";"The Turning Ground";"2";"7413"
"Psyché";"Psyché";"17";"836"
"Woo";"It's Cosy Inside (Remastered)";"8";"2091"
"Lee Tracy";"Is It What You Want";"2";"7414"
"Born Under A Rhyming Planet";"Diagonals";"4";"4097"
"Lexx";"Cosmic Shift";"6";"2792"
"Baalti";"Buttons";"2";"7415"
"GAYANCE";"Mascarade";"31";"354"
"Godtet";"Suite";"12";"1332"
"Ashaye";"Dreaming";"2";"7416"
"Bokoya";"Minari";"6";"2793"
"Total Refreshment Centre";"Plight";"2";"7417"
"Simon Mavin";"Good Hair Day";"2";"7418"
"Hypnotic Brass Ensemble";"Treasure";"2";"7419"
"700 Feel";"T1 Western / Back 2 The Area";"5";"3334"
"Kosmo Sound";"Fruit Of The Void";"2";"7420"
"Pablo's Eye";"Spring Break";"2";"7421"
"Saskia";"Eeuwig Op Reis";"1";"12686"
"Kareem Ali";"The Color of Sound";"27";"427"
"J. Albert";"Flat Earth";"3";"5276"
"Popcorn";"Prime Choice";"1";"12687"
"Yu Su";"I Want an Earth";"4";"4098"
"Khun Narin";"Khun Narin's Electric Phin Band";"1";"12688"
"Ancient Infinity Orchestra";"Equanimity";"1";"12689"
"Azzurro 80";"Volume 3";"2";"7422"
"Trees Speak";"Ohms";"1";"12690"
"Dwight Sykes";"On The Rocks";"2";"7423"
"TSVI";"Observe / Trust";"1";"12691"
"BOT1500";"Surreal";"2";"7424"
"Alex Goose";"Immagini sospese";"2";"7425"
"Dali Muru & the Polyphonic Swarm";"Dali Muru & the Polyphonic Swarm";"1";"12692"
"Money Lang";"Dreams";"2";"7426"
"PAL";"Versions";"1";"12693"
"White Light";"Whale";"2";"7427"
"Ganavya";"forgive me my";"1";"12694"
"Whodamanny";"Cosmic Morphology";"2";"7428"
"Perko";"The City Rings";"1";"12695"
"Brandee Younger";"Brand New Life";"6";"2794"
"Winter";"Lua";"2";"7429"
"John Carroll Kirby";"Blowout";"5";"3335"
"Karate Boogaloo";"KB's Mixtape No. 2";"2";"7430"
"Clutchy Hopkins";"Walking Backwards";"1";"12696"
"Ranking Ann";"Moonlight Lover";"3";"5277"
"Josh Johnson";"Freedom Exercise";"2";"7431"
"Call Super";"Eulo Cramps";"7";"2405"
"Spectrum";"A Pox On You";"1";"12697"
"Another Chemical Love Story";"You Make My Love Grow";"1";"12698"
"Wolfgang Amadeus Mozart";"Mozart: Klavierwerke";"8";"2092"
"Various artists (6)";"Mozart & Contemporaries";"22";"569"
"Session Victim";"low key, low pressure";"55";"170"
"Weils";"Fugue State";"1";"12699"
"Löwenzahnhonig";"Moewe";"6";"2795"
"Andrew Pekler";"Muscut X (Test Pressing II)";"3";"5278"
"Time Cow";"Elephant Man";"3";"5279"
"Philippa";"Rainy Nights - EP";"5";"3336"
"Stella";"Détends-toi";"10";"1665"
"Nosaj Thing";"Continua";"8";"2093"
"Sinj Clarke";"The Height of Love";"12";"1333"
"Rachael Dadd";"Kaleidoscope";"5";"3337"
"Piezo";"LSD Superhero";"7";"2406"
"13th Ward Social Club";"Gainsbourg, Volume One";"7";"2407"
"Ideophone";"Psalm";"6";"2796"
"B.J. Smith";"Mojave (Vintage California Dreams)";"7";"2408"
"Assaf Spector";"Sudden Mystic";"3";"5280"
"Death and Vanilla";"Reimagined by Civilistjävel!";"5";"3338"
"Léon Phal";"Stress Killer";"8";"2094"
"The Outer Worlds Jazz Ensemble";"Beg, Borrow, Play";"5";"3339"
"Honey Dijon";"Black Girl Magic";"5";"3340"
"Rizomagic";"Voltaje Raizal";"6";"2797"
"Beni Life";"Ritmo Fantasía: Balearic Spanish Synth-Pop, Boogie And House (1982-1992)";"4";"4099"
"Dans Dans";"6";"5";"3341"
"Espen Horne";"Bakeren";"5";"3342"
"Troubleman";"Time Out of Mind";"4";"4100"
"Lone Mesa";"Dirt Park Hotel";"5";"3343"
"Batavia Collective";"Joni Indo";"3";"5281"
"LANDER & ADRIAAN";"Lander & Adriaan";"3";"5282"
"30/70";"ART MAKE LOVE";"7";"2409"
"Psychic Temple";"Plays Music For Airports";"4";"4101"
"London Brew";"Raven Flies Low";"5";"3344"
"Four Tet";"Live at Alexandra Palace London, 24th May 2023";"2";"7432"
"Show Me the Body";"Corpus I";"2";"7433"
"Hayden James";"Something About You (The Remixes)";"1";"12700"
"Bliss";"Quiet Letters";"1";"12701"
"Tindersticks";"Man Alone (Can't Stop the Fadin') [Charles Webster Mix]";"1";"12702"
"Zuco 103";"La discothèque idéale FIP Brazil";"1";"12703"
"Al Dobson Jr.";"Rye Lane (Vol. 2 & 3)";"14";"1091"
"Asynchrone";"Plastic Bamboo";"4";"4102"
"David Snell";"Kpm 1000 Series: Big Business / Wind of Change";"4";"4103"
"Brontez Purnell";"No Jack Swing";"5";"3345"
"Marie Davidson";"Working Class Woman";"3";"5283"
"Whatitdo Archive Group";"Palace Of A Thousand Sounds";"11";"1478"
"Minami Deutsch";"Fortune Goodies";"9";"1861"
"Tarwater";"Dwellers on the Threshold";"2";"7434"
"Vanilla Wish";"Welcome to The Bliss";"4";"4104"
"Bullion";"Heaven Is Over";"3";"5284"
"Mark McGuire";"A Pocket Full of Rain";"4";"4105"
"Moses Yoofee Trio";"OCEAN";"9";"1862"
"Brandon Coleman";"Resistance";"26";"447"
"Saul";"Mutualism";"4";"4106"
"Marti Caine";"Point Of View";"2";"7435"
"JSPHYNX";"Reflex";"24";"511"
"Yoofee";"Lost Papers EP";"2";"7436"
"Gleasdusz";"Friendship";"5";"3346"
"Eli Escobar";"Lullabies For A Sleeping City";"3";"5285"
"Renee";"Reaching for the sky";"2";"7437"
"Willie Lindo";"Breezing";"3";"5286"
"Zerosen";"Asphalt";"3";"5287"
"Djosa";"Super-Sonic Family";"3";"5288"
"LoliLiq";"Bang";"3";"5289"
"Gerald Bailey";"Migration Climate";"3";"5290"
"Great Area";"Follow Your Nature";"3";"5291"
"Holly Walker";"Unsung";"4";"4107"
"Psychic Temple";"III";"35";"310"
"Skinshape";"Craterellus Tubaeformis";"16";"913"
"Princess Nokia";"Metallic Butterfly";"1";"12704"
"Princess Nokia";"Everything is Beautiful";"2";"7438"
"Quixosis";"Zen & Cero (En Llamas)";"1";"12705"
"Saint Abdullah";"Evicted In The Morning";"3";"5292"
"Session Victim";"Gheister";"1";"12706"
"Solomon Ilori";"African High Life";"2";"7439"
"Il Mago del Gelato";"Zenzero";"4";"4108"
"Dabrye";"Instrmntl";"5";"3347"
"The Pro-Teens";"I Flip My Life Every Time I Fly";"5";"3348"
"Jamma-Dee";"Perceptions";"6";"2798"
"Jared Mattson";"Peanut";"7";"2410"
"Lilacs & Champagne";"Danish & Blue";"18";"772"
"Tom VR";"Harmonix";"3";"5293"
"Yaya Bey";"september 13th (DJ Nativesun Remix)";"4";"4109"
"Bex Burch";"There is only love and fear";"12";"1334"
"Donkeychote";"Raindrops";"6";"2799"
"Salin";"Si Chomphu";"5";"3349"
"DJ Harrison";"IGY";"6";"2800"
"Pierre Cavalli";"Uma Vitamina Faz Favor";"4";"4110"
"Petter Eldh";"Koma Saxo";"4";"4111"
"Niobe";"Voodooluba";"4";"4112"
"Dead Horse Beats";"Moon Mist";"5";"3350"
"Enji";"Ulaan";"8";"2095"
"Aazz Bhens";"Touch";"4";"4113"
"Cotonete";"Day In Day Out";"5";"3351"
"Legrilloneur";"Chante Petit Grillon";"4";"4114"
"Bullant";"Late Life Circ";"6";"2801"
"Cos";"Babel";"4";"4115"
"Harry Paradise";"Worldly Pleasures: Volume One";"4";"4116"
"EnRa";"Blue Hour";"1";"12707"
"Yasumu";"Unravel";"1";"12708"
"Tibeauthetraveler";"Scenery";"1";"12709"
"Raimu";"The Spirit Within";"1";"12710"
"Slowburn";"Poles Apart";"5";"3352"
"Mondo Loops";"Golden Age";"5";"3353"
"Tin.";"Palette";"4";"4117"
"kainbeats";"Path to Shing";"4";"4118"
"luv pug";"Sunset";"1";"12711"
"HOKØ";"Blue Note";"4";"4119"
"Nadav Cohen";"Stories from another world";"4";"4120"
"C4C";"L'aventure EP";"1";"12712"
"Tibeauthetraveler";"Fairy Tales";"8";"2096"
"Yasumu";"Way of Life";"2";"7440"
"squeeda";"Lost World";"1";"12713"
"Kanisan";"Edda";"1";"12714"
"WYS";"The Bad Party";"2";"7441"
"IDYLLA";"blindsighted";"1";"12715"
"Mondo Loops";"Forest Kingdom";"1";"12716"
"bluntone";"Autumn in Budapest";"1";"12717"
"i-sef u-sef";"Consistency";"12";"1335"
"The Circling Sun";"Spirits";"30";"372"
"hi jude";"The Shallows";"1";"12718"
"Karen y Los Remedios";"Silencio";"3";"5294"
"Jhove";"Lazy Sunday";"1";"12719"
"L'outlander";"Willpower";"1";"12720"
"Jay-Lounge";"2 Am. Study Session";"1";"12721"
"DaniSogen";"Enchantments";"1";"12722"
"Osaki";"New Beginnings";"1";"12723"
"MindeliQ";"New Horizons";"1";"12724"
"S N U G";"Quietude";"2";"7442"
"hoogway";"Fragments Of The Moon";"1";"12725"
"Tenno";"The Prophecy";"1";"12726"
"cocabona";"1 Am. Study Session";"1";"12727"
"mell-ø";"Afloat Again";"1";"12728"
"bCalm";"Changing Times";"1";"12729"
"Kinissue";"Sea Beams";"1";"12730"
"Dontcry";"Odyssey";"1";"12731"
"Casiio";"Underneath";"1";"12732"
"Kalaido";"Ghosts of the Floating World";"1";"12733"
"Raimu";"Sons of The Dew";"1";"12734"
"kainbeats";"Finding Light";"2";"7443"
"Sátyr";"Aiode";"2";"7444"
"Monma";"Calm Lands";"1";"12735"
"Lawrence Walther";"Back to Nature";"1";"12736"
"Lesky";"12 Am. Study Session";"1";"12737"
"Gcoope";"Desired Views";"1";"12738"
"Maiso Linua";"Place of Purity";"1";"12739"
"Dimension 32";"Mutations";"1";"12740"
"Softy";"Shifting Past";"1";"12741"
"Project AER";"Growth Patterns";"1";"12742"
"Jhove";"new beginnings";"1";"12743"
"hoogway";"Alley Of Trees";"1";"12744"
"Sleepermane";"Dreamtime";"1";"12745"
"drkmnd";"Satellite Nights";"1";"12746"
"Living Room";"Rituals";"1";"12747"
"dosi";"Haunted Castle";"1";"12748"
"hoogway";"Blissful Dreams";"1";"12749"
"Nvmb.";"wilderness";"1";"12750"
"Lilac";"Florist";"1";"12751"
"goson";"Arcadia";"1";"12752"
"Elior";"Walls";"1";"12753"
"nothingtosay";"Cold Thoughts";"1";"12754"
"Sátyr";"Better Together";"1";"12755"
"Sebastian Kamae";"3 Am. Study Session";"1";"12756"
"Kupla";"Somewhere. Nowhere.";"2";"7445"
"Chau Sara";"Time Travel";"1";"12757"
"Dimension 32";"Lonely Days";"1";"12758"
"Tatami Construct";"Hidden World";"1";"12759"
"Amies";"After All";"1";"12760"
"goson";"Dreams of Angels";"1";"12761"
"Laffey";"Belonging";"1";"12762"
"Xander.";"Forest Of Dreams";"1";"12763"
"Yasumu";"Creating Memories";"1";"12764"
"Yestalgia";"Glowing";"1";"12765"
"Nuver";"Kalopsia";"1";"12766"
"kyu";"Dreamscapes";"1";"12767"
"Project AER";"Journals";"1";"12768"
"Kudo";"Staring Through";"1";"12769"
"Chau Sara";"Lightsaber Bar";"1";"12770"
"Casiio";"Sleepless Night";"1";"12771"
"eugenio izzi";"Feel Free To Imagine";"1";"12772"
"MAU";"Les jours d’après";"1";"12773"
"AJMW";"Heading Home";"1";"12774"
"kainbeats";"Finding Beauty";"1";"12775"
"BVG";"A Spirit’s Tale";"1";"12776"
"maya ongaku";"Approach to Anima";"41";"258"
"Chunk";"Andalusia";"5";"3354"
"Fennec";"a couple of good days";"7";"2411"
"Skarbø Skulekorps";"Innesko";"4";"4121"
"Operating Theatre";"Spring Is Coming With A Strawberry In The Mouth / Rapid Eye Movements";"4";"4122"
"Ikonika";"The Library Album";"4";"4123"
"Houston & Dorsey";"Ebb Tide";"4";"4124"
"Colloboh";"Saana Sahel";"6";"2802"
"Pavel Milyakov";"Blue";"9";"1863"
"Adrian Younge";"Phoenix (Theon Cross Remix)";"4";"4125"
"Howie Lee";"Birdy Island";"3";"5295"
"||||||||||||||||||||";"Almost There";"5";"3355"
"Hania Rani";"Ghosts";"7";"2412"
"Ibrahim Hesnawi";"The Father of Libyan Reggae (Habibi Funk 024)";"5";"3356"
"Falle Nioke";"Badiare EP";"4";"4126"
"Mosley Jr";"Lonestar Retreat";"4";"4127"
"John Beltran";"Back To Bahia";"16";"914"
"4th Sign";"Eloge de la Lenteur 3";"7";"2413"
"Boozoo Bajou";"Finistère";"4";"4128"
"The Memphis Mustangs";"Cry Love";"4";"4129"
"Nev Cottee";"Madrid";"6";"2803"
"Airhead";"Lightness";"6";"2804"
"Hiroshi Yoshimura";"Surround";"4";"4130"
"Dylan Henner";"You Always Will Be";"6";"2805"
"KAU";"The Cycle Repeats";"3";"5296"
"Arima Ederra";"An Orange Colored Day";"4";"4131"
"Joey Mercedes";"It Goes On (At the Afterparty)";"4";"4132"
"Peter Power";"New Dance Energy";"6";"2806"
"Ben Hauke";"A LITTLE HEAL";"3";"5297"
"Gitkin";"5 Star Motel";"18";"773"
"Ghost Power";"Ghost Power";"27";"428"
"Various artists (2)";"Astronaut";"10";"1666"
"Don Glori";"Welcome";"42";"251"
"Gonubie";"Signals at Both Ears";"8";"2097"
"Kirk Barley";"Évier";"7";"2414"
"shane cooper";"Finish The Sun";"5";"3357"
"The Breathing Effect";"Eli & Harry";"6";"2807"
"Aquiles Navarro";"Heritage Of The Invisible II";"4";"4133"
"Khukzuk Zendogiu";"Souviens toi";"7";"2415"
"Captain Planet";"Sounds Like Home";"15";"995"
"corto.alto";"Bad With Names";"41";"259"
"Muito Kaballa";"Everything Is Broke";"27";"429"
"BnnyHunna";"Traffic";"5";"3358"
"Jembaa Groove";"Adesane (Pachakuti Remix)";"5";"3359"
"Tibi Dabo";"Isla";"18";"774"
"Eliza";"A Sky Without Stars";"13";"1213"
"Daedelus";"The Light Brigade";"6";"2808"
"The Natural Yogurt Band";"Spectral Flux";"5";"3360"
"Ocote Soul Sounds";"The Alchemist Manifesto";"32";"343"
"Eje Eje";"Five Seasons";"58";"159"
"Denny Guy";"From These Shores";"4";"4134"
"Susumu Yokota";"image 1983 -1998";"5";"3361"
"Christoph El Truento";"peace maker dub";"21";"620"
"TRIBEZ.";"Back in the Days (Melodiesinfonie Remix)";"6";"2809"
"Noori & His Dorpa Band";"Beja Power! Electric Soul & Brass from Sudan's Red Sea Coast";"5";"3362"
"Bibi Tanga & The Selenites";"Afro Groove";"4";"4135"
"Ohia Lehua";"Tell Me";"9";"1864"
"Move D";"Reissued 3";"9";"1865"
"tristaño";"Bishop";"7";"2416"
"Soul Wun";"Fragments - EP";"13";"1214"
"Mom Tudie";"Boys Cry. // i don't know.";"10";"1667"
"Svaneborg Kardyb";"Knob";"6";"2810"
"The Seven Ups";"A Free Blowing Wind";"10";"1668"
"Ultraísta";"Ultraísta (Deluxe)";"5";"3363"
"Giuliano Sorgini";"Lavoro E Tempo Libero";"4";"4136"
"Speakers Corner Quartet";"Further Out Than The Edge (Deluxe)";"4";"4137"
"Henri Salvador";"Homme studio";"10";"1669"
"Jacco Gardner";"Somnium";"6";"2811"
"Hildegard";"Hildegard";"7";"2417"
"Salamanda";"In Parallel";"7";"2418"
"pigbaby";"Life moves fast, so take my hand.";"5";"3364"
"Melodiesinfonie";"Softboi";"3";"5298"
"Henry Wu";"27 Karat Years";"9";"1866"
"Emerson Kitamura";"船窓 / おろかな指";"4";"4138"
"Ludo Gastolfi";"New York Prelude";"7";"2419"
"Bala Desejo";"Baile De Máscaras (Recarnaval) [Jamz Supernova & Sam Interface Remix]";"17";"837"
"K.F.T.B.";"Love Yourself";"23";"534"
"Lewsberg";"In Your Hands";"21";"621"
"Illnoledge";"Fearless";"5";"3365"
"Illnoledge";"Bliss";"1";"12777"
"Marinero";"Hella Love";"3";"5299"
"Oren Ambarchi";"Hubris";"7";"2420"
"Red Robyn";"When";"5";"3366"
"Charif Megarbane";"Marzipan (Habibi Funk 023) [Bonus Edition]";"4";"4139"
"Letherette";"Brown Lounge, Vol. 4";"6";"2812"
"PWNT";"Days in the Summer";"5";"3367"
"Barry Can't Swim";"When Will We Land?";"88";"71"
"Louis VI";"EARTHLING (Instrumentals)";"1";"12778"
"Adrian Younge";"Remixes JID020";"1";"12779"
"Jump Source";"JS03";"1";"12780"
"Super Yamba Band";"Last Leap (Remixes)";"1";"12781"
"Polyphonic Exophilia";"Be Fine";"7";"2421"
"Witch Prophet";"GATEWAY EXPERIENCE";"4";"4140"
"Lord of the Isles";"My Noise is Nothing";"3";"5300"
"Kiefer";"It's Ok, B U";"2";"7446"
"Cassowary";"Cassowary";"3";"5301"
"Decisive Pink";"Ticket to Fame";"4";"4141"
"Josef Akin";"Visions of the Night";"1";"12782"
"Mito y Comadre";"Guajirando";"25";"481"
"Nora Stanley";"Distance Of The Moon";"2";"7447"
"Lagos Thugs";"INNOCENT BLOOD (Let it be known)";"4";"4142"
"DJ Psychiatre";"Rhythm Is Key";"6";"2813"
"Deena Abdelwahed";"Jbal Rrsas";"5";"3368"
"Raffy Bushman";"Olympus";"1";"12783"
"Oso Leone";"Gallery Love";"14";"1092"
"Mansur Brown";"No Way";"5";"3369"
"Galcher Lustwerk";"No Trip";"1";"12784"
"Khruangbin";"Cebollas Verdes";"3";"5302"
"Joshua Moshe";"Inner Search";"3";"5303"
"Mitchum Yacoub";"Living High in the Brass Empire";"189";"15"
"BLUE Divers";"Blue Divers";"2";"7448"
"Little Dragon";"Slipping Into Color";"31";"355"
"Olof Dreijer";"Rosa Rugosa EP";"3";"5304"
"Clarissa Connelly";"Wee Rosebud";"4";"4143"
"Cousin";"HomeSoon";"5";"3370"
"Rival Consoles";"The Giant Swing";"1";"12785"
"Ella Thompson";"Domino";"3";"5305"
"Alexander IV";"Musica";"2";"7449"
"John Carroll Kirby";"Cryptozoo: Original Motion Picture Soundtrack";"1";"12786"
"Kaitlyn Aurelia Smith";"Lagoon";"1";"12787"
"Freak Heat Waves";"Mondo Tempo";"9";"1867"
"Various artists (16)";"Connecting The Dots (DJ Mix)";"37";"294"
"Sampa the Great";"As Above, So Below";"16";"915"
"Sampa the Great";"DNA (triple j Like A Version)";"1";"12788"
"Shakin' Stevens";"Merry Christmas Everyone";"4";"4144"
"Stevie Wonder";"20th Century Masters - The Best of Stevie Wonder: The Christmas Collection";"2";"7450"
"Pyotr Ilyich Tchaikovsky";"Tchaikovsky: Symphony No. 1 & The Nutcracker Suite";"1";"12789"
"Otis Redding";"Pure Southern Soul";"1";"12790"
"Bob Dylan";"Christmas In The Heart";"1";"12791"
"The Pogues";"Fairytale of New York (feat. Kirsty MacColl) [Edit]";"1";"12792"
"Stepan Konicek";"Tři Oříšky Pro Popelku (Original Soundrack)";"1";"12793"
"Ella Fitzgerald";"The Complete Decca Singles Vol. 4: 1950-1955";"1";"12794"
"Jona Lewie";"Heart Skips Beat";"1";"12795"
"John Lennon";"Signature Box";"2";"7451"
"Frankie Goes to Hollywood";"Welcome to the Pleasuredome";"1";"12796"
"Helene Fischer";"Weihnachten";"1";"12797"
"Wham!";"The Singles: Echoes from the Edge of Heaven";"1";"12798"
"Hugh Martin";"Home Alone (Original Motion Picture Soundtrack) [Anniversary Edition]";"1";"12799"
"Elvis Presley";"Elvis' Christmas Album";"2";"7452"
"Slade";"Merry Xmas Everybody";"2";"7453"
"Tom Petty and The Heartbreakers";"A Very Special Christmas 2";"1";"12800"
"The Drifters";"Clyde McPhatter & The Drifters";"1";"12801"
"Dean Martin";"The Dean Martin Christmas Album";"2";"7454"
"Burl Ives";"Have a Holly Jolly Christmas";"1";"12802"
"Mel Tormé";"That's All";"1";"12803"
"Melanie Thornton";"Wonderful Dream (Holidays Are Coming)";"1";"12804"
"Queen";"The Works (Deluxe Edition 2011 Remaster)";"2";"7455"
"The Beach Boys";"The Beach Boys' Christmas Album";"2";"7456"
"Charles Brown";"Sings Christmas Songs";"1";"12805"
"Adolphe Adam";"Home Alone (Original Motion Picture Soundtrack) [Anniversary Edition]";"1";"12806"
"Eartha Kitt";"Heavenly Eartha";"1";"12807"
"Elton John";"Caribou (Remastered 1995)";"2";"7457"
"Cliff Richard";"Together With Cliff Richard";"1";"12808"
"Johnny Cash";"The Classic Christmas Album";"1";"12809"
"Art Garfunkel";"The Singer";"1";"12810"
"Andy Williams";"The Very Best of Andy Williams";"1";"12811"
"Chris Rea";"Dancing with Strangers (Deluxe Edition, 2019 Remaster)";"2";"7458"
"Bobby Helms";"Jingle Bell Rock/Captain Santa Claus (And His Reindeer Space Patrol)";"1";"12812"
"Natalie Cole";"The Magic of Christmas";"1";"12813"
"Sammy Davis, Jr.";"Sammy Davis Jr. - Songbook";"1";"12814"
"King Curtis";"Kingdom Of Curtis";"1";"12815"
"Bryan Adams";"Ultimate Pop Christmas";"2";"7459"
"Boney M.";"Worldmusic for Christmas";"1";"12816"
"Band Aid";"Do They Know It’s Christmas?";"1";"12817"
"Rolf Zuckowski";"In Der Weihnachtsbäckerei";"1";"12818"
"Traditional";"Cambridge Singers Christmas Album";"1";"12819"
"Michael Bublé";"White Christmas";"2";"7460"
"Mykola Dmytrovych Leontovych";"Christmas with the Westminster Choir";"1";"12820"
"Henry John Gauntlett";"Christmas Carols by King's College Choir";"1";"12821"
"John Williams";"Home Alone (Original Motion Picture Soundtrack) [Anniversary Edition]";"1";"12822"
"Philip Stopford";"Carols from Queen's";"1";"12823"
"William J. Kirkpatrick";"The Wonder Of Christmas";"1";"12824"
"Academy of St Martin in the Fields Chorus";"Christmas With The Academy";"1";"12825"
"Este'S Psalter, 1592";"Favourite Carols from King's";"1";"12826"
"Bob Chilcott";"Good King Wenceslas";"1";"12827"
"Franz Xaver Gruber";"The John Rutter Christmas Album";"1";"12828"
"Howard Blake";"Walking In The Air - The Music Of Howard Blake";"1";"12829"
"John Rutter";"Colours of Christmas";"1";"12830"
"The City of Prague Philharmonic Orchestra";"Christmas Choral Classics";"1";"12831"
"Pyotr Ilyich Tchaikovsky";"Tchaikovsky: The Nutcracker";"1";"12832"
"James Lord Pierpont";"A Christmas Fantasy";"1";"12833"
"Sabrina Carpenter";"fruitcake";"1";"12834"
"Anonymous";"For The Holidays";"1";"12835"
"John Rutter";"John Rutter: All the Stars Looked Down";"1";"12836"
"Traditional";"Christmas Carols";"1";"12837"
"Anonymous";"Winter Songs";"1";"12838"
"John Rutter";"On Christmas Night";"1";"12839"
"Morten Lauridsen";"Lauridsen: O Magnum Mysterium / Lux Aeterna / Madrigali / Les Chansons Des Roses";"1";"12840"
"Stephan Moccio";"Carol of the Bells (arr. piano) / Christmas Time Is Here (arr. piano)";"1";"12841"
"Johann Sebastian Bach";"J. S. Bach: How shall I fitly meet thee?";"1";"12842"
"John Goss";"Classical Christmas Carols";"1";"12843"
"Rufus Wainwright";"Christmas Rules (International Version)";"1";"12844"
"Harold Darke";"Harold Darke: In the bleak midwinter";"1";"12845"
"Quantic";"Dancing While Falling";"38";"285"
"V V Brown";"Am I British Yet?";"11";"1479"
"Web Web";"WEB MAX II";"24";"512"
"Taylor Haskins";"Recombination";"2";"7461"
"Dry Cleaning";"Swampy EP";"5";"3371"
"Ron Everett";"The Glitter Of The City";"2";"7462"
"Matthias Vogt";"Ten As One";"10";"1670"
"Michel Portal";"Max mon amour (Musique du film de Nagisa Oshima)";"18";"775"
"Perfect Angels";"Exit from the Ultra-World";"3";"5306"
"Fazer";"Plex";"2";"7463"
"Baby Cool";"Earthling On The Road To Self Love";"7";"2422"
"Branko Mataja";"Traditional and Folk Songs of Yugoslavia";"18";"776"
"Alabaster Deplume";"Visit Croatia EP";"3";"5307"
"Space Ghost";"Aquarium Nightclub";"4";"4145"
"Bowes Road Band";"Grass is Grass";"2";"7464"
"Amaro Freitas";"Melanina";"3";"5308"
"Pecas";"BEAUTIFUL";"17";"838"
"Lolina";"Music Is The Drug";"3";"5309"
"New Composers";"Astra (Expanded Edition)";"2";"7465"
"Salami Rose Joe Louis";"Akousmatikous";"8";"2098"
"Błoto";"Kwasy i Zasady";"2";"7466"
"Mildlife";"Musica";"3";"5310"
"Traffik Island";"Sweat Kollecta's Peanut Butter Traffik Jam";"2";"7467"
"Freya Roy";"Calling My Name";"2";"7468"
"LA LOM";"La Lom";"3";"5311"
"Uffe";"No!";"3";"5312"
"Chaos in the CBD";"Sirena Deep";"9";"1868"
"Chaos in the CBD";"Dusty Sundays";"34";"317"
"United Freedom Collective";"Vast Oceans, Empty Skies";"30";"373"
"Black Pumas";"Chronicles of a Diamond";"143";"26"
"Romare";"Here Comes The Night";"13";"1215"
"Weval";"It'll Be Just Fine / Grow Up";"14";"1093"
"M. D. PALLAVI";"Songs for Broken Ships";"1";"12846"
"Maston";"Souvenir";"15";"996"
"Ilyich";"At the Door";"8";"2099"
"Dana and Alden";"brothers";"10";"1671"
"BALTHVS";"Anouk";"10";"1672"
"La marche bleue";"Music for Maison d'en face";"25";"482"
"Keshavara";"Fata Sonata";"14";"1094"
"Arrangement";"Tedium";"11";"1480"
"Bel Cobain";"Radical Forgiveness";"7";"2423"
"Barry Walker Jr.";"Diaspora Urkontinent";"10";"1673"
"Uto";"Touch The Lock";"9";"1869"
"Carbeau";"Madrugada";"8";"2100"
"Natural Wonder Beauty Concept";"Natural Wonder Beauty Concept";"11";"1481"
"Donna Thompson";"Sunny April Showers (Live at Jazz Stroud)";"7";"2424"
"Hether";"Covered In Hether";"13";"1216"
"Cabrita";"Umbra";"5";"3372"
"BEA1991";"Peachy Free";"7";"2425"
"Sessa";"Vento a Favor";"7";"2426"
"hermanito";"Maracuyá";"9";"1870"
"Maayan Nidam";"New Moon";"12";"1336"
"Summer Vee";"Key To All Your Love & Judas";"16";"916"
"Michael Nau";"Love Survive (Rework)";"23";"535"
"Qwalia";"Sound & Reason";"19";"721"
"Lapgan";"Duniya Kya Hai";"9";"1871"
"Conic Rose";"Heller Tag";"8";"2101"
"Louis Fontaine";"Ritmi Moderni";"6";"2814"
"Niecy Blues";"Exit Simulation";"7";"2427"
"Dan Bay";"Ich Tanz So Gern";"4";"4146"
"Charlie Haden";"Not In Our Name";"1";"12847"
"33.3";"Homemade Gun";"11";"1482"
"Stephen Shannon";"Fathoms";"4";"4147"
"Zeb Samuels";"Theme 17 (Jon Kennedy Remix)";"5";"3373"
"Raquel Martins";"Empty Flower";"7";"2428"
"Macadam Crocodile";"Walk Faster";"9";"1872"
"LPTHERAPPER";"Da Vault";"5";"3374"
"Phi-Psonics";"Octava";"6";"2815"
"Polygonia";"Candid";"10";"1674"
"Rudi Creswick";"Dark Days Are Done";"4";"4148"
"Sofia Grant";"Ochre";"3";"5313"
"Joseph Shabason";"Welcome To Hell";"3";"5314"
"Mocky";"Just a Little Lovin'";"3";"5315"
"Black Jesus Experience";"Good Evening Black Buddha";"4";"4149"
"Emahoy Tsege Mariam Gebru";"Jerusalem";"4";"4150"
"Lauren Auder";"two caves in";"3";"5316"
"Pedro Mizutani";"Melhor Se Acostumar (Tour-Maubourg Remix)";"3";"5317"
"ML Buch";"Suntub";"4";"4151"
"Sababa 5";"Aspan";"4";"4152"
"Genevieve Artadi";"Forever Forever";"6";"2816"
"JazzZ";"ABSINTHE";"20";"658"
"Greg Spero";"Rising";"4";"4153"
"Underground Canopy";"Séquences";"3";"5318"
"Fuz";"First Light";"3";"5319"
"Pale Blue";"Maria";"4";"4154"
"Mia Doi Todd";"Island in the Storm";"13";"1217"
"D.K.";"Drop";"4";"4155"
"Chocolate Hills";"Yarns from the Chocolate Triangle";"4";"4156"
"Les Mamans du Congo";"Ya Mizolé";"11";"1483"
"Reinhard Voigt";"Robson Ponte";"4";"4157"
"Vincent Gericke";"Orbital Debris";"10";"1675"
"V.C.R";"The Chronicles of a Caterpillar: The Egg";"1";"12848"
"Balimaya Project";"When The Dust Settles";"3";"5320"
"Bassline";"You've Gone";"3";"5321"
"Hannah Miette";"Let me know";"3";"5322"
"Anthony Naples";"Orbs";"8";"2102"
"Alice Smith";"Weekends and Beginnings";"2";"7469"
"Kansado";"Guaguansoul";"2";"7470"
"Hidden Orchestra";"To Dream is to Forget";"2";"7471"
"Azamiah";"In Phases";"10";"1676"
"Jonathan Fitoussi";"Espaces timbrés";"4";"4158"
"Alexander Flood";"Oscillate";"50";"189"
"Vincent Jäger";"Freie Interpreten";"12";"1337"
"Roy Nathanson";"82 Days";"1";"12849"
"Don Leisure";"Shaboo Strikes Back";"2";"7472"
"Framix";"Horizon Town";"2";"7473"
"Tom Skinner";"The Journey";"2";"7474"
"Jonnine";"Maritz";"5";"3375"
"Y La Bamba";"Lucha";"2";"7475"
"The Park";"Fridays at The Park Season 1";"2";"7476"
"Discovery Zone";"Remote Control";"5";"3376"
"Sally Oldfield";"Mirrors: The Bronze Anthology";"1";"12850"
"HTRK";"Death Is a Dream";"4";"4159"
"Λένα Πλάτωνος";"galop";"2";"7477"
"pool boy";"Movie Night Cancelled (Domenique Dumont Ambient Remix)";"4";"4160"
"Carlos Niño";"(I'm Just) Chillin', on Fire";"3";"5323"
"Matthew Halsall";"An Ever Changing View";"5";"3377"
"Islandman";"Direct-to-Disc Sessions";"10";"1677"
"Nick Walters";"Padm​ā​sana";"2";"7478"
"Jamie Leeming";"Resynthesis";"1";"12851"
"Jonny Nash";"Point Of Entry";"3";"5324"
"Andrew Underberg";"Hazbin Hotel Original Soundtrack (Part 1)";"6";"2817"
"Blake Roman";"Poison (Hazbin Hotel Original Soundtrack)";"2";"7479"
"Nubya Garcia";"Fortify";"1";"12852"
"Mildlife";"Yourself";"1";"12853"
"Àbáse";"Align (Energy) [Benjamin Fredrick Vukelić Remix]";"2";"7480"
"Ashley Henry";"Who We Are";"2";"7481"
"DJ Oil";"In Their Eyes";"1";"12854"
"Lauren Ritter";"I Surrender";"2";"7482"
"Luca Musto";"Trabant";"1";"12855"
"Klaus Johann Grobe";"Highway High";"1";"12856"
"Tanhai Collective";"The Tanifesto";"2";"7483"
"Tony Allen";"Tony Allen JID018";"10";"1678"
"Bitchin Bajas";"Bajascillators";"2";"7484"
"Eddie C";"I'm Starting To Feel Ok, Vol. 4";"5";"3378"
"Parbleu";"Danse Cette Zik";"2";"7485"
"Yan Tregger";"Catchy";"1";"12857"
"Ibibio Sound Machine";"Doko Mien";"5";"3379"
"Pharoah Sanders";"Pharoah";"1";"12858"
"Waldo's Gift";"Normflex";"1";"12859"
"Hiro Ama";"Free Soul";"3";"5325"
"Lect Drecs";"My Aura";"4";"4161"
"NATE08";"Hold Up";"4";"4162"
"John Stammers";"Idle I'm (The Band Version) / Your Good Is as Guess as Mine (Colorama Coloured In Remix)";"1";"12860"
"Howie B";"Music for Babies";"1";"12861"
"Admin";"Mr Bongo Record Club, Vol. 5";"2";"7486"
"Tour-Maubourg";"I Wanna";"2";"7487"
"Jitwam";"Third";"5";"3380"
"Thandi Ntuli";"Rainbow Revisited";"2";"7488"
"Yoni Mayraz";"Rough Cuts";"1";"12862"
"muva of Earth";"align with Nature's Intelligence";"2";"7489"
"fLako";"Eclosure";"2";"7490"
"Josiah Steinbrick";"For Anyone That Knows You";"1";"12863"
"Ariel Kalma";"Écoute Au Loin";"1";"12864"
"Romare";"Discotheque";"1";"12865"
"O'Flynn";"Soleil";"10";"1679"
"Andrew Underberg";"Hazbin Hotel Original Soundtrack (Part 1)";"1";"12866"
"Jimmy Smith";"Talkin' Verve: Roots Of Acid Jazz";"1";"12867"
"Nice Girl";"Take Me Home";"1";"12868"
"Andrew Underberg";"Hazbin Hotel Original Soundtrack (Part 2)";"1";"12869"
"Fila Brazillia";"Jump Leads";"1";"12870"
"Tuulikki Bartosik";"Playscapes";"3";"5326"
"Dan Hastie";"Crows Height";"7";"2429"
"Buscabulla";"Ta Que Tiembla (Pachyman Remix)";"3";"5327"
"Simon Lovermann";"Under Canvas";"3";"5328"
"ddwy";"Sprig Songs";"6";"2818"
"Matt Wilde";"Hello World";"3";"5329"
"Labelle";"Noir Anima";"4";"4163"
"Patrick Holland";"Ending With 1000";"5";"3381"
"Sweatson Klank";"Reverie";"2";"7491"
"Via Mardot";"Pining";"3";"5330"
"Thomas de Pourquery";"Good Morning";"3";"5331"
"Ed Mount";"La traversée du cosmos";"3";"5332"
"Degrees of Freedom";"DJ-Kicks (Leon Vynehall) [DJ Mix]";"2";"7492"
"Loraine James";"Gentle Confrontation";"3";"5333"
"Ciao Ciao Marigold";"Beets Vol. I";"5";"3382"
"Thoma";"Jade Oolong";"13";"1218"
"Clément Froissart";"Aux larmes (Pilooski Mid-Summer Dub)";"4";"4164"
"Ali Kuru";"Morena";"1";"12871"
"Catching Flies";"magnolia";"1";"12872"
"Louis Carnell";"eight";"1";"12873"
"Peter Power";"The Sound Of Home";"1";"12874"
"M.RUX";"Cecegi";"1";"12875"
"BADBADNOTGOOD";"Take What's Given";"1";"12876"
"Suzanne Ciani";"Golden Apples of the Sun";"11";"1484"
"Dub Syndicate";"Tunes From The Missing Channel";"7";"2430"
"Daylight Robbery!";"Moons of Jupiter";"26";"448"
"Laura Misch";"Sample the Sky";"24";"513"
"ALAASKA";"Bangkok";"4";"4165"
"Bobby Oroza";"Losing It";"2";"7493"
"The Stance Brothers";"Duktus";"2";"7494"
"Smith & Mighty";"DJ-Kicks (Smith & Mighty)";"1";"12877"
"Los Mirlos";"The Roots of Chicha";"2";"7495"
"Juaneco y su Combo";"The Roots of Chicha";"1";"12878"
"Los Destellos";"The Roots of Chicha";"2";"7496"
"Los Diablos Rojos";"The Roots of Chicha";"1";"12879"
"Azmari";"Maelström";"5";"3383"
"Piero Umiliani";"Il corpo";"3";"5334"
"Rome Sithammarat";"The Sound Of Siam, Vol. 2 (Molam & Luk Thung Isan From North-East Thailand 1970 - 1982)";"5";"3384"
"Achtung Wunst";"Starflight";"5";"3385"
"Mykki Blanco";"Stay Close To Music";"4";"4166"
"Demuja";"Dark Dune";"4";"4167"
"Arthur Liory";"Osmosis";"4";"4168"
"Purelink";"Signs";"3";"5335"
"Holy Hive";"Big Crown Vaults Vol. 3 - Holy Hive";"6";"2819"
"Suff Daddy";"Hair of the Dog";"2";"7497"
"Takeshi's Cashew";"Enter J's Chamber";"2";"7498"
"Tremendous Aron";"Handsome Hansi";"3";"5336"
"Duffy x Uhlmann";"Doubles";"11";"1485"
"Nathalie Joachim";"Ki moun ou ye";"4";"4169"
"Blundetto";"Cousin Zaka Vol. 2";"8";"2103"
"Mathieu Pelletier-Gagnon";"Volume II";"2";"7499"
"Mezerg";"Extended Play";"11";"1486"
"Mulatu Astatke";"Mulatu of Ethiopia";"2";"7500"
"The Sorcerers";"The Sorcerers";"3";"5337"
"Haruomi Hosono";"Turquois";"11";"1487"
"Jazzbois";"Higher Dimension Waiting Room";"2";"7501"
"Anne Paceo";"Wide Awake (David Walters Remix)";"12";"1338"
"Traditional Bulgarian";"Between Worlds (Including Spotify Commentary)";"8";"2104"
"Mirabai Ceiba";"Sacred Love Meditations";"6";"2820"
"Mama Oliver";"Vienna Scientists";"2";"7502"
"halfpastseven";"Why Am I Thinking";"2";"7503"
"Scone Cash Players";"Blast Furnace!";"4";"4170"
"Khiliath";"Heart";"2";"7504"
"Lefto Early Bird";"I Sing To Find Peace Of Mind (feat. Simbad)";"2";"7505"
"Laurence Guy";"Shall Not Fade: Laurence Guy (DJ Mix)";"49";"197"
"First Beige";"Reflections";"7";"2431"
"Sunbörn";"Dancing in the Dusk (Clap! Clap! Remix)";"14";"1095"
"Sulkhan Tsintsadze";"Between Worlds (Including Spotify Commentary)";"1";"12880"
"Béla Bartók";"Between Worlds (Including Spotify Commentary)";"2";"7506"
"Randal Fisher";"Wenge";"48";"204"
"Louise Farrenc";"Farrenc: Complete Piano Works, Vol. 1 - Études";"68";"121"
"Hinako Omori";"a journey…";"2";"7507"
"Asha Puthli";"Disco Mystic: Select Remixes Volume 1";"14";"1096"
"Anadol";"Uzun Havalar";"3";"5338"
"Jacob Slade";"Jacob Slade";"4";"4171"
"Pekka Pohjola";"Harakka Bialoipokku";"2";"7508"
"Weste";"Espiral (冥丁 Remix)";"11";"1488"
"Okonski";"Trio Session Demos";"22";"570"
"Konkolo Orchestra";"Future Pasts";"29";"391"
"Claudio Suriano";"Space";"5";"3386"
"Lucas Arruda";"SOLAR";"2";"7509"
"Ghost Funk Orchestra";"Lone";"3";"5339"
"Limousine";"Hula Hoop";"10";"1680"
"Malena Zavala";"Ritmo de Vida (Acoustic Version)";"15";"997"
"Edmondson";"New Forest Mysticism";"4";"4172"
"Malcolm Strachan";"Point Of No Return";"14";"1097"
"E. Lundquist";"Art Between Minds";"5";"3387"
"Scribble";"Selected Works 1983-86";"7";"2432"
"Peter Somuah";"Letter to the Universe";"26";"449"
"Philipp Johann Thimm";"Birds Singing Till The World Ends";"4";"4173"
"Dina Ögon";"Dina ögon";"11";"1489"
"Melanie De Biasio";"Il Viaggio";"13";"1219"
"Kluztunk";"Monotonous Landscape";"3";"5340"
"okvsho";"Soulé";"2";"7510"
"Linkwood";"Stereo";"1";"12881"
"Shake Stew";"Lila";"30";"374"
"Cole Pulice";"If I Don't See You in the Future, I'll See You in the Pasture";"2";"7511"
"Nubiyan Twist";"So Mi Stay";"15";"998"
"Souleance";"Le Plaisir";"4";"4174"
"oreglo";"J.A.C.K.";"3";"5341"
"Ludwig van Beethoven";"Beethoven: The Complete Piano Sonatas";"21";"622"
"Hauschka";"Philanthropy";"3";"5342"
"Mala";"Mala in Cuba";"4";"4175"
"Kofi Flexxx";"Flowers In The Dark";"2";"7512"
"Energy Exchange Ensemble";"Energy Exchange Records Vol I.";"43";"236"
"Vusi Mahlasela";"Face To Face";"2";"7513"
"Bernard Fevre";"Black Devil Disco Club Presents: Cosmos 2043";"3";"5343"
"Origāmi";"Smells Like You";"4";"4176"
"Bryony Jarman-Pinto";"Moving Forward";"23";"536"
"Will Connell";"Wanda Vidal (Will Connell Edit)";"2";"7514"
"Suedejazz Collective";"Spinal Chord";"2";"7515"
"Opez";"Social Limbo";"3";"5344"
"Fantastic Man";"Utopioid";"3";"5345"
"Kay Slice";"UPRISE";"4";"4177"
"Bill Laurance";"Where You Wish You Were";"2";"7516"
"Forever Pavot";"LA PANTOUFLE";"5";"3388"
"Rhythm & Sound";"fabric presents Danilo Plessow (MCDE)";"5";"3389"
"Frank Harris";"Echoes";"2";"7517"
"Shaka Lion";"Soulection White Label - Shaka Lion & Singularis";"3";"5346"
"M.RUX";"Rekorder";"15";"999"
"Andrew Underberg";"Hazbin Hotel (Original Soundtrack)";"1";"12882"
"Błażej Malinowski";"Unpredictability Of Probability (Including Dasha Rush Remix)";"1";"12883"
"Viken Arman";"Lonely Raver";"9";"1873"
"Karsten Houmark Quartet";"Dawn";"7";"2433"
"Sonzeira";"Tam Tam Tam Reimagined";"20";"659"
"AshK";"Ambassa Lemdi";"4";"4178"
"The Durutti Column";"Fidelity";"7";"2434"
"U-Zhaan";"「マンガをはみだした男 ~赤塚不二夫~」オリジナル・サウンドトラック";"4";"4179"
"Daisy Rickman";"Donsya a'n Loryow";"4";"4180"
"Magic In Threes";"Incidental Music";"4";"4181"
"Quantic and his Combo Bárbaro";"Tradition In Transition";"87";"74"
"Mazie";"girls just wanna have sex";"1";"12884"
"Hermanos Gutierrez";"El Bueno Y El Malo";"2";"7518"
"Tutankhamun";"Tutankhamun";"5";"3390"
"Baba Stiltz";"Paid Testimony";"2";"7519"
"Anna B Savage";"in|FLUX";"15";"1000"
"The Bongo Hop";"La Ñapa";"11";"1490"
"Tommy Guerrero";"Amber of Memory";"8";"2105"
"Uiss Kherte";"New Era";"4";"4182"
"Girls in Airports";"Kaikoura";"3";"5347"
"Skuas";"fabric presents Danilo Plessow (MCDE)";"2";"7520"
"Scientist";"fabric presents Danilo Plessow (MCDE)";"2";"7521"
"Recloose";"fabric presents Danilo Plessow (MCDE)";"2";"7522"
"Moogroove";"fabric presents Danilo Plessow (MCDE)";"2";"7523"
"Jeroen Vink";"fabric presents Danilo Plessow (MCDE)";"2";"7524"
"Powder";"fabric presents Danilo Plessow (MCDE)";"2";"7525"
"Motor City Drum Ensemble";"fabric presents Danilo Plessow (MCDE)";"2";"7526"
"Proxyan";"fabric presents Danilo Plessow (MCDE)";"2";"7527"
"Basic-Variation";"fabric presents Danilo Plessow (MCDE)";"2";"7528"
"Ciel";"fabric presents Danilo Plessow (MCDE)";"2";"7529"
"Hypnobeat";"fabric presents Danilo Plessow (MCDE)";"2";"7530"
"Cabaret Voltaire";"fabric presents Danilo Plessow (MCDE)";"2";"7531"
"The Order";"fabric presents Danilo Plessow (MCDE)";"2";"7532"
"The Other People Place";"fabric presents Danilo Plessow (MCDE)";"2";"7533"
"$tinkworx";"fabric presents Danilo Plessow (MCDE)";"2";"7534"
"Roy Davis Jr.";"fabric presents Danilo Plessow (MCDE)";"2";"7535"
"Jonny L";"fabric presents Danilo Plessow (MCDE)";"2";"7536"
"Logue";"fabric presents Danilo Plessow (MCDE)";"2";"7537"
"A²";"fabric presents Danilo Plessow (MCDE)";"2";"7538"
"Sansibar";"fabric presents Danilo Plessow (MCDE)";"2";"7539"
"Family Unit";"fabric presents Danilo Plessow (MCDE)";"2";"7540"
"Iridium";"fabric presents Danilo Plessow (MCDE)";"2";"7541"
"Jean-Claude Petit";"fabric presents Danilo Plessow (MCDE)";"2";"7542"
"Moonstarr";"fabric presents Danilo Plessow (MCDE)";"2";"7543"
"John Kongos";"fabric presents Danilo Plessow (MCDE)";"1";"12885"
"Paris Green";"Oh Yes (feat. Marvin Gaye & Tammi Terrell)";"1";"12886"
"Glass Beams";"Mahal";"20";"660"
"Bryony Jarman-Pinto";"Cage and Aviary";"104";"46"
"Aso";"a.s.o.";"3";"5348"
"Zeitgeist Freedom Energy Exchange";"ZFEX Vol.II";"34";"318"
"Akira Ishikawa & Count Buffaloes";"African Rock";"2";"7544"
"memory of jane";"So Pacific";"1";"12887"
"Duke Hugh";"Say No More";"3";"5349"
"Bryony Jarman-Pinto";"Sour Face: dego & 2000Black Remixes";"2";"7545"
"Proc Fiskal";"Pic Of U";"3";"5350"
"Miki Hirayama";"Tokyo Riddim 1976-1985";"2";"7546"
"Yin Yin";"Mount Matsu";"2";"7547"
"SSIEGE";"Virgo Oscura";"2";"7548"
"Gene Sikora";"A Song For Mary";"1";"12888"
"Alice Coltrane";"Eternity";"3";"5351"
"LX72";"New Affinity (Expanded Edition)";"2";"7549"
"Coby Sey";"Petals Have Fallen";"2";"7550"
"Clark";"Kiri Variations";"2";"7551"
"Hector Morlet";"The Variety Show";"3";"5352"
"David Darling & the Wulu Bunun";"Mudanin Kata";"4";"4183"
"Stanford Lin";"KAFKAESQUE";"2";"7552"
"Bruce Haack";"Preservation Tapes";"2";"7553"
"Fatima Al Qadiri";"Medieval Femme";"3";"5353"
"Fred P";"The Incredible Adventures Of Captain P";"2";"7554"
"Baby's Berserk";"Baby's Berserk";"2";"7555"
"Headache";"Miss Understood";"12";"1339"
"Dadamnphreaknoizphunk";"Take Off Da Hot Sweater";"1";"12889"
"Inventions";"Continuous Portrait";"2";"7556"
"Ustad Noor Bakhsh";"Kalam Lolo";"7";"2435"
"Nick Warren";"Devil's Elbow";"10";"1681"
"abacothozi";"Thema Maboneng";"1";"12890"
"James K";"065 (Scorpio)";"1";"12891"
"Roger Webb";"Kung Fu Super Sounds";"4";"4184"
"Carla dal Forno";"Look Up Sharp";"5";"3391"
"Robert Vanderbilt";"Late Night Tales: Floating Points";"3";"5354"
"Dominique Lawalrée";"First Meeting";"4";"4185"
"Sonar Kollektiv Orchester";"Guaranteed Niceness";"4";"4186"
"Four Tet";"Three";"1";"12892"
"Judie Tzuke";"Ritmo";"3";"5355"
"Les Hommes";"The Sinner";"3";"5356"
"Space Dimension Controller";"Welcome to Mikrosector-50";"3";"5357"
"Ludwig A.F.";"Air";"3";"5358"
"The Zenmenn";"Hidden Gem";"5";"3392"
"Peace Flag Ensemble";"Astral Plains";"3";"5359"
"Jakob Apelian";"Sensible Chaos";"12";"1340"
"The PutBacks";"The PutBacks";"3";"5360"
"Alina Bzhezhinska";"Anima";"2";"7557"
"The Boogie Man";"Jika Jika";"2";"7558"
"Jas Kayser";"Jas 5ive";"2";"7559"
"Munir Hossn";"sister, idea";"4";"4187"
"Lawrence";"Birds On The Playground";"3";"5361"
"Theodor";"Theodor";"15";"1001"
"J Majik";"Slow Motion";"2";"7560"
"Fabiano do Nascimento";"Mundo Solo";"2";"7561"
"Nikitch";"Back & Forth";"2";"7562"
"Pigeon";"Backslider";"8";"2106"
"Dezron Douglas";"Force Majeure";"3";"5362"
"Oluko Imo";"Were Oju Le (The Eyes Are Getting Red) [Edit]";"3";"5363"
"Volta Jazz";"Air Volta";"2";"7563"
"Frantz Casseus";"Haitian Dances";"4";"4188"
"Dream Sitch";"Long Rattle";"4";"4189"
"Pachyman";"Switched-On";"3";"5364"
"Omni Gardens";"Golden Pear";"5";"3393"
"Nicolas Jaar";"Love You Gotta Lose Again";"3";"5365"
"Colleen";"Le jour et la nuit du réel";"3";"5366"
"Sávila";"MAYAHUEL";"3";"5367"
"Yuuf";"Silky Spring";"4";"4190"
"Ebony Steel Band";"Pan Machine";"2";"7564"
"Time Wharp";"Spiro World";"3";"5368"
"Chassol";"X-Pianos";"3";"5369"
"The Lounge Lizards";"Queen of All Ears";"2";"7565"
"Sampology";"Constant Call";"5";"3394"
"Blue Lake";"Sun Arcs";"3";"5370"
"Felipe Gordon";"Psychedelic Melancholia";"13";"1220"
"Dreamscapes";"strider";"4";"4191"
"Gaussian Curve";"Winter Sun / Fever Dream";"3";"5371"
"Dungen";"Häxan";"4";"4192"
"sahra";"Alone Again";"2";"7566"
"Emil Amos";"Zone Black";"4";"4193"
"Diggs Duke";"DJ-Kicks (Kamaal Williams) [DJ Mix]";"2";"7567"
"Clats Pesmygz";"Spa";"2";"7568"
"Soul Supreme";"Soul Supreme";"3";"5372"
"Arawak";"Accadde a…";"3";"5373"
"Quantic";"Tradition In Transition";"41";"260"
"Craven Faults";"Standers";"2";"7569"
"Bobby ""Blue"" Bland";"Dreamer";"20";"661"
"Petite Noir";"MotherFather";"1";"12893"
"Bonga";"Mona Ki Ngi Xica (Pablo Fierro Remix)";"1";"12894"
"Synapson";"Global Musique, Vol. 2";"4";"4194"
"Bernard Lavilliers";"Causes Perdues Et Musiques Tropicales";"1";"12895"
"Bonga";"Recados De Fora";"6";"2821"
"Bonga";"Kaxexe";"3";"5374"
"Bonga";"Bairro";"2";"7570"
"Gaël Faye";"Pili Pili Sur Un Croissant Au Beurre";"1";"12896"
"Bonga";"Best of Bonga";"6";"2822"
"Ana Moura";"Best Of";"1";"12897"
"Bonga";"Kúdia Kuetu";"1";"12898"
"Bonga";"Kintal Da Banda";"4";"4195"
"Bonga";"Hora Kota";"2";"7571"
"Bonga";"Mulemba Xangola";"4";"4196"
"Bonga";"Maiorais";"1";"12899"
"Plutonio";"África Minha (feat. Bonga)";"1";"12900"
"Manu Dibango";"Wakafrika";"1";"12901"
"Bonga";"PRETO E BRANCO";"1";"12902"
"Bonga";"Ti Zuela";"1";"12903"
"Bonga";"Best of (Sodade & Kaxexe)";"1";"12904"
"Bonga";"Kualuka Kuetu";"2";"7572"
"Bonga";"Best Of";"2";"7573"
"Bonga";"Massemba 87";"1";"12905"
"Cluster";"Cluster & Eno";"4";"4197"
"Khruangbin";"A La Sala";"12";"1341"
"Tess Hirst";"HERstory";"2";"7574"
"Giovanni Venosta";"Olympic Signals (Improbable Music for People Who Aren't Vey Disposed)";"2";"7575"
"Juan Atkins";"Borderland";"1";"12906"
"Lean Low";"Fat Stack";"5";"3395"
"Le Cri du Caire";"Le Cri du Caire";"2";"7576"
"Sébastien Tellier";"Narco (Original Motion Picture Score)";"2";"7577"
"Isolée";"Resort Island";"2";"7578"
"O/Y";"VARIATIONS";"13";"1221"
"Sūn Byrd";"Half the Truth";"1";"12907"
"Angelo Outlaw";"Axis of Time";"3";"5375"
"Lloyd Miller";"Lloyd Miller & The Heliocentrics";"1";"12908"
"Sam Gendel";"Raindiance / You’re Suspended - EP";"1";"12909"
"KATZROAR";"Invocation";"19";"722"
"Asha Puthli";"Asha Puthli";"2";"7579"
"Ezra Collective";"Where I'm Meant To Be (Deluxe Edition)";"64";"134"
"Ustad Noor Bakhsh";"Jingul";"1";"12910"
"David Naegele";"Valley Of The Sun: Field Guide To Inner Harmony";"1";"12911"
"Robert Slap";"Valley Of The Sun: Field Guide To Inner Harmony";"1";"12912"
"David Storrs";"Valley Of The Sun: Field Guide To Inner Harmony";"1";"12913"
"Steven Cooper";"Valley Of The Sun: Field Guide To Inner Harmony";"1";"12914"
"Patrice Scott";"Powder Fresh";"2";"7580"
"Don Melody Club";"T'Materiaal";"1";"12915"
"Omertà";"Collection Particuli​è​re";"1";"12916"
"BRAHJA";"BRAHJA";"3";"5376"
"Pan Amsterdam";"Straight to Tape";"2";"7581"
"Antibalas Afrobeat Orchestra";"Daptone Records Singles Collection: Volume 5";"1";"12917"
"Grand Blanc";"Halo";"2";"7582"
"Granfergo";"Calm Khan / Mirlos";"4";"4198"
"The Diddys";"Gilles Peterson Digs America, Vol. 2";"5";"3396"
"Pure Colors";"Dreaming In Four Dimensions";"4";"4199"
"Nicolas Michaux";"Amour colère";"5";"3397"
"Rogér Fakhr";"East of Any Place (Habibi Funk 025)";"5";"3398"
"Shay Hazan";"Wusul";"28";"412"
"Harry McNally";"Maybe Tonight";"6";"2823"
"Yussef Dayes";"The Yussef Dayes Experience (Live From Malibu)";"4";"4200"
"DJ Rodriguez";"Football Club";"2";"7583"
"Cavolo Nero";"Voulez Vous";"17";"839"
"Oko Ebombo";"Free Emotion";"3";"5377"
"Amanda Whiting";"The Liminality of Her";"12";"1342"
"Elkka";"Passionfruit";"18";"777"
"The Brothers Nylon";"Lab Rats";"5";"3399"
"Mount Kimbie";"MK 3.5: Die Cuts | City Planning";"4";"4201"
"Michael Benedikt";"We All Belong to Someone";"7";"2436"
"Detroit Rising";"Gorgeous (EVM128 Version)";"3";"5378"
"Ace of Base";"Happy Nation";"1";"12918"
"Ëda Diaz";"Suave Bruta";"29";"392"
"Roufaida";"Roufaida";"14";"1098"
"Ahtrioh";"Loving";"4";"4202"
"Jack J";"Foolish Man";"3";"5379"
"Gabriels";"Love and Hate in a Different Time (Greg Wilson & Ché Wilson Full-Length Remix)";"14";"1099"
"Niclas Knudsen";"Bushbabies";"3";"5380"
"Blick Bassy";"Mádibá";"4";"4203"
"Tour-Maubourg";"Floating on Silence";"14";"1100"
"Tour-Maubourg";"Happiness Therapy 06: Allégresse";"1";"12919"
"Isaac Birituro & The Rail Abandon";"Bill";"1";"12920"
"Brian Eno";"My Life In The Bush Of Ghosts";"8";"2107"
"Yazmin Lacey";"Voice Notes";"2";"7584"
"Connan Mockasin";"Self Discovery for Social Survival";"2";"7585"
"Claudio Olachea";"See Me With the Hands";"2";"7586"
"Cold Diamond & Mink";"Queen Of Soul";"3";"5381"
"Aja Monet";"when the poems do what they do";"13";"1222"
"Maral";"lavender's love";"3";"5382"
"Black Sea Dahu";"I Am My Mother (Instrumental)";"3";"5383"
"Vincent Gallo";"When";"4";"4204"
"Fela Kuti";"Stalemate (Edit)";"3";"5384"
"Kamaal Williams";"Everything in its Right Place";"3";"5385"
"Adi Oasis";"Dumpalltheguns (Jitwam Remix)";"2";"7587"
"Carrie Cleveland";"Looking Up: The Complete Works";"3";"5386"
"coco maria";"Club Coco";"3";"5387"
"Steve Gunn";"Let The Moon Be A Planet";"4";"4205"
"Acopia";"Acopia";"2";"7588"
"BCUC";"Ntuthwane";"3";"5388"
"Eddie Okwedy";"Nigeria 70 - Lagos Jump";"2";"7589"
"Kaya Thomas-Dyke";"Leave Me / Realise";"2";"7590"
"Amara Touré";"Amara Touré '1973 - 1980' (Analog Africa No. 18)";"7";"2437"
"Torch Song";"Toward the Unknown Region";"2";"7591"
"Savana Funk";"Ghibli";"2";"7592"
"Jolly Mare";"Have Visions";"2";"7593"
"Simeon ten Holt";"Canto Ostinato";"1";"12921"
"Colman Brothers";"She Who Dares";"1";"12922"
"Nubiyan Twist";"Lights Out";"1";"12923"
"Elkka";"Make Me";"1";"12924"
"Elkka";"DJ-Kicks: Elkka";"9";"1874"
"Shake";"DJ-Kicks: Elkka";"3";"5389"
"Paula Tape";"DJ-Kicks: Elkka";"2";"7594"
"Dauwd";"DJ-Kicks: Elkka";"2";"7595"
"East-West";"DJ-Kicks: Elkka";"2";"7596"
"Omri Smadar";"DJ-Kicks: Elkka";"2";"7597"
"Pelada";"DJ-Kicks: Elkka";"2";"7598"
"Herbert";"DJ-Kicks: Elkka";"2";"7599"
"Uk Electro";"DJ-Kicks: Elkka";"2";"7600"
"Dan Curtin";"DJ-Kicks: Elkka";"2";"7601"
"Carli";"DJ-Kicks: Elkka";"2";"7602"
"Jensen Interceptor";"DJ-Kicks: Elkka";"2";"7603"
"Surusinghe";"DJ-Kicks: Elkka";"2";"7604"
"Anna Wall";"DJ-Kicks: Elkka";"2";"7605"
"Hodge";"DJ-Kicks: Elkka";"2";"7606"
"Mark Broom";"DJ-Kicks: Elkka";"2";"7607"
"Jeigo";"DJ-Kicks: Elkka";"2";"7608"
"Villager";"DJ-Kicks: Elkka";"1";"12925"
"Breaka";"DJ-Kicks: Elkka";"1";"12926"
"Mark Pritchard";"DJ-Kicks: Elkka";"1";"12927"
"Patty Waters";"DJ-Kicks: Elkka";"1";"12928"
"PS5";"Unconscious Collective";"1";"12929"
"Mystic Jungle";"Night Of Cheetah";"4";"4206"
"Byron the Aquarius";"The New Beginning";"4";"4207"
"Photek";"Modus Operandi";"4";"4208"
"Chip Wickham";"Cloud 10";"3";"5390"
"Mindy Meng Wang 王萌";"一觸即發 Nervous Energy";"2";"7609"
"Benedek";"Earlyman Dance EP";"2";"7610"
"Jesse Futerman";"Luckey";"2";"7611"
"Abunai";"Chrysalis";"4";"4209"
"Ebi Soda";"Bedroom Tapes";"4";"4210"
"Ronald Langestraat";"Light Years Away";"4";"4211"
"Dele Sosimi";"The Confluence LP";"102";"49"
"Mdou Moctar";"Afrique Refait";"2";"7612"
"Gyedu-Blay Ambolley";"Ambolley";"3";"5391"
"The Vernon Spring";"Earth, On A Good Day";"2";"7613"
"The Offline";"Le truc vert";"1";"12930"
"Get the Blessing";"Lope And Antilope";"5";"3400"
"O'Flynn";"Count You In";"3";"5392"
"John Zorn";"The Big Gundown - 15th Anniversary Special Edition";"1";"12931"
"Pete Josef";"Utopia";"1";"12932"
"Age Of Love";"The Age Of Love (Charlotte de Witte & Enrico Sangiuliano Remix) [Charlotte de Witte & Enrico Sangiuliano Remix - Edit]";"5";"3401"
"Move 78";"Grains";"1";"12933"
"The Good Ones";"RWANDA, you should be loved";"4";"4212"
"Caoilfhionn Rose";"Fall into Place";"4";"4213"
"Moondiver";"Dominoes";"4";"4214"
"ROOBY JEANTAL";"Traveling Acoustics";"5";"3402"
"Al Quetz";"Drums Come from Africa";"4";"4215"
"Summer-Pearl";"outmysystem";"49";"198"
"Gotts Street Park";"On The Inside";"6";"2824"
"The Geek x Vrv";"Time Machine";"1";"12934"
"Migra";"Salta Montes";"1";"12935"
"Chairman Maf";"1976";"1";"12936"
"jPattersson";"Soul Soundsystem";"1";"12937"
"Argatu'";"After Laughter";"1";"12938"
"Scott nice";"Savanna Sultana";"1";"12939"
"Mononome";"Loralai";"1";"12940"
"Antaares";"Se Acaba el Tiempo";"1";"12941"
"Waxlife";"Patterns";"1";"12942"
"The Gaslamp Killer";"Breakthrough";"1";"12943"
"Fab Beat";"Help Coco";"1";"12944"
"Whilk & Misky";"Oh Brother";"1";"12945"
"Castello Branco";"Serviço";"9";"1875"
"Addict Ameba";"Caosmosi";"3";"5393"
"Samantha Lindo";"Bloodline (Marla Kether Remix)";"8";"2108"
"BIG LEAF";"Big Leaf";"5";"3403"
"Cassie Kinoshi";"gratitude";"4";"4216"
"Brian Jackson";"Brian Jackson JID008";"6";"2825"
"Pellegrino";"Quimere";"3";"5394"
"Nino Nardini";"Jungle Obsession";"4";"4217"
"Apifera";"Theodor Marmalade";"5";"3404"
"The Deadbeats";"Lounging";"4";"4218"
"Lanu";"Her 12 Faces";"56";"168"
"Miranda Joan";"Overstimulated";"5";"3405"
"absent music";"Lost And Latest";"4";"4219"
"Karate Boogaloo";"KB's Mixtape No. 3";"5";"3406"
"DivineAngel";"OBiNRiN Remixes";"4";"4220"
"Klein Zage";"Feed The Dog";"5";"3407"
"Pale Jay";"Bewilderment (Instrumentals)";"4";"4221"
"Oceanvs Orientalis";"Santa Teresa";"1";"12946"
"Sebastian Mullaert";"Star Dance";"1";"12947"
"Amara Touré";"Amara Touré: 1973-1980 (Analog Africa No. 18)";"1";"12948"
"SHOLTO";"The Changing Tides of Dreams";"10";"1682"
"Rexy";"Running Out Of Time";"3";"5395"
"Bacao Rhythm & Steel Band";"BRSB";"38";"286"
"Omar S";"Pain";"1";"12949"
"Eurythmics";"Sweet Dreams (Are Made of This)";"1";"12950"
"Anak Anak Abu";"Joget Sambal";"4";"4222"
"Madlib";"Sound Ancestors";"4";"4223"
"Löwenzahnhonig";"Löwenzahnhonig";"10";"1683"
"Elori Saxl";"Sound Wonders: A Series of Epics";"4";"4224"
"Andras";"Boom Boom";"4";"4225"
"Mad Honey";"Setback / Time Is On Our Side";"9";"1876"
"Samba Touré";"Albala";"4";"4226"
"I Marc 4";"G.L.P. 1001";"4";"4227"
"Nahawa Doumbia";"Diby";"4";"4228"
"Viken Arman";"Alone Together";"92";"60"
"Girma Bèyènè";"Ethiopiques, Vol. 1: Golden Years of Modern Ethiopian Music 1969-1975";"3";"5396"
"DjeuhDjoah";"T'es qui ?";"7";"2438"
"Ras G";"My Kinda Blues";"6";"2826"
"Peter Zummo";"DJ-Kicks (Michael Mayer) [DJ Mix]";"7";"2439"
"Hampshire & Foat";"Nightshade";"5";"3408"
"System Olympia";"We Fold (edit)";"4";"4229"
"Tara Clerkin Trio";"On The Turning Ground";"3";"5397"
"Floating Points";"Late Night Tales: Floating Points";"3";"5398"
"Jin Yerei";"The only way out is through";"4";"4230"
"Jazztronik";"Hizuru (Jazztronik Remix)";"3";"5399"
"Slow Attack Ensemble";"Music for Turntable, Guitars and Sampled Instruments";"3";"5400"
"Jay Daniel";"TALA";"4";"4231"
"Baahdeas";"Memoire";"6";"2827"
"Camille Yarbrough";"The Iron Pot Cooker";"1";"12951"
"Oceanvs Orientalis";"Portrait of the Obscure";"4";"4232"
"A.C. Band";"Good Feelings";"3";"5401"
"GoGo Penguin";"From the North - GoGo Penguin Live in Manchester";"1";"12952"
"Mr. Scruff";"Mrs Cruff";"3";"5402"
"Steven Bamidele";"No One Said (edbl Remix)";"2";"7614"
"Assaf Spector";"Midwest Shimmer";"2";"7615"
"Ganavya";"Like The Sky I've Been Too Quiet";"2";"7616"
"Fruit Distro Collective";"Some Kind Of Wisdom";"2";"7617"
"Sam Prekop";"Sons Of";"11";"1491"
"Los Brito";"Los Brito (Remasterizado)";"3";"5403"
"Mitú";"Tandem";"2";"7618"
"Furio di Castri";"Urlo";"2";"7619"
"700 Feel";"Familiar Flavours";"6";"2828"
"Sampology";"They're Energised";"5";"3409"
"Squidgenini";"They're Energised";"4";"4233"
"Jonny Faith";"They're Energised";"4";"4234"
"Horatio Luna";"They're Energised";"4";"4235"
"Lanu";"They're Energised";"4";"4236"
"Close Counters";"They're Energised";"4";"4237"
"SilentJay";"They're Energised";"3";"5404"
"Setwun";"They're Energised";"3";"5405"
"Kuzco";"They're Energised";"3";"5406"
"special Feelings";"They're Energised";"3";"5407"
"Rob LFO";"They're Energised";"3";"5408"
"Totek";"They're Energised";"3";"5409"
"AcidSlop";"They're Energised";"3";"5410"
"Ziggy Zeitgeist";"They're Energised";"2";"7620"
"Kuzco";"I Vibe, She Vibes";"4";"4238"
"Totek";"Missing you";"4";"4239"
"Rob LFO";"Defected / BT Fusion";"5";"3410"
"special Feelings";"Special Feelings";"11";"1492"
"Setwun";"Our World";"7";"2440"
"Gétatchèw Mèkurya";"Ethiopiques, Vol. 14: Negus of Ethiopian Sax";"1";"12953"
"H31R";"HeadSpace";"11";"1493"
"Chiminyo";"Infinite Reflections";"3";"5411"
"DJ Food";"Kaleidoscope";"1";"12954"
"Marla Kether";"BTR2";"6";"2829"
"SHAH MARG";"DESERT";"1";"12955"
"Alma De La Selva";"De La Selva";"2";"7621"
"Badge Époque Ensemble";"Air, Light & Harmony";"2";"7622"
"Jahari Massamba Unit";"YHWH is Love";"3";"5412"
"Jimi Tenor";"Gaia Sunset (Part 1)";"1";"12956"
"Altrice";"'ever do you want";"2";"7623"
"E-Swerve";"DRILLTRONICA";"2";"7624"
"Rob LFO";"New Frustration";"5";"3411"
"Daniel Joshua";"Hivemind (VACATETHEROOM Remix)";"1";"12957"
"700 Feel";"5D Dub";"1";"12958"
"Dufresne";"Sunny Side Up";"5";"3412"
"Kuzich";"Sunny Side Up";"6";"2830"
"Audrey Powne";"Sunny Side Up";"4";"4240"
"Zeitgeist Freedom Energy Exchange";"Sunny Side Up";"4";"4241"
"Laneous";"Sunny Side Up";"3";"5413"
"SilentJay";"Sunny Side Up";"3";"5414"
"Horatio Luna";"Sunny Side Up";"3";"5415"
"Allysha Joy";"Sunny Side Up";"3";"5416"
"Sestetto Dino Piana & Oscar Valdambrini";"10 situazioni";"5";"3413"
"Christine Lewin";"For the Love of You";"5";"3414"
"Ife Ogunjobi";"Still Riding";"5";"3415"
"Guess What";"Stickle Bricks";"6";"2831"
"Mark Rae";"Into the Depths";"7";"2441"
"Hokuto Sato";"Years";"9";"1877"
"Osunlade";"Spectrum";"11";"1494"
"KuNa Maze";"My Fish Is Burning - EP";"6";"2832"
"Luke Abbott";"Music For A Flat Landscape: Official Soundtrack of The Goob";"2";"7625"
"7FO";"Moment (Selected Works 2012-2017)";"3";"5417"
"The Advisory Circle";"Other Channels";"1";"12959"
"Kx9000";"Manual User";"5";"3416"
"13th Ward Social Club";"Chariots of the Gods";"5";"3417"
"Family Company";"Let's Talk About It";"4";"4242"
"Trus'me";"Brown's";"8";"2109"
"Izzy Wise";"Keep It Movin'";"4";"4243"
"Ex Generation";"Holding Your Heart";"4";"4244"
"Myele Manzanza";"Crisis & Opportunity, Vol.3 - Unfold";"5";"3418"
"Espen Horne";"The Anatomy Of Serene Eloquence";"6";"2833"
"Pinky Perzelle";"No Games (Velvet Season & The Hearts Of Gold Remix)";"4";"4245"
"Clara Hill";"All I Can Provide";"4";"4246"
"Black Grass";"Black Grass";"4";"4247"
"Gaby Hernandez";"Spirit Reflection";"5";"3419"
"Visti's Vinyl Collective";"Ogum";"8";"2110"
"Jairus Mozee";"1968";"3";"5418"
"Willie West";"Lost Soul";"6";"2834"
"Claudja Barry";"Sweet Dynamite (USA Version)";"4";"4248"
"4th Sign";"Éloge de la lenteur, pt. 2";"13";"1223"
"Justice Der";"Favorites 5";"4";"4249"
"A Vision of Panorama";"Indio";"9";"1878"
"Mikey Enwright";"Images";"6";"2835"
"Duran y Garcia";"Encantado!";"4";"4250"
"Ted Jasper";"Your New Shit";"8";"2111"
"Pedro Campos";"Gambusino";"5";"3420"
"Andrés";"DJ-Kicks (Moodymann) [DJ Mix]";"4";"4251"
"Vanessa Daou";"Zipless (Songs from the Works of Erica Jong)";"4";"4252"
"Brian Nasty";"Loso Na Madesu";"7";"2442"
"Igloo";"Synapse Confusion";"4";"4253"
"40 Winks";"It's the trip";"3";"5419"
"Daniel Stark";"La Loba";"7";"2443"
"Payfone";"Paradise / Mice Life / Subconscient Lamentation";"4";"4254"
"Sunny Reyne";"Insanity";"5";"3421"
"Jah One";"Morning Friends (Still Friends Mix)";"12";"1343"
"Athletic Progression";"cloud high in dreams, but heavy in the air";"16";"917"
"Gotir Pestthumb";"Always Be Dripping";"4";"4255"
"TC & the Groove Family";"First Home";"4";"4256"
"Musclecars";"Sugar Honey Iced Tea!";"17";"840"
"Tim Hecker";"Haunt Me";"1";"12960"
"Flanger";"Lollopy Dripper";"2";"7626"
"Brian Nasty";"Pyjama Party";"11";"1495"
"Róisín Murphy";"Hit Parade Remixes";"6";"2836"
"Pedro Mizutani";"Pensando Baixo";"6";"2837"
"Berlioz";"deep in it";"3";"5420"
"Berlioz";"miro";"1";"12961"
"Ashnikko";"DEMIDEVIL";"1";"12962"
"Princess Nokia";"Everything Sucks";"1";"12963"
"Kruder & Dorfmeister";"King Size";"2";"7627"
"Girls of the Internet";"31 Minutes of Relaxing ASMR";"3";"5421"
"Crihan";"Cel Mai Discret Dintre Pamanteni";"2";"7628"
"Waajeed";"Memoirs of Hi-Tech Jazz";"1";"12964"
"Jennifer Loveless";"Fall In Love";"2";"7629"
"Gallegos";"It's in My Ears";"5";"3422"
"Social Lovers";"I'm In Love";"4";"4257"
"Loz Goddard";"We Should Chill On The Windowsill More";"3";"5422"
"S. Fidelity";"Fidelity Radio Club (Toy Tonics Remixes)";"12";"1344"
"Kai Alcé";"New Life EP";"1";"12965"
"GAYANCE";"Nunca Mais";"2";"7630"
"Sofia Kourtesis";"By Your Side";"8";"2112"
"Soichi Terada";"Asakusa Light";"3";"5423"
"Fluxion";"Perspectives";"1";"12966"
"Leo Pol";"BE MINE LP";"1";"12967"
"Horatio Luna";"Carpe Diem (Felipe Gordon Deep Latino Remix)";"3";"5424"
"Bella Boo";"Let's Go Out";"1";"12968"
"James Bangura";"Harrar / Witness Dub";"1";"12969"
"Retromigration";"LTDBLBL008";"1";"12970"
"Tour-Maubourg";"Forgiveness";"1";"12971"
"Youandewan";"Pinger";"2";"7631"
"Bella Boo";"True Romance";"3";"5425"
"Martin Georgi";"Early Cuts 2008 - 13 (Extended Version)";"3";"5426"
"ASH LAURYN";"Deep Love";"1";"12972"
"AceMo";"All My Life 2";"1";"12973"
"Felipe Gordon";"Flutes of Gold";"1";"12974"
"High John";"Mellina";"1";"12975"
"Jason Hersco";"Everytime (Girls of the Internet Remix)";"1";"12976"
"Aroma Pitch";"Interlife";"1";"12977"
"Bluestaeb";"Pastis";"1";"12978"
"Kapote";"What It Is (2.0)";"1";"12979"
"Kareem Ali";"Godson of House";"2";"7632"
"J Boogie's Dubtronic Science";"Be Free";"1";"12980"
"Felipe Gordon";"Freedom EP";"2";"7633"
"_Tillus";"static cruising";"9";"1879"
"Klaus Layer";"Sessions 2";"1";"12981"
"pool boy";"Pool House";"1";"12982"
"Hanna";"I Needed / Intercession, On Behalf";"1";"12983"
"Jitwam";"TJD006";"1";"12984"
"goodmood";"times";"1";"12985"
"Bryony Jarman-Pinto";"Below Dawn";"25";"483"
"Peace Orchestra";"Peace Orchestra";"13";"1224"
"Bryony Jarman-Pinto";"Fish Factory Sessions - EP";"3";"5427"
"Bryony Jarman-Pinto";"Emerge (Fish Factory Session)";"2";"7634"
"Bryony Jarman-Pinto";"Day Dream (Fish Factory Session)";"2";"7635"
"Bryony Jarman-Pinto";"Saffron Yellow / All About Life";"2";"7636"
"Sven Wunder";"Late Again";"4";"4258"
"Sensorama";"Welcome Insel";"2";"7637"
"Quetzal";"Vision";"3";"5428"
"Yazz Ahmed";"Finding My Way Home";"3";"5429"
"Ancient Infinity Orchestra";"River of Light";"5";"3423"
"Ahmed Malek";"The Electronic Tapes (Habibi Funk 005)";"3";"5430"
"Alan Hawkshaw";"KPM 1000 Series: Synthesis";"4";"4259"
"Mr. Ho";"000 Baby (w/Om Unit Remix)";"3";"5431"
"Moonshine";"SMS for Location, Vol. 3";"3";"5432"
"Magugu";"Kindness Weakness";"4";"4260"
"Barry Can't Swim";"How It Feels";"2";"7638"
"Tour-Maubourg";"Longing For U";"2";"7639"
"Kamasi Washington";"Fearless Movement";"12";"1345"
"PREQUEL";"Love Is";"2";"7640"
"Al Zanders";"Limb Valley";"2";"7641"
"DJ Merci";"A Vibe Thing";"1";"12986"
"PREQUEL";"Love Or (I Heard You Like Heartbreak)";"2";"7642"
"The Paradox";"Super Solid (Radio Edit)";"1";"12987"
"Sweatson Klank";"Closer To The Essence";"1";"12988"
"Any Other";"Four Covers";"3";"5433"
"Kessoncoda";"X is closer to A";"3";"5434"
"Cymande";"Cymande";"4";"4261"
"Muito Kaballa";"Like A River";"5";"3424"
"Abdullah Ibrahim";"The Enja Heritage Collection: Mindif";"2";"7643"
"Simrit";"Just a Glance (SaQi Remix)";"1";"12989"
"Ami Warning";"kurz vorm Ende der Welt";"1";"12990"
"Oceanvs Orientalis";"Ethnic Journeys 002 (DJ Mix)";"5";"3425"
"bastien keb";"Christian's Fingers";"3";"5435"
"Nicola Conte";"Soul Of The People (Joaquin's Sacred Dance Version)";"3";"5436"
"Actress";"Statik";"2";"7644"
"Nicola Cruz";"Ethnic Journeys 002 (DJ Mix)";"6";"2838"
"DJ Oil";"Garifunas Ley Del Fuego (Edit)";"2";"7645"
"Girls of the Internet";"Never Ever Ever (feat. shiv) [Henrik Schwarz Remix]";"2";"7646"
"Kusht";"Shika Shika / Botanas";"3";"5437"
"Niklas Wandt";"Slonkers";"3";"5438"
"Neil Cowley Trio";"Adam Alphabet";"2";"7647"
"Nu";"Ethnic Journeys 002 (DJ Mix)";"5";"3426"
"FloFilz";"Early Birds";"1";"12991"
"Ghostpoet";"Am I The Change I Wish To See?";"1";"12992"
"Satori";"Ethnic Journeys 002 (DJ Mix)";"5";"3427"
"Johannes Klingebiel";"Scream! EP";"1";"12993"
"Moses Sumney";"Vintage";"1";"12994"
"Food-Spotter";"Testarossa";"1";"12995"
"Floating Points";"Del Oro";"1";"12996"
"Monolink";"Ethnic Journeys 002 (DJ Mix)";"5";"3428"
"Depart";"Ethnic Journeys 002 (DJ Mix)";"4";"4262"
"Gobi Desert Collective";"Ethnic Journeys 002 (DJ Mix)";"5";"3429"
"Amentia";"Ethnic Journeys 002 (DJ Mix)";"4";"4263"
"Jacob Groening";"Ethnic Journeys 002 (DJ Mix)";"4";"4264"
"Ampermut";"Ethnic Journeys 002 (DJ Mix)";"4";"4265"
"Lisandro (Ar)";"Ethnic Journeys 002 (DJ Mix)";"4";"4266"
"Tuba Twooz";"Ethnic Journeys 002 (DJ Mix)";"4";"4267"
"Bedouin";"Ethnic Journeys 002 (DJ Mix)";"4";"4268"
"Zuma Dionys";"Ethnic Journeys 002 (DJ Mix)";"4";"4269"
"Rapossa";"Ethnic Journeys 002 (DJ Mix)";"6";"2839"
"Pandhora";"Ethnic Journeys 002 (DJ Mix)";"3";"5439"
"Be Svendsen";"Ethnic Journeys 002 (DJ Mix)";"3";"5440"
"Uone";"Ethnic Journeys 002 (DJ Mix)";"3";"5441"
"PAAX (Tulum)";"Ethnic Journeys 002 (DJ Mix)";"3";"5442"
"Yemanjo";"Ethnic Journeys 002 (DJ Mix)";"3";"5443"
"Seba Campos";"Ethnic Journeys 002 (DJ Mix)";"3";"5444"
"Kalaman";"Ethnic Journeys 002 (DJ Mix)";"3";"5445"
"Ben & Vincent";"Ethnic Journeys 002 (DJ Mix)";"3";"5446"
"Cafe De Anatolia";"Ethnic Journeys 002 (DJ Mix)";"3";"5447"
"Kyong Sono";"Ethnic Journeys 002 (DJ Mix)";"3";"5448"
"Nhii";"Ethnic Journeys 002 (DJ Mix)";"3";"5449"
"VHOOR";"Ritmo";"2";"7648"
"Jeff Parker";"Forfolks";"1";"12997"
"Marehemu George Mukabi";"Sengula Nakupenda";"1";"12998"
"Salin";"Kouta in Siam";"2";"7649"
"Arthur Prysock";"This Is My Beloved";"1";"12999"
"Baro Sura";"Goodmorning";"1";"13000"
"Sofia Kourtesis";"Sofia Kourtesis";"3";"5450"
"Lau Ro";"Cabana";"4";"4270"
"Duke Hugh";"Poly Valence EP";"3";"5451"
"Joyful Joyful";"Joyful Joyful";"3";"5452"
"Nonkeen";"of plasticity";"4";"4271"
"Astrocolor";"Moonlighting – AstroJazz Vol.1";"48";"205"
"ELWD";"U MAKE ME";"2";"7650"
"Swooping";"Improvisations 2015 - 2017";"2";"7651"
"opek";"The Call";"3";"5453"
"Valentina Magaletti";"LUCHA LIBRE";"4";"4272"
"Jungle by Night";"Pure Morning";"4";"4273"
"OAKK";"Butter & Gold";"3";"5454"
"Ultraflex";"Digg Digg Deilig";"2";"7652"
"Tom Caruana";"Specialities Vol. 3";"3";"5455"
"sumohair";"Tropical Gold";"4";"4274"
"Tropics";"Nothing Strange";"2";"7653"
"Priori";"This But More";"3";"5456"
"RIP SWIRL";"Blurry";"3";"5457"
"William Florelle";"Vessel";"3";"5458"
"Iron Curtis";"Moon III";"3";"5459"
"KAYYAK";"Let Love Find Itself / You Blow My Mind";"3";"5460"
"Thes One";"Where The Piecelock Ends";"3";"5461"
"POLLENA";"Away";"6";"2840"
"drwncvnt";"unlimited shyzo works 0";"3";"5462"
"OSQUELLO";"Did 2 Me / Marnin";"4";"4275"
"Flabaire";"It's Just A Silly Phase I'm Going Through";"2";"7654"
"United Freedom Collective";"In Another";"4";"4276"
"Marek Hunhap";"Des hommes";"1";"13001"
"Bloom";"El Mundo EP, Pt. 2";"1";"13002"
"Rapossa";"Shanti";"8";"2113"
"Rapossa";"Mystic Flavor";"1";"13003"
"anut";"Madera / Emola";"1";"13004"
"Rapossa";"Voyage (DJ Mix)";"22";"571"
"Ibelisse Guardia Ferragutti";"MESTIZX";"2";"7655"
"Tukan";"Atoll";"6";"2841"
"Lugo";"Party over Here";"4";"4277"
"Air";"Moon Safari Rarities (25th Anniversary Edition)";"5";"3430"
"BugigangaZ";"Camera Shake";"5";"3431"
"Ezéchiel Pailhès";"Ventas Rumba";"6";"2842"
"Zephyr Wilder";"Zephyr Wilder";"6";"2843"
"Four Tet";"Balance 024 (Mixed Version)";"5";"3432"
"Akusmi";"Secant";"5";"3433"
"DJ Drez";"Animating The Machine (Original Motion Picture Soundtrack)";"40";"265"
"Francis Harris";"Thresholds (Remixes)";"5";"3434"
"Tomaga";"The Shape of the Dance";"3";"5463"
"Walter Astral";"Jour";"4";"4278"
"Dj Counselling";"Alt-Mobeat";"4";"4279"
"Hypnotic Brass Ensemble";"Hypnotic Joints, Vol. II";"4";"4280"
"Dennis.";"Rain";"3";"5464"
"Aili";"Nandakke?";"5";"3435"
"Session Victim";"Screen Off";"5";"3436"
"João Selva";"Passarinho";"4";"4281"
"Feed LA";"Feed LA";"10";"1684"
"Suki Sou";"Notes on Listening";"3";"5465"
"Shawn Lee";"Shawn Lee's Soulscapes";"3";"5466"
"Mansur Brown";"Naqi";"4";"4282"
"Bibi Tanga & The Selenites";"40° of sunshine";"4";"4283"
"DJ Raff";"Encontrar";"4";"4284"
"Various artists (16)";"DJ-Kicks";"20";"662"
"Matanza";"Expediciones: Matanza & Oceanvs Orientalis";"1";"13005"
"Jarl Flamar";"Pegasus";"5";"3437"
"Viken Arman";"PL004";"3";"5467"
"Isobel Campbell";"Bow To Love";"33";"327"
"The Expert";"Excursions";"6";"2844"
"Emanative";"Messimalism (Above Thought)";"3";"5468"
"Bremer/McCoy";"Ordet";"6";"2845"
"Hugo";"Volare";"5";"3438"
"Family Time";"The Golden Years";"6";"2846"
"Ash Walker";"Automaton (Kennebec Remix)";"6";"2847"
"Polyphonic Exophilia";"ABRACADABRA";"10";"1685"
"Tell";"Janus";"5";"3439"
"Paul Prier";"Punctual Problems";"25";"484"
"Bosq";"We Always EP";"4";"4285"
"Ohma";"On Loving Earth";"32";"344"
"5K HD";"Off And On";"10";"1686"
"Weval";"Remember";"20";"663"
"Mixmaster Morris";"Quiet Logic";"5";"3440"
"Brigade";"Hard Times, Soft Music";"3";"5469"
"Frank & Tony";"Ethos";"7";"2444"
"Anf";"Mauna Kea";"8";"2114"
"Pat & Pats";"Tobago";"6";"2848"
"NRMNT";"(Bass) Lines";"6";"2849"
"Slackwax";"Reptilia";"5";"3441"
"Corker Conboy";"In Light Of That Learnt Later";"6";"2850"
"Ạoris";"Loop";"5";"3442"
"Offthewally";"Pollination";"6";"2851"
"Miki Ikhifa";"Nkosi's Fantasia: Chapter One";"24";"514"
"Antonio Zepeda";"A La Izquierda del Colibrí";"1";"13006"
"Leon Vynehall";"Music For The Uninvited (10 Year Anniversary)";"10";"1687"
"Elkka";"Prism of Pleasure";"4";"4286"
"Incognito";"Wake Me (Louie Vega & Joe Claussell Remix)";"1";"13007"
"Nathan Melja";"Welcome";"1";"13008"
"Nicola Conte";"Umoja (Joaquin's Sacred Rhythm Dub)";"1";"13009"
"Joaquin ""Joe"" Claussell";"Turntables on the Hudson: Twenty Years of Good Vibes (20 Year Anniversary)";"1";"13010"
"Beth Orton";"Pass In Time- The Definitive Collection";"1";"13011"
"Arms and Sleepers";"The Palermo Incident";"1";"13012"
"Astrocolor";"Paradise";"4";"4287"
"Arc De Soleil";"The Local Police";"1";"13013"
"Donkeychote";"Easy Seed";"1";"13014"
"OJ Son";"Vision of Bali";"1";"13015"
"Even Kicks";"Shadows";"1";"13016"
"Esbe";"Sunset Girl";"2";"7656"
"Dirty Art Club";"Gardens";"1";"13017"
"Arc De Soleil";"Lonely Calling";"1";"13018"
"Jazzbois";"Sunnyside Up";"1";"13019"
"BALTHVS";"MACROCOSM";"1";"13020"
"Richard Houghten";"Moon Rider";"13";"1225"
"Monster Rally";"Adventures on the Floating Island";"1";"13021"
"BALTHVS";"Third Vibration";"1";"13022"
"Astrocolor";"Hue";"1";"13023"
"Tristan De Liege";"Sabor (Kennebec Remix)";"1";"13024"
"Arc De Soleil";"Libertalia";"1";"13025"
"Offthewally";"Surfari";"1";"13026"
"Salamanda";"ashbalkum";"23";"537"
"Tomasz Guiddo";"Where The Wild Roam (Erobique Disko Remix Radio Edit)";"18";"778"
"Claude Hirst";"Train";"11";"1496"
"Daedelus";"Baker's Dozen: Daedelus";"20";"664"
"Svaneborg Kardyb";"At Home (An NPR Tiny Desk Concert)";"25";"485"
"HNNY";"Vanja & Lena";"16";"918"
"Harry Paradise";"At the Bottom of the Ionian Sea";"10";"1688"
"Karl Hector & The Malcouns";"Unstraight Ahead";"13";"1226"
"Feiertag";"La Parisienne";"16";"919"
"Waterworld";"Touch Me";"11";"1497"
"Jeremiah Chiu";"In Electric Time";"13";"1227"
"corto.alto";"30/108";"23";"538"
"Christoph El Truento";"Circle Of Friends";"60";"146"
"Japanese Television";"Space Fruit Vineyard (Remixed)";"8";"2115"
"The Black Dog";"Fragments";"22";"572"
"Arms and Sleepers";"C'était un rendez-vous";"11";"1498"
"Orions Belte";"Women";"8";"2116"
"Nabihah Iqbal";"Weighing of the Heart";"9";"1880"
"Secret Tween";"Ecstasy on Park Ave";"11";"1499"
"Huw Marc Bennett";"Days Like Now";"15";"1002"
"r mccarthy";"Dick Arkive: Issue 7";"8";"2117"
"helen island";"last liasse";"9";"1881"
"Feiertag";"Time To Recover";"38";"287"
"Laurence Guy";"Most Perfect People (Are Mostly Not Perfect)";"5";"3443"
"Arjuna Oakes";"Motel";"17";"841"
"Black Decelerant";"Reflections Vol. 2: Black Decelerant";"8";"2118"
"Bluewerks";"Bluewerks Vol. 14: Ya Gotta Go To Know";"18";"779"
"Mike Midnight";"Angel Hours";"16";"920"
"ishmael ensemble";"Madrid";"20";"665"
"Eye";"Honolulu Saigon";"7";"2445"
"A.P.E.";"Striplight";"7";"2446"
"Siddha-Funk";"Basta Parlare";"7";"2447"
"Koma Saxo";"Post Koma";"8";"2119"
"Sagor & Swing";"Orgelfärger";"15";"1003"
"Niji";"Somewhere in the Middle (Deluxe)";"7";"2448"
"Sim Nagai";"Music In My Heart";"19";"723"
"Red Hot Org";"Outer Spaceways Incorporated - Kronos Quartet & Friends Meet Sun Ra";"10";"1689"
"Eleven 76";"Occhio Occhio";"21";"623"
"Equatoriale";"Glades and Avenues";"23";"539"
"James Wyatt Crosby";"Here We Are in Heaven";"7";"2449"
"SUN ATLAS";"RETURN TO THE SPIRIT";"18";"780"
"Datassette";"Zetex";"22";"573"
"Dariush";"Beat Tapes, Vol. VI: The Pursuit of Happyness";"8";"2120"
"The Zawose Queens";"Maisha";"20";"666"
"Hubert Daviz";"PROCEDURI DE RUTINA";"14";"1101"
"KOKOKO!";"Butu";"15";"1004"
"The Kimba Unit";"Having Fun";"8";"2121"
"Joash";"Don't Fear It, Fight It";"7";"2450"
"DJ Krush";"Kakusei";"5";"3444"
"Washed Out";"Notes from a Quiet Life";"6";"2852"
"Sababa 5";"Kokoro";"6";"2853"
"The Regime";"Sunny Day";"6";"2854"
"Belleruche";"Clockwatching / Mirror In The Bathroom";"5";"3445"
"Cedric Freeman";"Backdrop";"4";"4288"
"Fredfades";"Fruitful";"7";"2451"
"Don Couto";"Claro de Luna";"6";"2855"
"oro azul";"Water Seeds";"6";"2856"
"Yav";"Eruption - EP";"6";"2857"
"Raw Instinct";"De la bass";"8";"2122"
"Marie Lung";"Ivy Blues";"8";"2123"
"Josef Akin";"Soy Sauce";"6";"2858"
"boostive";"Ties Unwind (NOiSEMAKER dub Mix)";"1";"13027"
"boostive";"Cream Supreme";"24";"515"
"Vanishing Twin";"Afternoon X";"5";"3446"
"Pedro Mizutani";"Chuva De Verão (FloFilz Remix)";"5";"3447"
"2LOT";"Put Me in a Room (Tiny Room Sessions)";"6";"2859"
"Malombo Jazz Makers";"Malombo Jazz Makers, Vol. 2";"5";"3448"
"Johnathan Hulett";"FEBRUARY 29, 2024";"5";"3449"
"Joshua Woolf";"Float";"5";"3450"
"Underground Canopy";"Pearl Express (Ceylan / Barion Cut)";"4";"4289"
"Marley Angel";"Love is hell, Earth is hot";"5";"3451"
"C'mon Tigre";"Habitat";"6";"2860"
"Factoino Ganori";"Forgiven";"6";"2861"
"KOFFIE";"Vlinders";"4";"4290"
"Cris Pop New";"Portò Rose (Remastered)";"2";"7657"
"Marie Lung";"Ivy Blues EP";"5";"3452"
"Floreana";"Floreana";"5";"3453"
"Rod Modell";"Kettle Point";"3";"5470"
"Keshavara";"Kabinett der Phantasie";"15";"1005"
"Nikosf.";"Temperament";"5";"3454"
"Gianni Oddi";"Style";"5";"3455"
"Alexander Sowinski";"Disappearance at Clifton Hill (Original Motion Picture Soundtrack)";"5";"3456"
"AAKASH";"Dhaarmik (Dub Version)";"5";"3457"
"Bullion";"Rooster";"5";"3458"
"Siegfried Hart";"Super-Sonic Family Vol. 2 - Part 1";"5";"3459"
"Flammer Dance Band";"Dedikasjon Til Inspirasjon";"8";"2124"
"Dal";"The Dartmoor National Park Tapes";"5";"3460"
"Prefuse 73";"Fudge Beats";"5";"3461"
"Nenor";"What Are You Waiting For?";"5";"3462"
"quibo";"Soul House";"6";"2862"
"Hannah Miette";"Hannah Miette";"5";"3463"
"Francesca Heart";"Eurybia";"6";"2863"
"Rouge Rouge";"Ce Soir, Après Dîner";"5";"3464"
"Afar";"The Refuge";"16";"921"
"Sandals";"Rite to Silence";"5";"3465"
"Up, Bustle and Out";"One Colour Just Reflects Another";"5";"3466"
"Red Snapper";"Hyena";"5";"3467"
"George Bloomfield";"Space Between";"4";"4291"
"High Pulp";"Bad Juice (Remastered)";"4";"4292"
"The Pro-Teens";"Doomsday";"4";"4293"
"Quantic";"Unconditional feat. Rationale (Girls of the Internet Remix)";"4";"4294"
"Earthtones";"We Can Live Together";"12";"1346"
"Anna Calvi";"One Breath (Deluxe Edition)";"1";"13028"
"Harpsichord Canvas";"A Great Big Light";"3";"5471"
"Ben Lamar Gay";"Downtown Castles Can Never Block The Sun";"4";"4295"
"twit one";"In A Dream There Is No Frame";"4";"4296"
"Karin Krog";"Sweet Talker - The best of Karin Krog";"4";"4297"
"Avis";"Baby, This Love I Have";"12";"1347"
"Optometry";"In-Visible-Distance";"2";"7658"
"Makers";"Don't Challenge Me / You're Shy";"3";"5472"
"Richard Dorfmeister";"Valldemossa";"2";"7659"
"Florence Adooni";"Yinne";"12";"1348"
"Osvaldo";"Alright Already";"2";"7660"
"Monaqee";"Astro Jetlag";"2";"7661"
"A Forest Mighty Black";"Compost Community";"2";"7662"
"Boundary";"Oxido En El Espejo";"3";"5473"
"Eparapo";"Take to The Streets";"7";"2452"
"Earthling";"Radar";"2";"7663"
"DJ Harrison";"Shades of Yesterday";"2";"7664"
"Chris Joss";"Sticks";"2";"7665"
"Soul Keita";"Inès";"3";"5474"
"pigbaby";"I Don't Care If Anyone Listens to This Shit Once You Do";"2";"7666"
"Why Kai";"Deep Fishing";"1";"13029"
"Felix Rösch";"Fragmente";"1";"13030"
"Redinho";"Finally We're Alone";"13";"1228"
"kurup";"Confluencias I: Selva";"1";"13031"
"Dan Bay";"Cassiopeia EP";"1";"13032"
"Joaquín Cornejo";"Barro - EP";"1";"13033"
"Moow";"we are all gonna die in 2050";"1";"13034"
"KarlK";"Crossroads";"1";"13035"
"Café Del Mundo";"Beloved Europa";"1";"13036"
"Zeebee";"Be My Sailor";"1";"13037"
"Alex Serra";"In the Real World";"1";"13038"
"Al Fredo";"Luna, Agua, Tierra, Sol";"1";"13039"
"Lassjo";"Nattergal";"2";"7667"
"Waagal";"Music for 2 One Man Band";"1";"13040"
"Kollmorgen";"1243";"1";"13041"
"Kasbah";"Pigments";"1";"13042"
"Ameli in the Woods";"Throw My Fears Into The River";"1";"13043"
"Molly McPhaul";"mollo's world";"1";"13044"
"iv-in";"Fall 2023 (DJ Mix)";"1";"13045"
"Pupkulies & Rebecca";"Nha Badjam";"1";"13046"
"Catastrophe";"Fizzy";"1";"13047"
"Senbeï";"Tōitsu";"1";"13048"
"Laurent Dury";"Minimal Stories (Parigo No. 22)";"1";"13049"
"Brent Lewis";"DrumSex";"3";"5475"
"Samuel L Session";"Classics Revisited # 2";"3";"5476"
"Phran";"3000 Modes EP";"8";"2125"
"Gladys Knight & The Pips";"Claudine (Original Soundtrack)";"1";"13050"
"Bonga";"The Lusafrica Series: Angola 72 / 74";"7";"2453"
"Kim Yaffa";"Once Bitten";"19";"724"
"tapioca";"Samba em Kigali";"34";"319"
"Pavane";"L'échappée";"13";"1229"
"Clarissa Connelly";"World of Work";"9";"1882"
"Ciao Ciao Marigold";"Beets Vol. II";"9";"1883"
"Mike Sanders";"Crystal Cylinders";"20";"667"
"Greyboy";"Era Correct";"8";"2126"
"...The World According to Billy Marvin";"The Intergalactic Honey Jam, Vol. 1";"9";"1884"
"Bruk Rogers";"Loopholes";"12";"1349"
"Pleasurewood";"They Live";"10";"1690"
"Daniel Villarreal";"Lados B";"8";"2127"
"COLA REN";"Hailu Remixes";"10";"1691"
"Charif Megarbane";"Hamra / Red (Habibi Funk Limited 002)";"8";"2128"
"Joshua Crumbly";"ForEver";"29";"393"
"Fabio Viscogliosi";"Camera";"10";"1692"
"Cosmic Wildlife";"How To";"8";"2129"
"Ishihonana";"La Flore De Piedra";"21";"624"
"Nacho Maldonado";"Charango Dub";"17";"842"
"ALAASKA";"Music for Pools";"9";"1885"
"Cotonete";"Day In Day Out (Florian Pellissier Extended Version)";"13";"1230"
"Salomon";"Favorite Shade of Blue (EP)";"15";"1006"
"Divorce From New York";"Sausalito";"18";"781"
"Blinky Bill";"OH WAH (feat. NATURE)";"18";"782"
"Amy Gadiaga";"All Black Everything";"93";"58"
"muva of Earth";"DiVine Ascension";"8";"2130"
"Gee Lane";"Synesthesia";"14";"1102"
"Gee Lane";"Metamorphosis EP";"1";"13051"
"Cosmic Gate";"Light Years";"1";"13052"
"Move D";"Bossa #1";"4";"4298"
"Reagenz";"Building Bridges (DJ Mix)";"2";"7668"
"Magic Mountain High";"Building Bridges (DJ Mix)";"1";"13053"
"Acid Coco";"Seguimos Sonriendo";"14";"1103"
"Onra";"Nosthaigia";"4";"4299"
"Golden Rules";"Tropical Reprise";"7";"2454"
"V";"Voyage Voyage";"11";"1500"
"Bel Cobain";"Unlikely";"4";"4300"
"The South Hill Experiment";"Little Monk (feat. Karriem Riggins)";"5";"3468"
"Morabeza Tobacco";"Shadow of the Cherry";"12";"1350"
"Karriem Riggins";"Affectionate Overture";"13";"1231"
"Armando Young";"Armando Young Vol. 1";"4";"4301"
"Antena";"Versions Speciales - Camino Del Sol";"6";"2864"
"Cari Cari";"Anaana";"1";"13054"
"Parallel Dance Ensemble";"Possessions and Obsessions";"4";"4302"
"Eddie C";"country city country";"11";"1501"
"Persian Empire";"Der Schein ist Sein";"7";"2455"
"BRANKO";"OBG";"15";"1007"
"Darius";"Oasis";"10";"1693"
"Delilah Holliday";"Invaluable Vol. 1 & 2";"5";"3469"
"Nick Murphy";"Cassette #4";"8";"2131"
"Greg Spero";"Careless (Sped Up)";"5";"3470"
"Avo Haroutounian";"Silk Road: Journey of the Armenian Diaspora (1971-1982)";"4";"4303"
"July Drama";"Silent Knight";"4";"4304"
"Carl Bagge";"1980 (MLiR Rework)";"7";"2456"
"Kaidi & NK-OK";"The Sounds of Afrotronica";"5";"3471"
"Vegyn";"Turn Me Inside (Zero 7 Remix)";"5";"3472"
"Tal Arditi";"Nothing is Real";"2";"7669"
"Lapcat";"She's Bad";"3";"5477"
"Kyle McEvoy";"Wavy Days";"2";"7670"
"The Odd 910";"Going South";"14";"1104"
"Doctor Flake";"Acchordance";"2";"7671"
"Falk Schönfelder";"weit. (Original Soundtrack)";"2";"7672"
"Cayetano";"The Right Time";"3";"5478"
"Guillaume Ferran";"Escort Boys (Original Series Soundtrack)";"2";"7673"
"Oum Shatt";"Oum Shatt";"2";"7674"
"Sum'one";"Life Is A Beach";"2";"7675"
"Slumb";"Play dead";"2";"7676"
"Leila";"Burnout";"3";"5479"
"Nils Wülker";"Closer";"2";"7677"
"Tigermilch";"Gelaber";"2";"7678"
"Sapajou";"Until Now, Vol. 1";"2";"7679"
"panama cardoon";"Hasta La Wiggle";"3";"5480"
"Myart";"Easy (Remix)";"2";"7680"
"Felix Kramer";"Oh wie schön das Leben is";"2";"7681"
"Elis Noa";"I Was Just About To Leave";"2";"7682"
"Pink Noise";"Bruit Rose";"3";"5481"
"tiki taka";"Trinity";"2";"7683"
"ProleteR";"Bust Free 20";"3";"5482"
"Palast Orchester";"Wer hat hier schlechte Laune";"3";"5483"
"Francesca Belmonte";"Anima";"2";"7684"
"Perera Elsewhere";"Everlast";"4";"4305"
"Karriem Riggins";"To The Jungle";"1";"13055"
"Bonobo";"Expander";"2";"7685"
"Rayne";"crave";"2";"7686"
"Ornette";"Aishiteru";"1";"13056"
"scissorwork";"All Good Things";"6";"2865"
"Milan93";"Green Over Green";"5";"3473"
"Doctor Bionic";"In The Infinite";"5";"3474"
"Stone";"DJ-Kicks (Motor City Drum Ensemble) [DJ Mix]";"4";"4306"
"Finn Rees";"Dawn Is A Melody";"4";"4307"
"Ezra Feinberg";"Soft Power";"7";"2457"
"Duppy Tales";"Nightswimming";"5";"3475"
"Shigeto";"The Punch!";"6";"2866"
"okvsho";"A place between us";"90";"62"
"Froogle";"Wild Style";"4";"4308"
"Cyril Cyril";"Diablos de Chuao";"7";"2458"
"Don Rattray";"Favourite Test To Fail";"11";"1502"
"Bloomhaus";"Thoughtless Feeling";"13";"1232"
"Budgie";"Panty Soakers 5";"4";"4309"
"Rejoicer";"This Is Reasonable";"6";"2867"
"Cody Matlock";"So Far so Good";"5";"3476"
"Slowe";"Where The Mind Wanders";"6";"2868"
"Richenel";"La Diferencia";"5";"3477"
"Five and Tens";"Feeling Good Is Good Enough";"5";"3478"
"Kidkanevil";"Kidsuke";"5";"3479"
"Courtesy";"fra eufori";"20";"668"
"Nate Mercereau";"All Back To: Tycho (DJ Mix)";"5";"3480"
"Foo Fighters";"There Is Nothing Left to Lose";"4";"4310"
"KOKO.IT";"About Our Amore";"1";"13057"
"Floating Points";"Ocotillo";"7";"2459"
"Arthur Hnatek";"Phantom Limb";"3";"5484"
"Demuja";"Feels Like Home (Night Version)";"4";"4311"
"Kutmah";"TROBBB!";"5";"3481"
"Flashbaxx";"Take Care My Friend Remixes One";"4";"4312"
"John Tenationexx";"Crazy Rythm";"3";"5485"
"izy";"Irene - Remixes, Vol. 1";"3";"5486"
"Tremendous Aron";"At the end of the day";"3";"5487"
"Khaled Marceline";"Newcomer";"4";"4313"
"Lefto Early Bird";"Motherless Father";"6";"2869"
"Niobe";"White Hats";"3";"5488"
"Ashley Henry";"Synchronicity";"4";"4314"
"Raquel Martins";"Mountains";"3";"5489"
"bear garden";"Up (Part 1)";"3";"5490"
"Ari Tsugi";"Simultaneity";"2";"7687"
"The Solid Doctor";"How About Some More Ether";"3";"5491"
"ABUELO";"Drag City";"3";"5492"
"CV Vision";"Tropical";"1";"13058"
"godblesscomputers";"Faded Views";"2";"7688"
"||||||||||||||||||||";"She Said: ?!";"4";"4315"
"Kangding Ray";"Kiss my wounds ( Wann kommst du meine Wunden küssen - Original Score )";"3";"5493"
"Jaubi";"Wings Of Submission";"2";"7689"
"Vels Trio";"Celestial Greens";"3";"5494"
"Blanka";"Birds";"4";"4316"
"Patrick Holland";"Left At The Table";"3";"5495"
"Photay";"Derecho";"2";"7690"
"Jon Hopkins";"Music for Psychedelic Therapy";"2";"7691"
"Lambert";"Actually Good";"34";"320"
"SBTRKT";"OUTSPOKEN";"3";"5496"
"Louis Cole";"nothing";"2";"7692"
"Peggy Gou";"I Hear You";"43";"237"
"wnbl";"Still not in Space";"1";"13059"
"Ozoyo";"Sweet Velvet Worm";"1";"13060"
"Doechii";"BOOM BAP";"1";"13061"
"Siete Catorce";"Cruda";"1";"13062"
"DOC SLEEP";"Flooding Meadow";"2";"7693"
"Jacana People";"Tahara";"1";"13063"
"brainwaltzera";"ITSAME";"1";"13064"
"Żyńy";"Time to Leave";"1";"13065"
"Arhkota";"Dreamy Hamilton (Remixes)";"1";"13066"
"Chapelier Fou";"Kalia";"7";"2460"
"Camilla Sparksss";"The Sound Of This Place (Ypsigrock Festival 2021)";"4";"4317"
"Sofie Birch";"Holotropica";"5";"3482"
"Another Taste";"Another Taste";"11";"1503"
"Air";"In Need of You featuring Googie";"4";"4318"
"Alabaster Deplume";"Come With Fierce Grace";"5";"3483"
"Dumbo Tracks";"Everybody Knows (Markus Acher Vocal Edit)";"4";"4319"
"Alice Russell";"Gravity (Payfone Remix)";"7";"2461"
"Panoram";"Great Times";"5";"3484"
"Franck Biyong";"Radio Masoda";"5";"3485"
"oreglo";"levels";"5";"3486"
"Voice Actor";"Fake Sleep";"4";"4320"
"A Song For You";"Home";"4";"4321"
"Aso";"a.s.o. - remixed";"5";"3487"
"Physical Therapy";"Daymaxxing";"4";"4322"
"Miryam Solomon";"Romance - EP";"4";"4323"
"Lord of the Isles";"Subtle Thoughts";"4";"4324"
"Geoffrey Landers";"Many Hands Make Light";"4";"4325"
"Koreless";"Seven";"2";"7694"
"Piero Umiliani";"Che notte ragazzi (bossa vocalizzata) [Lorenzo Morresi Remix]";"5";"3488"
"memory of jane";"In The Double";"5";"3489"
"Gleasxa Mali";"Lord";"2";"7695"
"Janus Rasmussen";"Wirbel";"2";"7696"
"Gerald Bailey";"Snakia";"2";"7697"
"Leifur James";"Run";"3";"5497"
"Flore Laurentienne";"8 tableaux";"1";"13067"
"Ms Ray";"Signs";"2";"7698"
"GENDEMA";"Soberanía";"2";"7699"
"Souleance";"La Belle Vie";"2";"7700"
"Sophye Soliveau";"Initiation";"3";"5498"
"Laika";"Sounds Of The Satellites";"2";"7701"
"Pantha du Prince";"This Bliss";"27";"430"
"Terekke";"10";"2";"7702"
"African Head Charge";"Songs of Praise";"3";"5499"
"Petros Klampanis";"Rooftop Stories";"3";"5500"
"Lusine";"Sensorimotor";"2";"7703"
"Love Remain";"Still In Awe";"1";"13068"
"Four Tet";"In My Dreams";"3";"5501"
"theAngelcy";"Exit Inside (Deluxe Edition)";"2";"7704"
"Great Mountain Fire";"Canopy";"1";"13069"
"Mattiu";"SUR la SELVA";"1";"13070"
"Mira Lu Kovacs";"What Else Can Break";"1";"13071"
"Eli";"One Popular Guy";"1";"13072"
"Sterling Grove";"White Sails";"1";"13073"
"Tiflis Transit";"Mosaic";"1";"13074"
"Sean Koch";"Frequency";"1";"13075"
"Mynth";"SHADES | MYNTH";"1";"13076"
"Harold van Lennep";"1001 Nights";"1";"13077"
"Chuala";"me and chu";"1";"13078"
"Schvédranne";"One Day (Diana's Version)";"1";"13079"
"Ora the Molecule";"Human Safari";"1";"13080"
"박혜진 Park Hye Jin";"Sail the Seven Seas";"7";"2462"
"WATCHING AIRPLANES";"DJ-Kicks (Mount Kimbie) [DJ Mix]";"7";"2463"
"Anchorsong";"Cohesion";"11";"1504"
"Baba Stiltz";"Stockholm (DJ Python Remix)";"7";"2464"
"Jasmine Myra";"Rising";"11";"1505"
"Girls in Airports";"How It is Now";"5";"3490"
"Attica Blues";"The Man From Mo’ Wax (Original Motion Picture Soundtrack)";"6";"2870"
"Oscar + Martin";"For You";"7";"2465"
"Jazzbois";"Still Blunted";"9";"1886"
"Skinshape";"Stornoway";"5";"3491"
"Clément Froissart";"A Silent Thunder";"6";"2871"
"Binary Digit";"Summer Tape III";"6";"2872"
"The Notwist";"Vertigo Dubs Vol. 2: Elijah Minnelli";"6";"2873"
"Fabiano do Nascimento";"Das Nuvens";"5";"3492"
"BDRMM";"Be Careful (Fila Brazillia Remix)";"6";"2874"
"Noonday Underground";"Surface Noise (Bonus Track Version)";"6";"2875"
"SANAM";"Aykathani Malakon";"5";"3493"
"John Tejada";"Parabolas";"5";"3494"
"Stavroz";"Mindibu";"4";"4326"
"Yard Nule";"Cat's Farewell";"3";"5502"
"Eli Escobar";"The Beach Album";"181";"16"
"Bass-o-Matic";"Set The Controls For The Heart Of The Bass";"5";"3495"
"I:Cube";"Adore";"5";"3496"
"Swish Jaguar";"Morning Sunrise";"5";"3497"
"Four Tet";"Three +";"2";"7705"
"Bloom Bat";"Odd Friends";"3";"5503"
"Unessential Oils";"Unessential Oils";"2";"7706"
"Easter";"Bone Marrow Stem Cell";"1";"13081"
"Kit Downes";"The Betrayal";"2";"7707"
"Muzi";"Queen (Dan Kye Remix)";"10";"1694"
"Coby Sey";"Conduit";"2";"7708"
"Discodeine";"Swimmer";"2";"7709"
"Paul Spring";"Always Almost Home";"2";"7710"
"Joe Armon-Jones";"Nubya's Side Of Town";"8";"2132"
"Golden Bug";"L'effet domino";"3";"5504"
"Lionmilk";"Intergalactic Warp Terminal 222";"2";"7711"
"LI YILEI";"NONAGE";"2";"7712"
"alOis";"Night Vision";"2";"7713"
"The Nielsen Valley";"Uptown By The Rails, Pt. 2";"3";"5505"
"Keinseier";"Breathe In/ Out";"2";"7714"
"BARTOSZ KRUCZYŃSKI";"Dreams & Whispers";"2";"7715"
"Exploding Pig";"Jazz Futura";"2";"7716"
"Sam Wilkes";"Sam Wilkes, Craig Weinrib, and Dylan Day";"3";"5506"
"Social Lovers";"Love Come Down";"4";"4327"
"Gaspar Claus";"Tancade";"3";"5507"
"Jayne Amara Ross";"The Freemartin Calf";"1";"13082"
"Chris Hyson";"Sidekick";"2";"7717"
"Astrid Sonne";"outside of your lifetime";"1";"13083"
"Cemento Atlantico";"Dromomania";"2";"7718"
"Velly Joonas";"Stopp, seisku aeg! / Käes on aeg";"1";"13084"
"Keshavara";"III";"8";"2133"
"Don Leisure";"Beyond The Midnight Sun";"2";"7719"
"COUSIN KULA";"Vitamin D";"10";"1695"
"Marla Kether";"All That We Have EP";"8";"2134"
"Boogie Belgique";"Postlude to Machine";"1";"13085"
"Jungle by Night";"The Green in Your Dream";"1";"13086"
"Richard Houghten";"Spiderweb (Special Version)";"1";"13087"
"Quantic";"Dancing While Falling (Deluxe Edition)";"202";"10"
"Huw Marc Bennett";"Pinc Sunset (Radio Edit)";"2";"7720"
"Supalung";"Mocking Bird";"1";"13088"
"Assaf Spector";"My Use To Be";"1";"13089"
"Suso Saiz";"Between No Things";"2";"7721"
"Yu Su";"Roll With The Punches";"4";"4328"
"D.K.";"The Goddess Is Dancing";"4";"4329"
"Suzanne Kraft";"Permanent Vacation 4";"4";"4330"
"Golden Ivy";"Monika";"1";"13090"
"Pablo's Eye";"Bardo For Pablo";"2";"7722"
"Ultramarine";"Signals Into Space";"2";"7723"
"Scott Gilmore";"Another Day";"2";"7724"
"Ezra Collective";"Dance, No One's Watching";"84";"81"
"Quantic";"Tropics";"11";"1506"
"Gregory Rogove";"Given (Original Score)";"1";"13091"
"The Sorcerers";"I Too Am A Stranger";"7";"2466"
"The Remote Viewer";"Here I Go Again On My Own";"2";"7725"
"Mermaid Chunky";"slif slaf slof";"2";"7726"
"Otis Sandsjö";"Y-OTIS TRE";"1";"13092"
"Brian Green";"Impressions For Headphones";"1";"13093"
"Elías González";"Atmósfera Infinita";"3";"5508"
"Lords of Lounge";"LORDS OF LOUNGE 2";"4";"4331"
"Peel Dream Magazine";"Pad";"3";"5509"
"Rahill";"Flowers At Your Feet";"4";"4332"
"Fulu Miziki";"Mosala";"1";"13094"
"Massimiliano Pagliara";"See You in Paradise";"3";"5510"
"Yellow The Sun";"Cavvanbah (Instrumental)";"2";"7727"
"Dimlite";"This Is Embracing";"1";"13095"
"Celia Hollander";"2nd Draft";"2";"7728"
"Sounds Of New Soma";"Fluxus 2071";"2";"7729"
"Single Rider";"Don't You Need";"2";"7730"
"Paul St. Hilaire";"Faith";"2";"7731"
"Luca Musto";"Old Habits Die Hard";"10";"1696"
"Pauline Anna Strom";"Angel Tears in Sunlight";"1";"13096"
"Reginald Omas Mamode IV";"Children of Nu";"3";"5511"
"Sampology";"Regrowth Rearranged: Ten Foot Flowers";"11";"1507"
"Dowdelin";"Carnaval Odyssey";"2";"7732"
"Alex Figueira";"Juicy";"7";"2467"
"Piero Umiliani";"Il corpo (Outtakes)";"2";"7733"
"Toma Kami";"Dali Bear";"2";"7734"
"Dengue Dengue Dengue!";"Siete Raices";"1";"13097"
"WaqWaq Kingdom";"WaqWaq Kingdom EP";"1";"13098"
"Nu Genea";"Nuova Napoli";"2";"7735"
"Francis Bebey";"Sorry for the Late Reply: Various Remixes for Various Reasons";"1";"13099"
"O'Flynn";"Swiss Sensation";"3";"5512"
"Emily A. Sprague";"Water Memory";"2";"7736"
"OCA";"Aging";"1";"13100"
"Vague Imaginaires";"L'Île Sous l'Eau";"1";"13101"
"The Offline";"Les Dunes";"1";"13102"
"Bitchin Bajas";"Bitchin Bajas";"3";"5513"
"Kareem Ali";"Quantum Blackness";"5";"3498"
"Carmen Villain";"Both Lines Will Be Blue";"1";"13103"
"DJ Oil";"Rise Of A Cosmic Dancer";"6";"2876"
"Saqi";"Journey through the Underworld";"1";"13104"
"BoMEl";"Module";"1";"13105"
"Deia";"Suga Suga";"1";"13106"
"Kerala Dust";"Violet Drive";"1";"13107"
"Diabi";"Cita";"2";"7737"
"Cava";"Burn Your House Down";"9";"1887"
"Flèche Love";"Naga, Pt.1";"1";"13108"
"Duo Stiehler/Lucaciu";"Antonio's Fiesta";"1";"13109"
"Visible Cloaks";"Lex";"5";"3499"
"Eli Escobar";"Up All Night";"89";"68"
"United Freedom Collective";"Whiplash";"3";"5514"
"Rodrigo Gallardo";"Mundos";"5";"3500"
"Steven Julien";"Wraap't";"2";"7738"
"Danika";"Down Love";"4";"4333"
"BCUC";"Thonga Lami (Gaudi Remix)";"2";"7739"
"Various artists (3)";"DJ-Kicks: DJ BORING";"6";"2877"
"frequencyexclusive";"Midnight Sextet";"4";"4334"
"Urbs";"Geheimland";"2";"7740"
"Batu";"For Spirits";"4";"4335"
"Daniel Bortz";"Stay";"2";"7741"
"Sun Dog";"It's All Happening";"5";"3501"
"Beesagz Voigags";"No Problem";"2";"7742"
"ddwy";"Chill Pill Volume VI";"1";"13110"
"Fazer";"Yamaha";"1";"13111"
"Spirit Blue";"ps / dm";"2";"7743"
"Il Est Vilaine";"Les Mystères de Lorient";"4";"4336"
"Voilaaa";"C'est tout";"4";"4337"
"Volodja Brodsky";"Whispering Ln";"1";"13112"
"Swim Surreal";"In The Half Light";"1";"13113"
"Wu-Lu";"Daylight Song";"1";"13114"
"Maral";"setar rock";"2";"7744"
"TrickPony";"Pillow Talk";"8";"2135"
"Bostro Pesopeo";"Self Hypnosis";"1";"13115"
"Bassolino";"Città Futura";"1";"13116"
"The Smile";"Wall of Eyes";"15";"1008"
"Jack J";"Thirstin'";"1";"13117"
"Weval";"How You Feel (Night Version)";"1";"13118"
"Rival Consoles";"Global Underground #46: ANNA - Lisbon";"1";"13119"
"Catching Flies";"Opals [Strings]";"1";"13120"
"Blanco White";"Tarifa (Gold Panda Remix)";"1";"13121"
"Max Cooper";"Seme";"1";"13122"
"Fellini Félin";"Oddy";"1";"13123"
"Kiasmos";"II";"5";"3502"
"Nicolas Jaar";"The Middle of Nowhere (Jaar Rework)";"1";"13124"
"Kyle McEvoy";"Sparks In Space";"2";"7745"
"Gidge";"Once (Demo Version)";"1";"13125"
"Kiskadee";"A Room To Breathe";"1";"13126"
"Catching Flies";"Tides [Reworks]";"1";"13127"
"Neil Cowley";"Building Blocks, Pt. 6";"1";"13128"
"DJ Cam";"Broken Melancholy";"1";"13129"
"Eli Escobar";"Once I Was Young";"14";"1105"
"Eli Escobar";"Shout";"9";"1888"
"Suarasama";"Flying Gambus";"3";"5515"
"Ali Sethi";"Intiha";"1";"13130"
"Giorgio Tuma";"Through Your Hands Love Can Shine (Turbotito Remix)";"1";"13131"
"VIDEOTAPEMUSIC";"Revisit";"1";"13132"
"Doc Rhombus";"Distant Generation";"2";"7746"
"Marina Herlop";"Collige Virgo Gladium";"1";"13133"
"Laíz";"Ela Partiu";"3";"5516"
"Piero Piccioni";"Afro (Nicola Conte Remix)";"1";"13134"
"Marina Herlop";"Pripyat";"1";"13135"
"Derya Yıldırım & Grup Şimşek";"Cool Hand";"2";"7747"
"The Point.";"Maldito Animal";"1";"13136"
"TARA LILY";"Speak In The Dark";"1";"13137"
"tony njoku";"Last Bloom";"1";"13138"
"Portishead";"Numb";"1";"13139"
"Nathan Haines";"Notes";"3";"5517"
"Farhot";"Nowroz 1403";"1";"13140"
"Herbert";"Part 9";"1";"13141"
"Ambala";"End Of The Day";"1";"13142"
"Souleance";"A Onda (Free The Robots Remix)";"2";"7748"
"Hardkandy";"Yonder";"1";"13143"
"godblesscomputers";"Yuan (10 years later re-edit)";"1";"13144"
"Greg Foat";"Live at Villa Maximus, Mykonos";"1";"13145"
"Kassa Overall";"Live at Third Man Records";"1";"13146"
"Karate Boogaloo";"Hold Your Horses";"7";"2468"
"Ghost Funk Orchestra";"A Trip To The Moon";"1";"13147"
"Austyn Gillette";"Words We Won't Wear";"1";"13148"
"Psychemagik";"Ten Years Of Phonica";"2";"7749"
"Max Sinàl";"SQR002";"1";"13149"
"Minus 8";"Beyond";"1";"13150"
"J Star";"Toast (Remix)";"1";"13151"
"Maribou State";"Bloom";"7";"2469"
"Tycho";"Infinite Health";"28";"413"
"Octo Octa";"She's Calling EP";"1";"13152"
"Superpoze";"Opening";"1";"13153"
"Limón Limón";"3:00";"2";"7750"
"Uma";"The Moth and the Dove (Remixes)";"1";"13154"
"Orange";"Bounka";"1";"13155"
"Iñigo Montoya";"InigEP03";"1";"13156"
"Nihils";"Parallels";"2";"7751"
"Cellz";"OAB";"2";"7752"
"Alban Claudin";"Bells Variation (Napkey remix)";"1";"13157"
"BADBADNOTGOOD";"Mid Spiral";"22";"574"
"Prins Emanuel";"Permanent Vacation 4";"2";"7753"
"Johnny Thunders";"Born Too Loose (the best of)";"2";"7754"
"Herbert Pixner Projekt";"Lost Elysion";"7";"2470"
"Zombie Nation";"Leichenschmaus";"1";"13158"
"Yannis & The Yaw";"Lagos Paris London";"5";"3503"
"Ezéchiel Pailhès";"Tout va bien";"3";"5518"
"Simon Erics";"Today";"2";"7755"
"Mariama";"Love, Sweat And Tears";"3";"5519"
"Eli Riccardi";"Go Ahead";"2";"7756"
"Thylacine";"Timeless";"1";"13159"
"Chinese Man";"We've Been Here Before";"2";"7757"
"Cuarto Mundo";"Sirocco";"2";"7758"
"Buscemi";"Remixed by the Hands of Gods";"1";"13160"
"momo.";"Gira";"4";"4338"
"Lea Lisa";"Poem For The Lost Souls";"2";"7759"
"Womack & Womack";"Transformation to the House of Zekkariyas";"1";"13161"
"Föllakzoid";"V";"1";"13162"
"Benedek";"Peoples Potential Unlimited Test Pressing";"1";"13163"
"Otto";"Changez Tout: Samba pra Burro Dissecado";"2";"7760"
"Gallegos";"Banoffee Pies Digi 04";"2";"7761"
"LTJ Bukem";"Producer 01";"1";"13164"
"Sweatson Klank";"The Road To Love (Session Victim Remix)";"4";"4339"
"Session Victim";"Right From Wrong";"1";"13165"
"Session Victim";"walk in the park";"1";"13166"
"Session Victim";"Glow in the Dark";"1";"13167"
"Session Victim";"The Joy Of Painting EP";"1";"13168"
"Session Victim";"soft landing";"1";"13169"
"Session Victim";"Needledrop Remixed";"1";"13170"
"Session Victim";"Million Dollar Feeling";"1";"13171"
"Marco Zannone";"Solo Piano";"2";"7762"
"twit one";"Objets Trouvés";"1";"13172"
"Bakermat";"The Spirit (Track By Track)";"1";"13173"
"Keizan";"The City";"1";"13174"
"Tâches";"Walk in the Room";"2";"7763"
"Frenic";"Dr. Dad";"1";"13175"
"Benjamin Clementine";"And I Have Been";"1";"13176"
"Birdhouse";"Birdhouse Sessions Vol. 1";"1";"13177"
"Evinka";"Cages (Handpan Version)";"1";"13178"
"Ouhana";"Waves";"1";"13179"
"Yemen Blues";"Yemen Blues";"6";"2878"
"Richard Houghten";"Getting Somewhere";"1";"13180"
"Tigerbalm";"Vem Cá";"1";"13181"
"Leifur James";"Magic Seeds";"23";"540"
"Butcher Brown";"Montrose Forest featuring Nicholas Payton";"1";"13182"
"Kokoroko";"Get The Message";"6";"2879"
"Braxton Cook";"My Everything";"42";"252"
"Bremer/McCoy";"Kosmos";"10";"1697"
"Joshua Idehen";"Mum Does the Washing";"1";"13183"
"Patrick Cowley";"Muscle Up";"1";"13184"
"Reyna Tropical";"Malegría";"117";"43"
"Klint";"4:42 HAPAX";"4";"4340"
"Caoilfhionn Rose";"Constellation";"4";"4341"
"Ethyène";"Brotherly Love";"3";"5520"
"Pablo Bolivar";"Distances";"5";"3504"
"Reyna Tropical";"Como Fuego";"3";"5521"
"Various artists (6)";"Arcane League of Legends (Soundtrack from the Animated Series)";"28";"414"
"Ayọ";"Royal (Deluxe Edition)";"1";"13185"
"Visible Cloaks";"FRKWYS Vol. 15: serenitatem";"1";"13186"
"URAL THOMAS and THE PAIN";"Dancing Dimensions";"4";"4342"
"System Olympia";"Sanctified";"4";"4343"
"Pig&Dan";"Destination Unknown 2";"4";"4344"
"D.K.";"Love on Delivery";"5";"3505"
"upsammy";"Bend";"6";"2880"
"Rainy Miller";"A Grisaille Wedding";"3";"5522"
"Djrum";"Frekm, Pt. 1";"3";"5523"
"Felbm";"Tape 4";"3";"5524"
"Föllakzoid";"II";"1";"13187"
"Various artists (4)";"Hazbin Hotel (Original Soundtrack)";"5";"3506"
"Kron";"DJ-Kicks (John Talabot) [DJ Mix]";"6";"2881"
"Skalpel";"Konfusion";"2";"7764"
"Tara Clerkin Trio";"Marble Walls";"3";"5525"
"Thierry Tomas";"Why Why";"9";"1889"
"Rogelio Gonzalez";"Impetus";"1";"13188"
"Lakosta";"Voltaire Music pres. Variety Issue 7";"7";"2471"
"Cava";"Damage Control";"1";"13189"
"Il Guardiano Del Faro";"Oasis";"2";"7765"
"Modern Cosmology";"What Will You Grow Now?";"2";"7766"
"Wallace";"Red, Yellow, Black";"2";"7767"
"Photek";"Natural Born Killa (2015 Remaster)";"2";"7768"
"Dar Disku";"Dar Disku";"5";"3507"
"Talaboman";"DJ-Kicks (John Talabot) [DJ Mix]";"1";"13190"
"Pional";"DJ-Kicks (John Talabot) [DJ Mix]";"1";"13191"
"North Lake";"DJ-Kicks (John Talabot) [DJ Mix]";"2";"7769"
"Pye Corner Audio";"DJ-Kicks (John Talabot) [DJ Mix]";"4";"4345"
"Maps";"DJ-Kicks (John Talabot) [DJ Mix]";"2";"7770"
"Michael Ozone";"DJ-Kicks (John Talabot) [DJ Mix]";"2";"7771"
"Madteo";"DJ-Kicks (John Talabot) [DJ Mix]";"2";"7772"
"Harmonious Thelonious";"DJ-Kicks (John Talabot) [DJ Mix]";"2";"7773"
"Tempel Rytmik";"DJ-Kicks (John Talabot) [DJ Mix]";"2";"7774"
"John Talabot";"DJ-Kicks (John Talabot) [DJ Mix]";"2";"7775"
"Axel Boman";"DJ-Kicks (John Talabot) [DJ Mix]";"2";"7776"
"Joaquin ""Joe"" Claussell";"DJ-Kicks (John Talabot) [DJ Mix]";"2";"7777"
"Bostro Pesopeo";"DJ-Kicks (John Talabot) [DJ Mix]";"2";"7778"
"Mara TK";"DJ-Kicks (John Talabot) [DJ Mix]";"1";"13192"
"Alex Burkat";"DJ-Kicks (John Talabot) [DJ Mix]";"1";"13193"
"Mistakes Are Ok";"DJ-Kicks (John Talabot) [DJ Mix]";"1";"13194"
"Round";"DJ-Kicks (John Talabot) [DJ Mix]";"1";"13195"
"Max Mohr";"DJ-Kicks (John Talabot) [DJ Mix]";"1";"13196"
"Rhythm & Sound";"Rhythm & Sound";"2";"7779"
"Bolbec";"Victime De L'aube";"6";"2882"
"Dan Edmonds";"Danny Boy";"9";"1890"
"Milky Bay";"Pills for Living Room, Vol. 3";"8";"2136"
"Ventre de biche";"III";"8";"2137"
"Richard Spaven";"Sole Subject";"7";"2472"
"bad tuner";"look at me but through me";"99";"52"
"Pat's Soundhouse";"Khaen Solo, Vol.1";"9";"1891"
"Ela Jaguar";"Ela Jaguar, Vol. 1";"6";"2883"
"Sneaks";"It's a Myth";"7";"2473"
"Mulatu Astatke";"Tension";"7";"2474"
"Ki!";"Yong-Gwanglo Part One";"11";"1508"
"Boy Deco";"Real Sugar";"6";"2884"
"Alessandro Alessandroni";"Open Air Parade";"6";"2885"
"Marysia Osu";"harp, beats & dreams";"11";"1509"
"Menahan Street Band";"Tropical Man";"10";"1698"
"Leana Loli";"back to start";"8";"2138"
"Dogie Luvio";"Human Nature";"7";"2475"
"IGOR BOTUR";"Well For the Wicked";"6";"2886"
"Nutcase & Papachubba";"Dub the Presha Down / U Do";"6";"2887"
"Jack J";"Blue Desert";"28";"415"
"Nick Weaver";"Won't Let Go";"5";"3508"
"Anne Paceo";"S.H.A.M.A.N.E.S";"5";"3509"
"duendita";"the mind is a miracle";"6";"2888"
"World Brain";"Open Source";"5";"3510"
"Spivak";"Violences";"7";"2476"
"SMERZ";"Okey";"8";"2139"
"Lucy Gooch";"Rushing";"7";"2477"
"The Stance Brothers";"On Top";"7";"2478"
"Myele Manzanza";"Focus";"8";"2140"
"Ganavya";"draw something beautiful";"6";"2889"
"Ruins";"Occasional Visits";"7";"2479"
"LA Vampires";"10 OUTTA 10";"6";"2890"
"Saya Gray";"ANNIE, PICK A FLOWER.. (MY HOUSE)";"14";"1106"
"Freescha";"Kids Fill the Floor";"8";"2141"
"Katatonic Silentio";"Axis Of Light";"6";"2891"
"Ghost Dubs";"Damaged";"8";"2142"
"Ashawaragi Kumurata";"Heart & Soul & Silence";"8";"2143"
"Silvan Strauss";"MUGS ONE";"7";"2480"
"Corneil Nies";"Kale Plankieren - Dutch Cassette Rarities 1981-1987, Volume 2";"7";"2481"
"Nusantara Beat";"Kota Bandung";"7";"2482"
"United Freedom Collective";"Between Memories";"14";"1107"
"Maribou State";"Otherside";"1";"13197"
"Maribou State";"Dance on the World";"5";"3511"
"Bby Eco";"Grow! (Re-sync)";"7";"2483"
"Lucrecia Dalt";"¡Ay!";"7";"2484"
"Sly5thAve";"Liberation";"9";"1892"
"DRTW";"Tarrare";"6";"2892"
"Nino Nardini";"Exotica";"6";"2893"
"New Regency Orchestra";"New Regency Orchestra";"7";"2485"
"Aja Monet";"for the kids...";"7";"2486"
"NTHNG";"I'd Love To Fly";"7";"2487"
"Albert Newton";"Twin Earth";"5";"3512"
"Uh";"Humanus";"6";"2894"
"ML Buch";"Skinned";"9";"1893"
"Lou Hayter";"Unfamiliar Skin";"9";"1894"
"Oscar Rocchi";"Pop-Paraphrenia";"8";"2144"
"TC & the Groove Family";"We Have Each Other";"9";"1895"
"Yoshika Colwell";"No Ideology";"5";"3513"
"Jembaa Groove";"Ye Ankasa | We Ourselves";"6";"2895"
"Charanjit Singh";"Ten Ragas to a Disco Beat";"6";"2896"
"John Moods";"The Essential John Moods";"6";"2897"
"Coined";"Your House";"6";"2898"
"13th Ward Social Club";"Black Helicopters (Hot Spring Guitar)";"6";"2899"
"Cloth";"Cloth";"6";"2900"
"Palomatic";"Trill";"5";"3514"
"Clark";"In Camera";"9";"1896"
"Woo";"Into the Heart Of Love";"5";"3515"
"San Ignacio";"Casiotone Rosa";"5";"3516"
"Rollover DJs";"What Do You Live For? (feat. David Blank & Saturnino)";"6";"2901"
"Supreems";"Being";"5";"3517"
"The Roha Band";"Roha Band Tour 1990";"5";"3518"
"james schneider jr.";"evileye sunrise";"4";"4346"
"Parallelle";"A Day At";"5";"3519"
"Macro/micro";"Streets Loud With Echoes (Original Score)";"6";"2902"
"Speakers Corner Quartet";"Mr Loverman (Original Score)";"31";"356"
"Jo Patience";"As Good As New";"9";"1897"
"Savana Funk";"Tindouf";"8";"2145"
"Gibson Kente";"Too Late";"6";"2903"
"Evenings";"Yore";"4";"4347"
"Chancha Via Circuito";"Tenalach";"5";"3520"
"Khadija Al Hanafi";"Slime Patrol 2";"8";"2146"
"Cocobolo";"Consider It Done";"4";"4348"
"Nitai Hershkovits";"The Garden Suite";"5";"3521"
"Channo";"Grubz";"4";"4349"
"Ex Generation";"The Napoli Exchange";"5";"3522"
"Les Sons Du Cosmos";"LAUNDRY";"3";"5526"
"Flock";"Flock II";"17";"843"
"Black Brothers";"Mangge Mangge";"6";"2904"
"David August";"VĪS Reinterpretations";"3";"5527"
"Slim.";"Banoffee Pies Beats 02";"4";"4350"
"TweakS";"Move San, Lèt Gate";"3";"5528"
"Murcof";"Twin Color, Vol. 1";"5";"3523"
"Louis Culture";"Babe";"3";"5529"
"Tom Noble";"House of Spirits";"14";"1108"
"Bien et Toi";"Rainbow Tables";"13";"1233"
"Total Blue";"Total Blue";"3";"5530"
"Jesse Bru";"Sea To Sky";"3";"5531"
"Dawuna";"Naya";"3";"5532"
"Ian O'Brien";"Gigantic Days";"3";"5533"
"Anaiis";"anaiis & Grupo Cosmo";"6";"2905"
"Freecell";"Who Bribed My Guide? (Seb Wildblood Remix)";"3";"5534"
"Benjamin Damage";"They Live!";"4";"4351"
"Flavien Berger";"Ciao Satan";"2";"7780"
"Gemma Cullingford";"Let Me Speak";"2";"7781"
"Ludivine Issambourg";"Above the Laws";"3";"5535"
"3421";"JUST NUMBERS";"9";"1898"
"Maya Q";"Starburst";"13";"1234"
"DakhaBrakha";"Light";"1";"13198"
"Steven Julien";"DJ-Kicks: Steven Julien";"4";"4352"
"Hudson Mohawke";"DJ-Kicks: Steven Julien";"3";"5536"
"d'Eon";"DJ-Kicks: Steven Julien";"4";"4353"
"Ryuichi Sakamoto";"DJ-Kicks: Steven Julien";"5";"3524"
"The Rah Band";"DJ-Kicks: Steven Julien";"4";"4354"
"dreamcastmoe";"DJ-Kicks: Steven Julien";"3";"5537"
"Elli";"DJ-Kicks: Steven Julien";"3";"5538"
"Suze Ijó";"DJ-Kicks: Steven Julien";"3";"5539"
"Chaos in the CBD";"DJ-Kicks: Steven Julien";"5";"3525"
"Brothermartino";"DJ-Kicks: Steven Julien";"3";"5540"
"BrandUn Deshay";"DJ-Kicks: Steven Julien";"3";"5541"
"DJ Koze";"Pure Love";"8";"2147"
"Todd Edwards";"DJ-Kicks: Steven Julien";"1";"13199"
"DāM-FunK";"DJ-Kicks: Steven Julien";"1";"13200"
"Kokoroko";"DJ-Kicks: Steven Julien";"1";"13201"
"Kyle Hall";"DJ-Kicks: Steven Julien";"1";"13202"
"Josh Caffe";"DJ-Kicks: Steven Julien";"1";"13203"
"My Girlfriend";"DJ-Kicks: Steven Julien";"1";"13204"
"Cheek";"DJ-Kicks: Steven Julien";"1";"13205"
"Mr Flash";"DJ-Kicks: Steven Julien";"1";"13206"
"Devin Morrison";"DJ-Kicks: Steven Julien";"1";"13207"
"Ampermut";"Ethic Journeys 005 (DJ Mix)";"1";"13208"
"Oceanvs Orientalis";"Ethic Journeys 005 (DJ Mix)";"1";"13209"
"Cafe De Anatolia";"Ethic Journeys 005 (DJ Mix)";"1";"13210"
"Nhii";"Ethic Journeys 005 (DJ Mix)";"1";"13211"
"Hannes Bieger";"Ethic Journeys 005 (DJ Mix)";"1";"13212"
"Rapossa";"Ethic Journeys 005 (DJ Mix)";"1";"13213"
"Tomas Zolan";"Ethic Journeys 005 (DJ Mix)";"1";"13214"
"The Oddness";"Ethic Journeys 005 (DJ Mix)";"1";"13215"
"Sabo";"Ethic Journeys 005 (DJ Mix)";"1";"13216"
"Janka";"Ethic Journeys 005 (DJ Mix)";"1";"13217"
"tebra";"Ethic Journeys 005 (DJ Mix)";"2";"7782"
"Billy Esteban";"Ethic Journeys 005 (DJ Mix)";"1";"13218"
"Jean Caillou";"Ethic Journeys 005 (DJ Mix)";"1";"13219"
"Hraach";"Ethic Journeys 005 (DJ Mix)";"1";"13220"
"Erki Pärnoja";"Rumba";"3";"5542"
"Sulah Jordan";"The Sweetest Gift";"4";"4355"
"Douniah";"A Lot, Not Too Much";"3";"5543"
"Alexander Flood";"LIFE IS A RHYTHM";"17";"844"
"Gotts Street Park";"Diego E.P.";"3";"5544"
"Assaf Spector";"Sky Blue";"4";"4356"
"deathbypeanuts";"R.I.P";"22";"575"
"Theodor";"Holocene";"100";"51"
"Don Niño";"Cover songs in inferno";"18";"783"
"Meso-ix";"Preacher";"3";"5545"
"Black Flower";"Monkey System";"3";"5546"
"Max In The World";"Don The Don / Tiqqun";"6";"2906"
"Stemlines";"L4TA";"3";"5547"
"Anysia Kym";"Truest";"3";"5548"
"Hiro Ama";"Music for Peace and Harmony";"4";"4357"
"Mou";"what is this?!";"7";"2488"
"Kito Jempere";"Part Time Chaos Part Time Calmness";"3";"5549"
"Allysha Joy";"The Making Of Silk";"11";"1510"
"Ziggy Zeitgeist";"Yours To Make";"5";"3526"
"Crescendique";"Gamesens";"2";"7783"
"Sylvia Yau";"Kinder (Don’t Let Your Light Fade)";"3";"5550"
"Everwave";"Wave 02";"2";"7784"
"Ouri";"Quiet Drumming";"3";"5551"
"Elle Shimada";"Home ≠ Location";"12";"1351"
"Gerry Read";"It'll All Be Over (DJ Koze Remix - Radio Edit)";"10";"1699"
"Sia";"Everyday is Christmas (Deluxe Edition)";"2";"7785"
"José Feliciano";"The Definite Best";"1";"13221"
"Ed Sheeran";"Merry Christmas";"1";"13222"
"Ava Max";"Christmas Without You";"1";"13223"
"Kelly Clarkson";"Santa, Can’t You Hear Me";"1";"13224"
"Band Aid 30";"Do They Know It's Christmas? (2014)";"1";"13225"
"Pentatonix";"A Pentatonix Christmas";"1";"13226"
"Ed Sheeran";"Under the Tree (from “That Christmas”)";"1";"13227"
"Sarah Connor";"Not So Silent Night (The Cozy Edition)";"1";"13228"
"Jonas Brothers";"Like It's Christmas";"1";"13229"
"Katy Perry";"Cozy Little Christmas";"1";"13230"
"OneRepublic";"Dear Santa";"1";"13231"
"Meghan Trainor";"A Very Trainor Christmas";"1";"13232"
"Leony";"Home Alone (On the Night Before Christmas)";"1";"13233"
"Ava Max";"1 Wish";"1";"13234"
"No Angels";"When the Angels Sing (Winter Version)";"1";"13235"
"Ingrid Michaelson";"Rockin' Around The Christmas Tree";"1";"13236"
"Coldplay";"Christmas Lights";"1";"13237"
"Kylie Minogue";"A Kylie Christmas";"1";"13238"
"Sabrina Carpenter";"Have Yourself a Merry Little Christmas";"1";"13239"
"Gwen Stefani";"You Make It Feel Like Christmas (Deluxe Edition - 2020)";"1";"13240"
"Mark Ambor";"Run Rudolph Run - Spotify Singles Holiday";"1";"13241"
"Taylor Swift";"Christmas Tree Farm";"1";"13242"
"Kelly Clarkson";"Christmas Eve";"1";"13243"
"Rod Stewart";"Merry Christmas, Baby";"1";"13244"
"Robbie Williams";"The Christmas Present (Deluxe)";"1";"13245"
"Natasha Bedingfield";"Shake up Christmas 2011 (Official Coca-Cola Christmas Song)";"1";"13246"
"Ella Henderson";"Blame It On The Mistletoe";"1";"13247"
"Charlie Puth";"December 25th";"1";"13248"
"Jason Derulo";"Closer To Christmas";"1";"13249"
"Vize";"Merry Holiday (Jingle Bells)";"1";"13250"
"Salin";"PUAJ";"5";"3527"
"John Beltran";"Serendipia Remixed";"8";"2148"
"Tomaga";"Music For Visual Disorders";"6";"2907"
"Fat White Family";"Bullet of Dignity (Acid Arab Remix)";"3";"5552"
"Yuma Abe";"Hotel New Yuma";"4";"4358"
"Marcy Luarks";"Electric Murder";"5";"3528"
"Moses Yoofee Trio";"RIDGEWALK";"4";"4359"
"Nonkeen";"All good?";"5";"3529"
"Romi Peles";"Digital Dystopia";"4";"4360"
"Sheherazaad";"Mashoor";"5";"3530"
"Rhi";"Reverie";"5";"3531"
"Lorenzo Senni";"Scacco Matto";"5";"3532"
"Not too much";"Rootless";"6";"2908"
"The Other People Place";"Lifestyles Of The Laptop Café";"5";"3533"
"Mount Kimbie";"The Sunset Violent";"4";"4361"
"Lust for Youth";"Blue Suzuki";"5";"3534"
"The Mighty Tiny & The Many Few";"Be The Good People";"5";"3535"
"CMYK";"CMYK 002";"5";"3536"
"Metronomy";"With Balance";"13";"1235"
"Nuage";"Night Air";"5";"3537"
"Nikolai Dupont";"Lovique";"4";"4362"
"Ahmed Malek";"Musique Originale De Films: Deuxième Tome (Habibi Funk 027)";"5";"3538"
"Anish Kumar";"Hymns of a Flowergirl";"4";"4363"
"Ebi Soda";"Collaborations & Remixes, Vol. 1";"6";"2909"
"Intermood";"Hypnagogic";"4";"4364"
"Harvey Sutherland";"Hummingbird";"2";"7786"
"Adi Oasis";"Lotus Glow (Deluxe)";"21";"625"
"Pellegrino";"Caucciù";"2";"7787"
"Dub Squad";"Virtual Dreams II - Ambient Explorations In The House & Techno Age, Japan 1993-1999";"2";"7788"
"Kessoncoda";"Outerstate";"2";"7789"
"Apifera";"More Purple Than Ever";"2";"7790"
"Salvator Dragatto";"Thoughts Of You";"2";"7791"
"Jacquoda";"SUMMERTIME";"2";"7792"
"Anna Butterss";"Mighty Vertebrate";"3";"5553"
"Saigon Soul Revival";"Ai Thật Lòng Yêu Ai (Nickodemus Remix)";"2";"7793"
"Archil & Leon";"PISCES";"14";"1109"
"Adi Oasis";"Lotus Glow";"40";"266"
"Adi Oasis";"Lotus Glow (Instrumental)";"11";"1511"
"The Groovy Nobody";"Solarium";"1";"13251"
"Omar S";"I LOVE YOUR GIRLFRIEND";"1";"13252"
"Astrocolor";"Stargazing – AstroJazz, Vol. 2";"1";"13253"
"Sylvain Rifflet";"We Want Stars";"1";"13254"
"Dirty Art Club";"Dropout";"2";"7794"
"⣎⡇ꉺლ༽இ•̛)ྀ◞ ༎ຶ ༽ৣৢ؞ৢ؞ؖ ꉺლ";"ʅ() ʅ()ʃ ꐑ(ఠీੂ೧ູȯ)vȯ)࿃ूੂ✧⃛✧⃛) ():::() ̴̤̚";"26";"450"
"Fcukers";"Baggy$$";"1";"13255"
"Moo Latte";"Mellomaniac";"2";"7795"
"Uto";"When all you want to do is be the fire part of fire";"1";"13256"
"Calibro 35";"Jazzploitation";"1";"13257"
"Mount XLR";"Forte / 900 Wasps";"1";"13258"
"just lil";"KID";"1";"13259"
"Doechii";"Alligator Bites Never Heal";"4";"4365"
"Hemi Pod...";"'ode' to stella";"1";"13260"
"Johannes Klingebiel";"Mother";"1";"13261"
"Gorje Hewek";"Light";"1";"13262"
"Jake Isaac";"EVER YOURS (B-Side)";"1";"13263"
"Nach";"JE T'AI AIMÉ";"1";"13264"
"Clothing";"Beauty Filter";"1";"13265"
"Mom";"Organic Centre (DJ Mix)";"1";"13266"
"Joe Armon-Jones";"Sorrow";"1";"13267"
"Bubble Love";"Bubble Love";"2";"7796"
"Roberto Musci";"Cargo Cult";"1";"13268"
"ELiH";"Essence";"1";"13269"
"Tara Nome Doyle";"Down with You";"8";"2149"
"Kariyan";"Im Traum Wird Geschlafen";"1";"13270"
"Lucien Kimono";"Hayao's Garden";"1";"13271"
"Mister Modo";"World Hop! (Parigo No. 17)";"1";"13272"
"Orange Blossom";"Spells From the Drunken Sirens";"1";"13273"
"ROTANA";"Necessary Death";"1";"13274"
"Fakear";"La lune rousse (feat. Deva Premal)";"1";"13275"
"Boztown";"Where You Go";"1";"13276"
"paris91";"Kaviar";"1";"13277"
"Kyle McEvoy";"Golden Flow";"1";"13278"
"Nym";"False Noon";"1";"13279"
"Rosa Anschütz";"Goldener Strom";"1";"13280"
"Oliver Coates";"Throb, shiver, arrow of time";"1";"13281"
"Akusmi";"Oblique I";"3";"5554"
"Le Hutin";"Mile End";"3";"5555"
"Porij";"Teething";"3";"5556"
"Dida Pelled";"Love Of The Tiger (Jake and Abe Remix)";"3";"5557"
"AJ Hamilton";"Metropolis";"2";"7797"
"Ria Moran";"Take It or Leave It";"4";"4366"
"Re:um";"Finding";"1";"13282"
"Sml";"Small Medium Large";"3";"5558"
"Deron Johnson";"Free To Dance";"2";"7798"
"DJ Nervous";"Cool Because You Wear Carhartt";"3";"5559"
"Alexander Harper";"Ain't No Love";"2";"7799"
"Mandrake Handshake";"Charlie's Comet";"2";"7800"
"Sreya";"Atenção Com Coração";"3";"5560"
"Kaeto";"Little Me";"2";"7801"
"Galatée";"Sans Titre";"2";"7802"
"Ishmael";"Time & Time Again";"5";"3539"
"Lisa Bregneager";"It's Already Dark Out";"2";"7803"
"GC OConnor";"Soul Lament";"5";"3540"
"Der Assistent";"Amnesie am Amazonas";"2";"7804"
"Claude Fontaine";"La Mer";"2";"7805"
"BABY BERSERK";"Slightly Hysterical Girls With Pearls";"2";"7806"
"CS + Kreme";"The Butterfly Drinks The Tears Of The Tortoise";"1";"13283"
"Golden Green";"Oh No!";"1";"13284"
"Karen Nyame KG";"Rhythm Vol.1";"1";"13285"
"Frankie Reyes";"Lindisima";"1";"13286"
"Payfone";"10 Years of Payfone (2013-2023)";"6";"2910"
"LEX AMOR";"Forward Ever";"3";"5561"
"Gitkin";"Golden Age";"4";"4367"
"Bolis Pupul";"Letter To Yu";"19";"725"
"Agar Agar";"Player Non Player";"2";"7807"
"The Stingrays";"Melting With You";"1";"13287"
"Blue Eyed Soul";"You Ain't No Weight";"1";"13288"
"Tristan Arp";"a pool, a portal";"1";"13289"
"KMRU";"Jar";"1";"13290"
"The Offline";"Les cigales";"3";"5562"
"Drift";"After the Party";"1";"13291"
"Mörk";"Still Dreamin'";"1";"13292"
"Psylo";"Walk Long";"1";"13293"
"helen island";"lia$$e 2";"1";"13294"
"Clutchy Hopkins";"The Life of Clutchy Hopkins";"1";"13295"
"DJ Koze";"Pure Love EP";"2";"7808"
"NATE08";"Sunrise Sunfall (Edit)";"2";"7809"
"Pantha du Prince";"The Creation Dream";"1";"13296"
"Myríad";"Glades and Avenues (Remix)";"1";"13297"
"Thandii";"Dream With You";"2";"7810"
"The Silhouettes Project";"The Silhouettes Project";"1";"13298"
"Gabriel Gifford";"Cold Too";"1";"13299"
"Your friend daao";"Diary May, 2024 (Enough)";"2";"7811"
"United Freedom Collective";"Higher Drums";"11";"1512"
"Köhncke";"Speicher 25 - 31";"3";"5563"
"Getdown Services";"Crisps";"1";"13300"
"Mononeon";"Quilted Stereo";"2";"7812"
"Koteri";"Fortune Green";"2";"7813"
"Samora Pinderhughes";"Venus Smiles Not in the House of Tears";"1";"13301"
"The Pro-Teens";"MF TEEN: Your Concurrence In The Above Is Assumed";"3";"5564"
"Don Glori";"Don't Forget To Have Fun";"1";"13302"
"Maribou State";"Hallucinating Love";"15";"1009"
"BADBADNOTGOOD";"Poeira Cosmica";"1";"13303"
"BADBADNOTGOOD";"Talk Memory";"9";"1899"
"Deki Alem";"Fluent Stutter";"1";"13304"
"Pedro Ricardo";"She Is - EP";"2";"7814"
"Flowervillain";"breathe";"1";"13305"
"Soul Keita";"Democracy";"3";"5565"
"Theis Thaws";"Fly To Ceiling";"3";"5566"
"Fat Freddy's Drop";"SLO MO";"3";"5567"
"Trio Elétrico";"Creeper Lane";"3";"5568"
"Bugge Wesseltoft";"Oh!";"1";"13306"
"O'Flynn";"Banggg";"1";"13307"
"Confucius MC";"Toulouse";"1";"13308"
"Harvey Sutherland";"Nobody Like U";"1";"13309"
"Ebo Taylor";"Ebo Taylor JID022";"1";"13310"
"Federico Albanese";"Song for the Village";"1";"13311"
"Alma Negra";"Sexta Feira (Edit)";"1";"13312"
"Laurent Garnier";"fabric presents Laurent Garnier: On The Way Home (Mixed)";"1";"13313"
"Bonobo";"Global Underground: Select #10 (Mixed)";"1";"13314"
"Wayne Snow";"Beauty in Chaos";"1";"13315"
"El Búho";"Igorre";"1";"13316"
"Monolink";"Mesmerized";"1";"13317"
"Oscar Jerome";"The Fork";"1";"13318"
"Kadosh";"Let Me See You Remixes";"1";"13319"
"Kaitlyn Aurelia Smith";"Into Your Eyes";"1";"13320"
"Sagans";"SUNS";"2";"7815"
"Teddy Roxpin";"The Obstacle Is the Path";"1";"13321"
"Mindy Meng Wang 王萌";"Hidden Qi 隐.气";"3";"5569"
"Soul Saver";"Another Day";"4";"4368"
"Ibibio Sound Machine";"The Black Notes EP";"2";"7816"
"Key Tronics Ensemble";"Music You Got Me / Anamaria";"3";"5570"
"Monsieur Van Pratt";"No Te Perderé";"2";"7817"
"Rosie Lowe";"Lover, Other";"3";"5571"
"HEDONICS";"Who Are They?";"2";"7818"
"DMX Krew";"On the Beach";"2";"7819"
"mrcy";"VOLUME 1";"2";"7820"
"Ella Thompson";"Ripple On The Wing";"2";"7821"
"Ezra Collective";"No One's Watching Me (Instrumental)";"2";"7822"
"Walter Astral";"Éclipse";"2";"7823"
"Eric Hilton";"Little Odessa";"2";"7824"
"Antonio Barret";"On Edge";"2";"7825"
"CC:DISCO!";"Magic (Is In The Tempo)";"1";"13322"
"Nadeem Khan";"Tu Tak Tu Tak Tutiyan (Elado Remixes)";"1";"13323"
"Estère";"Finer";"1";"13324"
"Boozoo Bajou";"Layoff Message";"1";"13325"
"Sault";"11";"1";"13326"
"Ash Walker";"Automaton";"1";"13327"
"Mildlife";"Chorus";"1";"13328"
"Dargz";"Shedding";"1";"13329"
"MATTERS UNKNOWN";"I Am the Birds";"2";"7826"
"Yuuf";"Calzaghe";"1";"13330"
"Zeitgeist Freedom Energy Exchange";"Lady in Scarlet";"1";"13331"
"Cosmic Collective";"www. (side 1)";"1";"13332"
"Stimulator Jones";"I Would Have To Be A Fool";"1";"13333"
"The Emperor Machine";"Island Boogie";"1";"13334"
"Campus Christy";"Candles (feat. Say She She)";"1";"13335"
"Mieke Miami";"Birdland";"1";"13336"
"Knowsum";"Cosmic Breeze";"1";"13337"
"Gothic Tropic";"Eternally Grateful";"1";"13338"
"Titeknots";"Bones";"1";"13339"
"The Colours That Rise";"Deep Space (Private Joy’s Funk Joint)";"8";"2150"
"Felipe Gordon";"Keep Doing What You Love";"9";"1900"
"Axel Boman";"Space Drag";"1";"13340"
"Crazy P";"Any Signs of Love";"10";"1700"
"Lovetempo";"Maybe In Another Life";"1";"13341"
"Flamingo Pier";"Deeper Soul (Make a Dance Remix)";"6";"2911"
"Oceanvs Orientalis";"Heart Pieces";"1";"13342"
"Tour-Maubourg";"Opening Theme";"4";"4369"
"Ninze";"Reasons Of Simplicity";"1";"13343"
"Arutani";"Who We Used to Be";"1";"13344"
"SidiRum";"Total Interior";"1";"13345"
"Tosca";"Mirage (The Osam Remixes)";"1";"13346"
"Tuccillo";"Super Colour - EP (Radio Edit)";"1";"13347"
"DJ Graymo";"Years Of Life Loved";"1";"13348"
"Passarani";"Shuffling The Cards Again";"1";"13349"
"New Jackson";"Acid Jackson";"1";"13350"
"Dave DK";"Don't Eat the Homies";"1";"13351"
"Richard Dorfmeister";"Canita Brava";"1";"13352"
"Dexter Story";"Sinesrat EP";"41";"261"
"Mild Universe";"Everything Must Change";"5";"3541"
"Neil Frances";"There is no Neil Frances Remixes";"1";"13353"
"Crackazat";"Beat Tape 02";"1";"13354"
"Fred Aster";"Jazz Space Pool";"2";"7827"
"Jitwam";"Third (Deluxe)";"46";"217"
"Don Glori";"Welcome (Remixes)";"2";"7828"
"Andras";"cp3";"3";"5572"
"Herbert";"Musca (Remixes)";"1";"13355"
"Jerome Thomas";"Submerge";"1";"13356"
"Cherise";"Calling";"1";"13357"
"bad tuner";"all right";"1";"13358"
"Marigold";"Tori's Ballad (bad tuner remix)";"1";"13359"
"bad tuner";"with you love";"1";"13360"
"bad tuner";"can't stop";"1";"13361"
"Gilligan Moss";"Turn Back Time (bad tuner Remix)";"1";"13362"
"bad tuner";"maybe so";"1";"13363"
"bad tuner";"2 strings";"1";"13364"
"bad tuner";"don’t say";"1";"13365"
"bad tuner";"loverboi";"1";"13366"
"bad tuner";"oxygen";"1";"13367"
"bad tuner";"4:21 (Con María)";"1";"13368"
"bad tuner";"could i";"2";"7829"
"bad tuner";"self-care";"1";"13369"
"bad tuner";"back to my <3";"1";"13370"
"bad tuner";"Operational Interference (Inspired by 'The Outlaw Ocean' a book by Ian Urbina)";"1";"13371"
"bad tuner";"No. 23930/Anabella";"1";"13372"
"bad tuner";"Orizia/Camero";"1";"13373"
"Konrad OldMoney";"Cyberpunk 2077: More Music from Night City Radio (Original Soundtrack)";"1";"13374"
"Girls of the Internet";"When I Was Lost, I Found Myself";"45";"225"
"Harry Paradise";"Worldly Pleasures, Vol. 1";"3";"5573"
"Harry Charles";"A Series of Goodnights";"1";"13375"
"Felix Laband";"4 / 4 Down the Stairs";"1";"13376"
"Assaf Spector";"Nebuloso";"1";"13377"
"Poni Hoax";"Tropical Suite";"1";"13378"
"King Pari";"There It Goes";"2";"7830"
"Tremendous Aron";"Heisting";"3";"5574"
"Knowsum";"Glades and Avenues (Remix)";"2";"7831"
"SHOLTO";"Letting Go of Forever";"5";"3542"
"Common Saints";"Cinema 3000";"5";"3543"
"FastMusic";"I Want to Love, And I Love";"1";"13379"
"Skinshape";"Another Side Of Skinshape";"1";"13380"
"Loverground";"SLURPY";"1";"13381"
"warner case";"the ABCs (DELACOUR Remix)";"2";"7832"
"Andras";"House of Dad";"1";"13382"
"D.K.";"Distant Images";"4";"4370"
"Yu Su";"Xiu (宫廷 version)";"2";"7833"
"Dub Tractor";"delay";"1";"13383"
"Lord of the Isles";"In Waves";"7";"2489"
"Superpitcher";"The Golden Ravedays 7";"3";"5575"
"Mark Barrott";"Nature Sounds Of The Balearics";"1";"13384"
"DJ Sprinkles";"Enjoy The Silence, Vol. 1";"5";"3544"
"Unknown Mobile";"Daucile Moon";"3";"5576"
"Peter Zummo";"Dress Code (Don’t Look At My Car)";"2";"7834"
"John Beltran";"Ten Days Of Blue";"2";"7835"
"Tornado Wallace";"Lonely Planet";"2";"7836"
"New World Science";"Osmos (Movements)";"2";"7837"
"Thomas Gray & Liam Ebbs";"3 Days, 2 Nights";"1";"13385"
"Young Marco";"Bahasa";"5";"3545"
"Alex Kassian";"Hidden Tropics";"2";"7838"
"Setwun";"H.B.Y.";"1";"13386"
"STR4TA";"Lazy Days (feat. Emma-Jean Thackray) [Ruf Dug Rework]";"1";"13387"
"Simon Mavin";"Good Hair Day (Harvey Sutherland Remix)";"2";"7839"
"Makèz";"Phases (Dego Remix)";"1";"13388"
"79.5";"79.5";"1";"13389"
"Total Refreshment Centre";"Isa (feat. Noah Slee)";"1";"13390"
"Shy One";"From The Floor To The Booth";"1";"13391"
"Zeitgeist Freedom Energy Exchange";"Take Your Time";"2";"7840"
"Sweatson Klank";"A Free Mind";"1";"13392"
"Eddie Chacon";"Holy Hell (Mndsgn Remix)";"1";"13393"
"Kaidi Tatham";"The Only Way";"2";"7841"
"Monzanto Sound";"Monzanto Sound - Eja (Dave Okumu Remix)";"1";"13394"
"Tomaga";"Intimate Immensity / A Call From The Eaves";"2";"7842"
"High Pulp";"Slaw (L'eclair Remix)";"2";"7843"
"Olof Dreijer";"Coral";"2";"7844"
"Dave Mason";"Double X";"1";"13395"
"Sleep D";"After the Rain";"1";"13396"
"Bochum Welt";"Seafire";"2";"7845"
"Yamaneko";"Pixel Wave Embrace";"1";"13397"
"MDA Analog";"Virtual Dreams: Ambient Explorations In The House & Techno Age, 1993-1997";"2";"7846"
"Audrey Powne";"From the Fire";"2";"7847"
"Sofia Grant";"Extinction";"1";"13398"
"Galcher Lustwerk";"Played Out";"1";"13399"
"Patrick Holland";"Infra";"1";"13400"
"Steve Hauschildt";"Strands";"3";"5577"
"Robert Turman";"Flux";"1";"13401"
"Kuniyuki Takahashi";"Early Tape Works 1986 - 1993 Vol. 2";"1";"13402"
"Ulla Straus";"Big Room";"2";"7848"
"Chaouche";"So What";"1";"13403"
"KATZROAR";"Spark";"1";"13404"
"Assaf Spector";"Eternal Night Sky (Alternative Version)";"2";"7849"
"l'éclair";"LOTUS";"1";"13405"
"Patti Smith";"Easter";"6";"2912"
"DJ Koze";"Unbelievable";"1";"13406"
"Melle Brown";"Feel About You (Remixes)";"1";"13407"
"Byron the Aquarius";"Black Man Of The Echo Tree";"3";"5578"
"Danvers";"Interludes";"7";"2490"
"Soul Wun";"13th Hour, Vol. 5";"6";"2913"
"Edmondson";"Flamingo Tripper";"3";"5579"
"Rick Wade";"Sweet Life";"4";"4371"
"Seb Wildblood";"Jazz, Vol. 1";"3";"5580"
"Sorceress";"Teacups (Chaos In The CBD Remix)";"3";"5581"
"Eddie C";"on the shore";"13";"1236"
"Polyphonic Exophilia";"Deep Diver";"3";"5582"
"Rick Poppa Howard";"DJ-Kicks (Motor City Drum Ensemble) [DJ Mix]";"1";"13408"
"Jon Sable";"Dolphin Hotel";"5";"3546"
"Aleph One";"Vulpes";"1";"13409"
"Billy Cobham";"Drum'n voice";"1";"13410"
"SPIRAL DELUXE";"The Love Pretender";"8";"2151"
"Chloé Caillet";"XTC (Call Super's Tension Dimension Remix)";"8";"2152"
"Prins Thomas";"Slow Down";"1";"13411"
"Fred Paci";"Nectar";"1";"13412"
"Dayne S";"Island";"1";"13413"
"DJ Grumble";"Flamed";"1";"13414"
"Sis";"Mother's Grace (Stones Taro Remix)";"1";"13415"
"qrtr";"infina ad nausea: the remixes";"1";"13416"
"Nikitch";"Another One";"1";"13417"
"DJ Grumble";"Freestyle Tools 2018";"1";"13418"
"NiElsir";"Theta";"1";"13419"
"Far Orange";"Right Alright";"1";"13420"
"Kinda Rad";"Jam Cannon";"2";"7850"
"Honom";"Purple Sun";"1";"13421"
"DJ Eely";"Arcane";"1";"13422"
"Heritage Listed";"Rose Lens, Red Flags";"1";"13423"
"Ora Blu";"Medicine";"1";"13424"
"B From E";"Ghetto Space";"1";"13425"
"serebii";"Might As Well Be Watching";"1";"13426"
"King Billy";"King Billy";"1";"13427"
"Tentendo";"Player One";"1";"13428"
"Phil from Havêa";"199X";"1";"13429"
"DJ Houseplants";"Loving Ain't the Same";"1";"13430"
"Panoram";"Acrobatic Thoughts";"1";"13431"
"Liston";"Until Dawn EP";"1";"13432"
"Space Ghost";"Aquarium Nightclub Reworks";"2";"7851"
"John Beltran";"Ambient Selections";"1";"13433"
"Citizen Maze";"Serenity in the Woods";"1";"13434"
"Sly5thAve";"Water Suite (Thirst) [Kassa Overall Remix]";"1";"13435"
"Rebecca Vasmant";"Better Than Before / Come Together";"1";"13436"
"Photay";"Windswept";"4";"4372"
"Andrew Wasylyk";"Ash Grey and the Gull Glides On";"1";"13437"
"Mermaid Chunky";"Céilí";"1";"13438"
"Galcher Lustwerk";"LUSTWERK II";"2";"7852"
"Omar S";"HARD TIMES";"1";"13439"
"Mark Hawkins";"Time & Space";"1";"13440"
"Omar S";"All The Little Hands";"1";"13441"
"Katerina";"Get To Know You";"1";"13442"
"Baalti";"Staying In Touch";"1";"13443"
"Apifera";"Keep the Outside Open";"1";"13444"
"Nubiyan Twist";"Find Your Flame";"4";"4373"
"Reinel Bakole";"Healing Exhaustion";"1";"13445"
"Divine Earth";"align with Nature's Intelligence";"1";"13446"
"Totally Enormous Extinct Dinosaurs";"So Alive (Jacques Greene Remix)";"1";"13447"
"Nabihah Iqbal";"DREAMER (Remixes)";"1";"13448"
"Lauren Flax";"I Don't Want To Hurt You";"1";"13449"
"Actress";"LXXXVIII";"2";"7853"
"Jono McCleery";"Reconcile";"1";"13450"
"O & the Mo";"Make Way For The Sun";"1";"13451"
"The Brkn Record";"The Architecture of Oppression Part 2";"1";"13452"
"Interstate";"Seconds Of Your Love";"1";"13453"
"Ethyène";"Essence of Adolescence";"1";"13454"
"Parbleu";"Père-du-perdu";"1";"13455"
"Lawne";"Attic";"23";"541"
"13th Ward Social Club";"Aprismo";"15";"1010"
"Lies of P";"Lies of P (Original Soundtrack)";"5";"3547"
"MinaeMinae";"Gestrüpp";"7";"2491"
"Barry Can't Swim";"Sunday at Glasto";"1";"13456"
"Hiromi";"Pendulum [Feat. Sonicwonder & Michelle Willis]";"1";"13457"
"Hiromi";"Balloon Pop";"1";"13458"
"Other Lands";"Sounds For Isolated Souls";"1";"13459"
"Steven Bamidele";"Summing Up";"1";"13460"
"Satoshi & Makoto";"CZ-5000 Sounds & Sequences Vol. II";"1";"13461"
"Emile Londonien";"Inwards";"4";"4374"
"Douniah";"A Fever Dream";"1";"13462"
"Gan Gemi";"Blue Skies (Joe Armon-Jones Pushing Water Remix)";"1";"13463"
"Sonic Interventions";"Do You Remember?";"2";"7854"
"Tony Allen";"LA BOA Meets Tony Allen";"4";"4375"
"Anderdog";"Dog Eat Dog";"1";"13464"
"Ragawerk";"Live!";"2";"7855"
"Dos";"Dos";"2";"7856"
"Yarni";"Rummy";"1";"13465"
"J. Caesar";"ICON";"1";"13466"
"Gerry Read";"Not Quite There Yet";"1";"13467"
"Haruka Salt";"Watch Me Dance (Edit)";"1";"13468"
"Octo Octa";"Dreams Of A Dancefloor EP";"10";"1701"
"Jimi Tenor";"Sinus Amoris (Songs from the Bay of Love)";"1";"13469"
"Paul Cousins";"Oxide Manifesto";"1";"13470"
"Ohad Slavin";"Algae";"1";"13471"
"Tigerskin";"New Life EP";"1";"13472"
"Coflo";"Gazin";"1";"13473"
"Louis Marlo";"Stained Glass";"1";"13474"
"Freeda Beast";"Me and my monster";"1";"13475"
"REAL THEISM";"We Are Not Alone";"1";"13476"
"Double Geography";"Open Water";"1";"13477"
"Praah Musique";"Chamada";"1";"13478"
"Nora Jay";"Happyness";"1";"13479"
"Mr Beatnick";"Fresh Fields";"1";"13480"
"Mon Goose";"Very Still Right Now";"1";"13481"
"Harmonious Thelonious";"Plong";"1";"13482"
"Guizzi";"Orsova";"1";"13483"
"Willows8ng";"Mahaya";"1";"13484"
"Overmono";"Good Lies";"1";"13485"
"Daniel Avery";"20 Years Of Phonica (Digital Sampler 5)";"1";"13486"
"Real Lies";"Sinking Suburb";"1";"13487"
"Gigi Masin";"Vahiné";"1";"13488"
"Roméo Poirier";"Remix + 1";"1";"13489"
"Gaussian Curve";"The Distance";"3";"5583"
"Alexander Flood";"Berlin (Godblesscomputers Remix)";"2";"7857"
"Parviz";"Le Cyprès d'Abarqu";"1";"13490"
"Private Joy";"Desire!";"2";"7858"
"Tour-Maubourg";"Floating on Silence (Panorama Version)";"1";"13491"
"Gabriele Poso";"Future Sounds Of Jazz, Vol. 13";"1";"13492"
"Llorca";"Newcomer";"1";"13493"
"bar of soap";"Cleanin' Up";"2";"7859"
"Joel Holmes";"Osmosis";"4";"4376"
"Close Counters";"SOULACOASTA II";"2";"7860"
"Close Counters";"SOULACOASTA";"1";"13494"
"SofaTalk";"Diforisma";"1";"13495"
"Osunlade";"MOSS";"14";"1110"
"Close Counters";"FLUX";"1";"13496"
"Good Posture";"Italy (1-800 Girls Remix)";"1";"13497"
"froman";"See Through";"1";"13498"
"chals junya";"Dural";"1";"13499"
"40 Winks";"Peace Pulse";"1";"13500"
"Delta Rain Dance";"Music For Autumn";"2";"7861"
"KuNa Maze";"Layers";"3";"5584"
"Scrimshire";"128 BPM Rhodes MatE";"2";"7862"
"Liv East";"Freak (Extended)";"1";"13501"
"Sable Blanc";"Canvas";"1";"13502"
"Blue Lab Beats";"Jazztronica - Live at Late Night Jazz Royal Albert Hall";"1";"13503"
"Kokoroko";"Could We Be More Remixes";"3";"5585"
"Suso Saiz";"Nothing Is Objective";"1";"13504"
"Jonny Nash";"Make A Wilderness";"1";"13505"
"A08";"Waiting For Zion";"1";"13506"
"Zoobers";"Zoobers";"1";"13507"
"Täpp";"i like what i do // i do what i like";"1";"13508"
"Silvan Strauss";"FLUKIN'";"2";"7863"
"On-Ly";"Wonderlust";"2";"7864"
"Tafubar";"Ethnosphere 3";"2";"7865"
"Future Warriors";"Suomifunkulaa 1";"1";"13509"
"Nikitch";"II";"1";"13510"
"Axel Rigaud";"Transformation";"1";"13511"
"Golden Ivy";"Kläppen";"5";"3548"
"Tomaga";"Extended Play 1";"1";"13512"
"Bitchin Bajas";"Bajas Fresh";"3";"5586"
"Martin Brugger";"Music For Video Stores";"1";"13513"
"Supersilent";"10";"2";"7866"
"Sign Libra";"Sea To Sea";"1";"13514"
"Spiritczualic Enhancement Center";"Transporting Salt (Enhanced Edition)";"1";"13515"
"G-Litter";"Suomifunkulaa 1";"1";"13516"
"Usio";"Kuwa Huru";"1";"13517"
"Ed Rome";"Common Ancestry";"1";"13518"
"Melle Jutte";"Low Tides";"1";"13519"
"Ernesto Holman";"Al vuelo del Ñamco";"1";"13520"
"Cadillac Jones";"Cabin Fever";"1";"13521"
"Tommaso Cappellato";"Dancing Around Fire";"2";"7867"
"Theo Bard";"Wide";"2";"7868"
"César López y Habana Ensemble";"Andante";"1";"13522"
"Keno";"Speak The Language";"1";"13523"
"Marcus Joseph";"Beyond The Dome: The Remixes";"1";"13524"
"Denzel Curry";"Dynasties & Dystopia (from the series Arcane League of Legends)";"6";"2914"
"Arcane";"Arcane league of legends: season 2 (soundtrack from the animated series)";"1";"13525"
"Eric Borrelli";"Exotic Escape";"1";"13526"
"Suzanne Kraft";"What You Get For Being Young";"1";"13527"
"RIP SWIRL";"Chill Pill";"1";"13528"
"SMAGGHE & CROSS";"1819";"1";"13529"
"Magic In Threes";"Beatin' tha Breaks";"1";"13530"
"Deepside Ludovic Navarre";"Tolérance EP";"5";"3549"
"Paso";"We Can See That";"1";"13531"
"St Germain";"St Germain";"4";"4377"
"The Amalgamation Of Soundz";"Earth, Vol. 5";"1";"13532"
"Tony Allen";"Tomorrow Comes The Harvest";"5";"3550"
"froman";"If You Were";"1";"13533"
"Harry K";"My Baby Said To Me / Out Of My Sight";"1";"13534"
"Blue Lab Beats";"Blue Eclipse";"1";"13535"
"Space Afrika";"Honest Labour";"1";"13536"
"Bluestaeb";"TTT";"2";"7869"
"Camilla George";"Abasi Isang (Blue Lab Beats Remix)";"2";"7870"
"Jitwam";"Honeycomb (Deluxe Edition)";"1";"13537"
"The World";"Kosmos";"1";"13538"
"Belly Savalas";"Almond Tree";"1";"13539"
"Amampondo";"Vuyani (Re-Issue)";"1";"13540"
"Tehiun";"Sunset Madang";"1";"13541"
"Jah Wobble";"Car Ad Music";"1";"13542"
"Bonga & The Vodou Drums Of Haiti";"Ayiti Afrika";"1";"13543"
"Wooden Leg";"Wooden Leg";"1";"13544"
"Mukta";"Jade";"1";"13545"
"John Zorn";"Filmworks XV: Protocols of Zion";"1";"13546"
"The Cosmic Surf Club";"Parallel Worlds";"1";"13547"
"Francisco Mora Catlett";"Outerzone";"1";"13548"
"Baktrah";"On Leave";"1";"13549"
"Barrett Martin Group";"Earthspeaker";"1";"13550"
"KALEIIDO";"PLACES";"1";"13551"
"Patricia Wolf";"See-Through";"2";"7871"
"Hans-Joachim Roedelius";"Kollektion 02: Roedelius (Electronic Music)";"1";"13552"
"Abderraouf B Grissa";"Lake Poe";"1";"13553"
"Low Leaf";"Blue Nile";"1";"13554"
"Contours";"Cosmic Echoes - EP";"2";"7872"
"Kelly Moran";"Ultraviolet";"1";"13555"
"Dedekind Cut";"Tahoe";"2";"7873"
"Suzanne Doucet, Christian Buehner";"TRANSMISSION - A New Age Classic of Instrumental Music";"1";"13556"
"Musclecars";"Street Dreams (Deluxe)";"30";"375"
"Mark Paul Norton";"Colin Curtis Presents Jazz Dance Fusion Volume 3";"1";"13557"
"Gerardo Frisina";"Mystical Funk / Spaced Out";"1";"13558"
"krajenski.";"B-3 Vol. 2";"2";"7874"
"Jonny Drop";"Puzzle Dust";"3";"5587"
"Fellas";"CAN YOU FEEL MY EYES ON YOU";"1";"13559"
"Retromigration";"Straight Foxin' LP";"2";"7875"
"Michael Bird";"Ms. Elusive";"1";"13560"
"Seb Wildblood";"separation anxiety";"2";"7876"
"Leon Vynehall";"Movements";"2";"7877"
"John Beltran";"Serendipia";"3";"5588"
"Amor";"AMOR / LEMUR";"1";"13561"
"Ray Mantilla";"High Voltage";"1";"13562"
"Gigi Masin";"Postcards from Nowhere";"1";"13563"
"Aki";"Street Cred";"1";"13564"
"Tezeta";"Curious Bubble";"1";"13565"
"Rhabdomantic Orchestra";"La Grandiosa";"1";"13566"
"Mo Kolours";"Original Flow: Chapter Two";"2";"7878"
"Hailu Mergia";"Pioneer Works Swing (Live) [Standard]";"1";"13567"
"Salin";"Rammana";"2";"7879"
"Àbáse";"Awakening";"3";"5589"
"Emanative";"Abstract Intuition";"1";"13568"
"Herbert";"Fallen";"1";"13569"
"Hinako Omori";"stillness, softness... (extended dream transition)";"1";"13570"
"Mr. Fingers";"Cerebral Hemispheres";"2";"7880"
"Folamour";"Fort Bellefleur";"11";"1513"
"Nathan Somevi";"Can't Be Done";"1";"13571"
"Àbáse";"Global Vibrations Vol. 1";"1";"13572"
"Líosa";"Skylark";"1";"13573"
"Thierry Fanfant";"6.4";"1";"13574"
"Metro Beirut";"Beats From The Levant";"1";"13575"
"FL!M";"The Spore EP";"1";"13576"
"Digo";"Callisto";"1";"13577"
"Ilkka Arola Sound Tagine";"Adventures in the Now";"1";"13578"
"Marquez";"Boston Years: Season One";"1";"13579"
"CAZAYOUX";"CAZAYOUX";"1";"13580"
"Orchestre Tout Puissant Marcel Duchamp";"Ventre unique";"4";"4378"
"Nightjar";"Mala Leche";"1";"13581"
"Qwalia";"Abbreviations";"3";"5590"
"Sandman Project";"Where Did You Go?";"2";"7881"
"Tomasz Guiddo";"Where The Wild Roam (incl. remixes by Erobique, Freestyle Man, Ale Castro)";"2";"7882"
"Los Bitchos";"Talkie Talkie";"2";"7883"
"Jamie Finlay";"Sun Dogs";"1";"13582"
"ATA Records";"Kaunas Baltic Connect / Baby, I Don't Care";"1";"13583"
"Sven Wunder";"Free Time";"3";"5591"
"Bronze, Silver & Brass";"Conrad's Lesson";"2";"7884"
"Tony Allen";"Disco Afro Reedit Series";"1";"13584"
"Brandon Roberts";"Andor: Season 2 - Vol. 1 (Episodes 1-3) [Original Score]";"12";"1352"
"Stars of the Lid";"Carte-de-visite";"1";"13585"
"Celia Hollander";"Timekeeper";"2";"7885"
"Khruangbin";"Mordechai Remixes";"3";"5592"
"Omni Gardens";"Amethyst: New Sounds from Moon Glyph Records";"1";"13586"
"Mary Lattimore";"Dreaming of the Kelly Pool";"1";"13587"
"Apifera";"Gnome Poems";"1";"13588"
"Chaos in the CBD";"Maintaining My Peace";"2";"7886"
"TEED";"When the Lights Go (Deluxe)";"1";"13589"
"Kornél Kovács";"Hotel Koko";"1";"13590"
"Kara-Lis Coverdale";"Grafts";"2";"7887"
"Rosa Brunello";"Senseless Acts Of Love";"1";"13591"
"Idris Ackamoor";"Afro Futuristic Dreams";"1";"13592"
"Harold Budd";"Avalon Sutra (2013 Remaster)";"1";"13593"
"Lawrence English";"A Colour for Autumn";"1";"13594"
"Laraaji";"Connecting with the Inner Healer Through Music";"1";"13595"
"The Detroit Experiment";"Planet E 30";"1";"13596"
"Neue Grafik";"Dalston Tape Vol. 1";"1";"13597"
"WheelUP";"We Are The Magic";"1";"13598"
"Tommaso Cappellato";"Explorare";"8";"2153"
"concept neuf";"Concept Neuf";"1";"13599"
"Sugai Ken";"On The Quakefish";"1";"13600"
"Imaginary Softwoods";"Gold Fiction Loop Garden";"1";"13601"
"collignon";"BICICLETA";"2";"7888"
"Oby Nine";"Do Ya Thing";"1";"13602"
"Kiwi";"Hello Echo";"1";"13603"
"James William Blades";"Pare De Sufrir (Original Motion Picture Soundtrack)";"3";"5593"
"Paradise Cinema";"returning, dream";"1";"13604"
"Von Spar";"Album I";"1";"13605"
"Gray";"Shades Of... Anthology";"1";"13606"
"Lorien Testard";"Clair Obscur: Expedition 33 (Original Soundtrack)";"1";"13607"
"Duke Hugh";"Common Ground - EP";"4";"4379"
"Ron Trent";"Dance Floor Boogie Delites";"1";"13608"
"John Swing";"Assorted Moods";"1";"13609"
"Chaos in the CBD";"A Deeper Life";"23";"542"
"Yambow";"Café cigarette";"1";"13610"
"COEO";"Disco Volante EP";"14";"1111"
"Andras";"DJ-Kicks (DJ Seinfeld) [DJ Mix]";"5";"3551"
"Axel Boman";"Black Magic Boman - EP";"2";"7889"
"FOREST LAW";"Zero";"4";"4380"
"The Shanghai Restoration Project";"Dark Horse Reverve";"1";"13611"
"Warriors Of The Dystotheque";"It's A Beautiful Thing";"1";"13612"
"aura safari";"Sensory Blending";"12";"1353"
"Zimun";"prafrente";"1";"13613"
"Duoya";"International FM";"1";"13614"
"Clash Vooar";"Pulled by the Stars";"1";"13615"
"Steve Dyer";"Revision";"1";"13616"
"Sandhya Sanjana";"Random Access Melody";"1";"13617"
"OO Soul";"Till The Lights Come Up";"1";"13618"
"Eleanor Underhill";"Land of the Living";"1";"13619"
"terestesa";"Bella Faccia";"1";"13620"
"Atongo Zimba";"A to Z";"1";"13621"
"Black Flower";"Kinetic";"1";"13622"
"Megatronic";"Organic";"3";"5594"
"Art Of Tones";"Unbalanced";"5";"3552"
"Haziz";"Supertiger";"2";"7890"
"corto.alto";"Latency (Opolopo Remix)";"1";"13623"
"RADIOHOP";"All We Do";"1";"13624"
"Move 78";"The Emperor's New Jazz";"2";"7891"
"Rezodrone";"Cyberpunk 2077: More Music from Night City Radio (Original Soundtrack)";"1";"13625"
"Mark de Clive-Lowe";"A Family Gathering Chapter 3";"1";"13626"
"Nichelle Colvin";"Locomotive";"1";"13627"
"Cherise";"Butter";"1";"13628"
"Silas Short";"Lushland";"2";"7892"
"Braxton Cook";"Zodiac";"4";"4381"
"Jhelisa";"Purpose Love";"2";"7893"
"Bluestaeb";"Slow Me Down";"1";"13629"
"Greg Foat";"Interstellar Fantasy";"1";"13630"
"Greg Foat";"The Glass Frog";"1";"13631"
"Kyoko Takenaka";"Planet Q";"1";"13632"
"Kaitlyn Aurelia Smith";"EARS";"2";"7894"
"Abderraouf B Grissa";"Theme";"4";"4382"
"The Soul Surfers";"Big Slick";"1";"13633"
"Janko Nilovic";"Cosmos Giants";"2";"7895"
"Andrew Bird";"Sunday Morning Put-On";"1";"13634"
"Art Of Tones";"Ban the disco (Patchworks Remix)";"1";"13635"
"Eddie C";"Green Space";"1";"13636"
"Soulstance";"Life Size";"1";"13637"
"deadmau5";"> album title goes here <";"3";"5595"
"Black Jazz Consortium";"Evolution Of Light";"1";"13638"
"Soulstatejazz";"Annwn";"4";"4383"
"Contours";"North West";"1";"13639"
"Nubiyan Twist";"Find Your Flame (Deluxe Edition)";"2";"7896"
"Stan Lodge";"A Trick of the Light (Deluxe)";"1";"13640"
"Braxton Cook";"Weekend";"1";"13641"
"Noah Guy";"BROTHER'S KEEPER (feat. Braxton Cook)";"1";"13642"
"Rizomagic";"Marimbitiaos";"2";"7897"
"Trevor Deep Jr";"TDJ LP. (Tape version)";"1";"13643"
"Chaos in the CBD";"Digital Harmony";"3";"5596"
"Godtet";"Broadening";"1";"13644"
"Black Jazz Consortium";"Codes and Metaphors";"7";"2492"
"okvsho";"Futur8000 Compilation";"1";"13645"
"Linkwood";"System";"3";"5597"
"Tom Ellis";"The Colour Red";"4";"4384"
"Sampology";"Galaxy";"1";"13646"
"foshe";"FOSHIRA";"7";"2493"
"Hiro Ama";"Dolphin Hour";"1";"13647"
"Domenique Dumont";"Five Years of Loving Notes";"3";"5598"
"Jeremy Brauns";"Niamos (S2 Club Mix)";"5";"3553"
"Charlie Charlie";"Remixes";"6";"2915"
"Espen Horne";"Bergen Sunrays";"2";"7898"
"Vanishing Twin";"The Age of Immunology (Expanded Edition)";"1";"13648"
"Cinema Royal";"Cinema Royal";"1";"13649"
"Jorga Mesfin";"The Kindest One";"1";"13650"
"Galliano";"Halfway Somewhere";"1";"13651"
"Mamman Sani";"Nijerusalem";"1";"13652"
"Reyna Tropical";"Malegría en la Oscuridad";"1";"13653"
"Tagua Tagua";"Inteiro Metade";"9";"1901"
"AFRICALI";"Afrolight";"14";"1112"
"JJ Whitefield";"DJ-Kicks: Quantic";"6";"2916"
"The Heliocentrics";"DJ-Kicks: Quantic";"6";"2917"
"Quantic";"DJ-Kicks: Quantic";"20";"669"
"Alfa Mist";"DJ-Kicks: Quantic";"9";"1902"
"Jkriv";"DJ-Kicks: Quantic";"9";"1903"
"FRENTE CUMBIERO";"DJ-Kicks: Quantic";"5";"3554"
"Eblis Alvarez";"DJ-Kicks: Quantic";"3";"5599"
"The Maghreban";"DJ-Kicks: Quantic";"2";"7899"
"Anna Morgan";"DJ-Kicks: Quantic";"2";"7900"
"Ehua";"DJ-Kicks: Quantic";"2";"7901"
"TUrbo sonidero";"DJ-Kicks: Quantic";"2";"7902"
"Sobredosis";"DJ-Kicks: Quantic";"2";"7903"
"The Grey Area";"The Grey Area";"3";"5600"
"WheelUP";"Inner Light";"9";"1904"
"Mammal Hands";"Floa";"4";"4385"
"Fabiano do Nascimento";"Tempo Dos Mestres";"3";"5601"
"Dargz";"Friends & Family";"3";"5602"
"Arc De Soleil";"Midnight In Saqqara";"3";"5603"
"Me and My Friends";"Bring Summer";"3";"5604"
"Yasmine Hamdan";"Shmaali شمالي Tarweeda (Nicolas Jaar Remix)";"3";"5605"
"Dezron Douglas";"Force Majeure";"4";"4386"
"Gyedu-Blay Ambolley";"Ketan";"3";"5606"
"flatpocket";"III";"3";"5607"
"Linton Kwesi Johnson";"Bass Culture";"3";"5608"
"Alexander Flood";"Oscillate (Remixes)";"2";"7904"
"Sly5thAve";"Time Gets Wasted";"1";"13654"
"MATTERS UNKNOWN";"Silhouettes: A Dream Sphere Journal";"5";"3555"
"Eli Escobar";"The Airplane Album";"16";"922"
"Luedji Luna";"Um Mar Pra Cada Um,";"12";"1354"
"Alex Kassian";"Leave Your Life";"2";"7905"
"Nathan Haines";"Belo Dia (Chaos In The CBD Remix)";"2";"7906"
"Gratts";"Sun Circles (Reimagined)";"1";"13655"
"Andras";"Café Romantica";"2";"7907"
"SofaTalk";"South Side (Remixes)";"1";"13656"
"Axel Boman";"Moon Dancer";"2";"7908"
"Felipe Gordon";"Self Love";"1";"13657"
"Richard Houghten";"Water For My Burning Mind";"2";"7909"
"Greentea Peng";"TELL DEM IT'S SUNNY";"2";"7910"
"Malick Pathé Sow";"Aduna";"2";"7911"
"Il Mago del Gelato";"Chi È Nicola Felpieri?";"2";"7912"
"Ciao Ciao Marigold";"satsuma";"2";"7913"
"Clear Path Ensemble";"Black Sand";"2";"7914"
"Radon";"Queen Anne's Lace";"2";"7915"
"Francis Bebey";"Psychedelic Zanzu 1982-1984";"3";"5609"
"Nairobi Matata Jazz";"Kenya Special Remix";"2";"7916"
"El Michels Affair";"Kodak";"2";"7917"
"Nate Mercereau";"Joy Techniques";"2";"7918"
"Alba and Aris Karantanis";"Alba and Aris Karantanis";"2";"7919"
"Jess Reiss";"Like This";"2";"7920"
"twit one";"Leatherback";"3";"5610"
"Zimpala";"The Breeze Is Black";"4";"4387"
"El Búho";"La Cumbia Del Cafe Martinez (Earthly Measures & Dreems Remix)";"1";"13658"
"Session Victim";"Pulse of Memory";"11";"1514"
"Daoud";"plato's twins";"1";"13659"
"Laurie Torres";"Après coup";"1";"13660"
"kenny dope unreleased project";"My Playlist";"3";"5611"
"Domenique Dumont";"To Unknownia";"3";"5612"
"Lemon Quartet";"ArtsFest";"1";"13661"
"Session Victim";"Trying to Make it Home";"8";"2154"
"Osunlade";"Dionne / What Gets You High?";"6";"2918"
"Crazy P";"Age of the Ego";"1";"13662"
"Cody Currie";"Moves EP";"33";"328"
"Sofia Kourtesis";"Unidos";"1";"13663"
"Khotin";"Beautiful You";"6";"2919"
"Anna Homler";"Deliquium in C";"1";"13664"
"Dylan Henner";"Xochitlatcan";"1";"13665"
"Throughways";"Aethervoid";"3";"5613"
"Binker and Moses";"Alive in the East? (Live)";"1";"13666"
"Mim Suleiman";"Adera Dera";"6";"2920"
"Thalab";"A Good Swim";"3";"5614"
"Africa Express";"EGOLI";"3";"5615"
"Zero 7";"Mono";"3";"5616"
"Papa Romeo";"Late Night Load Out";"2";"7921"
"Arjuna Oakes";"While I'm Distracted";"2";"7922"
"Dave Guy";"Ruby";"2";"7923"
"Tour-Maubourg";"The Panorama Sessions";"1";"13667"
"Sable Blanc";"Fleur de Sucre";"1";"13668"
"Reginald Omas Mamode IV";"Yasiin's Lament";"2";"7924"
"Gloria Barnes";"Lost in Sound - Rare Soul & Funk Essentials";"2";"7925"
"Arooj Aftab";"raat ki rani (Khruangbin Remix)";"2";"7926"
"Wayward";"Do We Die?";"2";"7927"
"Shanti Celeste";"Romance";"2";"7928"
"Liam Bailey";"Ekundayo";"2";"7929"
"Little Simz";"Lotus";"2";"7930"
"Move 78";"Game Four";"4";"4388"
"Matthew Herbert";"Need To Run";"2";"7931"
"Nicolini";"PIPISTRELLA";"2";"7932"
"Mark Rae";"Rae Road";"1";"13669"
"Yaw";"DJ-Kicks (Moodymann) [DJ Mix]";"1";"13670"
"Kwashibu Area Band";"Love Warrior's Anthem";"4";"4389"
"Magic In Threes";"Palm Sway b/w Holler for the Dollar";"2";"7933"
"Sly & The Family Stone";"Stand";"12";"1355"
"Pyranha";"Luke Una Presents É Soul Cultura, Vol. 2";"1";"13671"
"Alexander Korostinsky";"Bones of God";"1";"13672"
"Ibex Band";"Stereo Instrumental Music";"1";"13673"
"Glenn Fallows";"The Globeflower Masters, Vol. 2";"1";"13674"
"Bubaza";"Ice Breaker";"1";"13675"
"Pleasurewood";"Off The Wall / Boogie Nights";"1";"13676"
"Los Sospechos";"Postales (Original Motion Picture Soundtrack)";"1";"13677"
"Grant Phabao Afrofunk Arkestra";"Grant Phabao Afrofunk Arkestra";"1";"13678"
"Kelenkye Band";"Moving World";"1";"13679"
"Quiet Village";"Reunion";"1";"13680"
"MUDD";"In The Garden Of Mindfulness";"1";"13681"
"Matthew Herbert";"The Horse (Special Edition)";"1";"13682"
"Catching Flies";"Halo (Actress' Untitled Mix)";"1";"13683"
"Musclecars";"We Found The Sun!";"6";"2921"
"Warbaby";"And Ever";"1";"13684"
"Naliyah";"Beleza";"1";"13685"
"Jimi Tenor";"July Blue Skies";"2";"7934"
"U-Zhaan";"City Creatures";"1";"13686"
"David Cunningham";"Miracle Steps (Music from the Fourth World 1983 - 2017)";"3";"5617"
"Jimi Tenor";"Is There Love In Outer Space?";"2";"7935"
"AVR";"Salvation";"1";"13687"
"Iman Houssein";"Future Bubblers 4.0";"1";"13688"
"FINGERS N FLOWERS";"FINGERS N FLOWERS EP";"1";"13689"
"Mute";"Direct Cuts Redux";"1";"13690"
"Kaitlyn Aurelia Smith";"Late Night Tales: Floating Points";"1";"13691"
"Leif";"9 Airs";"1";"13692"
"Happy Little Accidents";"LolliBeats";"1";"13693"
"Sly & The Family Stone";"Back on the Right Track";"1";"13694"
"Manu Dibango";"Africadelic";"1";"13695"
"Idris Muhammad";"House Of The Rising Sun";"1";"13696"
"The Freedom Sounds";"Soul Sound System (feat. Wayne Henderson)";"1";"13697"
"Alex Figueira";"COLLIDING LAYERS";"4";"4390"
"Rah";"Orile to Berlin";"1";"13698"
"Abelardo Carbono";"La Piña Madura (Voilaaa Remix)";"2";"7936"
"Manu Dibango";"Luke Una Presents É Soul Edits";"1";"13699"
"Souleance";"Kebab Discothèque";"2";"7937"
"Pookie";"Flick";"1";"13700"
"Vaudou Game";"FINTOU";"1";"13701"
"Savana Funk";"Raha";"2";"7938"
"MYTRON";"Elsewhere CC";"1";"13702"
"Tour-Maubourg";"Ode To Love (Panorama Version)";"1";"13703"
"Loket";"All Ages";"2";"7939"
"KATZROAR";"UNDERWORLD";"1";"13704"
"The Bongo Hop";"La Pata Coja";"2";"7940"
"playjoy";"Junkfail";"1";"13705"
"Tiger & Balm";"Selected Balms Revisited";"1";"13706"
"Offthewally";"Bouquet";"1";"13707"
"l'éclair";"Sauropoda";"1";"13708"
"Prescott";"Thing Or Two";"1";"13709"
"Urucum";"Urucum Inca Session";"2";"7941"
"Mule Jenny";"All These Songs of Love and Death";"1";"13710"
"Kodjovi Kush";"Love in Africa";"2";"7942"
"Jonathan Maron";"Wide Open Lazy Eye";"2";"7943"
"Leroi Conroy";"Snowcat";"1";"13711"
"Charlie Whitten";"Castles and Fireworks";"1";"13712"
"Do Amor";"Problemão";"1";"13713"
"Herbert Walker";"How to Enjoy";"1";"13714"
"The Offline";"Les Cigales (In Session)";"1";"13715"
"Ian Medeiros";"Varanda";"2";"7944"
"Orbital Ensemble";"Orbital";"1";"13716"
"MoonGold";"On Colfax";"1";"13717"
"Mitchum Yacoub";"Cumbia No Get Enemy / Walky";"3";"5618"
"Bagum";"Triz";"2";"7945"
"Jazz Brut";"Jazz Brut 001";"1";"13718"
"Lo-Fi Signal FM";"One Take Only, Vol. 1";"51";"186"
"OZU";"Burnout";"1";"13719"
"Tremendous Aron";"A Drama on Richard Street";"1";"13720"
"Other Mirror";"Other Mirror";"1";"13721"
"Burnt Pink";"Perfectionist";"1";"13722"
"Group Climate";"Paris De Noche (Original Motion Picture Soundtrack)";"1";"13723"
"Qwalia";"Electric Highway, Part 2";"2";"7946"
"Jarren";"Antera";"1";"13724"
"Clive From Accounts";"Family Affair Vol. 1";"1";"13725"
"Kerri Chandler";"Lost & Found EP, Vol. 2";"1";"13726"
"Malik Hendricks";"Blue Flame";"1";"13727"
"Andrés";"Back in My Space EP";"1";"13728"
"KuNa Maze";"Night Shift";"1";"13729"
"Detroit Rising";"Peace & Harmony (Kaidi Tatham Remix)";"1";"13730"
"Brendan Eder Ensemble";"Vulnerability (Popularity Contest Remix)";"1";"13731"
"Other Lands";"Archipelagos";"1";"13732"
"Arp";"Zebra";"3";"5619"
"Albrecht La'Brooy";"Healesville";"2";"7947"
"Josiah Steinbrick";"Meeting of Waters";"1";"13733"
"NEW FOSSILS";"Ecosphere";"1";"13734"
"Tremendous Aron";"Insortable";"1";"13735"
"Ebi Soda";"bamboo";"1";"13736"
"Ciao Ciao Marigold";"Dream Field";"1";"13737"
"Monzanto Sound";"Time Lapse EP";"3";"5620"
"Lovetempo";"But I Do - Edit";"2";"7948"
"Bobby Bazini";"Waterfallin' (Gilles Peterson Remix)";"4";"4391"
"Shigeto";"Cherry Blossom Baby";"1";"13738"
"Vangelis Katsoulis";"The Sleeping Beauties Remixed";"1";"13739"
"Nice Girl";"Chill Pill III";"1";"13740"
"jura soundsystem";"Monster Skies";"1";"13741"
"Fuga Ronto";"Invisible Escape";"1";"13742"
"Cuervo Cuervo";"Las Cartas";"4";"4392"
"DJ Koze";"Music Can Hear Us";"26";"451"
"Metronomy";"Half an Inch - Metronomy x Pinty";"1";"13743"
"Laurence Guy";"Not Checkers";"3";"5621"
"ali dada";"SUM";"1";"13744"
"System Olympia";"Shy Shy";"1";"13745"
"ishmael ensemble";"Rituals";"1";"13746"
"Joe Goddard";"Harmonics";"1";"13747"
"La Sécurité";"Stay Safe! (REMIXED)";"1";"13748"
"Kham Meslien";"Fantômes... Électriques (Remixes)";"1";"13749"
"Trus'me";"Working Nights";"1";"13750"
"Cody Currie";"Money (Kaidi Tatham Remix)";"3";"5622"
"Surprise Chef";"Masters at Work & Harvey Sutherland (Remixes)";"3";"5623"
"Julia Mestre";"Maravilhosamente Bem";"4";"4393"
"Catto";"Caminhos Selvagens";"1";"13751"
"Tagua Tagua";"RAIO";"2";"7949"
"Zé Ibarra";"AFIM";"3";"5624"
"Joaquim";"Varanda dos Palpites";"1";"13752"
"Jadsa";"big buraco";"2";"7950"
"Luedji Luna";"Antes Que a Terra Acabe";"1";"13753"
"Kareem Ali";"Reach Into Your Soul";"1";"13754"
"JT Donaldson";"Stay Inside (Extended Mixes)";"10";"1702"
"Peven Everett";"Heat Up";"2";"7951"
"Shinichiro Yokota";"Shinichiro Yokota Presents Do It Again and Again";"1";"13755"
"Osunlade";"Momma's Groove";"11";"1515"
"foshe";"Nice to Meetcha";"11";"1516"
"Sam Tyler";"What You Did";"1";"13756"
"Dayne S";"People Falling from Heaven";"1";"13757"
"Sweatson Klank";"One For My Friends";"1";"13758"
"Souleance";"Beautiful";"3";"5625"
"Get the Blessing";"Pallett";"1";"13759"
"I:Cube";"Eye cube";"1";"13760"
"Fila Brazillia";"Retrospective Redux 90 > 22";"1";"13761"
"Lindstrøm";"Everyone Else Is a Stranger";"1";"13762"
"Geoffrey Muller";"Late Night Tales: Khruangbin";"1";"13763"
"Auntie Flo";"In My Dreams (I'm A Bird And I'm Free)";"1";"13764"
"ROSABEGE";"Imagem";"1";"13765"
"Sessa";"Estrela Acesa: Demos & Alternates";"1";"13766"
"Nina Maia";"INTEIRA";"1";"13767"
"DJ Koze";"Lighta Spuba EP";"3";"5626"
"Hiro Ama";"Autumn Colours";"2";"7952"
"Kokoroko";"Tuff Times Never Last";"50";"190"
"Theo Parrish";"Summertime Is Here";"1";"13768"
"Schneider TM";"Zoomer (Bonus Version)";"1";"13769"
"Arthur Russell";"Calling Out of Context";"2";"7953"
"Tapes";"Workshop 21";"1";"13770"
"Bullion";"Loop the Loop";"1";"13771"
"ndf";"Since We Last Met";"3";"5627"
"Atlas Sound";"Logos";"1";"13772"
"Broadcast";"The Future Crayon";"1";"13773"
"George Smallwood";"Loser";"5";"3556"
"Moodymann";"Pitch Black City Reunion";"1";"13774"
"6th Borough Project";"One Night In The Borough";"1";"13775"
"Soulphiction";"Bizzness";"1";"13776"
"Jack J";"Looking Forward To You";"4";"4394"
"Efdemin";"Acid Bells (Martyn Mixes)";"1";"13777"
"Carlos Maria Trindade";"Mr. Wollogallu";"1";"13778"
"Khotin";"Baikal Acid";"1";"13779"
"Miryam Solomon";"Romance";"1";"13780"
"Amanda Whiting";"Can You See Me Now?";"1";"13781"
"Sweatson Klank";"Tilt";"1";"13782"
"Jazzgroupiez";"Purple Sax II";"1";"13783"
"Littlefingers";"Snakes & Ladders";"1";"13784"
"Cisco Kid";"ALPIA";"1";"13785"
"Grid Lab";"Jump";"1";"13786"
"ManyColors";"Manycolors";"1";"13787"
"EZ-Q Universe";"Music Maestro";"1";"13788"
"Moonlight Surface";"The Colour of Lo";"1";"13789"
"Phantasia";"Source of Dreams";"1";"13790"
"Sleepy Wiz";"Surfing";"1";"13791"
"Slug";"Ask Me Anything";"1";"13792"
"Henry Keen";"Freedom in Movement";"1";"13793"
"Soulpete";"Noir Fiction";"1";"13794"
"Jazzgroupiez";"Avant-Todd'";"1";"13795"
"Shafrir";"GPS";"1";"13796"
"Kyle Hall";"Postcard To Another Planet";"1";"13797"
"Tkumah Sadeek";"I Will Be There/Till I See the Light";"1";"13798"
"Edmondson";"Think Back";"1";"13799"
"The Orb";"COW / Chill Out, World!";"1";"13800"
"The Saxophones";"Eternity Bay";"1";"13801"
"HNNY";"Good";"7";"2494"
"FEATER";"Positive People";"1";"13802"
"Hidden Spheres";"1985";"1";"13803"
"The Invisible";"Wings";"1";"13804"
"Joe Armon-Jones";"All The Quiet (Part I)";"24";"516"
"Lawne";"N8 Medley (Live At Audio Gold)";"1";"13805"
"Collettivo Immaginario";"Oltreoceano";"1";"13806"
"Cymande";"Coltrane (Crooked Man Remix)";"1";"13807"
"Emanative";"Eye Dive";"1";"13808"
"Go Sakabe";"仮面ライダーガヴ オリジナル サウンドトラック Vol.2";"1";"13809"
"Duan Wasi";"Skyjoints Vol. 2";"1";"13810"
"Patrick Holland";"Beaubien Dream";"1";"13811"
"Uffe";"Times All";"2";"7954"
"Bella Boo";"Once Upon A Passion";"1";"13812"
"A Vision of Panorama";"Wind, Brass & Bells";"3";"5628"
"Tony Allen";"Film of Life";"1";"13813"
"Marijata";"This Is Marijata";"1";"13814"
"Nomo";"LP";"1";"13815"
"Mulatu Astatke";"Mulatu Steps Ahead";"1";"13816"
"Francis Bebey";"Sanza Nocturne";"3";"5629"
"Ebo Taylor";"Life Stories";"2";"7955"
"Ocote Soul Sounds";"Taurus";"2";"7956"
"Arto Lindsay";"Encyclopedia of Arto";"1";"13817"
"Mulatu Astatke";"Inspiration Information 3";"1";"13818"
"Clap! Clap!";"Bouncy Flow";"1";"13819"
"Juan Atkins";"Juan Atkins & Moritz von Oswald Present Borderland: Transport";"7";"2495"
"Mick Mayer";"Moonflower";"1";"13820"
"Raúl Monsalve y los Forajidos";"SOL";"1";"13821"
"Gabriele Poso";"Awakening";"1";"13822"
"Nomade Orquestra";"Terceiro Mundo";"33";"329"
"Vid Nelson";"Millennials";"1";"13823"
"Charlotta Kerbs";"Stardust";"1";"13824"
"Big Pocket";"Groove Osmosis";"1";"13825"
"Wawadadakwa";"W.A.F.";"1";"13826"
"Randa And The Soul Kingdom";"Put Your Hands Up";"1";"13827"
"Beto Viana";"Matriz Infinita do Sonho";"1";"13828"
"Saranaide";"Beyond";"1";"13829"
"13th Ward Social Club";"Tanto Adios";"1";"13830"
"Alvaro Lancellotti";"Arruda, Alfazema e Guiné";"1";"13831"
"Flying Ibex";"You Dared Me";"1";"13832"
"pirombeira";"Pirombeira";"1";"13833"
"Nebula Breeze";"Hiss and Strike";"1";"13834"
"Romano";"G​Ü​LE G​Ü​LE";"1";"13835"
"Mausiki Scales";"WestWest Africa";"2";"7957"
"Immy Owusu";"Spiritual war";"2";"7958"
"Cavolo Nero";"El Mundo";"1";"13836"
"Jkriv";"Pifeiro Malandro";"1";"13837"
"Ayala (IT)";"Views";"1";"13838"
"UTyna Project";"Cream & Songs";"1";"13839"
"Pax";"Bermuda";"1";"13840"
"Daylight Robbery!";"Third Island Suite";"1";"13841"
"Black Gold 360";"At The Still Point Of The Turning World";"1";"13842"
"JJ Whitefield";"The Mind Is A Palace";"3";"5630"
"Jazzanova";"In Between Revisited: Jazzanova Live";"1";"13843"
"Cassette Heads";"Basement Tapes";"1";"13844"
"Muito Kaballa";"Loving You";"1";"13845"
"Vito Lalinga (Vi Mode Inc. Project)";"The Funky Gangster";"4";"4395"
"COUSIN KULA";"I Feel Love";"1";"13846"
"Sampology";"Morning Sun";"1";"13847"
"Lindstrøm";"Sirius Syntoms";"1";"13848"
"Lauri Kallio";"Turtles, Cats and Other Creatures";"1";"13849"
"Soccer96";"Jupiter Masterdrive";"1";"13850"
"Recloose";"Cardiology";"1";"13851"
"Voyager";"Hypersleep";"2";"7959"
"Musclecars";"Shelter (Building It, Still)";"1";"13852"
"Manuel Darquart";"The Del Sol - EP";"3";"5631"
"DJ Koze";"DJ-Kicks (Deetron) [Mixed Tracks]";"1";"13853"
"Galcher Lustwerk";"LUSTWERK III";"1";"13854"
"The Colours That Rise";"Deep Space";"1";"13855"
"Genius of Time";"CS70 House";"1";"13856"
"Stefan ringer";"The difference";"1";"13857"
"Jump Source";"Guide to Action";"1";"13858"
"Sam Ruffillo";"Brooklyn Tapes Remix EP";"1";"13859"
"RUF DUG";"Ruf Dug presents The Committee";"1";"13860"
"Felipe Gordon";"Errare Humanum Est";"1";"13861"
"Fat Freddy's Drop";"BLACKBIRD RETURNS";"2";"7960"
"Kraak & Smaak";"Twenty - The Remixes";"2";"7961"
"The Strangers";"The Strangers";"2";"7962"
"Feiertag";"Roots (Deluxe Version)";"1";"13862"
"Nickodemus";"Calindia";"1";"13863"
"TC & the Groove Family";"Stand Strong";"1";"13864"
"zensei ゼンセー";"sound therapy";"1";"13865"
"Computer Graphics";"Lo-Fi";"1";"13866"
"luçïd (Paris)";"Curated Feelings II";"1";"13867"
"Kek'star";"MATURED FEELING 2";"1";"13868"
"Reuben Vaun Smith";"Da Cuckoo YaYa";"1";"13869"
"Guts";"Por qué ou ka fè sa (Poirier Remix)";"1";"13870"
"The Allergies";"Freak the Speaker";"1";"13871"
"Kraak & Smaak";"Bobby & Whitney (Ashley Beedle Remixes)";"1";"13872"
"Sweatson Klank";"Money Face";"1";"13873"
"Benny Sings";"Young Hearts (Polo & Pan Remix)";"1";"13874"
"Alex Albrecht";"Aurora";"1";"13875"
"Matt Karmil";"No Going Back";"1";"13876"
"Genius of Time";"Closer (Reprise)";"1";"13877"
"Herbert";"Bodily Functions (Special Edition)";"2";"7963"
"Dorisburg";"Sinai Hypnosis";"1";"13878"
"DJ Koze";"Kosi Comes Around (Deluxe Version)";"1";"13879"
"X.Y.R.";"El Dorado";"1";"13880"
"ishmael ensemble";"Songs For Knotty";"1";"13881"
"Convertion";"Let's Do It";"1";"13882"
"David Joseph";"You Can't Hide (Your Love From Me)";"2";"7964"
"Lucy Hawkins";"Miami 2016 Poolside Jams";"1";"13883"
"George Duke";"Master of the Game";"1";"13884"
"Lola";"The Blank Generation - Blank Tapes NYC 1971 - 1985";"1";"13885"
"Idris Muhammad";"The Legacy of Disco";"1";"13886"
"Prince Charles and the City Beat Band";"Stone Killers";"1";"13887"
"Underworld";"Dubnobasswithmyheadman (Super Deluxe / 20th Anniversary Remaster)";"2";"7965"
"Liquid Liquid";"Liquid Liquid";"1";"13888"
"Adonis";"No Way Back";"3";"5632"
"Theo Parrish";"First Floor";"1";"13889"
"Goya";"Psychemagik Presents Magik Cyrkles";"1";"13890"
"Max Sinàl";"Intentions";"11";"1517"
"Retromigration";"Darr's Lane";"1";"13891"
"Bjørn Torske";"Kokning";"1";"13892"
"Pacific Coliseum";"Ocean City";"3";"5633"
"Adam Port";"Move";"2";"7966"
"Jubël";"Dancing In The Moonlight (feat. NEIMY)";"1";"13893"
"Lilly Wood & The Prick";"Prayer In C";"1";"13894"
"Aludra";"Espresso";"1";"13895"
"Mike Posner";"At Night, Alone.";"1";"13896"
"Keymos";"Just a Dream";"1";"13897"
"anamē";"The Best Part";"1";"13898"
"Steam phunk";"Lingered Love (feat. Courtney Storm)";"1";"13899"
"puulse";"are u alright?";"1";"13900"
"Kaphy";"Gone";"1";"13901"
"Recens";"Feel Like Dancing";"1";"13902"
"P.A.V";"Resilience";"1";"13903"
"Taylor Swift";"The Cruelest Summer";"1";"13904"
"Aludra";"Starlight";"1";"13905"
"WizTheMc";"Show Me Love";"1";"13906"
"Luminae";"Stand Up";"1";"13907"
"Rolipso";"How Far We Go";"1";"13908"
"Zeitgeist Freedom Energy Exchange";"INSPIRE // RADICALISE";"2";"7967"
"FloFilz";"Transmutator";"1";"13909"
"Chiminyo";"Precipice Mixtape";"1";"13910"
"Joe Armon-Jones";"All The Quiet (Part II)";"1";"13911"
"40 Winks";"MINDRUM";"1";"13912"
"Leon Vynehall";"Music for the Uninvited";"1";"13913"
"Tony Allen";"DJ-Kicks (Motor City Drum Ensemble) [DJ Mix]";"2";"7968"
"Felix Laband";"Deaf Safari";"1";"13914"
"FaltyDL";"In The Wild (Bonus Track Version)";"1";"13915"
"Souleance";"Out of Touch (System Olympia Remix)";"1";"13916"
"KAYYAK";"Dancing in the Dark / Dreaming Place";"1";"13917"
"Nightmares on Wax";"CLUB E.A.S.E. - #2";"1";"13918"
"Fort Knox Five";"10 Years of Fort Knox Five";"1";"13919"
"A Tribe Called Quest";"Revised Quest for the Seasoned Traveller";"4";"4396"
"Poldoore";"The Day Off";"1";"13920"
"Asheru And Blue Black Of The Unspoken Heard";"Soon Come...";"1";"13921"
"Clockwork Voodoo Freaks";"Revenge of the B-Boy";"1";"13922"
"Guru";"Jazzmatazz Volume 1";"2";"7969"
"Black Eyed Peas";"Behind The Front";"1";"13923"
"The Sequence";"Monster Jam";"3";"5634"
"Stetsasonic";"In Full Gear";"1";"13924"
"Ultramagnetic MC's";"Critical Beatdown (Re-Issue)";"1";"13925"
"Ugly Duckling";"Journey to Anywhere";"3";"5635"
"Blackalicious";"Blazing Arrow";"2";"7970"
"A Tribe Called Quest";"People's Instinctive Travels and the Paths of Rhythm (25th Anniversary Edition)";"1";"13926"
"Definition Of Sound";"Love And Life. A Journey With The Chameleons.";"1";"13927"
"Harlem World Crew";"Rappers Convention";"1";"13928"
"J Boogie's Dubtronic Science";"J Boogie's Dubtronic Science";"1";"13929"
"Zumbi";"Break Bread";"2";"7971"
"UMC's";"Fruits of Nature";"1";"13930"
"The Globetroddas";"The Love - EP";"1";"13931"
"Ice-T";"Magic Disc Records- West Coast Rap-thology";"1";"13932"
"Say She She";"Under the Sun";"2";"7972"
"Elite Beat";"Selected Rhythms";"1";"13933"
"Bison";"Travellers";"1";"13934"
"Floating Points";"Nuits Sonores / Nectarines";"1";"13935"
"Ezra Collective";"Life Goes On";"2";"7973"
"Young M.C.";"Stone Cold Rhymin' (Deluxe Edition)";"2";"7974"
"Brand Nubian";"In God We Trust (30th Anniversary)";"1";"13936"
"Jungle Brothers";"Done By The Forces Of Nature (Deluxe Edition)";"17";"845"
"Magnus";"Over My Shoulder";"1";"13937"
"DRay";"Remember";"1";"13938"
"Hugel";"Forever (feat. Malou & Yuna)";"1";"13939"
"Change";"Miracles";"1";"13940"
"Propaganda";"1234";"1";"13941"
"ESG";"ESG";"1";"13942"
"Visnadi";"Racing Tracks";"1";"13943"
"Trussel";"Love Injection";"2";"7975"
"Ingram";"Spaced Out: Original Disco Funk Grooves";"1";"13944"
"Dance 2 Trance";"We Came in Peace";"3";"5636"
"Carlos Garnett";"Soul Jazz Records Presents Soul of a Nation: Afro-Centric Visions in the Age of Black Power (Underground Jazz, Street Funk & the Roots of Rap 1968-79)";"1";"13945"
"Mandingo Griot Society";"Soul Jazz Records Presents Soul of a Nation: Afro-Centric Visions in the Age of Black Power (Underground Jazz, Street Funk & the Roots of Rap 1968-79)";"3";"5637"
"Ornette Coleman";"The Shape of Jazz to Come";"1";"13946"
"Young American Primitive";"Young American Primitive";"1";"13947"
"TW Funkmasters";"Joey Negro presents Ibiza 2019";"1";"13948"
"Roy Ayers Ubiquity";"Soul Jazz Records Presents Soul of a Nation: Afro-Centric Visions in the Age of Black Power (Underground Jazz, Street Funk & the Roots of Rap 1968-79)";"1";"13949"
"Marvin Pontiac";"The Legendary Marvin Pontiac - Greatest Hits";"1";"13950"
"El Rego";"El Rego";"1";"13951"
"De Frank Professionals";"Afro-Beat Airways: Ghana & Togo 1974-1978 (Analog Africa No. 8)";"1";"13952"
"Antibalas Afrobeat Orchestra";"Liberation Afro Beat Vol.1";"1";"13953"
"Hypnotic Brass Ensemble";"Lagos Shake: A Tony Allen Chop Up";"1";"13954"
"Melle Jutte";"Took Time";"1";"13955"
"Chaos in the CBD";"Hydrate EP";"2";"7976"
"Chaos in the CBD";"Brainstorm - EP";"4";"4397"
"Chaos in the CBD";"Comfort Zone";"3";"5638"
"Nu";"Get Lost V mixed by Acid Pauli";"2";"7977"
"Normal Brain";"Get Lost V mixed by Acid Pauli";"1";"13956"
"Soul Center";"Get Lost V mixed by Acid Pauli";"1";"13957"
"Kadebostan";"Get Lost V mixed by Acid Pauli";"1";"13958"
"Raz Ohara";"Get Lost V mixed by Acid Pauli";"1";"13959"
"Günther Lause";"Get Lost V mixed by Acid Pauli";"1";"13960"
"Console";"Get Lost V mixed by Acid Pauli";"1";"13961"
"Move D";"Get Lost V mixed by Acid Pauli";"1";"13962"
"Stimming";"Get Lost V mixed by Acid Pauli";"1";"13963"
"Dead Cities";"Get Lost V mixed by Acid Pauli";"2";"7978"
"Nicolas Jaar";"Get Lost V mixed by Acid Pauli";"1";"13964"
"Stephen Brown";"Get Lost V mixed by Acid Pauli";"1";"13965"
"Bananagun (Aus)";"Out of Reach";"1";"13966"
"Dele Sosimi";"You No Fit Touch Am in Dub";"1";"13967"
"Sitka Sun";"Sitka Sun";"1";"13968"
"Idris Ackamoor";"We Be All Africans";"1";"13969"
"Capinera";"Black Girl";"1";"13970"
"Elite Beat";"By the Light of the Pyramids";"1";"13971"
"Guru";"Guru's Jazzmatazz, Vol. 4: The Hip Hop Jazz Messenger: Back to the Future";"3";"5639"
"The Pharcyde";"Bizarre Ride II the Pharcyde (25th Anniversary Edition)";"3";"5640"
"Rae & Christian";"Raiding The Vaults";"3";"5641"
"Pete Rock";"Soul Survivor II";"3";"5642"
"Digable Planets";"Reachin' (A New Refutation Of Time And Space)";"2";"7979"
"Guru";"Streetsoul";"2";"7980"
"Ugly Duckling";"Bang For The Buck";"2";"7981"
"Andy Cooper";"The Layered Effect";"2";"7982"
"TOPS";"Chlorine";"1";"13972"
"Dan Kye";"Change (Edit)";"5";"3557"
"Pacific Coliseum";"How's Life";"1";"13973"
"Loz Goddard";"Signals EP";"1";"13974"
"Eduardo Muchacho";"Day Spa";"2";"7983"
"Isaac Aesili";"Runaway";"2";"7984"
"Folamour";"Chapeau Rouge";"2";"7985"
"Youandewan";"Disarray - EP";"2";"7986"
"Maribou State";"Truths";"1";"13975"
"Hobie";"Espresso Depresso";"2";"7987"
"Tour-Maubourg";"Solitude Collective";"5";"3558"
"Loure";"Grip";"3";"5643"
"Tell";"Faster Than Light";"3";"5644"
"Loure";"Outta 106";"1";"13976"
"Frizzy P & Mr Cole";"You see";"1";"13977"
"Sudan Archives";"DJ-Kicks (Mr. Scruff) [DJ Mix]";"1";"13978"
"Sault";"7";"2";"7988"
"Rick Wade";"late night basix vol. 2";"1";"13979"
"Mo' Horizons";"Mango";"2";"7989"
"Funky Destination";"Take It Down";"1";"13980"
"Freaquen.C";"Eons and Echelons";"1";"13981"
"Nostalgia 77";"Simmerdown";"1";"13982"
"Mestizo Beat";"Jaraguá";"1";"13983"
"Max Sedgley";"Shedonism (Remixes)";"1";"13984"
"Orgone";"Chimera";"1";"13985"
"Yannis & The Yaw";"Lagos Paris London - Instrumentals";"2";"7990"
"13th Ward Social Club";"Five Good Emperors";"1";"13986"
"LA LOM";"The Los Angeles League Of Musicians";"1";"13987"
"Kit Sebastian";"New Internationale (Instrumentals)";"1";"13988"
"Erlend Øye";"Unrest";"1";"13989"
"Seelenluft";"Out Of The Woods";"1";"13990"
"Jean Grae";"Jean Grae: The Evil Jeanius";"1";"13991"
"Jungle Brothers";"Straight Out The Jungle";"1";"13992"
"DJ Jazzy Jeff";"The Magnificent / Beat Generation";"1";"13993"
"Yusef Lateef";"Eastern Sounds (Remastered 2023)";"1";"13994"
"Berlioz";"open this wall";"2";"7991"
"Nubya Garcia";"Odyssey";"4";"4398"
"Ebi Soda";"Honk If You're Sad";"2";"7992"
"Berlioz";"jazz is for ordinary people";"1";"13995"
"Alchemical Sisters";"Dekmantel Ten: A Decade of Dekmantel Festival";"3";"5645"
"The Polyversal Souls";"Invisible Joy";"1";"13996"
"Chris Malinchak";"Round & Round / At Eighty-First";"1";"13997"
"Laurence Guy";"You Might Be Closer Than You Think";"1";"13998"
"RÜFÜS DU SOL";"Inhale / Exhale Remixed, Vol. 1";"1";"13999"
"Mild Minds";"GEMINI";"1";"14000"
"Soul Wun";"Blue Light";"1";"14001"
"Jeff The Fool";"Every Day (Club Nowadays, Vol. 2)";"1";"14002"
"Sean La'Brooy";"Out Moving Windows";"1";"14003"
"Prins Emanuel";"Diagonal Musik II";"1";"14004"
"HoneyDripper";"Sunday Street EP";"1";"14005"
"Grant";"Grant 006";"1";"14006"
"Photay";"Waking Hours: Remixed";"1";"14007"
"Felix Laband";"Bag of Bones";"1";"14008"
"Nat Tate";"Freed from Desire (Boca 45 Remix)";"1";"14009"
"Inkswel";"Synchronicities";"1";"14010"
"J. Rawls";"Alone (Tall Black Guy's Limit Being Alone Remix)";"1";"14011"
"Ezra Collective";"Chapter 7 + Juan Pablo: The Philosopher";"1";"14012"
"Brighter Days Family";"Audio Sunrise";"2";"7993"
"Close Counters";"LOVERS DANCE ACADEMY";"2";"7994"
"Bluestaeb";"365 P";"1";"14013"
"Reginald Omas Mamode IV";"Rivière Noire";"1";"14014"
"Butcher Brown";"Letters From The Atlantic";"1";"14015"
"Ugly Duckling";"Taste the Secret";"1";"14016"
"DJ Nu-Mark";"Slimkid3 & DJ Nu-Mark";"1";"14017"
"Jim Sharp";"The Man";"1";"14018"
"Freddie Cruger";"Soul Search (Deluxe Edition)";"1";"14019"
"Blackalicious";"Melodica";"2";"7995"
"Red Astaire";"Nuggets For The Needy 2";"1";"14020"
"Jungle Brown";"Full Circle";"1";"14021"
"Pete Philly & Perquisite";"Mystery Repeats";"1";"14022"
"New Visionaries";"Roadmaps";"1";"14023"
"Flammer Dance Band";"Gynger";"1";"14024"
"RAT BOY";"Cyberpunk 2077: Radio, Vol. 2 (Original Soundtrack)";"1";"14025"
"Samurai";"Chippin' In";"1";"14026"
"Samurai";"Archangel";"1";"14027"
"Run the Jewels";"RTJ4 (Deluxe Edition)";"1";"14028"
"Marcin Przybyłowicz";"Cyberpunk 2077 - Original Score";"1";"14029"
"Bad Intentions";"Ibiza Vibes";"1";"14030"
"Lohrasp Kansara";"Follow Me";"1";"14031"
"Dirtyloud";"How I'm Feeling";"1";"14032"
"Kideko";"Amor";"1";"14033"
"Bad Intentions";"Work That EP";"1";"14034"
"Tommy Mambretti";"Soul Sick";"1";"14035"
"Bad Intentions";"Rock The Bongo";"1";"14036"
"Bad Intentions";"Modern Rockstar";"1";"14037"
"Usher";"You Make Me Wanna... (Remix)";"1";"14038"
"Cash Money Millionaires";"Cash Money: The Instrumentals";"1";"14039"
"Cypress Hill";"Insane in The Brain - EP";"1";"14040"
"Mase";"Lookin' at Me";"1";"14041"
"Can You Flow?";"Can You Flow? Presents Instrumental Renditions of Jay-Z: Greatest Hits";"2";"7996"
"Breakbeat Kings";"Chronic Hip Hop Beats";"1";"14042"
"Run–D.M.C.";"The Instrumentals Vol. 1";"1";"14043"
"Big Pun";"Still Not a Player EP";"1";"14044"
"Whodini";"Escape (Expanded Edition)";"1";"14045"
"Black Rob";"Whoa!";"1";"14046"
"Rob Base";"It Takes Two (Re-Recorded / Remastered)";"1";"14047"
"Jagged Edge";"Where The Party At?";"1";"14048"
"MLIR";"Pulpo Fiction";"1";"14049"
"Jessica 6";"The Capricorn";"3";"5646"
"Nomi Ruiz";"Love Louder";"2";"7997"
"Eli Escobar";"Fixed Our Love - EP";"1";"14050"
"Wildflower";"Wildflower";"1";"14051"
"Fimber Bravo";"Lunar Tredd";"1";"14052"
"Chicane";"Saltwater (Young Marco remix)";"4";"4399"
"Seb Wildblood";":~^";"3";"5647"
"Moomin";"Into the Distance";"1";"14053"
"Against All Logic";"2012 - 2017";"1";"14054"
"A Tribe Called Quest";"The Essential New School Vs. Old School";"1";"14055"
"TEYMORI";"TEYMORI";"1";"14056"
"Jorja Smith";"Rose Rouge";"1";"14057"
"Red Astaire";"Nuggets For The Needy";"1";"14058"
"Oby Onyioha";"I Want to feel your love";"1";"14059"
"dreamcastmoe";"Outer Space b/w Up 2 U";"2";"7998"
"HNNY";"Sunday";"1";"14060"
"Stimulator Jones";"Exotic Worlds and Masterful Treasures";"1";"14061"
"Lord Echo";"Just Do You";"1";"14062"
"K.O.G";"Wahala Wahala";"1";"14063"
"Darondo";"Didn't I";"1";"14064"
"Yaw";"Magnificent Sampler";"1";"14065"
"Rick Wade";"Hustler's Lullaby";"2";"7999"
"inflo";"No Fear";"1";"14066"
"Bella Boo";"Nova Tunes 3.9";"1";"14067"
"Take One";"Say My Name (I Don't Think So) [Mixes]";"2";"8000"
"Louie Vega";"Expansions In The NYC";"5";"3559"
"Gabriels";"Love and Hate in a Different Time (Kerri Chandler Remix)";"5";"3560"
"Sound Waves";"I Wanna Feel The Music / Gotta Have You";"4";"4400"
"Dez / Andres";"PRD-008";"3";"5648"
"Robert Owens";"A Greater Love (Classic Mix)";"2";"8001"
"Montego Bay";"Everything ...";"2";"8002"
"Diogo Strausz";"Emancipação (Extended)";"2";"8003"
"Roy Davis Jr.";"Michael";"3";"5649"
"Clive From Accounts";"Strictly Business EP";"9";"1905"
"Alton Miller";"Love Don't Pass Me By";"1";"14068"
"RUF DUG";"Make This Right";"2";"8004"
"Stacy Kidd";"Razz-A-Jazz / Space Tango / Pitch Me";"1";"14069"
"Don Carlos";"Aqua";"1";"14070"
"Another Taste";"Don't Touch It!";"1";"14071"
"Frankie Knuckles";"Tears";"2";"8005"
"Kerri Chandler";"Trionisphere (Bonus Edition)";"2";"8006"
"Cody Currie";"Cody Currie EP";"1";"14072"
"PLEASURE VOYAGE";"Musica Per Ballare / Para Bailar, Vol. 2";"2";"8007"
"Kai Alcé";"Zepherin Saint Presents Soulful Culture, Vol. 2";"3";"5650"
"Randee Jean";"You Got It";"2";"8008"
"Soldiers of Twilight";"The S.O.T Experience";"2";"8009"
"Saison";"Making Shapes (Scott Diaz Remix)";"2";"8010"
"Helen Sharpe";"Got 2 Have Your Love";"2";"8011"
"Romanthony";"EP";"1";"14073"
"Marvin Belton";"Love Will Find A Way EP";"2";"8012"
"Toolate Groove";"Cosmic Breeze 003";"2";"8013"
"DJ Fudge";"Live & Love";"3";"5651"
"Housemates";"Soul Value";"2";"8014"
"Clive From Accounts";"Pearls EP";"1";"14074"
"Kennebec";"Tall Tales (feat. Sudan Archives & Hemlock Ernst) [Joe Armon-Jones Remix]";"4";"4401"
"Frankie Knuckles";"Beyond the Mix";"3";"5652"
"DJ Fudge";"Simpatico";"3";"5653"
"ANOTR";"On A Trip";"3";"5654"
"Emma-Jean Thackray";"Yellow";"1";"14075"
"Crazy P";"The Wicked Is Music";"2";"8015"
"Henrik Schwarz";"welcome to sunday music";"1";"14076"
"Paperclip People";"Planet E 30";"1";"14077"
"Psyché";"Planet E 30";"1";"14078"
"Innerzone Orchestra";"Planet E 30";"1";"14079"
"Isolée";"Beau Mot Plage";"1";"14080"
"Ponty Mython";"Kapote Presents Mushroom House Vol. 1";"1";"14081"
"Almunia";"Travel (Felix Dickinson Remix)";"1";"14082"
"Henrik Schwarz";"I'm Starting To Feel Ok, Vol. 4";"1";"14083"
"Alex Burkat";"Permanent Vacation 4";"1";"14084"
"Red Axes";"1970";"1";"14085"
"Jules et Spatz";"Rotwii-Lied";"1";"14086"
"Cesária Évora";"Club Sodade";"1";"14087"
"Pezzner";"Body Language, Vol. 22 - EP1";"1";"14088"
"Mansur Brown";"Tesuto";"1";"14089"
"Revelle27";"Mother";"1";"14090"
"Lake Matisse";"Jogador 97'";"1";"14091"
"Rules";"Not Giving You Up";"1";"14092"
"Luvless";"Without U";"1";"14093"
"Alex Adair";"You Bring That Sunshine";"1";"14094"
"fwd/slash";"Say It Right";"1";"14095"
"Gravagerz";"Help Me Lose My Mind";"1";"14096"
"Norra";"Don't You Worry Child";"1";"14097"
"heylucas";"hey";"1";"14098"
"Mx Cartier";"My Return Home";"1";"14099"
"Wayne Snow";"All I Care About (Laurence Guy Remix)";"1";"14100"
"Kraak & Smaak";"Nothing Is Forever";"2";"8016"
"Kraak & Smaak";"My All";"2";"8017"
"A-Trak";"Like I Said";"2";"8018"
"Parcels";"Lightenup (Remixed)";"2";"8019"
"Dam Swindle";"Not Enough";"1";"14101"
"St Germain";"So Flute (Blackchild 2024 Remix)";"1";"14102"
"Cerrone";"Love In C Minor (Franc Moody Remix)";"8";"2155"
"Loverground";"Hercules Way";"1";"14103"
"Ron Trent";"Lift Off";"2";"8020"
"SuperShy";"Happy Music";"48";"206"
"Crackazat";"Alfa";"1";"14104"
"Tom Noble";"Times Are Changing";"2";"8021"
"Jungle by Night";"Synergy Remixes";"1";"14105"
"Sam Ruffillo";"La La Tune (A-Trak Remix Extended Version)";"1";"14106"
"Saib";"Always By Your Side";"1";"14107"
"Flamingosis";"Sunlight Daydream";"1";"14108"
"Hosiannah";"Eduardo made a new friend today";"1";"14109"
"Golden Gate";"Enter The Golden Gate";"1";"14110"
"Gome";"Si Simona";"2";"8022"
"Agoria";"Unshadow";"2";"8023"
"Lovebirds";"Modern Stalking Vol. 2 (Radio Edits)";"1";"14111"
"Muzi";"uMUZI";"1";"14112"
"E. Live";"Wet Summer / Night Raid";"1";"14113"
"DJ burgerhead";"time's up";"1";"14114"
"Laurence Guy";"Hey Baby";"1";"14115"
"Jitwam";"phoenix";"1";"14116"
"Roy Ayers";"Roy Ayers JID002";"1";"14117"
"Black Loops";"Always Moving (Streaming Version)";"1";"14118"
"Mary Lattimore";"New Rain Duets";"1";"14119"
"Mateis e. aqir";"Born to Be Sand";"1";"14120"
"Nostalgic";"DJ-Kicks (Lone) [DJ Mix]";"2";"8024"
"Lone";"DJ-Kicks (Lone) [DJ Mix]";"1";"14121"
"Folamour";"Melophrenia";"3";"5655"
"Tommy Mandel";"Mello Magic";"1";"14122"
"Seb Wildblood";"Leave It Open";"1";"14123"
"Ron Trent";"Scientific Methods Of Storytelling Vol. 1";"1";"14124"
"Freestyle Fellowship";"To Whom It May Concern";"1";"14125"
"Q-Tip";"The Renaissance";"1";"14126"
"The Brand New Heavies";"Heavy Rhyme Experience Vol. 1";"1";"14127"
"The Nextmen";"Amongst the Madness";"1";"14128"
"Tenderlonious";"Seventh Wonder";"2";"8025"
"Ebi Soda";"Ugh (Bonus Edition)";"1";"14129"
"Cem Mo";"Just Wanna Know";"1";"14130"
"Underground Canopy";"Uncut Gems";"1";"14131"
"okvsho";"Scho Guet";"2";"8026"
"Elodie";"Vieux Silence";"1";"14132"
"Iona Fortune";"Miracle Steps (Music from the Fourth World 1983 - 2017)";"1";"14133"
"John Carroll Kirby";"Meditations in Music";"1";"14134"
"Merope";"naktės";"1";"14135"
"Organic Pulse Ensemble";"Formative Stages";"1";"14136"
"Kuniyuki Takahashi";"Early Tape Works 1986 - 1993 Vol. 1";"3";"5656"
"O Yuki Conjugate";"Equator";"1";"14137"
"Jazzbois";"DISCOBOIZ";"1";"14138"
"Braxton Cook";"Not Everyone Can Go";"5";"3561"
"Pablo's Eye";"You Love Chinese Food";"1";"14139"
"Loure";"Avenues";"1";"14140"
"odaiba";"Lost in the pulse";"1";"14141"
"Evans Pyramid";"Never Gonna Leave You (Joakim and Max Pask Remixes)";"1";"14142"
"Austin Ato";"Echo Beach Edits, Vol. 1";"1";"14143"
"Chevals";"Labour Of Love EP";"1";"14144"
"Escort";"Cocaine Blues";"1";"14145"
"Kabbala";"Ashewo Ara";"1";"14146"
"Jacques Renault";"This is Real";"1";"14147"
"Apparel Wax";"5";"1";"14148"
"Jungle";"All Of The Time (DJ Streaks Remix)";"1";"14149"
"Terrence Parker";"Twisted Disco 77";"1";"14150"
"Jungle Fire";"Firewalker EP";"1";"14151"
"Cosmo Klein";"Soul Fiction Remixed";"1";"14152"
"S3A";"Pages";"1";"14153"
"Don Cherry";"The Summer House Sessions";"7";"2496"
"Route 8";"Rewind The Days Of Youth";"1";"14154"
"Tenderlonious";"Quarantena";"2";"8027"
"Gerry Read";"Love Can Go The Distance";"1";"14155"
"Galliano";"Halfway Somewhere Expanded";"1";"14156"
"Nic Fanciulli";"Defected In The House Ibiza 2025 (DJ Mix)";"3";"5657"
"Girls of the Internet";"Defected In The House Ibiza 2025 (DJ Mix)";"1";"14157"
"Olive F";"Defected In The House Ibiza 2025 (DJ Mix)";"1";"14158"
"Nice7";"Defected In The House Ibiza 2025 (DJ Mix)";"2";"8028"
"Hugel";"Defected In The House Ibiza 2025 (DJ Mix)";"1";"14159"
"ANOTR";"Defected In The House Ibiza 2025 (DJ Mix)";"1";"14160"
"Obskür";"Defected In The House Ibiza 2025 (DJ Mix)";"1";"14161"
"Vaggio";"Defected In The House Ibiza 2025 (DJ Mix)";"1";"14162"
"Ben Westbeech";"Defected In The House Ibiza 2025 (DJ Mix)";"3";"5658"
"Amine Edge & Dance";"Defected In The House Ibiza 2025 (DJ Mix)";"1";"14163"
"Alan Dixon";"Defected In The House Ibiza 2025 (DJ Mix)";"1";"14164"
"The Shapeshifters";"Defected In The House Ibiza 2025 (DJ Mix)";"1";"14165"
"Duck Sauce";"Defected In The House Ibiza 2025 (DJ Mix)";"1";"14166"
"Low Steppa";"Defected In The House Ibiza 2025 (DJ Mix)";"1";"14167"
"Shakedown";"Defected In The House Ibiza 2025 (DJ Mix)";"3";"5659"
"Midland";"Defected In The House Ibiza 2025 (DJ Mix)";"1";"14168"
"Harry Wolfman";"The Ritual EP";"1";"14169"
"Papa Soul";"Moody Type Love Pt. II";"1";"14170"
"Albrecht La'Brooy";"Good Morning Passengers";"1";"14171"
"Robag Wruhme";"Thora Vukk (Bonus Track Version)";"1";"14172"
"Alfa Mist";"Dersen Cafe & Give Nothing";"10";"1703"
"Move 78";"Nor Is It Neutral";"1";"14173"
"Stoned Autopilot";"Light Vessel Automatic";"1";"14174"
"Pete Rock & C.L. Smooth";"The Main Ingredient";"1";"14175"
"Felipe Gordon";"Strings of the Afterlife (Single Edit)";"4";"4402"
"Sjava";"Isibuko";"1";"14176"
"KWC 92";"Dream Of The Walled City";"1";"14177"
"Música esporádica";"Música esporádica";"1";"14178"
"Jan Jelinek";"Do You Know Otahiti?";"1";"14179"
"Max Sinàl";"Intentions Remixes";"6";"2922"
"Ben Hauke";"Club Cute";"1";"14180"
"Chip Wickham";"The Eternal Now";"3";"5660"
"Nate Smith";"LIVE-ACTION";"3";"5661"
"Alexandre Rodrigues";"Kaeté";"1";"14181"
"Alfa Mist";"Avoid The Drones & 9 Months";"1";"14182"
"Allysha Joy";"Murmuring";"2";"8029"
"Ebi Soda";"milk in my console";"1";"14183"
"Daniel Maunick";"Macumba Quebrada";"1";"14184"
"Cloudface";"Super You";"1";"14185"
"Contours";"Technician";"1";"14186"
"Glenn Astro";"Throwback";"1";"14187"
"Garrett";"Private Life II";"1";"14188"
"Belief";"Versions EP";"1";"14189"
"Masahiro Sugaya";"Horizon, Volume 1";"1";"14190"
"Ronin Arkestra";"Sonkei";"1";"14191"
"Mase";"What You Want";"1";"14192"
"Naughty By Nature";"Hi-Five: Naughty By Nature";"2";"8030"
"LL Cool J";"Golden Era (Instrumental Version)";"1";"14193"
"Mark Morrison";"Return of the Mack (#25ROTM Deluxe Edition)";"1";"14194"
"Alexander Sopchek";"Belgrade's Burning";"1";"14195"
"Helen Ripley-Marshall";"Antipodean Anomalies";"1";"14196"
"Toribio";"That's My Story";"2";"8031"
"Clarian";"fabric presents Pretty Girl (DJ Mix)";"1";"14197"
"ellktro";"People Net";"1";"14198"
"PinkPantheress";"Illegal (Nia Archives Remix)";"1";"14199"
"Black Balloons";"dreamscape";"1";"14200"
"RÜFÜS DU SOL";"Inhale / Exhale";"1";"14201"
"Daft Punk";"Alive 2007";"2";"8032"
"Kaskade";"Random Album Title";"1";"14202"
"Trent Reznor and Atticus Ross";"Challengers (Original Score)";"1";"14203"
"ErrX";"breaking down";"1";"14204"
"Starjunk 95";"LX-777 (Lunar Data)";"2";"8033"
"Fred again..";"USB";"2";"8034"
"Cinnamon Chasers";"A Million Miles from Home";"1";"14205"
"Higgo";"Think Twice";"1";"14206"
"Passing Currents";"'BIMMER'";"1";"14207"
"Yaego";"ID63";"1";"14208"
"Jon Hopkins";"Immunity";"1";"14209"
"Daft Punk";"Discovery";"1";"14210"
"La Roux";"2009 Hits";"1";"14211"
"Superpitcher";"Pandora's Box";"1";"14212"
"Pep Llopis";"Poiemusia La Nau Dels Argonautes";"1";"14213"
"Michel Banabila";"Trespassing";"1";"14214"
"Nachtbraker";"Janus EP";"1";"14215"
"Jesse Bru";"Science Is Science";"1";"14216"
"AN-2";"Sunset Stories";"1";"14217"
"Sonny Fodera";"Somedays";"1";"14218"
"Dom Dolla";"Dreamin (feat. Daya)";"1";"14219"
"Ninajirachi";"Fuck My Computer";"1";"14220"
"bbno$";"Eat Ya Veggies";"1";"14221"
"JID";"The Forever Story (Extended Version)";"1";"14222"
"Fisher";"Atmosphere";"1";"14223"
"SZA";"SOS Deluxe: LANA";"1";"14224"
"LXNGVX";"Montagem Mysterious Game";"1";"14225"
"Jack Harlow";"Lovin on Me";"1";"14226"
"Shoreline Mafia";"HEAT STICK";"1";"14227"
"AR/CO";"Generation Love";"1";"14228"
"LTJ Bukem";"Producer 05";"1";"14229"
"Massive Attack";"I Against I";"1";"14230"
"Weval";"CHOROPHOBIA";"1";"14231"
"Sam Gellaitry";"Assumptions (Jengi Remix)";"1";"14232"
"Starjunk 95";"Belden Towers";"1";"14233"
"Girls of the Internet";"Affirmations (Dennis Ferrer Remix)";"4";"4403"
"Mike Dunn";"It’s A Groove Thang";"13";"1237"
"John Julius Knight";"Find A Friend (Fimiani Remix)";"2";"8035"
"Makèz";"LOOKS LIKE IT (SPACE TALK)";"2";"8036"
"Chez Damier";"I Never Knew Love";"2";"8037"
"Azuro";"Hold Tight (Edit)";"4";"4404"
"Groove Assassin";"Back Again";"2";"8038"
"Louie Vega";"Diamond Life";"2";"8039"
"Demuir";"New Spirit";"2";"8040"
"Mike Dunn";"Natural High (Remixes)";"4";"4405"
"Jon Cutler";"It's Yours (Radio Edit)";"3";"5662"
"Shuya Okino";"Still in Love (Remixes)";"3";"5663"
"Adelphi Music Factory";"Paris in the Sky EP";"3";"5664"
"Lood";"Shout-N-Out (Remixes)";"3";"5665"
"DJ Disciple";"Sounds You Can Feel";"3";"5666"
"Makèz";"City of All";"6";"2923"
"KRYPTOGRAM";"Midnight Fever";"2";"8041"
"Fred Everything";"Next to Me";"10";"1704"
"Mattei & Omich";"Dancin' Back To Me";"3";"5667"
"Makèz";"Give It Life";"2";"8042"
"Dam Swindle";"Keep On Swindling Pt. 1";"3";"5668"
"Rhemi";"Defected in the House Radio Show Episode 047 (Hosted by Sam Divine) [Mixed]";"3";"5669"
"Not Without Friends";"without u";"2";"8043"
"Groove P";"Are They Real";"2";"8044"
"Simon Kidzoo";"It's Just Fine";"2";"8045"
"Crazy P";"One True Light (Edit)";"3";"5670"
"Cody Currie";"Hard Work EP";"3";"5671"
"Huxley";"Box Clever (Cinthie & Meat Remix)";"2";"8046"
"Sticks & Stonez";"You're My";"7";"2497"
"Demuir";"Lusting U / Espiritual";"3";"5672"
"Matt Early";"Get To Me Once";"3";"5673"
"Rawdio";"Blue Hearts (Brooklyn Baby Remix)";"1";"14234"
"DJ Sneak";"Love Can Make It Happen (Edit)";"1";"14235"
"Demuir";"Look'n In Your Eyes";"2";"8047"
"Jimpster";"North Atlantic EP";"2";"8048"
"Groove P";"Hold On Honey";"3";"5674"
"Dam Swindle";"That's Right (Edit)";"3";"5675"
"Moxy Edits";"Moxy Edits 014 (Darius Syrossian)";"3";"5676"
"Groove Armada";"Strictly Social Diva";"3";"5677"
"Hatiras";"You Are A Star";"3";"5678"
"Zo!";"Joey Negro presents 30 Years of Z Records";"3";"5679"
"Discoloverz";"Stronger EP";"3";"5680"
"D Stone";"Total Unison EP";"3";"5681"
"Soul Reductions";"Got 2 Be Loved (Extended Mix)";"5";"3562"
"Roy Davis Jr.";"Gabriel";"3";"5682"
"Igor Gonya";"Dilettante";"21";"626"
"Skyline Sun";"Take Me Back";"2";"8049"
"Ben Hauke";"Rough, Ready, Steady - EP";"12";"1356"
"Robin Masters Orchestra";"Illusion";"9";"1906"
"Rhythm Plate";"Robbin' Hudd EP";"3";"5683"
"Romaal Kultan";"Everlasting Romance";"3";"5684"
"Karizma";"Collection 1999-2011";"5";"3563"
"Kareem Ali";"Sheer Bliss";"5";"3564"
"Felipe Gordon";"Atlantic Exchanges, Vol. 1";"6";"2924"
"The Far Out Monster Disco Orchestra";"Where Do We Go from Here? (Dego, Andrés & Ben Hauke Remixes)";"4";"4406"
"mono.mode";"Pusic Records V.A. 001";"6";"2925"
"Urban Sound Lab Presents Miss Yankey";"One Less";"6";"2926"
"Clive From Accounts";"Tell Me (Single Edit)";"1";"14236"
"Crazy P";"Truelight EP";"4";"4407"
"Massiande";"Dancing Stuff (I Love the Way)";"7";"2498"
"Pete Maxey";"XPRESS Remixes, Vol. 1";"2";"8050"
"Mike Simonetti";"MIKE FEEL LOVE";"8";"2156"
"D.C. LaRue";"Cathedrals";"2";"8051"
"Moodymann";"Silence in the Secret Garden";"4";"4408"
"Make A Dance";"M.A.D 002";"3";"5685"
"Soundstream";"Love Jam";"4";"4409"
"Pontchartrain";"Burnin' - Single";"10";"1705"
"scruscru";"Teuf De Ouf EP";"14";"1113"
"Lup Ino";"Love Change My Life";"3";"5686"
"Folamour";"The Power and The Blessing of Unity EP";"15";"1011"
"Letta Mbulu";"Meat Me Down The Disco (Mixed by Horse Meat Disco)";"7";"2499"
"Justnique";"Love Can Wait";"1";"14237"
"Nachtbraker";"The Roundup Pt. 4";"6";"2927"
"Igor Gonya";"Dilettante, Part II";"20";"670"
"Paul Cut";"Le Bal Des Douaniers";"6";"2928"
"WheelUP";"33";"7";"2500"
"Fredfades";"Remixes";"6";"2929"
"Mr V";"Welcome Home";"4";"4410"
"John Swing";"Jazz Perceptions EP";"6";"2930"
"Aroop Roy";"Nomadic Soul Remixed";"5";"3565"
"Simbad";"Collections Volume One 2003 - 2017";"2";"8052"
"Isoul8";"Balance";"6";"2931"
"Marc Bianco";"Serious Mass";"8";"2157"
"karmasound";"Nomada White, Pt. Iv";"4";"4411"
"D'Arabia";"Bologna On The Move EP";"2";"8053"
"COMFY BELLA";"Konkahs";"4";"4412"
"Cody Currie";"New Chapter";"4";"4413"
"Ben Hauke";"Movin Broke - EP";"2";"8054"
"KID.";"Analogue Humans";"1";"14238"
"Kolter";"Duke";"3";"5687"
"Sweely";"Les chroniques de monsieur Montana, pt. 1";"4";"4414"
"scruscru";"JSM";"3";"5688"
"Soul Wun";"2291";"4";"4415"
"Retromigration";"Also Durag - EP";"4";"4416"
"Folamour";"Nights Over You";"4";"4417"
"Purple Ice";"Silver Lining";"3";"5689"
"Mr. G";"The Remixes EP";"2";"8055"
"Jon Sable";"Second Avenue";"2";"8056"
"Kettenkarussell";"Maybe";"2";"8057"
"Tim Deluxe";"The Radicle (Expanded Edition)";"2";"8058"
"Soul Wun";"Searching - EP";"3";"5690"
"Jeff The Fool";"Pay Your House";"3";"5691"
"Linkwood";"Expressions";"1";"14239"
"Catherine Mooreland";"Gypsy Improv (Homegrown Session)";"2";"8059"
"Magou";"Dreams";"5";"3566"
"Akabu";"The Phuture Remixed";"2";"8060"
"Dead Sound";"Into The Void";"1";"14240"
"Young Franco";"it's Franky baby!";"8";"2158"
"Hajaj";"High No More";"2";"8061"
"Neil Frances";"It's All A Bit Fuzzy";"6";"2932"
"Jamie xx";"In Waves";"6";"2933"
"Joy Anonymous";"Cult Classics";"2";"8062"
"TOKiMONSTA";"ETERNAL REVERIE";"3";"5692"
"Flight Facilities";"Dancing On My Own";"3";"5693"
"Barry Can't Swim";"Loner";"3";"5694"
"Jungle";"JOY (Back on 74)";"3";"5695"
"KAYTRANADA";"AIN'T NO DAMN WAY!";"2";"8063"
"Session Victim";"Sidequests Chapter Two";"5";"3567"
"Disclosure";"She’s Gone, Dance On";"1";"14241"
"Balu Brigada";"Portal";"1";"14242"
"Obongjayar";"Paradise Now";"1";"14243"
"nimino";"I Only Smoke When I Drink";"2";"8064"
"Alice Ivy";"Do What Makes You Happy";"1";"14244"
"LP Giobbi";"Dotr";"2";"8065"
"BLOND:ISH";"Never Walk Alone";"1";"14245"
"Riva Starr";"Keep Me On The Dancefloor";"5";"3568"
"Moods";"All for You";"1";"14246"
"Fred again..";"ten days";"1";"14247"
"Justice";"Hyperdrama";"1";"14248"
"Thee Sacred Souls";"Got a Story to Tell";"1";"14249"
"Tame Impala";"End of Summer";"2";"8066"
"KRYPTOGRAM";"How Long Have You Been Away?";"5";"3569"
"Dam Swindle";"Open";"1";"14250"
"Mo Kolours";"Original Flow: Chapter One";"1";"14251"
"tolliver";"Rosemary Baby";"1";"14252"
"Byron the Aquarius";"Astral Traveling";"1";"14253"
"The Meters";"Rejuvenation";"1";"14254"
"James Brown";"Motherlode";"1";"14255"
"Brooklyn Funk Essentials";"Blow Your Brains Out";"1";"14256"
"Chuggin Edits";"The Untitled EP";"1";"14257"
"Doug Shorts";"Casual Encounter";"1";"14258"
"free youth";"We Can Move";"1";"14259"
"稲垣次郎とソウル・メディア";"ファンキー・スタッフ";"1";"14260"
"Dexter Wansel";"Life on Mars";"1";"14261"
"Lazywax";"Vol. 1";"11";"1518"
"Danny Russell";"The Love Rescue E.P.";"3";"5696"
"Chemise";"She Can't Love You (Purple Disco Machine Edit)";"4";"4418"
"Madcat";"The Doors of Perception";"2";"8067"
"Choices";"Less Is More";"6";"2934"
"Theo Kottis";"Seventies";"4";"4419"
"Disco Dandies";"Inside Your Love (2 People)";"5";"3570"
"Patrick Holland";"Scented Trip";"1";"14262"
"Dave Mathmos";"Your Love (Contemporary Soul Remix)";"7";"2501"
"Qubiko";"Disco Connection";"6";"2935"
"Harvey Touch";"Poca Broma";"4";"4420"
"The Vision";"Edits by Mr. K";"8";"2159"
"Stephane Deschezeaux";"Springbok Collection series #3";"8";"2160"
"40 Thieves";"Don't Turn It Off (Session Victim Remix)";"7";"2502"
"Jitwam";"Desires";"1";"14263"
"Tee Mango";"#2";"7";"2503"
"Art Of Tones";"The Same Thing";"3";"5697"
"Leslie Lello";"XPRESS Remixes, Vol. 2";"2";"8068"
"oh yeah";"Nothing But the Beat";"4";"4421"
"Third Attempt";"Be Yourself (Radio Edit)";"8";"2161"
"Cody Currie";"Cash (Sam Ruffillo & Kapote Remix)";"1";"14264"
"Magic In Threes";"Work Tapes EP";"2";"8069"
"Marc Cotterell";"Music With Longevity, Vol. 2 (Compiled by Micky More & Andy Tee)";"2";"8070"
"Melon Bomb";"Sweetness";"1";"14265"
"Reinhard Vanbergen";"Circle Back (Inspired by Kadir Ferati Balci)";"1";"14266"
"Ellen Reid";"Big Majestic";"1";"14267"
"Pittsburgh Track Authority";"PA System";"1";"14268"
"Last Nubian";"Better Jams";"1";"14269"
"Roy Werner";"Imagine My Surprise";"1";"14270"
"Nu Deco Ensemble";"Grateful Dead Re-imagined, Vol. 1";"1";"14271"
"Arrangement";"Tape 01 - 2018";"1";"14272"
"Apparel Wax";"LP001";"1";"14273"
"Melchior Sultana";"Are You Listening";"1";"14274"
"Steve Bug";"Piano FM";"1";"14275"
"Gavinco";"Here We Go";"1";"14276"
"Ross Couch";"Jazz Session";"1";"14277"
"Soul Wun";"Slothboogie Presents Dancing with Friends";"1";"14278"
"Justnique";"Rosso Samplice";"1";"14279"
"Soul Wun";"I Wish I Knew";"1";"14280"
"Georges";"Mornings";"1";"14281"
"Brawther";"Sundials EP";"1";"14282"
"Brooklyn Baby";"Get It Together";"2";"8071"
"Carlo";"Onda Invernale";"1";"14283"
"Jeff The Fool";"What You Need";"1";"14284"
"BDK";"Let Her Know";"1";"14285"
"Soul Avengerz";"Love you Feel";"1";"14286"
"Ryan Truman";"Subjazz";"1";"14287"
"Riva Starr";"House Of Mirrors (Crackazat Remix)";"1";"14288"
"Quinten 909";"Jazz In The Middle";"2";"8072"
"T.Markakis";"Take A Ride";"1";"14289"
"Homero Espinosa";"The Message (Sax Dub)";"1";"14290"
"Joey Montenegro";"Make A Move On Me (Original Disco Mix)";"1";"14291"
"Hotmood";"My Love Is 4U";"1";"14292"
"Vertigini";"Back Again EP";"1";"14293"
"DJ Fudge";"Escapade";"1";"14294"
"Jimmy Allen";"All About House";"1";"14295"
"Oliver Palfreyman";"Double Vision";"1";"14296"
"Joe Armon-Jones";"One Way Traffic (Dub)";"6";"2936"
"Franc Moody";"Good To Go";"2";"8073"
"Folamour";"Movement Therapy";"1";"14297"
"De La Soul";"All Good? (Remixes)";"1";"14298"
"Jonk & Spook";"DISCOBOX (IT) Presents Funky House Masters - Jonk & Spook Vol.3";"1";"14299"
"Karmina Dai";"In the Music (Hotmood Remix)";"1";"14300"
"Slam Dunk'd";"No Price";"1";"14301"
"Riva Starr";"It Feels Much Better (Fouk Remix)";"1";"14302"
"Bauhouse";"I Can Finally Know";"1";"14303"
"Lou Casablanca";"Gimmie Your Love (Incl. Groove Assassin Remix)";"1";"14304"
"Sticks & Stonez";"You're My (Remixes)";"1";"14305"
"Blakkat";"The Rite Place (2023 Remaster)";"1";"14306"
"Girls of the Internet";"When I Was Lost, I Found Myself (Expanded Edition)";"1";"14307"
"Tête de la Course";"On Time (REMIXES)";"1";"14308"
"Brooklyn Baby";"Love Overdose";"1";"14309"
"Max Kion";"Revival";"1";"14310"
"Tom Noble";"Please Take Me There (Makèz Vocal House Remix)";"1";"14311"
"Heritage Listed";"Freak Control";"1";"14312"
"Piem";"Blow My Mind";"1";"14313"
"Generoco";"Disco Jazzin' (Scruscru Remix)";"1";"14314"
"DJ Fudge";"Movin'";"1";"14315"
"Mike Millrain";"Together";"1";"14316"
"Discosteps";"Hypnotised";"1";"14317"
"Simo Not Simon";"New Life";"1";"14318"
"GUINNY";"Speechless EP";"1";"14319"
"Tagmann";"Back To The 00s EP";"1";"14320"
"Mick Teck";"JACKIN HOUSE DOCET";"1";"14321"
"Heritage Listed";"Midnight to Midtown";"1";"14322"
"DJ Fudge";"Golden";"1";"14323"
"⣎⡇ꉺლ༽இ•̛)ྀ◞ ༎ຶ ༽ৣৢ؞ৢ؞ؖ ꉺლ";"ཬɷԾㅍ ꉺლ༽༼இ•̛)ྀ◞ ༎ຶ ლ༽இ•̛)ྀ◞☼⃝◞⊖◟☼⃝ ◉፨∷▲∵⣎⡇ ⃝͢ oOo▲༎ຶ ༽ৣৢ؞ৢ؞ؙؖ⁽⁾ا⦁⁾⁽ؙۜؖء؞ૣ࿆˜☼⃝◞⊖◟☼⃝ ◉፨∷▲∵⣎⡇ ⃝͢ oOo▲";"10";"1706"
"Mk.gee";"A Museum Of Contradiction";"1";"14324"
"||||||||||||||||||||";"Entreat";"1";"14325"
"Aphex Twin";"Come to Daddy";"1";"14326"
"Vegyn";"Don't Follow Me Because I'm Lost Too!!";"1";"14327"
"Aleksi Perälä";"ALITHIA A'";"1";"14328"
"LOVEFEAR";"Time Polish";"1";"14329"
"boy 2000";"tape 2000";"1";"14330"
"Zumurrud";"Zumurrud I";"1";"14331"
"Accra Quartet";"Gbɛfalɔi (Travelers)";"1";"14332"
"Sessa";"Köln Sessions";"1";"14333"
"Edrix Puzzle";"Lotus Blossom";"1";"14334"
"Islandman";"Island5";"18";"784"
"Shakarchi & Stranéus";"Love Songs";"1";"14335"
"Joss Moog";"Fellas' Movement";"1";"14336"
"DJ Matpat";"Club on Hold";"1";"14337"
"DIY";"Feelin Jazz";"1";"14338"
"Delano Smith";"The Insomnia EP";"1";"14339"
"Boo Williams";"Accellerate / I Think It's You";"1";"14340"
"Playin' 4 the City";"Mighty";"1";"14341"
"Felipe Gordon";"Django Mango";"1";"14342"
"Lea Lisa";"The Legacy - EP";"1";"14343"
"DJ Romain";"Nothing Is Lost, Vol. 1";"1";"14344"
"Playin' 4 the City";"House Classics V (Presented by Harley & Muscle)";"1";"14345"
"Retromigration";"Bloom Street - EP";"1";"14346"
"First Floor";"Unrequited Feelings EP";"1";"14347"
"Innocent Soul";"Alive";"1";"14348"
"St. David";"Poetry & Rhythm EP";"1";"14349"
"Crackazat";"Reworks Vol.2";"1";"14350"
"Shino Blackk";"New Generation Afro Soul, Vol. 2";"1";"14351"
"Kassian";"Slothboogie Presents Dancing with Friends";"1";"14352"
"A Bunch Of Guys";"Let the Rhythm Hit’em EP";"1";"14353"
"Behind the Groove";"What You Gonna Do About It?";"1";"14354"
"DJ Rasoul";"Return of the Mad Funk EP";"1";"14355"
"µ-Ziq";"Royal Astronomy";"1";"14356"
"Ludwig A.F.";"Xhale";"1";"14357"
"Anenon";"Moons Melt Milk Light";"1";"14358"
"Mr. Mitch";"The Lost Boy";"1";"14359"
"Sameed";"Bad You";"1";"14360"
"SofaTalk";"Afro Quarters EP";"1";"14361"
"Local Artist";"Feelings";"1";"14362"
"Marcellus Pittman";"Future Sounds of Jazz, Vol. 14";"1";"14363"
"First Choice";"Dam Swindle x Salsoul Reworks Vol. 1";"6";"2937"
"Dean Drouillard";"Mirrors and Ghosts";"1";"14364"
"Weast";"Cassini EP";"1";"14365"
"Groove Boys Project";"Luv Is Ur Luv";"1";"14366"
"Arpy Brown";"Toy Tonics Top Tracks Vol. 9";"2";"8074"
"Half Dead Dave";"Don't Cry (It's OK to Cry)";"1";"14367"
"Saison";"Return 2 Jak EP";"1";"14368"
"Surya Botofasina";"Ashram Sun";"1";"14369"
"Max Graef";"Natural Element";"1";"14370"
"James Larter";"Polarity";"1";"14371"
"Sadeedo";"The Desert Island";"1";"14372"
"Karu";"Upya";"1";"14373"
"Four Walls";"Garage House, Vol. 5";"1";"14374"
"UC Beatz";"Blooming Under The Disco Ball";"1";"14375"
"Lenny Fontana";"Light My Fire";"1";"14376"
"Damon Locks";"New Future City Radio";"1";"14377"
"Valebol";"Valebol";"1";"14378"
"Mike Lindsay";"Supershapes Volume 1";"1";"14379"
"Jimi Tenor";"My Mind";"1";"14380"
"KnG Edits";"Tools For Groovin EP";"1";"14381"
"Rhyze";"Free";"1";"14382"
"Teddy Pendergrass";"The More I Get, the More I Want (The Martinez Brothers Remix)";"1";"14383"
"Patchworks Ginger Xpress";"Brothers On The Slide";"4";"4422"
"SLWJM";"Mega";"1";"14384"
"Meridian Brothers";"Los Suicidas";"1";"14385"
"Sávila";"Sávila";"1";"14386"
"Montañera";"A Flor de Piel";"1";"14387"
"Insólito Universo";"La Candela del Río";"1";"14388"
"Barrio Lindo";"Albura";"1";"14389"
"Larry Heard";"Dance 2000, Part 1";"1";"14390"
"Joy Guidry";"AMEN";"1";"14391"
"The Mesmerizers";"Far From The West";"1";"14392"
"omma";"DOMA";"1";"14393"
"New Composers";"Astra (Russian Edition)";"1";"14394"
"Biosphere";"The Petrified Forest";"1";"14395"
"Shinichi Atobe";"Butterfly Effect";"1";"14396"
"Contours";"Elevations";"1";"14397"
"Couch Gary";"Anyday";"1";"14398"
"David Datunashvili";"Composure";"1";"14399"
"Okokon";"Offering";"1";"14400"
"GAISTER";"GAISTER";"1";"14401"
"49th & Main";"Happy Tears";"1";"14402"
"bad tuner";"repeat to fade";"1";"14403"
"Barry Can't Swim";"Kimbara";"1";"14404"
"Bondax";"To Survive";"1";"14405"
"Yours";"What's Mine Is YOURS";"1";"14406"
"Flight Facilities";"Foreign Language (10 Year Anniversary)";"5";"3571"
"Neil Frances";"Falling for You";"1";"14407"
"Amber Mark";"Lose My Cool (Remixes)";"4";"4423"
"Embark Studios";"THE FINALS (S3 Original Soundtrack)";"3";"5698"
"Embark Studios";"THE FINALS (Original Soundtrack)";"4";"4424"
"Embark Studios";"ABSORBE";"1";"14408"
"Embark Studios";"THE_FINALS_CNS.lha";"2";"8075"
"Embark Studios";"THE FINALS (S8 Original Soundtrack)";"2";"8076"
"DJ Delish";"What The Hell Happened? Y'all Producers Took A Day Off or Something? Hello? HELLO?!";"2";"8077"
"1tbsp";"megacity1000";"2";"8078"
"Ari Bald";"Humble Jumble";"3";"5699"
"Session Victim";"Rain or Shine";"1";"14409"
"Kalbata";"Vanrock (feat. Tigris)";"2";"8079"
"DJ ClicK";"Lam Seung";"1";"14410"
"Kaang";"Kaang";"1";"14411"
"Ace of Base";"Happy Nation (Moody Gold Mix)";"1";"14412"
"Leif Maine";"SOY 2.0";"1";"14413"
"KAYTRANADA";"BUBBA";"1";"14414"
"SuperShy";"Hypnotised";"7";"2504"
"Alfa Mist";"Roulette";"6";"2938"
"BAMILY";"Party Woman (Crazy P Remix)";"6";"2939"
"SuperShy";"Change / Take My Time";"3";"5700"
"Lucy Park";"All Roads";"1";"14415"
"KRYPTOGRAM";"A Morning with Kitsuné (DJ Mix)";"1";"14416"
"Mayer Hawthorne";"How Do You Do";"1";"14417"
"MTBRD";"Wanna Be Your Lover";"1";"14418"
"KRYPTOGRAM";"krypt. vol2";"1";"14419"
"NATE08";"Furaha";"5";"3572"
"Stolen Gin";"Gypsy Woman";"1";"14420"
"Girls of the Internet";"Defected Radio Episode 081 (hosted by Sam Divine)";"1";"14421"
"FKJ";"U & I (HOUSE OF GROOVE)";"2";"8080"
"Potatohead People";"Hear No Evil, Vol. 3";"2";"8081"
"Enrico Mantini";"What U Want";"2";"8082"
"Hedzoleh Soundz";"Hedzoleh Soundz (Remixes)";"1";"14422"
"Hubbabubbaklubb";"Drømmen Drømmerne Drømmer (Remixed)";"4";"4425"
"Ricardo Jacob";"Suenan las Trompetas";"1";"14423"
"Butch";"Defected In The House Ibiza 2025 (DJ Mix)";"1";"14424"
"Jamie Jones";"Rolling Thunder (JJ's Playa Mix)";"1";"14425"
"DJ Tennis";"Playa Paradiso";"1";"14426"
"DJ Tennis";"Playa Paradiso (Club Mix)";"1";"14427"
"Makèz";"REARRANGE YOURSELF";"1";"14428"
"Amber Mark";"Mixer";"4";"4426"
"Durand Jones & The Indications";"Private Space";"1";"14429"
"KRYPTOGRAM";"Woman Like You";"1";"14430"
"Jungle";"Loving In Stereo";"1";"14431"
"Jitwam";"Feel Good";"1";"14432"
"Jackson Homer";"IDEA OF US (Special Edition)";"3";"5701"
"Vanilla";"For What It's Worth";"1";"14433"
"Flamingo Pier";"Beneath The Neon EP";"3";"5702"
"Franc Moody";"Dance Moves";"3";"5703"
"Franc Moody";"House of FM";"2";"8083"
"MIRA LÓ";"My Best Memory";"1";"14434"
"SOUL LEGEND";"hard all night";"3";"5704"
"Bagge";"What About Summer?";"1";"14435"
"Laurence Guy";"On Your Side";"1";"14436"
"José González";"Veneer";"6";"2940"
"José González";"Pajarito (Official Music Video)";"10";"1707"
"José González";"Lasso In";"1";"14437"
"Disclosure";"NO CAP";"1";"14438"
"Jacques Renault";"Just Wanna Pry / Never Saw Never (Remixes)";"5";"3573"
"Folamour";"Club Degli Esploratori";"5";"3574"
"Adrian Sherwood";"Survival & Resistance";"6";"2941"
"José González";"This Is How We Walk On The Moon";"1";"14439"
"Dj City";"Padam";"2";"8084"
"Rhye";"The Fall";"2";"8085"
"Nu Genea";"Bar Mediterraneo";"2";"8086"
"Jo Bubbles";"Molntjänst";"2";"8087"
"Cab Drivers";"Cabinet 15";"3";"5705"
"Firmin";"Energetic Solution";"3";"5706"
"At One";"African Healing Dance";"2";"8088"
"Frits Wentink";"Remember That Feeling";"2";"8089"
"Jerome Sydenham / Dennis Ferrer";"Ibadan - Timbuktu";"2";"8090"
"Jay Shepheard";"Compost Blacklabel Series, Vol. 3 (Unmixed Version)";"7";"2505"
"Phreek Plus One";"Compost Blacklabel Series, Vol. 3 (Unmixed Version)";"4";"4427"
"Designer Loops";"Advanced House for Purists";"2";"8091"
"Muallem";"Compost Blacklabel Series, Vol. 3 (Unmixed Version)";"1";"14440"
"Manuel Tur & Dplay";"Compost Blacklabel Series, Vol. 3 (Unmixed Version)";"2";"8092"
"Motor City Drum Ensemble";"Compost Blacklabel Series, Vol. 3 (Unmixed Version)";"3";"5707"
"Wagon Cookin";"Compost Blacklabel Series, Vol. 3 (Unmixed Version)";"1";"14441"
"TJ Kong & Nuno Dos Santos";"Compost Blacklabel Series, Vol. 3 (Unmixed Version)";"1";"14442"
"Shahrokh Sound Of K.";"Compost Blacklabel Series, Vol. 3 (Unmixed Version)";"1";"14443"
"Matt Flores";"Compost Blacklabel Series, Vol. 3 (Unmixed Version)";"1";"14444"
"Blake Baxter";"The H-Factor";"5";"3575"
"Nate Williams";"The Roy Davis Jr. Remixes";"3";"5708"
"Colter Carson";"Big Beat Manifesto Catalogue Nr. 1";"5";"3576"
"longhair";"Hotel Solaris";"3";"5709"
"Alex Attias";"Compost Blacklabel Series, Vol. 3 (Unmixed Version)";"1";"14445"
"Alexander Robotnick";"Kind of Disco";"1";"14446"
"Gallegos";"Bravery is Contagious";"1";"14447"
"Zellmani";"Cest Un Theme";"1";"14448"
"Harmonious Thelonious";"International Dance Record";"1";"14449"
"Snap!";"The Madman's Return";"2";"8093"
"Solomonic Sound";"Neva Dead: The DJ Collection (Remastered)";"2";"8094"
"Axel Boman";"If This Is House I Want My Money Back 3";"2";"8095"
"Franc Spangler";"Myatts Field EP";"3";"5710"
"LCD Soundsystem";"I Can Change";"1";"14450"
"Steve Reich";"Works 1965-1995";"1";"14451"
"Daso";"Daybreak";"1";"14452"
"Hard Drive Library";"HDL N°04";"1";"14453"
"Stuzzi";"tagesanbruch";"1";"14454"
"Jesper Dahlbäck";"Udda Katter";"2";"8096"
"DiSKOP";"Disk 19";"3";"5711"
"Uit de Hoogte";"Polos (LANK007)";"3";"5712"
"Flight Facilities";"Down To Earth";"1";"14455"
"The C90s";"Shine A Light";"1";"14456"
"Flight Facilities";"Need You";"1";"14457"
"Lucien Kimono";"Horizon (remix)";"2";"8097"
"Olivier Verhaeghe";"Sometimes";"3";"5713"
"William & The Young Five";"Heads Records - South African Disco-Dub Edits";"3";"5714"
"Madcat";"Petite Musique De Chanvre";"3";"5715"
"Mr. G";"Rexperience #01 mixed by D'julz";"2";"8098"
"Kapote";"Remix EP 2";"3";"5716"
"Shee";"The Player";"2";"8099"
"Franc Moody";"Got the Light / In Too Deep";"2";"8100"
"The Phenomenal Handclap Band";"Jail";"5";"3577"
"Underground System";"Looking In EP";"8";"2162"
"Ron Basejam";"For The People, By The People";"1";"14458"
"Rocco Rodamaal";"Like This";"1";"14459"
"Gin Tonic Orchestra";"Let The Children House";"1";"14460"
"Midnight Cycler";"No LCD";"1";"14461"
"Konrad Ritter";"You Are Doing Well (Robag's Tassilaq Morbus Rehand)";"1";"14462"
"Head High";"2nd-Hand Bassline";"1";"14463"
"Myd";"Song for You / The Wizard";"1";"14464"
"Lovebirds";"Tell Me";"1";"14465"
"Nicholas Britell";"Succession: Season 1 (HBO Original Series Soundtrack)";"3";"5717"
"Nicholas Britell";"Succession: Season 2 (Music from the HBO Series)";"1";"14466"
"Nicholas Britell";"Succession: Season 4 (HBO Original Series Soundtrack)";"1";"14467"
"Oliver Dollar";"Play It Down 100";"1";"14468"
"Adrian Sherwood";"Barbican Heights";"6";"2942"
"HAAi";"HUMANiSE";"11";"1519"
"Eniz Modic";"Everything I Need";"1";"14469"
"Tidy Daps";"Something Brewing";"1";"14470"
"Davi";"Distant Memory";"1";"14471"
"Big Al";"Drones";"1";"14472"
"Addex";"Reshape (LP)";"1";"14473"
"Lakosta";"Berlin - Monday Morning Hours, Vol. 3";"1";"14474"
"Dave Pad";"Rotary Body";"1";"14475"
"Jenia White";"Beauty ""Remixes""";"1";"14476"
"Various artists (4)";"DJ-Kicks: Eris Drew";"10";"1708"
"Collect 200";"Collect 200";"1";"14477"
"SOUL LEGEND";"pretty girls with ugly tattoos";"1";"14478"
"SOUL LEGEND";"cinematic love";"1";"14479"
"SOUL LEGEND";"always here";"1";"14480"
"SOUL LEGEND";"Movement";"1";"14481"
"SOUL LEGEND";"Lost in Translation";"1";"14482"
"Collect 200";"Dream";"1";"14483"
"SOUL LEGEND";"u can get it";"1";"14484"
"The Beatles";"Abbey Road (Remastered)";"1";"14485"
"Fila Brazillia";"Sycot Motion EP";"1";"14486"
"DJ Vadim";"USSR Reconstruction";"1";"14487"
"Jazzanova";"In Between";"1";"14488"
"Arutani";"Memories of Something New";"1";"14489"
"Bone Thugs-N-Harmony";"1st Of Tha Month (K&D Session TM)";"1";"14490"
"Tosca";"Dehli 9";"1";"14491"
"Thievery Corporation";"Mirror Conspiracy";"1";"14492"
"Joe Armon-Jones";"Starting Today in Dub";"2";"8101"
"Ace of Base";"All That She Wants (Axel Boman X Off The Meds Remix)";"3";"5718"
"Fudge Fingas";"Firecracker EP1";"6";"2943"
"Linkwood";"Firecracker EP1";"5";"3578"
"Nate Smith";"HOP, SKIP, JUMP";"4";"4428"
"Playin' 4 the City";"8 Urban Soundtracks";"1";"14493"
"DJ Drez";"Aficionados Instrumentals";"1";"14494"
"Talaboman";"The Night Land Remixed";"1";"14495"
"United Freedom Collective";"Always Open (Falle's Roots) (Photay Remix)";"4";"4429"
"United Freedom Collective";"The Plant Spirits";"16";"923"
"United Freedom Collective";"Plant Spirits";"1";"14496"
"United Freedom Collective";"Love (For Trees)";"1";"14497"
"United Freedom Collective";"Bright Patterns";"1";"14498"
"Timofey";"Heaven";"1";"14499"
"Phil Siemers";"Was wenn doch";"2";"8102"
"Amy Gadiaga";"who knows";"2";"8103"
"Salomon";"Favourite Shade of Blue EP";"1";"14500"
"Desierto y Agua";"Middle East Tantra (DJ Mix)";"1";"14501"
"Axel Boman";"LUZ / Quest for fire IN DUB!";"31";"357"
"TRENSUM TRIBE";"Ekorre & Ekoxe";"14";"1114"
"Róisín Murphy";"Overpowered";"23";"543"
"Souleance";"French Cassette";"1";"14502"
"Shane Sato";"Airwaves (Deluxe)";"1";"14503"
"E. Live";"Make Me Move (Boogie Version)";"1";"14504"
"4th Sign";"Eloge de la lenteur 4";"1";"14505"
"Mad Honey";"Upward Bound / Treasure Every Sunset";"1";"14506"
"Lazywax";"Santa Catarina (Turbotito Remix)";"1";"14507"
"Crazy P";"Age of the Ego (Remixes)";"1";"14508"
"KS FRENCH";"Le Ghetto";"1";"14509"
"KADEEM.";"Self Love";"6";"2944"
"David Walters";"Ti Love";"1";"14510"
"Django Django";"Don't Touch That Dial (feat. Yuuko Sings) [Remixes]";"1";"14511"
"Nightmares on Wax";"You Bliss / You Wish";"3";"5719"
"Sampa the Great";"Can't Hold Us [Feat. Mwanjé]";"1";"14512"
"DJ Qness";"L'owe L'owe";"4";"4430"
"Pasteur Lappe";"African Funk Experimentals (1979 to 1981)";"3";"5720"
"Yussef Dayes";"The Yussef Dayes Experience - Live From Malibu";"2";"8104"
"arp Frique";"Save Your Soul (Joe Claussell Sacred Rhythm Praise Version Remix)";"3";"5721"
"Tiger DR";"banana";"1";"14513"
"Naoyuki Onda";"Dream";"1";"14514"
"Nina Simone";"To Love Somebody (Expanded Edition)";"1";"14515"
"Roger Damawuzan";"Seda";"1";"14516"
"Falle Nioke";"Falle Le Le Le";"1";"14517"
"Mr Raoul K";"African Paradigm EP II";"1";"14518"
"BOMBAD";"Desierto";"3";"5722"
"Tina Malia";"Anahata";"1";"14519"
"Regalado";"Ayo Ke Disco: Boogie, Pop & Funk from the South China Sea (1974-88)";"1";"14520"
"Anja Ngozi";"rhygin";"1";"14521"
"Wolfgang Dauner";"The Oimels";"1";"14522"
"Fela Kuti";"Fela With Ginger Baker Live!";"1";"14523"
"AGC-17";"Now (Remix)";"1";"14524"
"Junior Brother";"Imaginational Anthem volume XIV : Ireland";"1";"14525"
"Yann Tiersen";"Le fabuleux destin d'Amélie Poulain (Bande originale du film)";"1";"14526"
"Elia y Elizabeth";"The Original Recordings";"1";"14527"
"The Specials";"Stereo-Typical: A's, B's & Rarities";"1";"14528"
"Raphaël Dion";"Le Cancer";"3";"5723"
"Rawb";"Homeland";"1";"14529"
"Manu Chao";"Clandestino";"6";"2945"
"Manu Chao";"Próxima Estación: Esperanza";"3";"5724"
"KAROL G";"Tropicoqueta";"1";"14530"
"Alfa";"A me mi piace";"1";"14531"
"Manu Chao";"Me gustas tu EP";"1";"14532"
"Manu Chao";"Viva tu";"3";"5725"
"Manu Chao";"La Radiolina";"2";"8105"
"Amadou & Mariam";"Dimanche à Bamako";"1";"14533"
"Bomba Estéreo";"Me Duele";"1";"14534"
"Manu Chao";"Inna Reggae Style";"1";"14535"
"DJ Harrison";"ElectroSoul";"8";"2163"
"Catpack";"Yep (Remix)";"1";"14536"
"Mammal Hands";"Circadia";"6";"2946"
"Eris Drew";"Fluids of Emotion";"1";"14537"
"Eris Drew";"I CAN MOVE MOVE";"1";"14538"
"Axel Boman";"Night Blooming";"5";"3579"
"Jackson Mico Milas";"Late Night Tales: Barry Can't Swim (LNT Mix)";"6";"2947"
"Majid Bekkas";"Late Night Tales: Barry Can't Swim (LNT Mix)";"6";"2948"
"Jesse Bru";"Late Night Tales: Barry Can't Swim (LNT Mix)";"6";"2949"
"Loket";"Late Night Tales: Barry Can't Swim (LNT Mix)";"7";"2506"
"Superpitcher";"Late Night Tales: Barry Can't Swim (LNT Mix)";"6";"2950"
"Scott Orr";"Late Night Tales: Barry Can't Swim (LNT Mix)";"6";"2951"
"Barry Can't Swim";"Late Night Tales: Barry Can't Swim (LNT Mix)";"15";"1012"
"Marigold Sun";"Late Night Tales: Barry Can't Swim (LNT Mix)";"6";"2952"
"Freddy da Stupid";"Late Night Tales: Barry Can't Swim (LNT Mix)";"5";"3580"
"Factory Floor";"Late Night Tales: Barry Can't Swim (LNT Mix)";"5";"3581"
"Ronald Langestraat";"Late Night Tales: Barry Can't Swim (LNT Mix)";"5";"3582"
"Lance DeSardi";"Late Night Tales: Barry Can't Swim (LNT Mix)";"5";"3583"
"O'Flynn";"Late Night Tales: Barry Can't Swim (LNT Mix)";"5";"3584"
"Accelera Deck";"Late Night Tales: Barry Can't Swim (LNT Mix)";"5";"3585"
"Pépe";"Late Night Tales: Barry Can't Swim (LNT Mix)";"5";"3586"
"This Mortal Coil";"Late Night Tales: Barry Can't Swim (LNT Mix)";"5";"3587"
"St Francis Hotel";"Late Night Tales: Barry Can't Swim (LNT Mix)";"6";"2953"
"Barry Can't Swim";"Chala (My Soul Is On A Loop)";"1";"14539"
"Kokoroko";"From Metropolis Studios";"11";"1520"
"Lance DeSardi";"The Power Of Suggestion (Original Remaster)";"4";"4431"
"Amy Gadiaga";"BabyGoated";"20";"671"
"Lance DeSardi";"The Gods Must Be Angry";"5";"3588"
"Axel Boman";"From Riches to Rags";"5";"3589"
"Igor Gonya";"Sandy Rhythm";"2";"8106"
"Magic Robot";"Köln";"1";"14540"
"Leo Paciaroni";"Lilith (Club Version)";"1";"14541"
"Master Produções Remix";"Dragostea Nu Se Stinge";"1";"14542"
"Another Chemical Love Story";"Another Chemical Love Story";"7";"2507"
"Four Tet";"There Is Love in You (Expanded Edition)";"16";"924"
"ornithology";"Rage Room";"1";"14543"
"Nikodimos";"What Colour Is The End?";"20";"672"
"Bonga";"Angola 72 - 74";"12";"1357"
"Bonga";"Angola 74";"1";"14544"
"The Smile";"Cutouts";"11";"1521"
"Various artists (3)";"Yo-Yo Ma Plays Bach";"20";"673"
"STL";"Lost in Musik Dgt";"1";"14545"
"U.S. Girls";"Bless This Mess";"12";"1358"
"Nubiyan Twist";"Chasing Shadows";"31";"358"
"Dave Brubeck";"In Their Own Sweet Way";"6";"2954"
"Eric Escanes";"Sun Ra";"8";"2164"
"Bananagun (Aus)";"The True Story of Bananagun";"1";"14546"
"Resavoir";"Themes for Dreams";"1";"14547"
"Corey Fonville";"I Couldn't Love You More";"1";"14548"
"Tanhai Collective";"Circa 2019";"2";"8107"
"Bookend";"30 degrees";"1";"14549"
"Moritz von Oswald";"Silencio";"4";"4432"
"Daoud";"ok";"1";"14550"
"Jonny Faith";"First Foot - EP";"1";"14551"
"GoGo Penguin";"v2.0 (Deluxe Edition)";"3";"5726"
"Nabihah Iqbal";"This World Couldn’t See Us";"1";"14552"
"Nene Vasquez";"Agogo Makes The World Go Round 2";"2";"8108"
"LUCES";"Falls City";"4";"4433"
"Oscar Jerome";"Feet Down South";"1";"14553"
"The Circling Sun";"Orbits";"2";"8109"
"Jordan Rakei";"Cloak";"8";"2165"
"Yukimi";"Get It Over";"2";"8110"
"Hiromi";"OUT THERE [Feat. Sonicwonder]";"9";"1907"
"Kavinsky";"Nightcall";"1";"14554"
"Electric Youth";"Innerworld (Deluxe Edition)";"1";"14555"
"Riz Ortolani";"Addio zio Tom (Original Motion Picture Soundtrack) [Remastered]";"1";"14556"
"Chromatics";"Tick of the Clock";"1";"14557"
"Cliff Martinez";"Drive (Original Motion Picture Soundtrack)";"2";"8111"
"Johann Sebastian Bach";"""Bach & Friends: Vol. II""";"1";"14558"
"Johann Sebastian Bach";"""A Piano Celebration - Chopin, Bach, Beethoven & more""""";"1";"14559"
"King Tubby";"King Tubbys Meets Rockers Uptown";"2";"8112"
"African Head Charge";"VOODOO OF THE GODSENT";"1";"14560"
"Max Cooper";"Motif";"2";"8113"
"mrcy";"Better Days";"2";"8114"
"Chelou";"Not Gonna Cry";"1";"14561"
"Oceanvs Orientalis";"Revenge Of The Wankers (Kora Remix)";"1";"14562"
"Kimyan";"Colours";"1";"14563"
"The Notwist";"News from Planet Zombie";"1";"14564"
"El Búho";"Upa Ñawi (Remix)";"1";"14565"
"Marcelo Berges";"Niños (MoM & Alvaro Suarez Remix)";"1";"14566"
"Henrik Schwarz";"Everything In Between";"1";"14567"
"Various artists (2)";"Borrow or Rob";"4";"4434"
"Charlie Jeer";"Everything Is Temporary (Remixes)";"1";"14568"
"Romy";"Love Who You Love (HAAi Remix)";"1";"14569"
"Seb Wildblood";"long distance (remixes)";"1";"14570"
"Joy Anonymous";"JOY (This One)";"1";"14571"
"Ego Ella May";"Good Intentions";"1";"14572"
"Kaitlyn Aurelia Smith";"Gush REMIXES";"1";"14573"
"Kolombo";"Play This Game";"1";"14574"
"Mehmet Aslan";"Multi Culti Equinox III";"1";"14575"
"Shabaka";"Of The Earth";"10";"1709"
"Avalon Emerson";"Written into Changes";"1";"14576"
"Monolink";"Beacon (Curol Remix)";"1";"14577"
"Ben Hauke";"OWLS GO LOCO";"1";"14578"
"Mark de Clive-Lowe";"Dreamweavers II";"1";"14579"
"Max Cooper";"Pattern Index";"1";"14580"
"Lamomali";"Ama kora (Synapson Remix)";"1";"14581"
"Lambert";"So Unkind";"1";"14582"
"Chiminyo";"Lucidity";"1";"14583"
"Kraak & Smaak";"Real Love (Harvey Sutherland Remix)";"1";"14584"
"Neil Cowley Trio";"Built on Bach EP";"2";"8115"
"Jump Source";"Empty Bars / Close";"1";"14585"
"Tim Paris";"That Boy Remixes";"1";"14586"
"Nao Yoshioka";"You Got to Feel It";"1";"14587"
"Zinée";"BIL";"2";"8116"
"Brthwrk";"1.blurry";"1";"14588"
"Landhouse";"Invisible Intruder";"1";"14589"
"Barrell Jones";"The Bredrins";"1";"14590"
"Alexis Taylor";"Paris In The Spring";"11";"1522"
"Anna Calvi";"Is This All There Is?";"4";"4435"
"The Congos";"Heart Of The Congos";"10";"1710"
"Oumou Sangaré";"Timbuktu";"11";"1523"
"Karriem Riggins";"Alone Together";"31";"359"
"Octo Octa";"fabric presents Octo Octa & Eris Drew (Mixed)";"1";"14591"
"Vinyl Blair";"fabric presents Octo Octa & Eris Drew (Mixed)";"1";"14592"
"Continous cool";"fabric presents Octo Octa & Eris Drew (Mixed)";"1";"14593"
"Global Method";"fabric presents Octo Octa & Eris Drew (Mixed)";"1";"14594"
"Dj Hyperactive";"fabric presents Octo Octa & Eris Drew (Mixed)";"1";"14595"
"Alec Falconer";"fabric presents Octo Octa & Eris Drew (Mixed)";"1";"14596"
"G.O.D.";"fabric presents Octo Octa & Eris Drew (Mixed)";"1";"14597"
"Stevie B-Zet";"fabric presents Octo Octa & Eris Drew (Mixed)";"1";"14598"
"X-Press 2";"fabric presents Octo Octa & Eris Drew (Mixed)";"1";"14599"
"The Two Amigos";"fabric presents Octo Octa & Eris Drew (Mixed)";"1";"14600"
"Beatfreaks";"fabric presents Octo Octa & Eris Drew (Mixed)";"1";"14601"
"Dr. Motte & WestBam present";"fabric presents Octo Octa & Eris Drew (Mixed)";"1";"14602"
"Marascia";"fabric presents Octo Octa & Eris Drew (Mixed)";"1";"14603"
"Eris Drew";"fabric presents Octo Octa & Eris Drew (Mixed)";"1";"14604"
"Thursday Club";"fabric presents Octo Octa & Eris Drew (Mixed)";"1";"14605"
"Afar";"The Refuge Remixes";"6";"2955"
"Kevin Yost";"Future Flashback";"1";"14606"
"Momoko Gill";"Momoko";"1";"14607"
"Owelu Dreamhouse";"Owelu Dreamhouse";"1";"14608"
"Arjuna Oakes";"Mallet Groove";"4";"4436"
"Okonski";"Entrance Music";"1";"14609"
"Surprise Chef";"Education & Recreation";"1";"14610"
"Eliza";"The Darkening Green";"1";"14611"
"Fabiano do Nascimento";"Aquáticos";"1";"14612"
"Mara TK";"Bad Meditation";"1";"14613"
"Jeff Parker";"The New Breed";"8";"2166"
"Richard Spaven";"Real Time";"1";"14614"
"Björk";"Debut";"11";"1524"
"Calibre";"Rudy";"13";"1238"
"The Paradox";"Counter Active";"7";"2508"
"Nicole Willis";"My Name Is Nicole Willis (Instrumentals)";"14";"1115"
"Patti Smith";"Horses (Legacy Edition)";"18";"785"
"Alex Izenberg";"Alex Izenberg & The Exiles";"11";"1525"
"Sheila Jordan";"Portrait Of Sheila";"35";"311"
"Aja Monet";"elsewhere";"1";"14615"
"Zoe Reijue";"Tales Between Worlds";"3";"5727"
"Andrii Pokaz";"Proteus";"1";"14616"
"MISC";"Beat Bouquet";"1";"14617"
"Brintex Collective";"Make It Make Sense";"1";"14618"
"Yetii";"Afar";"1";"14619"
"magikAAAAArp";"New Game Plus";"1";"14620"
"Azamiah";"New Moon";"1";"14621"
"Jon Onabowu";"The Bounce";"1";"14622"
"St. Barbe";"Shoal";"1";"14623"
"Vimbs Mavimbs";"Family Gathering";"1";"14624"
"Super Oud";"Agogo Makes The World Go Round 2";"2";"8117"
"Augustus Pablo";"King Tubbys Meets Rockers Uptown";"1";"14625"
"Luca C & Brigante";"Flash of Light";"2";"8118"
"kurup";"Minguante";"1";"14626"
"Alicia Edelweiss";"When I'm enlightened, everything will be better";"9";"1908"
"Hélène Vogelsinger";"Ethereal Dissolution";"6";"2956"
"Dorisburg";"That Who Remembers";"10";"1711"
"Sly & The Family Stone";"FRESH";"5";"3590"
"Enigmatic Ranger";"Enjoy day";"1";"14627"
"Omasta";"Jazz Report From The Hood";"3";"5728"
"Gary Pacific Orchestra";"Unusual Sounds";"1";"14628"
"Resavoir";"Horizon";"1";"14629"
"Madison McFerrin";"I Hope You Can Forgive Me";"1";"14630"
"Fabiano do Nascimento";"VILA";"2";"8119"
"José González";"Against the Dying of the Light";"3";"5729"
"Khalab";"Black Noise 2084";"11";"1526"
"Go Kurosawa";"soft shakes";"1";"14631"
"Asulin";"Suzume";"1";"14632"
"Sven Wunder";"Daybreak";"2";"8120"
"Gary Bartz";"Gary Bartz JID006";"1";"14633"
"Khalab";"M'berra";"38";"288"
"Miles Davis";"In a Silent Way";"2";"8121"
"Ranil";"Los Brillantes Exitos de Ranil";"1";"14634"
"Bob Belden Project";"Shades Of Blue";"10";"1712"
"ティム・ヘイゲンス";"Shades Of Blue";"1";"14635"
"マーカス・プリンタップ";"Shades Of Blue";"1";"14636"
"ジェフ・キーザー";"Shades Of Blue";"1";"14637"
"Bob Belden Project";"Shades of Blue";"4";"4437"
"ティム・ヘイゲンス";"Shades of Blue";"1";"14638"
"マーカス・プリンタップ";"Shades of Blue";"1";"14639"
"ジェフ・キーザー";"Shades of Blue";"1";"14640"
"Seamus";"Late Night Tales: Barry Can't Swim (LNT Mix)";"2";"8122"
"Cate Le Bon";"Reward";"1";"14641"
"Cocteau Twins";"Treasure";"1";"14642"
"David Bowie";"Hunky Dory (2015 Remaster)";"11";"1527"
"Greg Spero";"showgirl";"2";"8123"
"Okonski";"Easy";"3";"5730"
"Kraak & Smaak";"Juicy Fruit";"2";"8124"
"Atabasca";"Atabasca";"2";"8125"
"Oscar Jerome";"The Spork";"2";"8126"
"tony njoku";"ALL OUR KNIVES ARE ALWAYS SHARP (DELUXE)";"2";"8127"
"Matthew Herbert";"Babystar";"3";"5731"
"Andris Mattson";"FLUGEL";"2";"8128"
"Juggy Murray Jones";"The Contempo Story 1973-1977: The Original Home Of Soul";"1";"14643"
"Efdemin";"Poly";"1";"14644"
"Brandee Younger";"Somewhere Different";"2";"8129"
"Cassius";"Dreems";"2";"8130"
"Galliano";"Unreliable Memories Of Contested Conversations";"1";"14645"
"GE-OLOGY";"Moon Circuitry / Escape on Lodge Freeway";"1";"14646"
"Minnie Riperton";"Minnie Riperton Soul Legends";"1";"14647"
"Fazer";"Mara";"2";"8131"
"Matt Wilde";"Find a Way";"2";"8132"
"Theo Croker";"Dream Manifest";"1";"14648"
"Banksia";"Black Swan";"1";"14649"
"Eric Hilton";"A Sky So Close";"1";"14650"
"Peter Somuah";"Walking Distance";"1";"14651"
"Jasmine Myra";"Reflections";"1";"14652"
"Blue Earth Sound";"Cicero Nights";"1";"14653"
"44th Move";"Anthem";"1";"14654"
"Izem";"Sadeo (Izem Remix)";"1";"14655"
"Navah Sea";"Barcelona";"1";"14656"
"BCUC";"The Road Is Never Easy";"2";"8133"
"Avalon Emerson";"DJ-Kicks: Sofia Kourtesis";"1";"14657"
"Ana María Vahos";"Rareza (Remix)";"1";"14658"
"Alma Negra";"Free";"1";"14659"
"Yazz Ahmed";"She Stands On The Shore - A COLORS SHOW";"1";"14660"
"U.S. Girls";"You've Got Everything - But A Smile (Theme from ""Dead Lover"")";"1";"14661"
"David Handler";"Ever After (Kaitlyn Aurelia Smith Remix)";"1";"14662"
"Mzee Tendere";"Utsai Si Nyuwi";"1";"14663"
"Landhouse";"Swamp Whispers";"1";"14664"
"Antonio Carlos & Jocafi";"Antonio Carlos & Jocafi JID026";"1";"14665"
"O'Flynn";"Kelsier";"1";"14666"
"Seb Wildblood";"Let you know";"1";"14667"
"Etienne de Crécy";"World Away (Marie Davidson Remix)";"1";"14668"
"Combo Chimbita";"Perdón Divino";"1";"14669"
"Rival Consoles";"In Reverse (Polygonia Remix)";"1";"14670"
"Nuah";"What If";"1";"14671"
"Ali Kuru";"Bloom";"1";"14672"
"Catching Flies";"Beats & Pieces II";"1";"14673"
"Axel Boman";"Rock Top";"1";"14674"
"Chiminyo";"Sacred";"1";"14675"
"O'Flynn";"Fara";"1";"14676"
"Men From the Nile";"Watch Them Come & Remixes (Reissue)";"1";"14677"
"BRAHJA";"Infinity Zero";"1";"14678"
"DunDunDun";"Dun in Outer Space";"1";"14679"
"David Matthews";"Dune";"1";"14680"
"Reyna Tropical";"CAMINO";"1";"14681"
"Sebra Cruz";"Don'y Worry Psy Happy";"12";"1359"
"Bob James";"One";"6";"2957"
"ornithology";"Rage Room (Live in LA)";"1";"14682"
"Various artists (5)";"fabric presents Shygirl (DJ Mix)";"6";"2958"
"Various artists (5)";"DJ-Kicks: Honey Dijon";"5";"3591"
"Seb Wildblood";"give it back (Gerd Janson Remix)";"1";"14683"
"Andrés";"Sunday Kinda Love";"3";"5732"
"YoSoyMatt";"La Niña del Volcán (Polocorp Remix)";"2";"8134"
"Polocorp";"Gnawa EP";"2";"8135"
"YoSoyMatt";"Amor Entre Mujer";"1";"14684"
"Zimkitha";"The Black Enigma";"1";"14685"
"Steely Dan";"Aja";"7";"2509"
"Steely Dan";"Can't Buy A Thrill";"14";"1116"